{"loss": [5.453476905822754, 5.036065101623535, 4.67161226272583, 4.338383674621582, 4.031584739685059, 3.7503623962402344, 3.491856575012207, 3.256007671356201, 3.041977643966675, 2.850417375564575, 2.6798079013824463, 2.5289087295532227, 2.394282817840576, 2.2759134769439697, 2.1711652278900146, 2.0797505378723145, 1.9991344213485718, 1.9286599159240723, 1.8676050901412964, 1.814010500907898, 1.7673176527023315, 1.7261786460876465, 1.6906111240386963, 1.6601227521896362, 1.6329686641693115, 1.6091747283935547, 1.5867948532104492, 1.5674643516540527, 1.5507031679153442, 1.53373122215271, 1.52060866355896, 1.5073682069778442, 1.496881365776062, 1.4875893592834473, 1.4784733057022095, 1.470423698425293, 1.4635424613952637, 1.4560983180999756, 1.4517163038253784, 1.4448853731155396, 1.439340353012085, 1.4348188638687134, 1.4305055141448975, 1.4261839389801025, 1.4219517707824707, 1.4183913469314575, 1.415032148361206, 1.4120924472808838, 1.4091840982437134, 1.4057443141937256, 1.403531789779663, 1.400871753692627, 1.3980944156646729, 1.3937379121780396, 1.391065239906311, 1.3894648551940918, 1.3873841762542725, 1.3854317665100098, 1.383663296699524, 1.3825621604919434, 1.3808571100234985, 1.3792866468429565, 1.3779693841934204, 1.376001000404358, 1.3745671510696411, 1.3731943368911743, 1.3714171648025513, 1.370265245437622, 1.3689905405044556, 1.3678274154663086, 1.3670705556869507, 1.365830659866333, 1.364856481552124, 1.3641338348388672, 1.3634685277938843, 1.3623908758163452, 1.361411213874817, 1.36104154586792, 1.3602354526519775, 1.3584198951721191, 1.355312466621399, 1.3469040393829346, 1.3443976640701294, 1.3434193134307861, 1.342596173286438, 1.341829776763916, 1.3416270017623901, 1.34161376953125, 1.3402458429336548, 1.3400228023529053, 1.3390589952468872, 1.3383718729019165, 1.3383314609527588, 1.337910532951355, 1.3375030755996704, 1.3371206521987915, 1.3367358446121216, 1.3368558883666992, 1.3357146978378296, 1.3355252742767334], "accuracy": [0.21991614997386932, 0.273794561624527, 0.2821802794933319, 0.298322856426239, 0.3090146780014038, 0.3163521885871887, 0.3333333432674408, 0.34716981649398804, 0.36226415634155273, 0.37651991844177246, 0.3888888955116272, 0.4050314426422119, 0.4209643602371216, 0.43941301107406616, 0.450314462184906, 0.4572327136993408, 0.4654088020324707, 0.46918240189552307, 0.47295597195625305, 0.474633127450943, 0.47442346811294556, 0.47044023871421814, 0.4664570093154907, 0.4566037654876709, 0.4473794400691986, 0.4400419294834137, 0.4366876184940338, 0.4327043890953064, 0.4337526261806488, 0.4331236779689789, 0.4316561818122864, 0.4312368929386139, 0.4303983151912689, 0.43060797452926636, 0.4316561818122864, 0.4337526261806488, 0.4327043890953064, 0.43144655227661133, 0.43249475955963135, 0.43354296684265137, 0.4322851300239563, 0.43144655227661133, 0.43291404843330383, 0.4348008334636688, 0.43291404843330383, 0.4352201223373413, 0.4366876184940338, 0.43584907054901123, 0.4356394112110138, 0.43626832962036133, 0.4371069073677063, 0.4366876184940338, 0.4385744333267212, 0.43878406286239624, 0.4366876184940338, 0.4375261962413788, 0.4385744333267212, 0.43836477398872375, 0.43983229994773865, 0.4404612183570862, 0.4392033517360687, 0.44129979610443115, 0.4429769515991211, 0.4410901367664337, 0.44318658113479614, 0.4425576627254486, 0.44318658113479614, 0.4429769515991211, 0.4440251588821411, 0.4444444477558136, 0.44360587000846863, 0.44528302550315857, 0.446540892124176, 0.44465407729148865, 0.44360587000846863, 0.44863730669021606, 0.4454926550388336, 0.4463312327861786, 0.44716981053352356, 0.4477987289428711, 0.44800838828086853, 0.4482180178165436, 0.44863730669021606, 0.4482180178165436, 0.4482180178165436, 0.44528302550315857, 0.44612160325050354, 0.45052412152290344, 0.4473794400691986, 0.4528301954269409, 0.44968554377555847, 0.4507337510585785, 0.450314462184906, 0.4498951733112335, 0.4507337510585785, 0.451362669467926, 0.4517819583415985, 0.45199161767959595, 0.45241090655326843, 0.45241090655326843], "val_loss": [5.278481483459473, 4.934139251708984, 4.631269931793213, 4.350424766540527, 4.091691017150879, 3.8577466011047363, 3.6402056217193604, 3.4434518814086914, 3.266523599624634, 3.1071319580078125, 2.9636900424957275, 2.837717294692993, 2.721425771713257, 2.6213715076446533, 2.531768798828125, 2.4531168937683105, 2.385737419128418, 2.327604055404663, 2.2754077911376953, 2.229539394378662, 2.192012071609497, 2.1552343368530273, 2.1253812313079834, 2.099276065826416, 2.0765433311462402, 2.0554263591766357, 2.0383830070495605, 2.020066976547241, 2.00612473487854, 1.9938956499099731, 1.984470248222351, 1.9741708040237427, 1.962859034538269, 1.9504071474075317, 1.9406139850616455, 1.9312881231307983, 1.9227155447006226, 1.9138227701187134, 1.906680941581726, 1.8964903354644775, 1.8876943588256836, 1.8822919130325317, 1.8736740350723267, 1.866530179977417, 1.8593546152114868, 1.8540860414505005, 1.8496628999710083, 1.840184211730957, 1.835918664932251, 1.829825520515442, 1.8259373903274536, 1.8213285207748413, 1.8174840211868286, 1.813655972480774, 1.8108168840408325, 1.804715871810913, 1.8014963865280151, 1.803240418434143, 1.7967115640640259, 1.7954031229019165, 1.792061448097229, 1.786805272102356, 1.7839490175247192, 1.7833112478256226, 1.780790090560913, 1.7767014503479004, 1.7745038270950317, 1.7739295959472656, 1.773107886314392, 1.7738637924194336, 1.7716405391693115, 1.770524501800537, 1.767019271850586, 1.7688684463500977, 1.7652270793914795, 1.7658532857894897, 1.763837456703186, 1.7626333236694336, 1.7624155282974243, 1.7586084604263306, 1.7556310892105103, 1.754379153251648, 1.7506617307662964, 1.749714732170105, 1.750561237335205, 1.7504653930664062, 1.7468904256820679, 1.7472301721572876, 1.745322585105896, 1.746301293373108, 1.746507167816162, 1.747879981994629, 1.745610237121582, 1.7455623149871826, 1.7465288639068604, 1.7462677955627441, 1.745402216911316, 1.7432202100753784, 1.7438015937805176, 1.7437347173690796],