{"loss": [4.736714839935303, 4.402578353881836, 4.061440467834473, 3.719839572906494, 3.3587405681610107, 3.027918815612793, 2.7548060417175293, 2.5298469066619873, 2.341721773147583, 2.1829423904418945, 2.0457751750946045, 1.9272985458374023, 1.8327997922897339, 1.7608602046966553, 1.703316330909729, 1.6556897163391113, 1.6156048774719238, 1.5804225206375122, 1.5482243299484253, 1.5186388492584229, 1.4910764694213867, 1.4657386541366577, 1.4422252178192139, 1.4198508262634277, 1.398681879043579, 1.3778860569000244, 1.3575098514556885, 1.337493896484375, 1.3175636529922485, 1.2984381914138794, 1.2799681425094604, 1.2618736028671265, 1.2440061569213867, 1.2264829874038696, 1.2092113494873047, 1.1932467222213745, 1.177809238433838, 1.1631662845611572, 1.1500911712646484, 1.1377429962158203, 1.126230239868164, 1.1150258779525757, 1.1045781373977661, 1.0950356721878052, 1.0859241485595703, 1.077478051185608, 1.0694003105163574, 1.0615283250808716, 1.0545998811721802, 1.0475636720657349, 1.0409491062164307, 1.0341472625732422, 1.0284435749053955, 1.0229663848876953, 1.0178502798080444, 1.012520432472229, 1.0080198049545288, 1.0030194520950317, 0.998467743396759, 0.9940864443778992, 0.9890511631965637, 0.9841465353965759, 0.9799177646636963, 0.975641667842865, 0.97145676612854, 0.9672603607177734, 0.963650107383728, 0.9604846835136414, 0.9571205973625183, 0.9540576338768005, 0.9513218402862549, 0.948441743850708, 0.9456937313079834, 0.9428454637527466, 0.9399153590202332, 0.9374868869781494, 0.9350711703300476, 0.9324741363525391, 0.9297407865524292, 0.9272122979164124, 0.9245800375938416, 0.9221868515014648, 0.9199548363685608, 0.917795717716217, 0.9155739545822144, 0.9133214950561523, 0.9110859632492065, 0.9092167615890503, 0.9069899916648865, 0.9049831032752991, 0.9028548002243042, 0.9008076190948486, 0.8988080620765686, 0.8968315720558167, 0.8951098918914795, 0.8929321765899658, 0.8913612365722656, 0.8893203735351562, 0.8877617120742798, 0.8858744502067566], "accuracy": [0.27738144993782043, 0.30633655190467834, 0.328787237405777, 0.38417959213256836, 0.3957196772098541, 0.40537136793136597, 0.4185900092124939, 0.44020143151283264, 0.4559378921985626, 0.4731431007385254, 0.4907679259777069, 0.5092320442199707, 0.5295845866203308, 0.5354595184326172, 0.5472093820571899, 0.5488879680633545, 0.5572807192802429, 0.5608476996421814, 0.5654637217521667, 0.5700797438621521, 0.573227047920227, 0.5730171799659729, 0.5816197991371155, 0.5805706977844238, 0.5856063961982727, 0.5870751142501831, 0.5895929336547852, 0.5919009447097778, 0.5937893390655518, 0.5969366431236267, 0.5981955528259277, 0.6023919582366943, 0.6044901609420776, 0.6042802929878235, 0.6080570816993713, 0.6082668900489807, 0.6084766983985901, 0.611624002456665, 0.6122534871101379, 0.6139320135116577, 0.617289125919342, 0.6185480356216431, 0.6195971369743347, 0.6202266216278076, 0.621695339679718, 0.6240033507347107, 0.6258917450904846, 0.6246328353881836, 0.6288291811943054, 0.6250524520874023, 0.6311371922492981, 0.6311371922492981, 0.6311371922492981, 0.6338648796081543, 0.6351237893104553, 0.6326059699058533, 0.6347041726112366, 0.6368023753166199, 0.6382710933685303, 0.6365925073623657, 0.6391103863716125, 0.6391103863716125, 0.6416282057762146, 0.640579104423523, 0.6435166001319885, 0.6435166001319885, 0.6454049348831177, 0.6460344195365906, 0.6462442278862, 0.6477129459381104, 0.6510700583457947, 0.6516995429992676, 0.6485522389411926, 0.6516995429992676, 0.6537977457046509, 0.6516995429992676, 0.6521191596984863, 0.6535879373550415, 0.6554762721061707, 0.6558959484100342, 0.657574474811554, 0.6579941511154175, 0.6567351818084717, 0.658833384513855, 0.6594628691673279, 0.660092294216156, 0.6609315872192383, 0.6603021621704102, 0.6613512635231018, 0.663239598274231, 0.6624003648757935, 0.6670163869857788, 0.6649181842803955, 0.6661770939826965, 0.6674360036849976, 0.6680654883384705, 0.6695342063903809, 0.6691145896911621, 0.6710029244422913, 0.670163631439209], "val_loss": [4.591784477233887, 4.269323348999023, 3.9693071842193604, 3.6476290225982666, 3.335430145263672, 3.0878260135650635, 2.883490800857544, 2.713190793991089, 2.569096088409424, 2.4471216201782227, 2.332566261291504, 2.237571954727173, 2.161349296569824, 2.1061105728149414, 2.061370372772217, 2.0231645107269287, 1.9912911653518677, 1.963881015777588, 1.9386464357376099, 1.915578842163086, 1.8952337503433228, 1.874206304550171, 1.8564904928207397, 1.8369810581207275, 1.8197633028030396, 1.8042967319488525, 1.787217140197754, 1.769531488418579, 1.7529816627502441, 1.739113450050354, 1.724149465560913, 1.7104748487472534, 1.6989362239837646, 1.6834912300109863, 1.6720428466796875, 1.6598048210144043, 1.6484808921813965, 1.6393688917160034, 1.6295435428619385, 1.6222277879714966, 1.6159995794296265, 1.6073728799819946, 1.5995372533798218, 1.5887172222137451, 1.5838388204574585, 1.5791492462158203, 1.5755650997161865, 1.5671509504318237, 1.5661200284957886, 1.560680627822876, 1.558635950088501, 1.5565800666809082, 1.5557054281234741, 1.5528042316436768, 1.5508328676223755, 1.5489747524261475, 1.5512624979019165, 1.547064185142517, 1.5499461889266968, 1.5444345474243164, 1.545322299003601, 1.5436735153198242, 1.5424281358718872, 1.5420030355453491, 1.5390245914459229, 1.538122296333313, 1.5353213548660278, 1.537424921989441, 1.5354409217834473, 1.5356074571609497, 1.5328561067581177, 1.5359452962875366, 1.5338014364242554, 1.530362844467163, 1.5330275297164917, 1.5305644273757935, 1.5334628820419312, 1.5286678075790405, 1.5279945135116577, 1.5249192714691162, 1.526766300201416, 1.5252755880355835, 1.52370285987854, 1.5195984840393066, 1.521505355834961, 1.5186890363693237, 1.513991117477417, 1.5113790035247803, 1.5090487003326416, 1.5082663297653198, 1.507686972618103, 1.5053982734680176, 1.5037603378295898, 1.5007736682891846, 1.4976822137832642, 1.498101830482483, 1.498070478439331, 1.4961017370224, 1.4950823783874512, 1.496131420135498],