{"loss": [4.449018478393555, 3.518188238143921, 2.7167043685913086, 2.1190998554229736, 1.7363312244415283, 1.5200289487838745, 1.4029901027679443, 1.3343563079833984, 1.2881776094436646, 1.2521982192993164, 1.2218374013900757, 1.1952649354934692, 1.171621322631836, 1.1509008407592773, 1.1320942640304565, 1.1145926713943481, 1.0990434885025024, 1.0841659307479858, 1.0705946683883667, 1.057127594947815, 1.0444004535675049, 1.0318071842193604, 1.0193560123443604, 1.0074527263641357, 0.9957430362701416, 0.9844483733177185, 0.9729617834091187, 0.9619214534759521, 0.9505399465560913, 0.9395085573196411, 0.928503155708313, 0.9176083207130432, 0.9071400761604309, 0.8966978788375854, 0.8871447443962097, 0.8776995539665222, 0.8686098456382751, 0.8598914742469788, 0.8515233397483826, 0.84445720911026, 0.8373591899871826, 0.8296424746513367, 0.8240195512771606, 0.8179168105125427, 0.812415599822998, 0.8073167204856873, 0.8015822172164917, 0.7964184284210205, 0.7924212217330933, 0.7866814136505127, 0.7819514274597168, 0.7782741189002991, 0.773546040058136, 0.7702344059944153, 0.7669537663459778, 0.7621902227401733, 0.758283257484436, 0.7553284764289856, 0.750575602054596, 0.7475755214691162, 0.7446564435958862, 0.7410025596618652, 0.7377364635467529, 0.7331200838088989, 0.7310189604759216, 0.7275302410125732, 0.7255545258522034, 0.7213537693023682, 0.7201821804046631, 0.7164281606674194, 0.7145851850509644, 0.7110697031021118, 0.7092293500900269, 0.7060887813568115, 0.7041093707084656, 0.7010172009468079, 0.6980689167976379, 0.6963163614273071, 0.6936250925064087, 0.6927481889724731, 0.6890166401863098, 0.687615156173706, 0.6846429109573364, 0.6819620132446289, 0.6785343289375305, 0.6758182048797607, 0.6734288930892944, 0.6706773638725281, 0.668142557144165, 0.6646973490715027, 0.6633228063583374, 0.6617479920387268, 0.6583525538444519, 0.6562811136245728, 0.6546476483345032, 0.6525369882583618, 0.6499258279800415, 0.6480170488357544, 0.6448877453804016, 0.6429464817047119], "accuracy": [0.1529584527015686, 0.27738144993782043, 0.36005035042762756, 0.4236256778240204, 0.4752413034439087, 0.4920268654823303, 0.4668485224246979, 0.4588753581047058, 0.4704154431819916, 0.4878304600715637, 0.5151070356369019, 0.5241292715072632, 0.5354595184326172, 0.5465799570083618, 0.5522450804710388, 0.5627360343933105, 0.5707091689109802, 0.5751153826713562, 0.5872849225997925, 0.5902224183082581, 0.5996642708778381, 0.6097356081008911, 0.6122534871101379, 0.6143516302108765, 0.6200168132781982, 0.6240033507347107, 0.6296684741973877, 0.6309273838996887, 0.6357532739639282, 0.6409987211227417, 0.6451951265335083, 0.6483424305915833, 0.6504406332969666, 0.657574474811554, 0.6638690829277039, 0.6661770939826965, 0.6707931160926819, 0.6743600368499756, 0.6758288145065308, 0.6787662506103516, 0.6810742616653442, 0.6838019490242004, 0.6863197684288025, 0.6890473961830139, 0.6924045085906982, 0.6919848918914795, 0.6915652751922607, 0.6959714889526367, 0.6976500153541565, 0.7001678347587585, 0.7028955221176147, 0.7066722512245178, 0.7064624428749084, 0.7068820595741272, 0.7100293636322021, 0.7119177579879761, 0.7123373746871948, 0.7125471830368042, 0.7152748703956604, 0.716323971748352, 0.716323971748352, 0.7196810841560364, 0.7180024981498718, 0.7203105092048645, 0.7213596105575562, 0.7211498022079468, 0.723877489566803, 0.7268149256706238, 0.7221989035606384, 0.726395308971405, 0.7299622297286987, 0.728283703327179, 0.7318506240844727, 0.7333193421363831, 0.7316408157348633, 0.7333193421363831, 0.7373059391975403, 0.7358371615409851, 0.7406630516052246, 0.7381451725959778, 0.7398237586021423, 0.742131769657135, 0.7429710626602173, 0.7436004877090454, 0.74527907371521, 0.7459084987640381, 0.7484263777732849, 0.7505245208740234, 0.7513638138771057, 0.7524129152297974, 0.7513638138771057, 0.7551406025886536, 0.7559798359870911, 0.7555602192878723, 0.7601762413978577, 0.7595468163490295, 0.7582878470420837, 0.7576584219932556, 0.7616449594497681, 0.7629039287567139], "val_loss": [3.987025022506714, 3.1753411293029785, 2.525430202484131, 2.06669282913208, 1.781893014907837, 1.6238479614257812, 1.5375057458877563, 1.4865801334381104, 1.4486781358718872, 1.4233295917510986, 1.403705358505249, 1.390966773033142, 1.3810713291168213, 1.3787956237792969, 1.3743853569030762, 1.3718926906585693, 1.371683120727539, 1.3684011697769165, 1.367356777191162, 1.3624470233917236, 1.3639944791793823, 1.368322730064392, 1.3698593378067017, 1.3692549467086792, 1.3692405223846436, 1.3804152011871338, 1.382729411125183, 1.3917505741119385, 1.392591118812561, 1.4014581441879272, 1.4078505039215088, 1.4083330631256104, 1.416247010231018, 1.415783166885376, 1.4234949350357056, 1.4290170669555664, 1.439239263534546, 1.4425971508026123, 1.445706844329834, 1.4477280378341675, 1.4522085189819336, 1.4545210599899292, 1.4691027402877808, 1.4719828367233276, 1.4622244834899902, 1.4719600677490234, 1.4724078178405762, 1.4849449396133423, 1.4830721616744995, 1.4895774126052856, 1.4809707403182983, 1.4836955070495605, 1.4859875440597534, 1.5009374618530273, 1.5018658638000488, 1.4958142042160034, 1.4998366832733154, 1.5075569152832031, 1.509351372718811, 1.5167412757873535, 1.5202962160110474, 1.5216494798660278, 1.5266603231430054, 1.5254658460617065, 1.5293241739273071, 1.5335822105407715, 1.5420933961868286, 1.54058039188385, 1.5412863492965698, 1.5479021072387695, 1.5566210746765137, 1.5560365915298462, 1.5644081830978394, 1.5478625297546387, 1.5604277849197388, 1.5662425756454468, 1.5656107664108276, 1.5712040662765503, 1.5835338830947876, 1.5689998865127563, 1.5751286745071411, 1.5629608631134033, 1.5837496519088745, 1.5758540630340576, 1.5773911476135254, 1.5837087631225586, 1.5905553102493286, 1.6152843236923218, 1.5840086936950684, 1.6104767322540283, 1.6212430000305176, 1.6001484394073486, 1.624588131904602, 1.607369303703308, 1.6107251644134521, 1.6295771598815918, 1.6144546270370483, 1.630391240119934, 1.6240088939666748, 1.6203393936157227],