{"loss": [5.086684226989746, 4.114102840423584, 3.2368361949920654, 2.523256778717041, 2.018357515335083, 1.7062212228775024, 1.5260870456695557, 1.4236760139465332, 1.3615994453430176, 1.3197561502456665, 1.2879189252853394, 1.2607266902923584, 1.2374452352523804, 1.216935157775879, 1.197991132736206, 1.1797256469726562, 1.162462830543518, 1.1467682123184204, 1.1315021514892578, 1.11808443069458, 1.1054813861846924, 1.0945794582366943, 1.0837501287460327, 1.073447823524475, 1.0642127990722656, 1.054975152015686, 1.0462965965270996, 1.0380536317825317, 1.0291268825531006, 1.0214817523956299, 1.0138072967529297, 1.0060375928878784, 0.9980712532997131, 0.9914506673812866, 0.9834491014480591, 0.9768933653831482, 0.9699047803878784, 0.9622513651847839, 0.9557885527610779, 0.949224591255188, 0.9434011578559875, 0.9365981817245483, 0.930853545665741, 0.9253706932067871, 0.9196081161499023, 0.9141994118690491, 0.9085618853569031, 0.9042804837226868, 0.8988180756568909, 0.8946319222450256, 0.889905571937561, 0.885353147983551, 0.881131649017334, 0.8777110576629639, 0.8729997873306274, 0.8694453835487366, 0.8650278449058533, 0.8615952134132385, 0.8579968214035034, 0.8546612858772278, 0.8512797951698303, 0.8481943607330322, 0.8445224165916443, 0.8422251343727112, 0.8385891914367676, 0.8357976078987122, 0.8325914740562439, 0.8297644257545471, 0.8271156549453735, 0.8239293694496155, 0.8212520480155945, 0.8191704154014587, 0.816990077495575, 0.8143156170845032, 0.8120428323745728, 0.8098800182342529, 0.8076186776161194, 0.8051467537879944, 0.8029318451881409, 0.8012836575508118, 0.7986539006233215, 0.7974260449409485, 0.7949375510215759, 0.7939537763595581, 0.7907729148864746, 0.7894790172576904, 0.7875444889068604, 0.7859919667243958, 0.7841047048568726, 0.7819610238075256, 0.7813540101051331, 0.7787314057350159, 0.7771292924880981, 0.7756929397583008, 0.7739050984382629, 0.7716135382652283, 0.7695735692977905, 0.767434298992157, 0.7651106715202332, 0.765598714351654], "accuracy": [0.21644295752048492, 0.31480705738067627, 0.3684983253479004, 0.405620813369751, 0.44148489832878113, 0.47965604066848755, 0.49874159693717957, 0.4813338816165924, 0.4584731459617615, 0.45742449164390564, 0.4653942883014679, 0.4897231459617615, 0.5035654306411743, 0.5171979665756226, 0.524958074092865, 0.532508373260498, 0.5398489832878113, 0.5471895933151245, 0.5591443181037903, 0.5614513158798218, 0.5641778707504272, 0.5710989832878113, 0.5740352272987366, 0.5780201554298401, 0.5822147727012634, 0.5872483253479004, 0.5889261960983276, 0.5933305621147156, 0.5975251793861389, 0.598783552646637, 0.6033976674079895, 0.6065436005592346, 0.6105285286903381, 0.6126258373260498, 0.6184983253479004, 0.6201761960983276, 0.6216443181037903, 0.6252097487449646, 0.6281459927558899, 0.6315016746520996, 0.6325503587722778, 0.6365352272987366, 0.6394714713096619, 0.6411493420600891, 0.6419882774353027, 0.6436660885810852, 0.6472315192222595, 0.6453439593315125, 0.6484899520874023, 0.6484899520874023, 0.6528943181037903, 0.6528943181037903, 0.6564597487449646, 0.655620813369751, 0.6602349281311035, 0.6585570573806763, 0.6614933013916016, 0.6614933013916016, 0.6621224880218506, 0.6646392345428467, 0.6642197966575623, 0.6646392345428467, 0.6658976674079895, 0.6658976674079895, 0.6719798445701599, 0.6703020334243774, 0.6711409687995911, 0.6707214713096619, 0.6751258373260498, 0.6707214713096619, 0.6715604066848755, 0.676803708076477, 0.676803708076477, 0.6795302033424377, 0.6774328947067261, 0.6789010167121887, 0.6816275119781494, 0.6820470094680786, 0.6843540072441101, 0.6839345693588257, 0.688758373260498, 0.6830956339836121, 0.6895973086357117, 0.686870813369751, 0.688129186630249, 0.6893875598907471, 0.6935822367668152, 0.6893875598907471, 0.693162739276886, 0.6973573565483093, 0.6935822367668152, 0.6952600479125977, 0.694421112537384, 0.6960989832878113, 0.6960989832878113, 0.6998741626739502, 0.6986157894134521, 0.6986157894134521, 0.6992449760437012, 0.7021812200546265], "val_loss": [4.599937438964844, 3.7279014587402344, 2.976487874984741, 2.4087557792663574, 2.0354645252227783, 1.8106000423431396, 1.6766164302825928, 1.5958259105682373, 1.5443165302276611, 1.5042816400527954, 1.4741169214248657, 1.4487814903259277, 1.4316428899765015, 1.4162322282791138, 1.4017704725265503, 1.3919191360473633, 1.384996771812439, 1.3779162168502808, 1.3727222681045532, 1.3681561946868896, 1.3671553134918213, 1.3651410341262817, 1.3629652261734009, 1.3643699884414673, 1.3631246089935303, 1.3648868799209595, 1.3633532524108887, 1.3668127059936523, 1.3687103986740112, 1.3712990283966064, 1.3734928369522095, 1.37369966506958, 1.3740344047546387, 1.3807779550552368, 1.3773679733276367, 1.3828275203704834, 1.3876516819000244, 1.388010025024414, 1.3939868211746216, 1.3958340883255005, 1.3980821371078491, 1.4005850553512573, 1.401317834854126, 1.401943564414978, 1.4031535387039185, 1.4098572731018066, 1.4125313758850098, 1.4132589101791382, 1.4183648824691772, 1.4197150468826294, 1.430074691772461, 1.4260425567626953, 1.435968279838562, 1.4361443519592285, 1.4463014602661133, 1.4454344511032104, 1.4518898725509644, 1.4513808488845825, 1.4522956609725952, 1.4537410736083984, 1.4559862613677979, 1.4598692655563354, 1.466688632965088, 1.4642165899276733, 1.4616907835006714, 1.4648833274841309, 1.4701578617095947, 1.4626336097717285, 1.4704596996307373, 1.4741520881652832, 1.4736275672912598, 1.4747027158737183, 1.4779447317123413, 1.4843699932098389, 1.4843454360961914, 1.490274429321289, 1.4911030530929565, 1.49274742603302, 1.491085171699524, 1.4903899431228638, 1.4870778322219849, 1.498830795288086, 1.4992960691452026, 1.503182291984558, 1.5044909715652466, 1.511022686958313, 1.4988203048706055, 1.5084370374679565, 1.5071691274642944, 1.510102391242981, 1.5092936754226685, 1.5133860111236572, 1.5194652080535889, 1.5242820978164673, 1.5228277444839478, 1.521370768547058, 1.5304067134857178, 1.528940200805664, 1.5307393074035645, 1.531051516532898],