{"loss": [3.7466824054718018, 2.8786191940307617, 2.2061073780059814, 1.7804288864135742, 1.53208589553833, 1.3862433433532715, 1.2953767776489258, 1.2344738245010376, 1.1901040077209473, 1.1545850038528442, 1.1245944499969482, 1.0987000465393066, 1.0749644041061401, 1.053263545036316, 1.0326670408248901, 1.013013243675232, 0.9948704242706299, 0.976343035697937, 0.9574344158172607, 0.9389111995697021, 0.92132967710495, 0.9036856293678284, 0.886449933052063, 0.8693709969520569, 0.8518809676170349, 0.8343649506568909, 0.8198021054267883, 0.8048499226570129, 0.790546178817749, 0.7787455320358276, 0.7672222852706909, 0.7566661834716797, 0.7467175722122192, 0.7385145425796509, 0.7295297384262085, 0.7233306169509888, 0.716289758682251, 0.7115633487701416, 0.7034139037132263, 0.6981199979782104, 0.6915856003761292, 0.6873037815093994, 0.6820597052574158, 0.6759219765663147, 0.6704392433166504, 0.6634501218795776, 0.6581767201423645, 0.6530606150627136, 0.6483500003814697, 0.6445813775062561, 0.6397770643234253, 0.6351529955863953, 0.6310237646102905, 0.6260470747947693, 0.6229751110076904, 0.6191768050193787, 0.6152848601341248, 0.6121198534965515, 0.6084560751914978, 0.6057977080345154, 0.6007702350616455, 0.5998340845108032, 0.5951831340789795, 0.5922675132751465, 0.5878036022186279, 0.5860754251480103, 0.5840709209442139, 0.5806933641433716, 0.5777269005775452, 0.5753962993621826, 0.5730836391448975, 0.5707149505615234, 0.5685602426528931, 0.565679669380188, 0.5639914870262146, 0.5619931817054749, 0.5580580830574036, 0.5564597845077515, 0.5528237819671631, 0.5510026216506958, 0.5485680103302002, 0.5460134148597717, 0.5432750582695007, 0.5420118570327759, 0.5380626916885376, 0.5363105535507202, 0.5343369841575623, 0.531722903251648, 0.5318255424499512, 0.5273886322975159, 0.5259501338005066, 0.5256218314170837, 0.5220588445663452, 0.5211700797080994, 0.5193161368370056, 0.5166914463043213, 0.5143477320671082, 0.5160548090934753, 0.5131825804710388, 0.5102798938751221], "accuracy": [0.25729888677597046, 0.3946649730205536, 0.4383533000946045, 0.4730098843574524, 0.5171182751655579, 0.524259626865387, 0.5358117818832397, 0.5446335077285767, 0.557655930519104, 0.5683680176734924, 0.5826507210731506, 0.5942028760910034, 0.6051249504089355, 0.6131064891815186, 0.6208779811859131, 0.6296996474266052, 0.6360008120536804, 0.6456626653671265, 0.6532241106033325, 0.6597353219985962, 0.6668767333030701, 0.6704474091529846, 0.6786389350891113, 0.6853601932525635, 0.6937618255615234, 0.7021633982658386, 0.7038437128067017, 0.7120352983474731, 0.7185465097427368, 0.7200167775154114, 0.7267380952835083, 0.7317790389060974, 0.733249306678772, 0.7376601696014404, 0.7439613342285156, 0.7441713809967041, 0.7458516955375671, 0.7483721971511841, 0.7483721971511841, 0.7540432810783386, 0.7544633746147156, 0.7559336423873901, 0.7559336423873901, 0.7592942714691162, 0.7605544924736023, 0.7670657634735107, 0.7704263925552368, 0.7676958441734314, 0.7725268006324768, 0.7697962522506714, 0.7731568813323975, 0.776727557182312, 0.7744171619415283, 0.778407871723175, 0.7779878377914429, 0.7802982330322266, 0.7817685604095459, 0.7832388281822205, 0.7828187346458435, 0.7849191427230835, 0.7870195508003235, 0.7842890024185181, 0.786809504032135, 0.788909912109375, 0.7893299460411072, 0.791010320186615, 0.7897500395774841, 0.7912203073501587, 0.7929006218910217, 0.7958412170410156, 0.7954211235046387, 0.7943709492683411, 0.7958412170410156, 0.7960512638092041, 0.7971014380455017, 0.7968913912773132, 0.8000420331954956, 0.8013022541999817, 0.8031926155090332, 0.8040327429771423, 0.8042427897453308, 0.8061331510543823, 0.8067632913589478, 0.8073934316635132, 0.8088636994361877, 0.8122243285179138, 0.8115941882133484, 0.8099138736724854, 0.8139046430587769, 0.8151648640632629, 0.8139046430587769, 0.8153749108314514, 0.8172652721405029, 0.8147448301315308, 0.8160050511360168, 0.8193656802177429, 0.818525493144989, 0.8176853656768799, 0.8181054592132568, 0.8208359479904175], "val_loss": [3.28348445892334, 2.563392400741577, 2.0751566886901855, 1.780131459236145, 1.6066198348999023, 1.5100831985473633, 1.4507609605789185, 1.4118499755859375, 1.3846174478530884, 1.364816427230835, 1.3464877605438232, 1.3283302783966064, 1.3148865699768066, 1.2972214221954346, 1.2853018045425415, 1.2727248668670654, 1.2653547525405884, 1.257054328918457, 1.2555514574050903, 1.2473212480545044, 1.2419096231460571, 1.2427804470062256, 1.2480313777923584, 1.2430200576782227, 1.241093397140503, 1.2498751878738403, 1.2504019737243652, 1.2517166137695312, 1.2574115991592407, 1.261095404624939, 1.2780640125274658, 1.271071434020996, 1.295349359512329, 1.2936406135559082, 1.3065634965896606, 1.3027591705322266, 1.3096638917922974, 1.3139206171035767, 1.3127124309539795, 1.3263663053512573, 1.3258635997772217, 1.3266617059707642, 1.3365222215652466, 1.335038185119629, 1.3414469957351685, 1.3400102853775024, 1.37118399143219, 1.3738298416137695, 1.3745946884155273, 1.3771480321884155, 1.3750916719436646, 1.3995492458343506, 1.4006574153900146, 1.4042048454284668, 1.4072601795196533, 1.414955973625183, 1.423197627067566, 1.4308216571807861, 1.4212721586227417, 1.4283736944198608, 1.4535495042800903, 1.4390581846237183, 1.4407097101211548, 1.455963373184204, 1.4470534324645996, 1.4424867630004883, 1.4537255764007568, 1.459901213645935, 1.4720097780227661, 1.4729596376419067, 1.4819068908691406, 1.4845149517059326, 1.499326467514038, 1.5110677480697632, 1.5053279399871826, 1.5180332660675049, 1.513256311416626, 1.538537621498108, 1.520374059677124, 1.530064582824707, 1.5296592712402344, 1.5316660404205322, 1.5414724349975586, 1.5453505516052246, 1.5552847385406494, 1.5626953840255737, 1.5499439239501953, 1.5537008047103882, 1.5652425289154053, 1.5545533895492554, 1.5786057710647583, 1.5663375854492188, 1.5807198286056519, 1.5777356624603271, 1.5814099311828613, 1.578274130821228, 1.5951794385910034, 1.5807499885559082, 1.5918768644332886, 1.5957727432250977],