{"loss": [2.153312921524048, 1.9089140892028809, 1.7492635250091553, 1.6470187902450562, 1.5779749155044556, 1.530535101890564, 1.4959990978240967, 1.469247817993164, 1.4485667943954468, 1.4303998947143555, 1.4152723550796509, 1.4013009071350098, 1.3894519805908203, 1.3779187202453613, 1.3663133382797241, 1.3566234111785889, 1.3472518920898438, 1.3391649723052979, 1.3307549953460693, 1.322994589805603, 1.3162026405334473, 1.309531331062317, 1.3033355474472046, 1.2984272241592407, 1.2929977178573608, 1.289119839668274, 1.2845778465270996, 1.2810243368148804, 1.2768805027008057, 1.2733896970748901, 1.2700461149215698, 1.2684301137924194, 1.264692783355713, 1.2620354890823364, 1.2595841884613037, 1.2568631172180176, 1.2544859647750854, 1.253247857093811, 1.2509174346923828, 1.2489534616470337, 1.246259331703186, 1.2445732355117798, 1.2430071830749512, 1.2419393062591553, 1.2384262084960938, 1.2357155084609985, 1.2340537309646606, 1.2316598892211914, 1.2301294803619385, 1.2296380996704102, 1.2275484800338745, 1.22636878490448, 1.2255245447158813, 1.22413170337677, 1.223448634147644, 1.2214570045471191, 1.2208069562911987, 1.2197718620300293, 1.218342900276184, 1.2179139852523804, 1.2165777683258057, 1.2153785228729248, 1.2149136066436768, 1.2126548290252686, 1.21206533908844, 1.2115278244018555, 1.2108033895492554, 1.2094720602035522, 1.2089077234268188, 1.2080060243606567, 1.2062604427337646, 1.2073155641555786, 1.2043263912200928, 1.2047959566116333, 1.2039583921432495, 1.2028342485427856, 1.2016961574554443, 1.1983156204223633, 1.196486473083496, 1.1959936618804932, 1.1952624320983887, 1.1942481994628906, 1.1933473348617554, 1.1926093101501465, 1.1916582584381104, 1.1912431716918945, 1.1899588108062744, 1.1890894174575806, 1.1877596378326416, 1.187807321548462, 1.186907172203064, 1.1859657764434814, 1.1864012479782104, 1.1852076053619385, 1.1841988563537598, 1.1830651760101318, 1.1832096576690674, 1.1825826168060303, 1.181572675704956, 1.1804227828979492], "accuracy": [0.2588087320327759, 0.38024330139160156, 0.39848992228507996, 0.4066694676876068, 0.4125419557094574, 0.41463926434516907, 0.41694632172584534, 0.418414443731308, 0.41736575961112976, 0.42009228467941284, 0.4217701256275177, 0.42302852869033813, 0.42281877994537354, 0.42407718300819397, 0.42638424038887024, 0.4276426136493683, 0.431837260723114, 0.43309563398361206, 0.4370805323123932, 0.44169461727142334, 0.44484061002731323, 0.4500838816165924, 0.46140938997268677, 0.46707215905189514, 0.47588086128234863, 0.4750419557094574, 0.4802852272987366, 0.487206369638443, 0.4937080442905426, 0.4934983253479004, 0.49286913871765137, 0.49769294261932373, 0.4995805323123932, 0.5008389353752136, 0.5027264952659607, 0.5046141147613525, 0.5090184807777405, 0.5117449760437012, 0.510696291923523, 0.5115352272987366, 0.5083892345428467, 0.5151006579399109, 0.5134228467941284, 0.5146812200546265, 0.5163590312004089, 0.5165687799453735, 0.5169882774353027, 0.5195050239562988, 0.5234899520874023, 0.5201342105865479, 0.5195050239562988, 0.5209731459617615, 0.5264261960983276, 0.5239093899726868, 0.5241191387176514, 0.5253775119781494, 0.5270553827285767, 0.5268456339836121, 0.5276845693588257, 0.53125, 0.5270553827285767, 0.5320889353752136, 0.5283137559890747, 0.5320889353752136, 0.5329278707504272, 0.5314597487449646, 0.5352349281311035, 0.5314597487449646, 0.5337668061256409, 0.5350251793861389, 0.5364933013916016, 0.5350251793861389, 0.5394295454025269, 0.5331375598907471, 0.5390100479125977, 0.536283552646637, 0.5383808612823486, 0.5394295454025269, 0.5402684807777405, 0.5434144139289856, 0.5392197966575623, 0.5421560406684875, 0.5442533493041992, 0.5427852272987366, 0.5455117225646973, 0.5444630980491638, 0.5465604066848755, 0.5457214713096619, 0.5457214713096619, 0.5488674640655518, 0.5457214713096619, 0.5465604066848755, 0.5484479665756226, 0.5471895933151245, 0.551174521446228, 0.5476090312004089, 0.5505452752113342, 0.5534815192222595, 0.551174521446228, 0.5499160885810852], "val_loss": [2.1480679512023926, 1.9739880561828613, 1.8644390106201172, 1.7896878719329834, 1.7392752170562744, 1.7030881643295288, 1.6782972812652588, 1.6607745885849, 1.643718957901001, 1.6313303709030151, 1.6169248819351196, 1.6056735515594482, 1.595215082168579, 1.588300108909607, 1.5785739421844482, 1.5737355947494507, 1.569934606552124, 1.5645017623901367, 1.5644558668136597, 1.562524437904358, 1.563663363456726, 1.5621157884597778, 1.5622445344924927, 1.5631412267684937, 1.5642627477645874, 1.563733458518982, 1.5675711631774902, 1.5666453838348389, 1.572058916091919, 1.570451021194458, 1.5728352069854736, 1.5733580589294434, 1.5783195495605469, 1.580473780632019, 1.581945538520813, 1.5826953649520874, 1.5865702629089355, 1.5897853374481201, 1.5923378467559814, 1.5928559303283691, 1.5963190793991089, 1.5966733694076538, 1.600843906402588, 1.6043421030044556, 1.610595703125, 1.6125998497009277, 1.6153686046600342, 1.6158617734909058, 1.621201515197754, 1.6194629669189453, 1.6214791536331177, 1.6223609447479248, 1.6266415119171143, 1.6307059526443481, 1.6331387758255005, 1.6338194608688354, 1.6370258331298828, 1.6371697187423706, 1.6392518281936646, 1.6446694135665894, 1.6454250812530518, 1.646022915840149, 1.6491703987121582, 1.6517970561981201, 1.6511211395263672, 1.6542589664459229, 1.658311128616333, 1.6596612930297852, 1.6619378328323364, 1.6638957262039185, 1.6656299829483032, 1.6659730672836304, 1.6708482503890991, 1.6713240146636963, 1.6714357137680054, 1.6761890649795532, 1.676397442817688, 1.678105354309082, 1.6800237894058228, 1.6828104257583618, 1.682876706123352, 1.6812621355056763, 1.688947319984436, 1.6867624521255493, 1.6921223402023315, 1.6936873197555542, 1.6955646276474, 1.7004414796829224, 1.7036255598068237, 1.705696940422058, 1.7044651508331299, 1.70721435546875, 1.714914083480835, 1.718504548072815, 1.721831202507019, 1.72246253490448, 1.7235634326934814, 1.731341004371643, 1.7287057638168335, 1.7267277240753174],