{"loss": [3.914114475250244, 3.1228513717651367, 2.5264432430267334, 2.120864152908325, 1.8638908863067627, 1.7020046710968018, 1.597917079925537, 1.5299142599105835, 1.483134388923645, 1.4497250318527222, 1.4238063097000122, 1.402928113937378, 1.3856329917907715, 1.3703874349594116, 1.3566102981567383, 1.3453947305679321, 1.3352611064910889, 1.325101375579834, 1.3162024021148682, 1.3080517053604126, 1.3008190393447876, 1.2931270599365234, 1.2857582569122314, 1.2791023254394531, 1.2721099853515625, 1.2646840810775757, 1.2581590414047241, 1.2516522407531738, 1.2456884384155273, 1.2392175197601318, 1.23308265209198, 1.2272011041641235, 1.2211997509002686, 1.2159169912338257, 1.209644079208374, 1.2042756080627441, 1.199314832687378, 1.1942026615142822, 1.189673900604248, 1.1847448348999023, 1.1799652576446533, 1.175460934638977, 1.170603632926941, 1.1666016578674316, 1.1624233722686768, 1.1578192710876465, 1.1538050174713135, 1.1499866247177124, 1.146880865097046, 1.144511342048645, 1.1401758193969727, 1.1364855766296387, 1.133985996246338, 1.130570650100708, 1.1273622512817383, 1.1248975992202759, 1.1220728158950806, 1.1191699504852295, 1.1171185970306396, 1.115230679512024, 1.111605167388916, 1.1089271306991577, 1.1070784330368042, 1.1051408052444458, 1.1027752161026, 1.1004931926727295, 1.0990575551986694, 1.0961142778396606, 1.0944674015045166, 1.0921305418014526, 1.0905355215072632, 1.0889382362365723, 1.0875966548919678, 1.0854519605636597, 1.0833230018615723, 1.0817657709121704, 1.0799072980880737, 1.078650712966919, 1.076919674873352, 1.0755491256713867, 1.0741063356399536, 1.0727719068527222, 1.0709505081176758, 1.0698312520980835, 1.0675426721572876, 1.0661436319351196, 1.06437087059021, 1.0634522438049316, 1.0618239641189575, 1.0616967678070068, 1.0594770908355713, 1.0584677457809448, 1.0570011138916016, 1.0558186769485474, 1.0544164180755615, 1.0532517433166504, 1.0525689125061035, 1.0516290664672852, 1.0498310327529907, 1.0491068363189697], "accuracy": [0.24675051867961884, 0.3142557740211487, 0.3958071172237396, 0.4467505216598511, 0.44067084789276123, 0.4180293381214142, 0.41404610872268677, 0.4176100492477417, 0.42222222685813904, 0.42117398977279663, 0.4234800934791565, 0.42557650804519653, 0.425995796918869, 0.42515721917152405, 0.4274633228778839, 0.42767295241355896, 0.4289308190345764, 0.4322851300239563, 0.43438154458999634, 0.43396225571632385, 0.4345912039279938, 0.43542978167533875, 0.43941301107406616, 0.4425576627254486, 0.4482180178165436, 0.44905659556388855, 0.45828092098236084, 0.46457022428512573, 0.46121594309806824, 0.4693920314311981, 0.47777777910232544, 0.49098533391952515, 0.49433961510658264, 0.49937108159065247, 0.5069182515144348, 0.5102725625038147, 0.5188679099082947, 0.5169811248779297, 0.5249475836753845, 0.5236897468566895, 0.5234800577163696, 0.5270439982414246, 0.5285115242004395, 0.5360587239265442, 0.5394129753112793, 0.5438154935836792, 0.5425576567649841, 0.5442348122596741, 0.545073390007019, 0.545911967754364, 0.5501047968864441, 0.5503144860267639, 0.549685537815094, 0.5538784265518188, 0.5549266338348389, 0.5568134188652039, 0.5568134188652039, 0.5641509294509888, 0.5656184554100037, 0.5656184554100037, 0.5633123517036438, 0.5685534477233887, 0.5662474036216736, 0.5689727663993835, 0.5700209736824036, 0.5681341886520386, 0.5710691809654236, 0.5748427510261536, 0.5737945437431335, 0.5733752846717834, 0.5771488547325134, 0.5800838470458984, 0.5765199065208435, 0.5758909583091736, 0.5765199065208435, 0.5798742175102234, 0.5807127952575684, 0.5790356397628784, 0.5800838470458984, 0.5834381580352783, 0.5809224247932434, 0.5798742175102234, 0.5851153135299683, 0.5830188393592834, 0.5811320543289185, 0.5865827798843384, 0.5861635208129883, 0.5830188393592834, 0.5842767357826233, 0.5840671062469482, 0.5859538912773132, 0.5870020985603333, 0.5897274613380432, 0.5872117280960083, 0.5918238759040833, 0.5911949872970581, 0.5890985131263733, 0.5890985131263733, 0.5884696245193481, 0.5901467800140381], "val_loss": [3.565133571624756, 2.934173107147217, 2.4919869899749756, 2.2013134956359863, 2.0169239044189453, 1.8991960287094116, 1.8246065378189087, 1.7728632688522339, 1.7353763580322266, 1.7065083980560303, 1.6841151714324951, 1.6668649911880493, 1.652013897895813, 1.6378703117370605, 1.6246193647384644, 1.6149497032165527, 1.6069890260696411, 1.5990031957626343, 1.592178463935852, 1.5879583358764648, 1.5809848308563232, 1.5745543241500854, 1.5698013305664062, 1.5683940649032593, 1.5630581378936768, 1.5556293725967407, 1.5481582880020142, 1.5435817241668701, 1.5428452491760254, 1.5378668308258057, 1.5398751497268677, 1.5360323190689087, 1.5337296724319458, 1.5329489707946777, 1.5308641195297241, 1.5315786600112915, 1.529084324836731, 1.5297881364822388, 1.5279979705810547, 1.5277013778686523, 1.529126524925232, 1.5256818532943726, 1.528671145439148, 1.5277736186981201, 1.5264992713928223, 1.5262240171432495, 1.525314211845398, 1.5224069356918335, 1.5228071212768555, 1.5257713794708252, 1.5259296894073486, 1.527223825454712, 1.5254818201065063, 1.5246416330337524, 1.5240362882614136, 1.5245106220245361, 1.5259170532226562, 1.5275410413742065, 1.5251638889312744, 1.5259730815887451, 1.5261178016662598, 1.5266942977905273, 1.5290586948394775, 1.529478907585144, 1.5280802249908447, 1.5292887687683105, 1.5302263498306274, 1.5308454036712646, 1.5320881605148315, 1.5310953855514526, 1.5278493165969849, 1.5281124114990234, 1.5302329063415527, 1.5322515964508057, 1.5306795835494995, 1.5322458744049072, 1.531071424484253, 1.5324803590774536, 1.5309998989105225, 1.5316898822784424, 1.5310534238815308, 1.5322966575622559, 1.533338189125061, 1.5345386266708374, 1.5349613428115845, 1.5361840724945068, 1.5361831188201904, 1.535976767539978, 1.535428524017334, 1.5370516777038574, 1.5355656147003174, 1.5370471477508545, 1.5383446216583252, 1.537160873413086, 1.539345145225525, 1.5371543169021606, 1.5382933616638184, 1.539910912513733, 1.5398842096328735, 1.5401883125305176],