{"loss": [3.5453624725341797, 3.200432538986206, 2.924988269805908, 2.699432373046875, 2.511207103729248, 2.35446834564209, 2.2244720458984375, 2.114135265350342, 2.019975185394287, 1.9402271509170532, 1.8719396591186523, 1.8127191066741943, 1.7606537342071533, 1.7169636487960815, 1.6801083087921143, 1.6464886665344238, 1.617584228515625, 1.5924580097198486, 1.5710692405700684, 1.552681803703308, 1.5355839729309082, 1.521675944328308, 1.5083786249160767, 1.4968537092208862, 1.486042857170105, 1.477088212966919, 1.4680392742156982, 1.4607123136520386, 1.4532909393310547, 1.447031021118164, 1.4409960508346558, 1.4345264434814453, 1.42878258228302, 1.42364501953125, 1.4191267490386963, 1.4130685329437256, 1.4064412117004395, 1.4018504619598389, 1.3976483345031738, 1.3941469192504883, 1.3913376331329346, 1.3883590698242188, 1.386132836341858, 1.3831901550292969, 1.3813414573669434, 1.3792644739151, 1.3768579959869385, 1.3753960132598877, 1.3736239671707153, 1.3722102642059326, 1.3697208166122437, 1.3687658309936523, 1.3673443794250488, 1.365972876548767, 1.3645868301391602, 1.3632155656814575, 1.3623379468917847, 1.3612641096115112, 1.3604507446289062, 1.359438180923462, 1.357850193977356, 1.357216477394104, 1.3545312881469727, 1.3521900177001953, 1.3519729375839233, 1.3504053354263306, 1.3499886989593506, 1.349080204963684, 1.3482528924942017, 1.3472232818603516, 1.3474682569503784, 1.346426248550415, 1.3459736108779907, 1.3455657958984375, 1.3428645133972168, 1.3414084911346436, 1.3409124612808228, 1.340195894241333, 1.3394575119018555, 1.3392298221588135, 1.3388086557388306, 1.3381260633468628, 1.3374512195587158, 1.337095022201538, 1.3368171453475952, 1.3359622955322266, 1.335076928138733, 1.3340717554092407, 1.3335100412368774, 1.3328914642333984, 1.332234501838684, 1.332358717918396, 1.3317556381225586, 1.3312970399856567, 1.330849289894104, 1.3297476768493652, 1.3296629190444946, 1.329198956489563, 1.3290773630142212, 1.3284258842468262], "accuracy": [0.15807127952575684, 0.24192872643470764, 0.278616338968277, 0.32180294394493103, 0.36519914865493774, 0.41006287932395935, 0.428721159696579, 0.45303982496261597, 0.4687631130218506, 0.47400417923927307, 0.46415093541145325, 0.45010483264923096, 0.4297693967819214, 0.42473796010017395, 0.4226415157318115, 0.42138364911079407, 0.42222222685813904, 0.42075473070144653, 0.4201257824897766, 0.4224318563938141, 0.4220125675201416, 0.42222222685813904, 0.42368972301483154, 0.42431867122650146, 0.4253668785095215, 0.42410901188850403, 0.42620545625686646, 0.4289308190345764, 0.42809224128723145, 0.42914044857025146, 0.42767295241355896, 0.4264150857925415, 0.42767295241355896, 0.4283019006252289, 0.42809224128723145, 0.4289308190345764, 0.428721159696579, 0.42809224128723145, 0.42914044857025146, 0.42997902631759644, 0.4308176040649414, 0.43102726340293884, 0.43249475955963135, 0.43207547068595886, 0.42851153016090393, 0.4318658411502838, 0.4293501079082489, 0.4331236779689789, 0.4303983151912689, 0.43249475955963135, 0.4316561818122864, 0.4333333373069763, 0.4308176040649414, 0.43291404843330383, 0.4322851300239563, 0.4327043890953064, 0.4331236779689789, 0.4348008334636688, 0.4327043890953064, 0.4345912039279938, 0.43501049280166626, 0.43584907054901123, 0.43584907054901123, 0.4375261962413788, 0.43794548511505127, 0.43731656670570374, 0.4385744333267212, 0.4366876184940338, 0.43647798895835876, 0.43878406286239624, 0.43626832962036133, 0.4385744333267212, 0.4396226406097412, 0.43794548511505127, 0.4389937222003937, 0.43983229994773865, 0.44088050723075867, 0.43878406286239624, 0.44129979610443115, 0.44025155901908875, 0.44067084789276123, 0.4421383738517761, 0.44171908497810364, 0.4410901367664337, 0.4415094256401062, 0.43983229994773865, 0.4421383738517761, 0.44129979610443115, 0.4410901367664337, 0.4415094256401062, 0.4433962404727936, 0.44276729226112366, 0.4433962404727936, 0.44423478841781616, 0.4440251588821411, 0.4440251588821411, 0.4448637366294861, 0.44360587000846863, 0.44465407729148865, 0.44276729226112366], "val_loss": [3.473344326019287, 3.1979808807373047, 2.9750401973724365, 2.792024850845337, 2.6356849670410156, 2.507859230041504, 2.4001524448394775, 2.306232452392578, 2.227053642272949, 2.157580614089966, 2.098006010055542, 2.047800064086914, 2.0052742958068848, 1.9676622152328491, 1.936147689819336, 1.9071259498596191, 1.885010004043579, 1.8643888235092163, 1.846242070198059, 1.8285272121429443, 1.814127802848816, 1.8031922578811646, 1.7891699075698853, 1.778778076171875, 1.7700825929641724, 1.7613917589187622, 1.7540303468704224, 1.7472113370895386, 1.7412997484207153, 1.7363332509994507, 1.7322231531143188, 1.729466438293457, 1.7245948314666748, 1.7207671403884888, 1.7180746793746948, 1.7149275541305542, 1.7134921550750732, 1.7120137214660645, 1.7107698917388916, 1.7079577445983887, 1.7062857151031494, 1.7044299840927124, 1.7043348550796509, 1.7040596008300781, 1.703075647354126, 1.7037372589111328, 1.7031219005584717, 1.701432704925537, 1.7037627696990967, 1.7042937278747559, 1.7023276090621948, 1.7015613317489624, 1.70193612575531, 1.7038401365280151, 1.7032042741775513, 1.7028491497039795, 1.7038477659225464, 1.7039324045181274, 1.7056572437286377, 1.7029838562011719, 1.703466773033142, 1.7040505409240723, 1.7055113315582275, 1.703379511833191, 1.708051323890686, 1.7076762914657593, 1.7069206237792969, 1.7058879137039185, 1.7068403959274292, 1.7095565795898438, 1.7131967544555664, 1.7121654748916626, 1.7127946615219116, 1.7127529382705688, 1.711228609085083, 1.7133104801177979, 1.7162445783615112, 1.715796947479248, 1.714526653289795, 1.714392900466919, 1.715805172920227, 1.7173118591308594, 1.717742919921875, 1.7170156240463257, 1.7180304527282715, 1.719276785850525, 1.7193653583526611, 1.7201918363571167, 1.72239089012146, 1.7221598625183105, 1.7228223085403442, 1.7245680093765259, 1.7250369787216187, 1.7259234189987183, 1.726534366607666, 1.7256851196289062, 1.7278915643692017, 1.7305328845977783, 1.7278642654418945, 1.7301311492919922],