{"loss": [4.403787136077881, 3.384679079055786, 2.499966859817505, 1.8634090423583984, 1.4950180053710938, 1.3213058710098267, 1.2218979597091675, 1.148302674293518, 1.0869498252868652, 1.041509985923767, 0.9994465112686157, 0.9630462527275085, 0.926128625869751, 0.8901477456092834, 0.8598294258117676, 0.8248932957649231, 0.791851282119751, 0.762292206287384, 0.7313434481620789, 0.7030537724494934, 0.6765551567077637, 0.6516066789627075, 0.6305069923400879, 0.6161232590675354, 0.5998916625976562, 0.5876030921936035, 0.575426459312439, 0.562474250793457, 0.5518890619277954, 0.5436384081840515, 0.5350005626678467, 0.5258583426475525, 0.5182651877403259, 0.510112464427948, 0.5048775672912598, 0.49675315618515015, 0.49246346950531006, 0.48686450719833374, 0.4796496331691742, 0.47528064250946045, 0.4692167043685913, 0.4629893898963928, 0.4598902761936188, 0.4555181562900543, 0.4505574107170105, 0.44674092531204224, 0.4423602521419525, 0.4390971064567566, 0.4359555244445801, 0.43232908844947815, 0.42943331599235535, 0.4267897605895996, 0.42459559440612793, 0.4213540852069855, 0.4174308776855469, 0.4154457747936249, 0.41483673453330994, 0.41342809796333313, 0.4102393388748169, 0.4053587019443512, 0.4057466685771942, 0.4036850929260254, 0.40007615089416504, 0.4031330943107605, 0.3978220820426941, 0.3941136598587036, 0.39459729194641113, 0.3937975764274597, 0.3890398442745209, 0.39116308093070984, 0.39242589473724365, 0.38720154762268066, 0.383987694978714, 0.3803469240665436, 0.3797565996646881, 0.3812662959098816, 0.3787899315357208, 0.3769630789756775, 0.3822779953479767, 0.3776583969593048, 0.37274134159088135, 0.3720569312572479, 0.3751777112483978, 0.3688044846057892, 0.37109673023223877, 0.36858662962913513, 0.3655603528022766, 0.3651798665523529, 0.36615675687789917, 0.36304259300231934, 0.362510085105896, 0.36437132954597473, 0.3610455095767975, 0.36004847288131714, 0.35725370049476624, 0.3558430075645447, 0.3540659248828888, 0.357959508895874, 0.35387492179870605, 0.3537905514240265], "accuracy": [0.25702810287475586, 0.39251744747161865, 0.45212429761886597, 0.503699004650116, 0.5362502932548523, 0.5502008199691772, 0.5643627047538757, 0.5821179747581482, 0.6017755270004272, 0.6163601875305176, 0.6311562061309814, 0.6410906910896301, 0.6533502340316772, 0.6692031025886536, 0.6848446130752563, 0.7070387005805969, 0.7252166271209717, 0.7366307377815247, 0.7476220726966858, 0.7624180912971497, 0.7721412181854248, 0.7736207842826843, 0.7723525762557983, 0.77700275182724, 0.7789050936698914, 0.7812302112579346, 0.7827097773551941, 0.7869372367858887, 0.7956034541130066, 0.7960262298583984, 0.8010991215705872, 0.8046924471855164, 0.8055379390716553, 0.8089199066162109, 0.8097653985023499, 0.8161065578460693, 0.8173747658729553, 0.8123018145561218, 0.8203339576721191, 0.8201225996017456, 0.8239272832870483, 0.8277319669723511, 0.8264637589454651, 0.8298457264900208, 0.8317480683326721, 0.835129976272583, 0.8361868262290955, 0.8359754681587219, 0.8383005857467651, 0.841259777545929, 0.8408370614051819, 0.8423166275024414, 0.8448531031608582, 0.8421052694320679, 0.8435848951339722, 0.8450644612312317, 0.8423166275024414, 0.8442189693450928, 0.8463327288627625, 0.8503487706184387, 0.8507714867591858, 0.8511942625045776, 0.8503487706184387, 0.8492919206619263, 0.8528852462768555, 0.8524624705314636, 0.8545761704444885, 0.8541534543037415, 0.8577467799186707, 0.8562671542167664, 0.8535193204879761, 0.8566899299621582, 0.8577467799186707, 0.8585922718048096, 0.8590149879455566, 0.858380913734436, 0.8607059717178345, 0.860917329788208, 0.8577467799186707, 0.8623969554901123, 0.8647220730781555, 0.8664129972457886, 0.8621855974197388, 0.8681039810180664, 0.864933431148529, 0.8645106554031372, 0.8640879392623901, 0.864933431148529, 0.8664129972457886, 0.8678926229476929, 0.8674699068069458, 0.8659902811050415, 0.8655675053596497, 0.8666244149208069, 0.8695836067199707, 0.8681039810180664, 0.8719086647033691, 0.8681039810180664, 0.8693722486495972, 0.8710631728172302], "val_loss": [3.86049222946167, 2.9638378620147705, 2.278968095779419, 1.845551609992981, 1.6312856674194336, 1.549465537071228, 1.5030007362365723, 1.480420708656311, 1.456449031829834, 1.440100908279419, 1.4409462213516235, 1.4323629140853882, 1.4527093172073364, 1.4818358421325684, 1.4955767393112183, 1.4891595840454102, 1.4969673156738281, 1.4916499853134155, 1.5000327825546265, 1.4939165115356445, 1.4907331466674805, 1.488539695739746, 1.4952616691589355, 1.4935892820358276, 1.4880397319793701, 1.5051345825195312, 1.5013359785079956, 1.5015407800674438, 1.5098512172698975, 1.5061615705490112, 1.5030601024627686, 1.5415079593658447, 1.541979193687439, 1.5639879703521729, 1.544858455657959, 1.542906403541565, 1.5765174627304077, 1.565407633781433, 1.5749752521514893, 1.574935793876648, 1.6047258377075195, 1.5992350578308105, 1.6021008491516113, 1.6158974170684814, 1.6227223873138428, 1.6414965391159058, 1.6400151252746582, 1.6404081583023071, 1.6670414209365845, 1.6614830493927002, 1.6743559837341309, 1.6867411136627197, 1.6845283508300781, 1.6993528604507446, 1.7070565223693848, 1.708232045173645, 1.7257955074310303, 1.7213735580444336, 1.7186543941497803, 1.7363697290420532, 1.7435487508773804, 1.7548315525054932, 1.7429049015045166, 1.8148819208145142, 1.7641589641571045, 1.761142611503601, 1.7622233629226685, 1.7732317447662354, 1.775922179222107, 1.786015510559082, 1.7765116691589355, 1.7846263647079468, 1.7693997621536255, 1.7800005674362183, 1.792738676071167, 1.7746334075927734, 1.7805407047271729, 1.8131613731384277, 1.7825028896331787, 1.7831615209579468, 1.791346788406372, 1.8036061525344849, 1.810299038887024, 1.8096637725830078, 1.8107833862304688, 1.8043248653411865, 1.80889093875885, 1.805777907371521, 1.8222196102142334, 1.8337810039520264, 1.831149697303772, 1.8767330646514893, 1.8424898386001587, 1.8178256750106812, 1.8099491596221924, 1.8354251384735107, 1.8527814149856567, 1.8796212673187256, 1.86343252658844, 1.8562333583831787],