{"loss": [4.038416385650635, 3.4383957386016846, 2.9425721168518066, 2.5384445190429688, 2.2175559997558594, 1.978928565979004, 1.809875249862671, 1.6926453113555908, 1.614243984222412, 1.561241626739502, 1.5227456092834473, 1.4899075031280518, 1.464758276939392, 1.4443093538284302, 1.4266552925109863, 1.4102749824523926, 1.3955379724502563, 1.3810651302337646, 1.3677181005477905, 1.35512113571167, 1.3442200422286987, 1.333214282989502, 1.3222171068191528, 1.3139674663543701, 1.3060861825942993, 1.2990537881851196, 1.2914451360702515, 1.285516619682312, 1.2794214487075806, 1.274904727935791, 1.2702205181121826, 1.266431450843811, 1.2621279954910278, 1.2587002515792847, 1.254464030265808, 1.2519413232803345, 1.2487585544586182, 1.2449119091033936, 1.2410684823989868, 1.2371548414230347, 1.2332241535186768, 1.2290395498275757, 1.225337028503418, 1.2200257778167725, 1.2125657796859741, 1.2045717239379883, 1.192747950553894, 1.177491307258606, 1.1563724279403687, 1.1364582777023315, 1.1256908178329468, 1.1185845136642456, 1.1094123125076294, 1.1030817031860352, 1.0968176126480103, 1.0912319421768188, 1.0876295566558838, 1.0799517631530762, 1.0760799646377563, 1.0761998891830444, 1.065691590309143, 1.065247893333435, 1.0584936141967773, 1.0560977458953857, 1.0549904108047485, 1.056328296661377, 1.0491632223129272, 1.0469390153884888, 1.0470364093780518, 1.0397382974624634, 1.034824252128601, 1.036307692527771, 1.0326666831970215, 1.0297874212265015, 1.0248355865478516, 1.0208611488342285, 1.0191237926483154, 1.015120029449463, 1.0168200731277466, 1.0139679908752441, 1.0136228799819946, 1.0109771490097046, 1.0091204643249512, 1.0128045082092285, 1.0114551782608032, 1.0049002170562744, 1.0038119554519653, 1.0077627897262573, 1.0020341873168945, 1.001732349395752, 1.0022697448730469, 1.0027636289596558, 1.0006091594696045, 0.9984146356582642, 1.0006484985351562, 0.9955557584762573, 0.9909909963607788, 0.9908320903778076, 0.9878053665161133, 0.9856535792350769], "accuracy": [0.2125735878944397, 0.29037004709243774, 0.3214886486530304, 0.37804877758026123, 0.4283010959625244, 0.4518502950668335, 0.4249369204044342, 0.4129520654678345, 0.4158957004547119, 0.41862910985946655, 0.42199328541755676, 0.421572744846344, 0.4213624894618988, 0.42262405157089233, 0.4251471757888794, 0.4268292784690857, 0.42767030000686646, 0.43313708901405334, 0.4409167468547821, 0.4558452367782593, 0.46509671211242676, 0.4751892387866974, 0.4854920208454132, 0.48822540044784546, 0.49053826928138733, 0.48864591121673584, 0.4960050582885742, 0.49369218945503235, 0.4949537515640259, 0.4907485246658325, 0.49747687578201294, 0.49873843789100647, 0.5002102851867676, 0.5002102851867676, 0.5027334094047546, 0.503784716129303, 0.5052565336227417, 0.5039949417114258, 0.5073591470718384, 0.5109335780143738, 0.5077796578407288, 0.5136669278144836, 0.5174516439437866, 0.5180824398994446, 0.5231286883354187, 0.5222876071929932, 0.535113513469696, 0.5416316390037537, 0.5624474287033081, 0.5702270865440369, 0.5761143565177917, 0.5841042995452881, 0.5820016860961914, 0.5845248103141785, 0.5866274237632751, 0.5939865708351135, 0.5914633870124817, 0.5971404314041138, 0.6007148623466492, 0.6013456583023071, 0.6044995784759521, 0.6049200892448425, 0.6042892932891846, 0.6061816811561584, 0.6084945201873779, 0.6103869080543518, 0.6175357699394226, 0.617325484752655, 0.6169049739837646, 0.6200588941574097, 0.6227922439575195, 0.6221615076065063, 0.621110200881958, 0.6255256533622742, 0.6253153681755066, 0.6267872452735901, 0.6263666749000549, 0.6291000843048096, 0.6305719017982483, 0.6316232085227966, 0.6265769600868225, 0.6318334937095642, 0.6333053112030029, 0.6318334937095642, 0.6333053112030029, 0.6396130919456482, 0.6362489461898804, 0.6318334937095642, 0.6370899677276611, 0.6398233771324158, 0.6408746838569641, 0.6417157053947449, 0.6457107067108154, 0.6419259905815125, 0.6440286040306091, 0.6482338309288025, 0.6486543416976929, 0.6497056484222412, 0.6534903049468994, 0.653069794178009], "val_loss": [3.8228471279144287, 3.327298402786255, 2.9154093265533447, 2.5853047370910645, 2.3318557739257812, 2.1463253498077393, 2.013756036758423, 1.925946831703186, 1.8640329837799072, 1.8200559616088867, 1.785932183265686, 1.7585498094558716, 1.7371793985366821, 1.7176162004470825, 1.7004268169403076, 1.6846882104873657, 1.6721172332763672, 1.6598809957504272, 1.6477620601654053, 1.6390663385391235, 1.632893681526184, 1.6277430057525635, 1.6227977275848389, 1.6172382831573486, 1.617014765739441, 1.6125539541244507, 1.6081336736679077, 1.6092119216918945, 1.6060154438018799, 1.6026301383972168, 1.6080000400543213, 1.6114500761032104, 1.6085747480392456, 1.6074212789535522, 1.610059142112732, 1.6104239225387573, 1.6091676950454712, 1.6110823154449463, 1.611585021018982, 1.60951828956604, 1.615064263343811, 1.6117913722991943, 1.6142265796661377, 1.6194008588790894, 1.6219549179077148, 1.628349781036377, 1.6284892559051514, 1.63961923122406, 1.6471202373504639, 1.6620935201644897, 1.6567637920379639, 1.6613649129867554, 1.6549545526504517, 1.6687068939208984, 1.671370506286621, 1.6722941398620605, 1.6751195192337036, 1.67064368724823, 1.6757279634475708, 1.6847865581512451, 1.6858465671539307, 1.6811835765838623, 1.6760904788970947, 1.6748411655426025, 1.6984655857086182, 1.6903775930404663, 1.6958022117614746, 1.7026970386505127, 1.7108640670776367, 1.7272655963897705, 1.7158993482589722, 1.7419450283050537, 1.744337797164917, 1.7369036674499512, 1.735109567642212, 1.7471786737442017, 1.7546422481536865, 1.7603484392166138, 1.762951374053955, 1.76639723777771, 1.7665982246398926, 1.7690088748931885, 1.776969075202942, 1.7852905988693237, 1.7836068868637085, 1.7914316654205322, 1.8029124736785889, 1.806288719177246, 1.8022178411483765, 1.809230923652649, 1.799190640449524, 1.8103001117706299, 1.8070570230484009, 1.819869875907898, 1.8125431537628174, 1.8209913969039917, 1.8260338306427002, 1.8360865116119385, 1.8375283479690552, 1.8374357223510742],