{"loss": [2.153859853744507, 1.9321531057357788, 1.7774049043655396, 1.6703988313674927, 1.5970606803894043, 1.544091820716858, 1.5074762105941772, 1.4803646802902222, 1.4575151205062866, 1.4388928413391113, 1.422640323638916, 1.408278465270996, 1.3931492567062378, 1.3767108917236328, 1.364306926727295, 1.351544737815857, 1.3398019075393677, 1.3279693126678467, 1.3160841464996338, 1.3054255247116089, 1.2951992750167847, 1.2858750820159912, 1.2762514352798462, 1.2680901288986206, 1.2595603466033936, 1.2504863739013672, 1.240288496017456, 1.229943037033081, 1.2193101644515991, 1.2054085731506348, 1.1898576021194458, 1.1756563186645508, 1.1646546125411987, 1.155702829360962, 1.1498907804489136, 1.1408350467681885, 1.1396480798721313, 1.1334741115570068, 1.1299442052841187, 1.1253689527511597, 1.1259894371032715, 1.113735556602478, 1.1099458932876587, 1.1131402254104614, 1.1060715913772583, 1.102318525314331, 1.101662278175354, 1.0988825559616089, 1.092838168144226, 1.0910879373550415, 1.0883164405822754, 1.0790619850158691, 1.0772567987442017, 1.0780471563339233, 1.073365569114685, 1.0708353519439697, 1.062706708908081, 1.0621838569641113, 1.057114839553833, 1.0609463453292847, 1.0556228160858154, 1.0485047101974487, 1.0527087450027466, 1.0496044158935547, 1.041563868522644, 1.0386550426483154, 1.0325828790664673, 1.0329675674438477, 1.0280007123947144, 1.0229451656341553, 1.019075632095337, 1.0181288719177246, 1.0177706480026245, 1.009358525276184, 0.9977988600730896, 0.9899068474769592, 0.9873196482658386, 0.9762955904006958, 0.970353364944458, 0.9660171270370483, 0.9586939215660095, 0.957899808883667, 0.9529546499252319, 0.9436473250389099, 0.942411482334137, 0.933724045753479, 0.9329500198364258, 0.9352174401283264, 0.9340236186981201, 0.9306948781013489, 0.9254592657089233, 0.9215349555015564, 0.9287469983100891, 0.9202938079833984, 0.9157037138938904, 0.913600504398346, 0.9164307117462158, 0.9117815494537354, 0.9121055006980896, 0.9060571193695068], "accuracy": [0.239486962556839, 0.3515559434890747, 0.3982338011264801, 0.40475189685821533, 0.4087468385696411, 0.4156854450702667, 0.4194701313972473, 0.4196804165840149, 0.4211522340774536, 0.4217830002307892, 0.4228343069553375, 0.4230445623397827, 0.42598822712898254, 0.42746004462242126, 0.42914214730262756, 0.4325062930583954, 0.44196805357933044, 0.45079898834228516, 0.46740958094596863, 0.4861227869987488, 0.49032801389694214, 0.49369218945503235, 0.49726662039756775, 0.49915894865989685, 0.5004205107688904, 0.5058873295783997, 0.5086206793785095, 0.511564314365387, 0.518502950668335, 0.5313288569450378, 0.5437342524528503, 0.5481497049331665, 0.5525651574134827, 0.5548780560493469, 0.557401180267334, 0.5580319762229919, 0.5601345896720886, 0.5616064071655273, 0.5645500421524048, 0.5672834515571594, 0.5662321448326111, 0.5725399255752563, 0.5769554376602173, 0.5693860650062561, 0.5738015174865723, 0.5761143565177917, 0.5798990726470947, 0.5813708901405334, 0.5843145251274109, 0.5824221968650818, 0.5876787304878235, 0.5918839573860168, 0.5906223654747009, 0.5948275923728943, 0.5992430448532104, 0.6019764542579651, 0.6053406000137329, 0.6072329878807068, 0.6101766228675842, 0.6063919067382812, 0.6063919067382812, 0.6133305430412292, 0.6093356013298035, 0.6131202578544617, 0.6206896305084229, 0.6202691197395325, 0.6244743466377258, 0.6223717331886292, 0.6251051425933838, 0.6293103694915771, 0.6284692883491516, 0.6356181502342224, 0.6307821869850159, 0.6375105381011963, 0.6459209322929382, 0.650546669960022, 0.6522287726402283, 0.6560134291648865, 0.6610597372055054, 0.6633725762367249, 0.6654751896858215, 0.6698906421661377, 0.6705214381217957, 0.677880585193634, 0.6814550161361694, 0.6839781403541565, 0.6816652417182922, 0.681034505367279, 0.6808242201805115, 0.6820858120918274, 0.6867115497589111, 0.6881833672523499, 0.6852396726608276, 0.6904962062835693, 0.6892346739768982, 0.6928091049194336, 0.6865012645721436, 0.6921783089637756, 0.6913372874259949, 0.6938604116439819], "val_loss": [2.1582746505737305, 1.9920583963394165, 1.8743494749069214, 1.7960535287857056, 1.7439512014389038, 1.7092021703720093, 1.6797806024551392, 1.6629056930541992, 1.6448405981063843, 1.6306087970733643, 1.6208328008651733, 1.6105983257293701, 1.5988866090774536, 1.5894666910171509, 1.583654761314392, 1.579583764076233, 1.5773195028305054, 1.574454665184021, 1.5755109786987305, 1.5774216651916504, 1.5784796476364136, 1.5817235708236694, 1.5845752954483032, 1.5846867561340332, 1.5926971435546875, 1.590772032737732, 1.5954852104187012, 1.606281042098999, 1.612323522567749, 1.6183762550354004, 1.6303197145462036, 1.6437184810638428, 1.6467556953430176, 1.6355305910110474, 1.6578211784362793, 1.6629528999328613, 1.671751618385315, 1.6832102537155151, 1.68911874294281, 1.6996312141418457, 1.6974085569381714, 1.697593092918396, 1.697453498840332, 1.7083269357681274, 1.6992436647415161, 1.7216472625732422, 1.7173032760620117, 1.7231910228729248, 1.7296278476715088, 1.7198175191879272, 1.7276962995529175, 1.7247885465621948, 1.7341465950012207, 1.7342382669448853, 1.7343591451644897, 1.7383439540863037, 1.7352696657180786, 1.7511317729949951, 1.7428914308547974, 1.7395565509796143, 1.7364370822906494, 1.7579691410064697, 1.752787709236145, 1.7407037019729614, 1.7591512203216553, 1.7709239721298218, 1.775055170059204, 1.7706091403961182, 1.7895559072494507, 1.7950427532196045, 1.8073654174804688, 1.7921017408370972, 1.7981934547424316, 1.8074265718460083, 1.820907473564148, 1.821272850036621, 1.8260146379470825, 1.819291114807129, 1.8400977849960327, 1.87223219871521, 1.869959831237793, 1.8859550952911377, 1.86325204372406, 1.9238550662994385, 1.9025344848632812, 1.9067689180374146, 1.8993364572525024, 1.9045774936676025, 1.9437336921691895, 1.9014394283294678, 1.907374382019043, 1.9256017208099365, 1.9079490900039673, 1.931825876235962, 1.915084719657898, 1.929720163345337, 1.9245333671569824, 1.9248992204666138, 1.92814302444458, 1.9304640293121338],