{"loss": [3.1450769901275635, 2.4648067951202393, 1.9809529781341553, 1.6793012619018555, 1.5026756525039673, 1.3992401361465454, 1.3337901830673218, 1.287227749824524, 1.2506153583526611, 1.2197849750518799, 1.1926541328430176, 1.168410062789917, 1.146782398223877, 1.12690007686615, 1.1093535423278809, 1.0930216312408447, 1.0774240493774414, 1.063729166984558, 1.050371766090393, 1.0372036695480347, 1.0252031087875366, 1.0137736797332764, 1.0029017925262451, 0.9917667508125305, 0.9812813997268677, 0.970493495464325, 0.96055668592453, 0.9503309726715088, 0.939440906047821, 0.9292092323303223, 0.9189494252204895, 0.9079919457435608, 0.8977706432342529, 0.8876895904541016, 0.8780269026756287, 0.8683562874794006, 0.8585614562034607, 0.8490476608276367, 0.8401132225990295, 0.8320797085762024, 0.8241056799888611, 0.8171279430389404, 0.810163676738739, 0.802843451499939, 0.7974547743797302, 0.7916771769523621, 0.7865902781486511, 0.7812727093696594, 0.7767013907432556, 0.772091269493103, 0.7668305039405823, 0.7633394002914429, 0.756952702999115, 0.7528667449951172, 0.7490455508232117, 0.7447474002838135, 0.741412341594696, 0.7380576133728027, 0.7334544658660889, 0.730072021484375, 0.7272028923034668, 0.7239698171615601, 0.7208575010299683, 0.7180125713348389, 0.7146888971328735, 0.7116771936416626, 0.7092995643615723, 0.7065078020095825, 0.7040121555328369, 0.7015116214752197, 0.6977508664131165, 0.6964493989944458, 0.6930451393127441, 0.6895676851272583, 0.6870527267456055, 0.6835250854492188, 0.6799847483634949, 0.6772669553756714, 0.6753626465797424, 0.6724758744239807, 0.6710827946662903, 0.6686935424804688, 0.6675999760627747, 0.6648290157318115, 0.6619561314582825, 0.6594028472900391, 0.6572363376617432, 0.6564276218414307, 0.6530469059944153, 0.6515511274337769, 0.6490537524223328, 0.6462535262107849, 0.6463333368301392, 0.6430923938751221, 0.6407119035720825, 0.637997567653656, 0.6368660926818848, 0.6352963447570801, 0.632135808467865, 0.631050705909729], "accuracy": [0.19261434674263, 0.3059169054031372, 0.42803189158439636, 0.48699119687080383, 0.4817456901073456, 0.4517415165901184, 0.45929500460624695, 0.46496012806892395, 0.4924464821815491, 0.5167855620384216, 0.5308434963226318, 0.5390264391899109, 0.5522450804710388, 0.5600084066390991, 0.5673520565032959, 0.5736466646194458, 0.5797314047813416, 0.5870751142501831, 0.5916911363601685, 0.59903484582901, 0.6051195859909058, 0.6080570816993713, 0.6168695092201233, 0.6223248243331909, 0.6246328353881836, 0.6315568685531616, 0.6340746879577637, 0.637431800365448, 0.6401594877243042, 0.6479228138923645, 0.6521191596984863, 0.6563155651092529, 0.6586235761642456, 0.6634494066238403, 0.6647083759307861, 0.6707931160926819, 0.6766680479049683, 0.6783466339111328, 0.6831724643707275, 0.6829626560211182, 0.6873688697814941, 0.6909357905387878, 0.6945027112960815, 0.6942929029464722, 0.6974402070045471, 0.6984893083572388, 0.7003777027130127, 0.7020562291145325, 0.7056231498718262, 0.7108686566352844, 0.7131766676902771, 0.7123373746871948, 0.7135962843894958, 0.7165337800979614, 0.7161141633987427, 0.7188417911529541, 0.7228283882141113, 0.7192614078521729, 0.7242971062660217, 0.7249265909194946, 0.7266051173210144, 0.72954261302948, 0.7305917143821716, 0.7278640270233154, 0.7314309477806091, 0.7328997254371643, 0.7347880601882935, 0.7358371615409851, 0.7356273531913757, 0.7356273531913757, 0.7366764545440674, 0.7412924766540527, 0.7400335669517517, 0.7398237586021423, 0.7400335669517517, 0.7442299723625183, 0.7473772764205933, 0.7482165098190308, 0.7473772764205933, 0.7492656111717224, 0.7505245208740234, 0.7498950958251953, 0.7511540055274963, 0.7528325915336609, 0.7517834901809692, 0.750944197177887, 0.7559798359870911, 0.7551406025886536, 0.756609320640564, 0.7574486136436462, 0.7580780386924744, 0.7601762413978577, 0.7612253427505493, 0.7584977149963379, 0.7595468163490295, 0.7639530301094055, 0.7645824551582336, 0.764792263507843, 0.7662610411643982, 0.7666806578636169], "val_loss": [2.894106149673462, 2.3364832401275635, 1.9591923952102661, 1.7385560274124146, 1.6126002073287964, 1.5396250486373901, 1.494536280632019, 1.4648194313049316, 1.442129135131836, 1.4225958585739136, 1.4051908254623413, 1.3920557498931885, 1.3816611766815186, 1.3737797737121582, 1.3670932054519653, 1.3584184646606445, 1.3546483516693115, 1.3513706922531128, 1.3505128622055054, 1.3483543395996094, 1.3517651557922363, 1.3530100584030151, 1.3590114116668701, 1.3644119501113892, 1.3701621294021606, 1.3729040622711182, 1.378435730934143, 1.3831881284713745, 1.3814830780029297, 1.3875588178634644, 1.3884034156799316, 1.3943575620651245, 1.3957703113555908, 1.398723840713501, 1.4048696756362915, 1.416196346282959, 1.4219893217086792, 1.4371213912963867, 1.4459402561187744, 1.4542951583862305, 1.4560805559158325, 1.4735819101333618, 1.47188401222229, 1.4822227954864502, 1.4838958978652954, 1.4982736110687256, 1.503739833831787, 1.5052924156188965, 1.5065797567367554, 1.5084409713745117, 1.5180809497833252, 1.5325039625167847, 1.5097886323928833, 1.537812352180481, 1.5163297653198242, 1.528224229812622, 1.5276538133621216, 1.5232295989990234, 1.549232006072998, 1.5454602241516113, 1.5492717027664185, 1.5425331592559814, 1.5548750162124634, 1.5683002471923828, 1.5514765977859497, 1.5765032768249512, 1.562864065170288, 1.585547685623169, 1.5761276483535767, 1.5716445446014404, 1.5638556480407715, 1.584304690361023, 1.5807011127471924, 1.6000349521636963, 1.610509991645813, 1.6009160280227661, 1.6171367168426514, 1.615200400352478, 1.6140378713607788, 1.6601011753082275, 1.6398180723190308, 1.6531739234924316, 1.640044927597046, 1.6554434299468994, 1.6412006616592407, 1.6622333526611328, 1.6443700790405273, 1.657871127128601, 1.6586642265319824, 1.6520589590072632, 1.6560113430023193, 1.6724720001220703, 1.662668228149414, 1.6608425378799438, 1.6600770950317383, 1.682515025138855, 1.656463623046875, 1.6718226671218872, 1.6727018356323242, 1.6716986894607544],