{"loss": [4.774075508117676, 4.368009090423584, 4.023839473724365, 3.720425844192505, 3.4495086669921875, 3.2068214416503906, 2.9914894104003906, 2.7998342514038086, 2.631500482559204, 2.4839367866516113, 2.353933095932007, 2.2403664588928223, 2.1398723125457764, 2.053201198577881, 1.977126121520996, 1.9113750457763672, 1.8543072938919067, 1.804173469543457, 1.7581026554107666, 1.7170355319976807, 1.6833034753799438, 1.6530869007110596, 1.626257061958313, 1.6028722524642944, 1.58305025100708, 1.5647412538528442, 1.5487074851989746, 1.5342423915863037, 1.5210403203964233, 1.509584903717041, 1.499212384223938, 1.4899436235427856, 1.4814047813415527, 1.4730108976364136, 1.4664226770401, 1.4586520195007324, 1.449126124382019, 1.4407899379730225, 1.4346119165420532, 1.429856777191162, 1.4245444536209106, 1.420858383178711, 1.4165289402008057, 1.4121637344360352, 1.4088798761367798, 1.4048347473144531, 1.4022120237350464, 1.3992698192596436, 1.3947585821151733, 1.3911269903182983, 1.388572096824646, 1.3861254453659058, 1.3838685750961304, 1.3818367719650269, 1.3799543380737305, 1.3786863088607788, 1.3767451047897339, 1.3754101991653442, 1.3741822242736816, 1.3726140260696411, 1.3723582029342651, 1.3708103895187378, 1.369450330734253, 1.3685365915298462, 1.3670997619628906, 1.3660041093826294, 1.3654301166534424, 1.365037441253662, 1.3629826307296753, 1.3630088567733765, 1.3621515035629272, 1.361053466796875, 1.3600187301635742, 1.3597673177719116, 1.3588165044784546, 1.357988715171814, 1.3570582866668701, 1.3566675186157227, 1.356292724609375, 1.3559690713882446, 1.3550091981887817, 1.3542364835739136, 1.353299856185913, 1.352472186088562, 1.3516201972961426, 1.3507822751998901, 1.3501973152160645, 1.349826455116272, 1.349376916885376, 1.3482487201690674, 1.34794020652771, 1.3475842475891113, 1.347179889678955, 1.3469816446304321, 1.346583366394043, 1.3459621667861938, 1.3455320596694946, 1.3450629711151123, 1.3448987007141113, 1.3440687656402588], "accuracy": [0.17651991546154022, 0.2597484290599823, 0.28280922770500183, 0.3060796558856964, 0.3241090178489685, 0.34570232033729553, 0.3683438301086426, 0.3821803033351898, 0.3914045989513397, 0.4117400348186493, 0.42515721917152405, 0.4415094256401062, 0.4624737799167633, 0.4614255726337433, 0.47589099407196045, 0.47924527525901794, 0.47777777910232544, 0.4786163568496704, 0.4693920314311981, 0.45387840270996094, 0.44067084789276123, 0.4337526261806488, 0.43207547068595886, 0.4272536635398865, 0.42578616738319397, 0.424947589635849, 0.4272536635398865, 0.426834374666214, 0.42662474513053894, 0.42410901188850403, 0.42557650804519653, 0.424947589635849, 0.42620545625686646, 0.42662474513053894, 0.4253668785095215, 0.42620545625686646, 0.42767295241355896, 0.43144655227661133, 0.42955973744392395, 0.4312368929386139, 0.42997902631759644, 0.43060797452926636, 0.43102726340293884, 0.43249475955963135, 0.4322851300239563, 0.4331236779689789, 0.43438154458999634, 0.4345912039279938, 0.4371069073677063, 0.43626832962036133, 0.43626832962036133, 0.43647798895835876, 0.43647798895835876, 0.43689727783203125, 0.43836477398872375, 0.43584907054901123, 0.4375261962413788, 0.43794548511505127, 0.43731656670570374, 0.4410901367664337, 0.43794548511505127, 0.4375261962413788, 0.43794548511505127, 0.43731656670570374, 0.44067084789276123, 0.4404612183570862, 0.4392033517360687, 0.4389937222003937, 0.44171908497810364, 0.44171908497810364, 0.4400419294834137, 0.4415094256401062, 0.4404612183570862, 0.4415094256401062, 0.44025155901908875, 0.4429769515991211, 0.44360587000846863, 0.44507336616516113, 0.4433962404727936, 0.4425576627254486, 0.4433962404727936, 0.4440251588821411, 0.4419287145137787, 0.44423478841781616, 0.44507336616516113, 0.4425576627254486, 0.44528302550315857, 0.44528302550315857, 0.44465407729148865, 0.44612160325050354, 0.4454926550388336, 0.44465407729148865, 0.4444444477558136, 0.4438154995441437, 0.4421383738517761, 0.4448637366294861, 0.44716981053352356, 0.44716981053352356, 0.44528302550315857, 0.4482180178165436], "val_loss": [4.6298651695251465, 4.3118205070495605, 4.034965991973877, 3.78417706489563, 3.561291217803955, 3.3616271018981934, 3.1850931644439697, 3.024675130844116, 2.8860955238342285, 2.7635459899902344, 2.6556575298309326, 2.5580637454986572, 2.473278522491455, 2.3961093425750732, 2.3304383754730225, 2.273662567138672, 2.2235307693481445, 2.179757833480835, 2.141878604888916, 2.1063966751098633, 2.076190948486328, 2.0512101650238037, 2.024571657180786, 2.004321336746216, 1.9829024076461792, 1.9651819467544556, 1.9468423128128052, 1.933044672012329, 1.9206339120864868, 1.910569667816162, 1.902032732963562, 1.8929141759872437, 1.8863084316253662, 1.8791817426681519, 1.8757351636886597, 1.8696106672286987, 1.8626108169555664, 1.8571453094482422, 1.8539104461669922, 1.8483648300170898, 1.8447141647338867, 1.8419722318649292, 1.8366259336471558, 1.8312243223190308, 1.8283156156539917, 1.8245494365692139, 1.8225938081741333, 1.8185573816299438, 1.815927505493164, 1.812829613685608, 1.8083115816116333, 1.8065468072891235, 1.8045710325241089, 1.8030710220336914, 1.8006304502487183, 1.797528862953186, 1.7964985370635986, 1.7961345911026, 1.794723391532898, 1.792403221130371, 1.7897413969039917, 1.788864016532898, 1.7874865531921387, 1.7882972955703735, 1.7869596481323242, 1.786420464515686, 1.7852226495742798, 1.785256028175354, 1.783164620399475, 1.7821754217147827, 1.7804228067398071, 1.7792704105377197, 1.7786179780960083, 1.7791095972061157, 1.7776283025741577, 1.7771466970443726, 1.7764872312545776, 1.7762703895568848, 1.7749890089035034, 1.774442195892334, 1.774581789970398, 1.776037335395813, 1.7749347686767578, 1.7761507034301758, 1.7753010988235474, 1.7743399143218994, 1.775983214378357, 1.7756363153457642, 1.7765836715698242, 1.7765926122665405, 1.7759562730789185, 1.777928113937378, 1.7770166397094727, 1.7769711017608643, 1.7750303745269775, 1.7750836610794067, 1.7761003971099854, 1.7755110263824463, 1.7756189107894897, 1.7750602960586548],