{"loss": [4.160403728485107, 3.773690938949585, 3.453963279724121, 3.180790901184082, 2.9475698471069336, 2.747145175933838, 2.574577569961548, 2.426997423171997, 2.298909902572632, 2.187666654586792, 2.0903353691101074, 2.0040640830993652, 1.929683804512024, 1.8652822971343994, 1.8101328611373901, 1.7628179788589478, 1.7204062938690186, 1.6836705207824707, 1.6520075798034668, 1.6249772310256958, 1.599269151687622, 1.5769597291946411, 1.556915521621704, 1.540848970413208, 1.5260083675384521, 1.5125459432601929, 1.5008103847503662, 1.4910736083984375, 1.4807485342025757, 1.472029685974121, 1.4639675617218018, 1.4559451341629028, 1.4485291242599487, 1.4426597356796265, 1.4366499185562134, 1.430187463760376, 1.4247384071350098, 1.4196351766586304, 1.4147831201553345, 1.410117268562317, 1.407004475593567, 1.4035298824310303, 1.400403618812561, 1.3970096111297607, 1.3942714929580688, 1.3921043872833252, 1.3896265029907227, 1.3870577812194824, 1.385094165802002, 1.383219599723816, 1.380466341972351, 1.3781871795654297, 1.376197099685669, 1.3741158246994019, 1.3722805976867676, 1.3708463907241821, 1.3703906536102295, 1.3683384656906128, 1.3668265342712402, 1.3658212423324585, 1.3646689653396606, 1.363357424736023, 1.3624690771102905, 1.3617991209030151, 1.360654354095459, 1.359457015991211, 1.3575453758239746, 1.3550219535827637, 1.3543522357940674, 1.3538635969161987, 1.3528404235839844, 1.352320671081543, 1.3515636920928955, 1.3503339290618896, 1.350195288658142, 1.347295880317688, 1.3458294868469238, 1.3446383476257324, 1.3443902730941772, 1.342974066734314, 1.3420711755752563, 1.3413411378860474, 1.34087336063385, 1.3397477865219116, 1.3389467000961304, 1.3385264873504639, 1.3379755020141602, 1.337123990058899, 1.3376171588897705, 1.3365421295166016, 1.3357492685317993, 1.3355329036712646, 1.3348089456558228, 1.33477783203125, 1.334238052368164, 1.3341349363327026, 1.333425760269165, 1.3333088159561157, 1.3327405452728271, 1.3319025039672852], "accuracy": [0.13731655478477478, 0.21215933561325073, 0.23417191207408905, 0.2641509473323822, 0.2937106788158417, 0.33018869161605835, 0.36184486746788025, 0.3918238878250122, 0.42431867122650146, 0.45010483264923096, 0.4628930687904358, 0.47400417923927307, 0.4815513491630554, 0.48511528968811035, 0.473794549703598, 0.4576520025730133, 0.4415094256401062, 0.43501049280166626, 0.43207547068595886, 0.42431867122650146, 0.426834374666214, 0.42473796010017395, 0.42431867122650146, 0.42662474513053894, 0.42515721917152405, 0.42578616738319397, 0.42515721917152405, 0.4270440340042114, 0.4272536635398865, 0.42662474513053894, 0.4283019006252289, 0.42809224128723145, 0.4278826117515564, 0.4264150857925415, 0.42662474513053894, 0.4293501079082489, 0.4278826117515564, 0.4283019006252289, 0.43018868565559387, 0.4303983151912689, 0.43102726340293884, 0.42997902631759644, 0.4303983151912689, 0.43018868565559387, 0.43249475955963135, 0.4318658411502838, 0.43291404843330383, 0.43438154458999634, 0.43354296684265137, 0.4348008334636688, 0.4341719150543213, 0.43501049280166626, 0.4356394112110138, 0.4360587000846863, 0.4375261962413788, 0.43689727783203125, 0.4371069073677063, 0.4385744333267212, 0.43689727783203125, 0.43584907054901123, 0.4375261962413788, 0.43878406286239624, 0.43794548511505127, 0.4381551444530487, 0.4375261962413788, 0.4404612183570862, 0.4385744333267212, 0.44129979610443115, 0.4392033517360687, 0.4392033517360687, 0.43836477398872375, 0.44129979610443115, 0.4404612183570862, 0.44171908497810364, 0.43794548511505127, 0.44067084789276123, 0.43941301107406616, 0.4410901367664337, 0.44234800338745117, 0.44465407729148865, 0.44129979610443115, 0.44276729226112366, 0.4404612183570862, 0.44234800338745117, 0.44318658113479614, 0.4419287145137787, 0.4425576627254486, 0.4433962404727936, 0.4444444477558136, 0.44423478841781616, 0.44465407729148865, 0.4438154995441437, 0.446540892124176, 0.4444444477558136, 0.44570231437683105, 0.446540892124176, 0.4459119439125061, 0.44507336616516113, 0.4448637366294861, 0.4482180178165436], "val_loss": [4.063236236572266, 3.7545716762542725, 3.4969704151153564, 3.2754709720611572, 3.0850746631622314, 2.923433780670166, 2.7827558517456055, 2.662707567214966, 2.558566093444824, 2.469668388366699, 2.390932321548462, 2.3252363204956055, 2.2670462131500244, 2.2177889347076416, 2.17143177986145, 2.1336934566497803, 2.103074550628662, 2.0719900131225586, 2.046743869781494, 2.0234861373901367, 2.0024590492248535, 1.9805816411972046, 1.9654666185379028, 1.950437307357788, 1.9375524520874023, 1.9252818822860718, 1.9131255149841309, 1.900705337524414, 1.890108346939087, 1.87827467918396, 1.8659312725067139, 1.8546676635742188, 1.8469685316085815, 1.838579773902893, 1.828317642211914, 1.8186625242233276, 1.8110624551773071, 1.8053944110870361, 1.796786904335022, 1.79039466381073, 1.784688115119934, 1.7797000408172607, 1.7747128009796143, 1.7711490392684937, 1.7688716650009155, 1.7650760412216187, 1.7606244087219238, 1.7598598003387451, 1.757511854171753, 1.7558491230010986, 1.7533138990402222, 1.7501870393753052, 1.7495988607406616, 1.7449473142623901, 1.7449735403060913, 1.7466717958450317, 1.744074821472168, 1.7430216073989868, 1.7424402236938477, 1.742033839225769, 1.73946213722229, 1.737236499786377, 1.7370024919509888, 1.735143780708313, 1.734929084777832, 1.7339855432510376, 1.7349884510040283, 1.7354384660720825, 1.733361840248108, 1.7319995164871216, 1.732104778289795, 1.7317724227905273, 1.7325539588928223, 1.7349780797958374, 1.7382042407989502, 1.7361711263656616, 1.7373450994491577, 1.7347338199615479, 1.7377370595932007, 1.737135410308838, 1.7394845485687256, 1.7403730154037476, 1.7407817840576172, 1.7404693365097046, 1.7413159608840942, 1.7406084537506104, 1.7388591766357422, 1.740424633026123, 1.7395659685134888, 1.7403467893600464, 1.7408398389816284, 1.7409610748291016, 1.7404801845550537, 1.7410160303115845, 1.7421826124191284, 1.7414649724960327, 1.7407137155532837, 1.7407318353652954, 1.742735743522644, 1.7396299839019775],