{"loss": [4.380438327789307, 3.410086154937744, 2.56498646736145, 1.965410828590393, 1.614107370376587, 1.4153982400894165, 1.2938884496688843, 1.215399146080017, 1.1599375009536743, 1.1174986362457275, 1.082945466041565, 1.0503323078155518, 1.0219626426696777, 0.996782124042511, 0.9725866317749023, 0.9505977630615234, 0.9276435971260071, 0.9055661559104919, 0.8856677412986755, 0.8657613396644592, 0.8462198376655579, 0.8280075788497925, 0.8081513047218323, 0.7885977625846863, 0.7695690989494324, 0.7524381279945374, 0.7364657521247864, 0.7244977355003357, 0.7092370390892029, 0.6982597708702087, 0.6868229508399963, 0.6768289804458618, 0.6674140095710754, 0.6583436131477356, 0.6498968601226807, 0.6419520974159241, 0.6361610889434814, 0.6287496089935303, 0.6230161786079407, 0.6171238422393799, 0.6129029989242554, 0.6077005863189697, 0.6032848358154297, 0.598510205745697, 0.5927176475524902, 0.5894553065299988, 0.5840115547180176, 0.579126238822937, 0.5753734111785889, 0.5719976425170898, 0.5662100315093994, 0.5632643103599548, 0.5608749985694885, 0.5569143295288086, 0.552937924861908, 0.5497438311576843, 0.5473594069480896, 0.5441896319389343, 0.5414074063301086, 0.5389568209648132, 0.5370591878890991, 0.5342304110527039, 0.5321679711341858, 0.52981036901474, 0.5263600945472717, 0.5242611169815063, 0.5217396020889282, 0.5186772346496582, 0.519720196723938, 0.5141543745994568, 0.5124313235282898, 0.5097470879554749, 0.5067476630210876, 0.5058584213256836, 0.5034257769584656, 0.5003258585929871, 0.4991130530834198, 0.4964304566383362, 0.49394920468330383, 0.4912225902080536, 0.4896702766418457, 0.486729234457016, 0.48378461599349976, 0.48178836703300476, 0.4811423420906067, 0.4783995747566223, 0.4761841893196106, 0.4741201102733612, 0.47283709049224854, 0.47050291299819946, 0.465264230966568, 0.4629684388637543, 0.4696155786514282, 0.46138519048690796, 0.46005979180336, 0.4569148123264313, 0.455723375082016, 0.4556916058063507, 0.45305415987968445, 0.45226845145225525], "accuracy": [0.26345667243003845, 0.39213624596595764, 0.43145501613616943, 0.4608915150165558, 0.5044154524803162, 0.5468881130218506, 0.5645500421524048, 0.5731707215309143, 0.5813708901405334, 0.5887300372123718, 0.6013456583023071, 0.6103869080543518, 0.621110200881958, 0.63582843542099, 0.6417157053947449, 0.653700590133667, 0.6587468385696411, 0.6732548475265503, 0.6789318919181824, 0.6904962062835693, 0.7035323977470398, 0.7127838730812073, 0.7270815968513489, 0.7338099479675293, 0.7390664219856262, 0.7474768757820129, 0.7466358542442322, 0.753784716129303, 0.7529436349868774, 0.7584104537963867, 0.761564314365387, 0.7640874981880188, 0.7682926654815674, 0.7674516439437866, 0.77165687084198, 0.7712363600730896, 0.7754415273666382, 0.7781749367713928, 0.7804877758026123, 0.7794365286827087, 0.7813288569450378, 0.7838519811630249, 0.7815390825271606, 0.7840622663497925, 0.788898229598999, 0.7891085147857666, 0.7912111282348633, 0.792052149772644, 0.7931034564971924, 0.7941547632217407, 0.7966778874397278, 0.7973086833953857, 0.7973086833953857, 0.8015138506889343, 0.8023549318313599, 0.8048780560493469, 0.803616464138031, 0.8052985668182373, 0.8063498735427856, 0.8086627125740051, 0.8069806694984436, 0.810555100440979, 0.8090832829475403, 0.8107653260231018, 0.8103448152542114, 0.8130782246589661, 0.8151808381080627, 0.8141295313835144, 0.8158116340637207, 0.8149705529212952, 0.8158116340637207, 0.8174936771392822, 0.821488618850708, 0.8212783932685852, 0.8210681080818176, 0.8223296999931335, 0.8227502107620239, 0.8223296999931335, 0.8233810067176819, 0.825273334980011, 0.8271656632423401, 0.8263246417045593, 0.8303195834159851, 0.8311606645584106, 0.8301093578338623, 0.8313708901405334, 0.831581175327301, 0.8334735035896301, 0.8355761170387268, 0.8406223654747009, 0.8391505479812622, 0.8402018547058105, 0.8366274237632751, 0.8397813439369202, 0.8412531614303589, 0.8408326506614685, 0.8423044681549072, 0.8416736721992493, 0.8423044681549072, 0.8448275923728943], "val_loss": [3.9205868244171143, 3.048912286758423, 2.361537218093872, 1.9199167490005493, 1.66225266456604, 1.5242855548858643, 1.4450995922088623, 1.3961595296859741, 1.3638910055160522, 1.3378725051879883, 1.3157274723052979, 1.292034387588501, 1.2771921157836914, 1.2668782472610474, 1.2625553607940674, 1.2573537826538086, 1.2567070722579956, 1.2553133964538574, 1.2563706636428833, 1.2511554956436157, 1.2545799016952515, 1.2551223039627075, 1.2540236711502075, 1.2550573348999023, 1.2537764310836792, 1.2533360719680786, 1.2562552690505981, 1.2607413530349731, 1.2654281854629517, 1.270956039428711, 1.2771872282028198, 1.279796838760376, 1.291812777519226, 1.3162513971328735, 1.3232873678207397, 1.3343011140823364, 1.349349021911621, 1.3599574565887451, 1.3696365356445312, 1.3750189542770386, 1.3836289644241333, 1.393480658531189, 1.4071260690689087, 1.4140565395355225, 1.4262267351150513, 1.4385182857513428, 1.4576207399368286, 1.4652986526489258, 1.475891351699829, 1.4916777610778809, 1.5024694204330444, 1.507562279701233, 1.518066644668579, 1.526055932044983, 1.5366417169570923, 1.5435025691986084, 1.5533785820007324, 1.5613977909088135, 1.5662717819213867, 1.571498990058899, 1.5749684572219849, 1.5731160640716553, 1.5948854684829712, 1.6036239862442017, 1.5988237857818604, 1.6071908473968506, 1.6223746538162231, 1.6207627058029175, 1.630440354347229, 1.6563526391983032, 1.6412949562072754, 1.6584078073501587, 1.671247959136963, 1.6606813669204712, 1.6823208332061768, 1.6947276592254639, 1.7013545036315918, 1.684204339981079, 1.694749355316162, 1.698225498199463, 1.7017587423324585, 1.7079514265060425, 1.6904282569885254, 1.6987614631652832, 1.7115639448165894, 1.7235974073410034, 1.7431855201721191, 1.7404072284698486, 1.7471643686294556, 1.7495214939117432, 1.7674999237060547, 1.7704695463180542, 1.7513337135314941, 1.7760789394378662, 1.771945595741272, 1.7909060716629028, 1.7686383724212646, 1.780381441116333, 1.7937748432159424, 1.7803186178207397],