{"loss": [3.317841053009033, 2.8290176391601562, 2.3019111156463623, 1.8862404823303223, 1.5997533798217773, 1.407873272895813, 1.2734079360961914, 1.1749114990234375, 1.1011275053024292, 1.0446057319641113, 0.9958552122116089, 0.9580225348472595, 0.9256287217140198, 0.895873486995697, 0.8709642291069031, 0.847385585308075, 0.8263666033744812, 0.805094301700592, 0.7864391207695007, 0.7683733701705933, 0.7518627643585205, 0.7358887195587158, 0.72254478931427, 0.7100785374641418, 0.6982541680335999, 0.6875052452087402, 0.6773159503936768, 0.6666161417961121, 0.6571536660194397, 0.6481615304946899, 0.6406523585319519, 0.6325651407241821, 0.6245441436767578, 0.61711186170578, 0.6108680963516235, 0.6049684882164001, 0.598373532295227, 0.5927989482879639, 0.587035596370697, 0.5819035768508911, 0.5762986540794373, 0.5712454319000244, 0.5662959218025208, 0.5615523457527161, 0.5571979880332947, 0.5522549748420715, 0.5476629137992859, 0.5432308912277222, 0.5396201610565186, 0.5348966717720032, 0.5308648347854614, 0.5261833071708679, 0.5217874646186829, 0.5177317261695862, 0.5132750868797302, 0.5100944638252258, 0.5058414340019226, 0.5023202300071716, 0.4980641305446625, 0.4939810633659363, 0.48945674300193787, 0.4861924648284912, 0.4831504821777344, 0.47957876324653625, 0.47597119212150574, 0.4730914533138275, 0.4696190655231476, 0.46580639481544495, 0.4618089199066162, 0.45862311124801636, 0.4543115198612213, 0.4522780478000641, 0.44854357838630676, 0.44609329104423523, 0.44321224093437195, 0.43988728523254395, 0.4373161494731903, 0.4343709945678711, 0.43168893456459045, 0.4286579191684723, 0.42627882957458496, 0.4234500825405121, 0.4209614396095276, 0.417876273393631, 0.4153650999069214, 0.4114302098751068, 0.40944811701774597, 0.4066997170448303, 0.40506651997566223, 0.4025122821331024, 0.39988088607788086, 0.3984462320804596, 0.3957304358482361, 0.3938382863998413, 0.391287624835968, 0.3887846767902374, 0.38587889075279236, 0.3850208520889282, 0.38361626863479614, 0.38127630949020386], "accuracy": [0.22416333854198456, 0.402862548828125, 0.44074931740760803, 0.4956851303577423, 0.5529361963272095, 0.5920858979225159, 0.6186066269874573, 0.6335508227348328, 0.6480740904808044, 0.6567038297653198, 0.6668069958686829, 0.6764891743659973, 0.6828036308288574, 0.688486635684967, 0.6939591765403748, 0.6996421813964844, 0.7036413550376892, 0.7084824442863464, 0.7116396427154541, 0.7177436351776123, 0.7223742604255676, 0.7236371040344238, 0.7291096448898315, 0.7326878309249878, 0.7385813593864441, 0.7432119846343994, 0.7451062798500061, 0.7516312599182129, 0.7552094459533691, 0.7577351927757263, 0.7619448304176331, 0.7665754556655884, 0.7651020884513855, 0.7712060809135437, 0.7741528153419495, 0.7712060809135437, 0.7770995497703552, 0.7794148325920105, 0.7810987234115601, 0.7842559218406677, 0.7848873734474182, 0.7884655594825745, 0.7895179986953735, 0.7907809019088745, 0.7954114675521851, 0.7960429191589355, 0.7989897131919861, 0.8002525568008423, 0.8008840084075928, 0.8034098148345947, 0.8074089884757996, 0.8065670132637024, 0.80804044008255, 0.8109871745109558, 0.8137234449386597, 0.8128814697265625, 0.815828263759613, 0.817091166973114, 0.8187749981880188, 0.8208798170089722, 0.8227741718292236, 0.8244580030441284, 0.826141893863678, 0.8276152610778809, 0.8278257250785828, 0.8297200798988342, 0.8318248987197876, 0.8349820971488953, 0.8356135487556458, 0.8370869159698486, 0.8387708067893982, 0.8410860896110535, 0.8436118960380554, 0.8427699208259583, 0.8436118960380554, 0.8471900820732117, 0.8459271788597107, 0.8444538116455078, 0.8471900820732117, 0.8461376428604126, 0.8471900820732117, 0.8463481664657593, 0.8537150025367737, 0.850557804107666, 0.8511891961097717, 0.8532940149307251, 0.8568722605705261, 0.8537150025367737, 0.8568722605705261, 0.8549779057502747, 0.857082724571228, 0.8577141761779785, 0.8604504466056824, 0.857082724571228, 0.8608713746070862, 0.8633971810340881, 0.8621342778205872, 0.864870548248291, 0.8633971810340881, 0.8659229874610901], "val_loss": [3.130939245223999, 2.6693825721740723, 2.273756265640259, 2.0128893852233887, 1.8629720211029053, 1.7621145248413086, 1.694153904914856, 1.6482954025268555, 1.6143808364868164, 1.593903660774231, 1.5801855325698853, 1.5684536695480347, 1.5542552471160889, 1.5434571504592896, 1.5350356101989746, 1.5288450717926025, 1.5165445804595947, 1.5020586252212524, 1.507400631904602, 1.5049957036972046, 1.4871392250061035, 1.4873803853988647, 1.485004186630249, 1.4853366613388062, 1.4767036437988281, 1.476183533668518, 1.4632039070129395, 1.4712361097335815, 1.4726413488388062, 1.467761754989624, 1.465408205986023, 1.4710832834243774, 1.4793883562088013, 1.4804401397705078, 1.4690568447113037, 1.4770704507827759, 1.479000210762024, 1.471253752708435, 1.4749891757965088, 1.4881540536880493, 1.4820092916488647, 1.4814088344573975, 1.488937497138977, 1.5128285884857178, 1.4923183917999268, 1.4967231750488281, 1.5037511587142944, 1.5091986656188965, 1.4973732233047485, 1.5143064260482788, 1.5219981670379639, 1.5282055139541626, 1.5319911241531372, 1.522884726524353, 1.5402995347976685, 1.5433861017227173, 1.5633071660995483, 1.5611443519592285, 1.5884181261062622, 1.6117563247680664, 1.5998468399047852, 1.618791937828064, 1.6104297637939453, 1.613999366760254, 1.6247458457946777, 1.6159465312957764, 1.616502285003662, 1.6058982610702515, 1.620015025138855, 1.6282916069030762, 1.6606673002243042, 1.6435654163360596, 1.6333446502685547, 1.6459487676620483, 1.6427874565124512, 1.6522774696350098, 1.6851005554199219, 1.6561592817306519, 1.6595474481582642, 1.6461929082870483, 1.6667193174362183, 1.6862318515777588, 1.6739566326141357, 1.674851894378662, 1.6885955333709717, 1.6658254861831665, 1.6700135469436646, 1.676513671875, 1.688519835472107, 1.6781178712844849, 1.6714444160461426, 1.698893427848816, 1.6910353899002075, 1.7013932466506958, 1.7088929414749146, 1.7153136730194092, 1.7221041917800903, 1.705709457397461, 1.7288684844970703, 1.7193766832351685],