{"loss": [4.043267726898193, 3.705986261367798, 3.360860586166382, 3.0091254711151123, 2.6813793182373047, 2.411292314529419, 2.1985538005828857, 2.030682325363159, 1.899267315864563, 1.7948015928268433, 1.711423635482788, 1.6435742378234863, 1.588524341583252, 1.542447805404663, 1.5041378736495972, 1.471487283706665, 1.4428517818450928, 1.417460560798645, 1.393921971321106, 1.3715240955352783, 1.3506271839141846, 1.3308515548706055, 1.3122228384017944, 1.2939456701278687, 1.2756620645523071, 1.2580580711364746, 1.2404650449752808, 1.2232528924942017, 1.2075622081756592, 1.1925559043884277, 1.1778558492660522, 1.1642893552780151, 1.1516231298446655, 1.1399928331375122, 1.1288408041000366, 1.117702603340149, 1.1068081855773926, 1.0969059467315674, 1.0881409645080566, 1.080234169960022, 1.0722155570983887, 1.065047264099121, 1.0582295656204224, 1.050765872001648, 1.0444729328155518, 1.0385830402374268, 1.0323683023452759, 1.0266650915145874, 1.0213217735290527, 1.016089677810669, 1.0112924575805664, 1.0064867734909058, 1.0019603967666626, 0.997566819190979, 0.9927853941917419, 0.9882699847221375, 0.9839679598808289, 0.9798162579536438, 0.9753676056861877, 0.9710779786109924, 0.9669865369796753, 0.9628270268440247, 0.959030270576477, 0.9554333090782166, 0.9514396786689758, 0.9486134648323059, 0.944685697555542, 0.9412675499916077, 0.9382969737052917, 0.9350021481513977, 0.9319475889205933, 0.9288222789764404, 0.9259129166603088, 0.9225894808769226, 0.9199603199958801, 0.9168806076049805, 0.9142285585403442, 0.9112367033958435, 0.9088055491447449, 0.9060757160186768, 0.9033522009849548, 0.9009672999382019, 0.8984490036964417, 0.895811140537262, 0.8942046165466309, 0.8916950225830078, 0.889556348323822, 0.8874182105064392, 0.8847875595092773, 0.8832663297653198, 0.8810179829597473, 0.8790121078491211, 0.8772477507591248, 0.8753417730331421, 0.8735362887382507, 0.8717259764671326, 0.8701847791671753, 0.868427038192749, 0.8664252758026123, 0.8649568557739258], "accuracy": [0.23206043243408203, 0.314309686422348, 0.363827109336853, 0.4015946388244629, 0.41460344195365906, 0.4389425218105316, 0.4624423086643219, 0.4907679259777069, 0.5142677426338196, 0.528325617313385, 0.5404951572418213, 0.5486781597137451, 0.5507763028144836, 0.5604280233383179, 0.5610575079917908, 0.5686109662055969, 0.5694502592086792, 0.5740662813186646, 0.5782626867294312, 0.5797314047813416, 0.5791019797325134, 0.584557294845581, 0.5851867198944092, 0.5839278101921082, 0.5908518433570862, 0.5908518433570862, 0.5923206210136414, 0.5960973501205444, 0.5975660681724548, 0.5971464514732361, 0.6023919582366943, 0.6049097776412964, 0.6049097776412964, 0.607847273349762, 0.6086865067481995, 0.6101552844047546, 0.6114141941070557, 0.617289125919342, 0.6151909232139587, 0.6177087426185608, 0.6149811148643494, 0.6185480356216431, 0.6198069453239441, 0.621695339679718, 0.6223248243331909, 0.6233739256858826, 0.6271506547927856, 0.6256819367408752, 0.6269408464431763, 0.631766676902771, 0.6307175755500793, 0.6336550712585449, 0.6355434060096741, 0.6344943642616272, 0.6363826990127563, 0.6395300030708313, 0.6380612850189209, 0.6397398114204407, 0.6420478224754333, 0.6420478224754333, 0.6460344195365906, 0.6466638445854187, 0.6472933292388916, 0.6464540362358093, 0.6498111486434937, 0.6489718556404114, 0.6512799263000488, 0.6514897346496582, 0.6569450497627258, 0.6567351818084717, 0.6594628691673279, 0.6582039594650269, 0.6594628691673279, 0.6611413955688477, 0.6638690829277039, 0.663239598274231, 0.6657574772834778, 0.6649181842803955, 0.6676458120346069, 0.6672261953353882, 0.6676458120346069, 0.668904721736908, 0.6710029244422913, 0.6707931160926819, 0.6749895215034485, 0.6735207438468933, 0.6731011271476746, 0.6749895215034485, 0.6770877242088318, 0.6731011271476746, 0.6766680479049683, 0.6800251603126526, 0.6796055436134338, 0.6798153519630432, 0.6827528476715088, 0.6835920810699463, 0.6823331713676453, 0.6808644533157349, 0.6846411824226379, 0.6831724643707275], "val_loss": [3.9091150760650635, 3.6079699993133545, 3.3017983436584473, 2.9968173503875732, 2.7347664833068848, 2.526925802230835, 2.3660473823547363, 2.2454123497009277, 2.153571844100952, 2.081014633178711, 2.02364182472229, 1.977238655090332, 1.9389941692352295, 1.9081286191940308, 1.8811922073364258, 1.8560746908187866, 1.8346561193466187, 1.815553069114685, 1.79914128780365, 1.782840371131897, 1.7667864561080933, 1.751929759979248, 1.734883427619934, 1.7194632291793823, 1.7089555263519287, 1.695650339126587, 1.6844748258590698, 1.671833872795105, 1.6603953838348389, 1.6477673053741455, 1.6370619535446167, 1.6301493644714355, 1.6185448169708252, 1.6115802526474, 1.6040276288986206, 1.5959149599075317, 1.5874167680740356, 1.5836215019226074, 1.5737980604171753, 1.569726586341858, 1.5630145072937012, 1.5587466955184937, 1.5508874654769897, 1.5487840175628662, 1.542973279953003, 1.5359060764312744, 1.5334272384643555, 1.5293092727661133, 1.525525689125061, 1.5259647369384766, 1.52251398563385, 1.5202981233596802, 1.5186206102371216, 1.5131640434265137, 1.5121071338653564, 1.5110746622085571, 1.5079069137573242, 1.5047155618667603, 1.5012859106063843, 1.4980075359344482, 1.50340735912323, 1.4999488592147827, 1.5014697313308716, 1.49611234664917, 1.4949886798858643, 1.4939807653427124, 1.498089075088501, 1.4900442361831665, 1.4985671043395996, 1.4960702657699585, 1.4978162050247192, 1.4997164011001587, 1.503230094909668, 1.501209020614624, 1.5072098970413208, 1.5058987140655518, 1.508339762687683, 1.5077346563339233, 1.5109901428222656, 1.508123517036438, 1.5077452659606934, 1.5052452087402344, 1.5092467069625854, 1.5038262605667114, 1.5088841915130615, 1.505619764328003, 1.510971188545227, 1.5072659254074097, 1.5168462991714478, 1.5093927383422852, 1.509630799293518, 1.507834553718567, 1.509385108947754, 1.5065397024154663, 1.5076806545257568, 1.5143053531646729, 1.513675332069397, 1.5155003070831299, 1.5121009349822998, 1.5147714614868164],