{"loss": [5.327812671661377, 4.65769100189209, 4.060304164886475, 3.5186686515808105, 3.0302889347076416, 2.6114683151245117, 2.2772676944732666, 2.0298776626586914, 1.854068398475647, 1.731711983680725, 1.6475698947906494, 1.5896518230438232, 1.5468872785568237, 1.5154317617416382, 1.4905259609222412, 1.4695017337799072, 1.4509518146514893, 1.4315073490142822, 1.416452407836914, 1.4024890661239624, 1.3899799585342407, 1.3793741464614868, 1.370589256286621, 1.3619366884231567, 1.3544659614562988, 1.347852110862732, 1.3413708209991455, 1.3350995779037476, 1.3297713994979858, 1.3239985704421997, 1.3167132139205933, 1.3104782104492188, 1.3058308362960815, 1.3013453483581543, 1.297277569770813, 1.2940970659255981, 1.2900559902191162, 1.2866991758346558, 1.281537413597107, 1.2774698734283447, 1.274041771888733, 1.2717936038970947, 1.2689918279647827, 1.2660082578659058, 1.2635948657989502, 1.2606691122055054, 1.2576308250427246, 1.2560615539550781, 1.2540785074234009, 1.251488447189331, 1.2489073276519775, 1.2461166381835938, 1.2435606718063354, 1.2410624027252197, 1.239703893661499, 1.2367233037948608, 1.2348352670669556, 1.232792615890503, 1.2305655479431152, 1.2285070419311523, 1.2263752222061157, 1.22487211227417, 1.223090410232544, 1.2209656238555908, 1.219096302986145, 1.216792106628418, 1.2145253419876099, 1.2135807275772095, 1.2115857601165771, 1.2094120979309082, 1.207459568977356, 1.2062221765518188, 1.203768014907837, 1.2022945880889893, 1.2001104354858398, 1.1985983848571777, 1.1963845491409302, 1.194898247718811, 1.1923424005508423, 1.1908749341964722, 1.189212441444397, 1.1860737800598145, 1.1852905750274658, 1.1839536428451538, 1.1810855865478516, 1.1802647113800049, 1.1769939661026, 1.1754945516586304, 1.172721266746521, 1.1714812517166138, 1.1692653894424438, 1.1671502590179443, 1.1649898290634155, 1.1628010272979736, 1.1606842279434204, 1.158884048461914, 1.1568483114242554, 1.1544166803359985, 1.1519540548324585, 1.1505317687988281], "accuracy": [0.16317114233970642, 0.22021812200546265, 0.27348992228507996, 0.3057885766029358, 0.3561241626739502, 0.38548657298088074, 0.425335556268692, 0.4586828947067261, 0.4712667763233185, 0.42386746406555176, 0.4158976376056671, 0.41736575961112976, 0.419043630361557, 0.4215604066848755, 0.42093122005462646, 0.424706369638443, 0.4223993420600891, 0.4282718002796173, 0.4276426136493683, 0.43036913871765137, 0.43582215905189514, 0.436870813369751, 0.4408557116985321, 0.4507130980491638, 0.45742449164390564, 0.46119967103004456, 0.46728187799453735, 0.48007550835609436, 0.4802852272987366, 0.480914443731308, 0.49203020334243774, 0.4974832236766815, 0.4991610646247864, 0.5010486841201782, 0.5065016746520996, 0.5067114233970642, 0.5073406100273132, 0.5092281699180603, 0.5100671052932739, 0.5134228467941284, 0.5123741626739502, 0.5130033493041992, 0.5117449760437012, 0.5171979665756226, 0.5171979665756226, 0.5213926434516907, 0.5270553827285767, 0.5234899520874023, 0.5224412679672241, 0.5251677632331848, 0.5247483253479004, 0.5283137559890747, 0.5327181220054626, 0.5373322367668152, 0.5308305621147156, 0.5367029905319214, 0.5377516746520996, 0.536283552646637, 0.5364933013916016, 0.5398489832878113, 0.5427852272987366, 0.5388003587722778, 0.5421560406684875, 0.5429949760437012, 0.5467701554298401, 0.5446728467941284, 0.5463506579399109, 0.5450922846794128, 0.5471895933151245, 0.5528523325920105, 0.5515939593315125, 0.5509647727012634, 0.5507550239562988, 0.555578887462616, 0.5559983253479004, 0.5524328947067261, 0.561870813369751, 0.5564177632331848, 0.5566275119781494, 0.5583053827285767, 0.5572566986083984, 0.5597735047340393, 0.5578858852386475, 0.5580956339836121, 0.561241626739502, 0.5616610646247864, 0.5608221292495728, 0.5627097487449646, 0.5629194378852844, 0.5627097487449646, 0.5666946172714233, 0.5673238039016724, 0.5664849281311035, 0.5683724880218506, 0.5706795454025269, 0.5706795454025269, 0.5725671052932739, 0.5698406100273132, 0.5698406100273132, 0.5736157894134521], "val_loss": [5.0222578048706055, 4.446286678314209, 3.9141485691070557, 3.4354825019836426, 3.0125904083251953, 2.6654164791107178, 2.397235155105591, 2.204451560974121, 2.066624879837036, 1.9718478918075562, 1.9060314893722534, 1.8594614267349243, 1.8199598789215088, 1.789736032485962, 1.7657655477523804, 1.745826005935669, 1.7288464307785034, 1.713451862335205, 1.698620319366455, 1.6905460357666016, 1.682350993156433, 1.675085186958313, 1.6714084148406982, 1.6665709018707275, 1.6631808280944824, 1.6610251665115356, 1.6607544422149658, 1.6610296964645386, 1.6601667404174805, 1.6603970527648926, 1.6603974103927612, 1.6599563360214233, 1.66013765335083, 1.66155207157135, 1.6615928411483765, 1.6646924018859863, 1.6675288677215576, 1.6637672185897827, 1.6676146984100342, 1.6717880964279175, 1.6771252155303955, 1.681121587753296, 1.6843913793563843, 1.6847054958343506, 1.6898754835128784, 1.6964168548583984, 1.6985431909561157, 1.700046420097351, 1.7056065797805786, 1.709573745727539, 1.7097290754318237, 1.7141294479370117, 1.7154127359390259, 1.7164311408996582, 1.7171622514724731, 1.721427083015442, 1.7213205099105835, 1.7278238534927368, 1.7310549020767212, 1.7301796674728394, 1.7317676544189453, 1.7350974082946777, 1.7449474334716797, 1.7401854991912842, 1.7439749240875244, 1.748076319694519, 1.748042106628418, 1.7475391626358032, 1.7498555183410645, 1.7489811182022095, 1.7521241903305054, 1.7573308944702148, 1.7562024593353271, 1.760016918182373, 1.7604947090148926, 1.7628190517425537, 1.761103868484497, 1.770676612854004, 1.7738202810287476, 1.7763930559158325, 1.778822422027588, 1.7879871129989624, 1.7805283069610596, 1.7906495332717896, 1.792966365814209, 1.7995191812515259, 1.7914139032363892, 1.796190619468689, 1.799802303314209, 1.799390196800232, 1.8051228523254395, 1.8104184865951538, 1.8145610094070435, 1.814561128616333, 1.8175448179244995, 1.8191938400268555, 1.82022225856781, 1.8162962198257446, 1.8173621892929077, 1.825994610786438],