{"loss": [5.162954807281494, 4.244508743286133, 3.413363218307495, 2.7427258491516113, 2.2732608318328857, 1.9707225561141968, 1.778763771057129, 1.6553468704223633, 1.5728652477264404, 1.5149672031402588, 1.4720135927200317, 1.4412354230880737, 1.4164938926696777, 1.3965578079223633, 1.3802762031555176, 1.365432620048523, 1.3523807525634766, 1.3412916660308838, 1.3303372859954834, 1.3202564716339111, 1.3114502429962158, 1.3026412725448608, 1.2950737476348877, 1.2868748903274536, 1.2805125713348389, 1.2728056907653809, 1.2661093473434448, 1.259700894355774, 1.254357933998108, 1.2488422393798828, 1.2425377368927002, 1.2380770444869995, 1.2309200763702393, 1.2250556945800781, 1.2193597555160522, 1.214074969291687, 1.20742928981781, 1.202473521232605, 1.1975276470184326, 1.1932495832443237, 1.1881352663040161, 1.1845654249191284, 1.1793044805526733, 1.1753274202346802, 1.1739763021469116, 1.1675573587417603, 1.164216160774231, 1.1599127054214478, 1.156638741493225, 1.1533232927322388, 1.1495187282562256, 1.147125244140625, 1.143349051475525, 1.1405308246612549, 1.1379368305206299, 1.1351168155670166, 1.1315633058547974, 1.1292877197265625, 1.1268298625946045, 1.1244938373565674, 1.1215962171554565, 1.119351863861084, 1.1169912815093994, 1.1151024103164673, 1.1124707460403442, 1.1104460954666138, 1.1081517934799194, 1.1065572500228882, 1.1061339378356934, 1.1031140089035034, 1.1008895635604858, 1.098668098449707, 1.0979361534118652, 1.0950405597686768, 1.0933514833450317, 1.0922937393188477, 1.0896714925765991, 1.0881167650222778, 1.0862921476364136, 1.0852712392807007, 1.0840355157852173, 1.0828828811645508, 1.0805734395980835, 1.0792800188064575, 1.078214168548584, 1.076249599456787, 1.074141502380371, 1.0726277828216553, 1.0708105564117432, 1.0693247318267822, 1.0677378177642822, 1.0661406517028809, 1.0655359029769897, 1.0646048784255981, 1.062518835067749, 1.0613195896148682, 1.0607212781906128, 1.059199571609497, 1.058132290840149, 1.0579203367233276], "accuracy": [0.2178197056055069, 0.27463310956954956, 0.33396226167678833, 0.3884696066379547, 0.43878406286239624, 0.4679245352745056, 0.4591194987297058, 0.4228511452674866, 0.4205450713634491, 0.4220125675201416, 0.42327043414115906, 0.42557650804519653, 0.42620545625686646, 0.42662474513053894, 0.42914044857025146, 0.4289308190345764, 0.43060797452926636, 0.4322851300239563, 0.4322851300239563, 0.43689727783203125, 0.4385744333267212, 0.43941301107406616, 0.4404612183570862, 0.4463312327861786, 0.44863730669021606, 0.449266254901886, 0.45450735092163086, 0.4540880620479584, 0.4576520025730133, 0.4731656312942505, 0.47002094984054565, 0.4779874086380005, 0.4859538674354553, 0.49685534834861755, 0.4941299855709076, 0.504612147808075, 0.5161425471305847, 0.5186582803726196, 0.5236897468566895, 0.5201258063316345, 0.5295597314834595, 0.5297694206237793, 0.5333333611488342, 0.5324947834014893, 0.5358490347862244, 0.5417190790176392, 0.5402515530586243, 0.5471698045730591, 0.5446540713310242, 0.548008382320404, 0.5532494783401489, 0.5482180118560791, 0.5532494783401489, 0.5555555820465088, 0.5538784265518188, 0.5576519966125488, 0.5593291521072388, 0.5679244995117188, 0.5597484111785889, 0.5635220408439636, 0.5626834630966187, 0.5658280849456787, 0.5683438181877136, 0.5666666626930237, 0.5643605589866638, 0.5731655955314636, 0.5685534477233887, 0.5687630772590637, 0.5750524401664734, 0.5740041732788086, 0.5746331214904785, 0.5740041732788086, 0.5735849142074585, 0.5800838470458984, 0.5784066915512085, 0.5792452692985535, 0.5779874324798584, 0.5786163806915283, 0.5819706320762634, 0.5838574171066284, 0.5836477875709534, 0.5836477875709534, 0.5817610025405884, 0.5809224247932434, 0.5811320543289185, 0.5867924690246582, 0.5893082022666931, 0.5828092098236084, 0.5882599353790283, 0.5838574171066284, 0.5857442617416382, 0.5886792540550232, 0.5907756686210632, 0.5870020985603333, 0.5882599353790283, 0.5880503058433533, 0.5899370908737183, 0.5888888835906982, 0.5907756686210632, 0.5888888835906982], "val_loss": [4.757294178009033, 3.9475693702697754, 3.254159450531006, 2.73661732673645, 2.3901894092559814, 2.1646199226379395, 2.018463373184204, 1.922783613204956, 1.8544731140136719, 1.8027069568634033, 1.7636826038360596, 1.7341234683990479, 1.7107921838760376, 1.6889795064926147, 1.673149585723877, 1.6619023084640503, 1.651290774345398, 1.6406375169754028, 1.634149193763733, 1.6303668022155762, 1.6225166320800781, 1.6204590797424316, 1.616159200668335, 1.6108447313308716, 1.6074947118759155, 1.605364203453064, 1.6036036014556885, 1.602068305015564, 1.5978206396102905, 1.5940728187561035, 1.5951215028762817, 1.5969394445419312, 1.595267415046692, 1.5910338163375854, 1.5914978981018066, 1.593950629234314, 1.5938142538070679, 1.5961320400238037, 1.5984643697738647, 1.5980782508850098, 1.5983041524887085, 1.5979207754135132, 1.5961053371429443, 1.5921317338943481, 1.5951766967773438, 1.5926345586776733, 1.5930942296981812, 1.592241644859314, 1.5927408933639526, 1.5952439308166504, 1.5927762985229492, 1.5918797254562378, 1.5930968523025513, 1.5931836366653442, 1.5920910835266113, 1.5936682224273682, 1.5945663452148438, 1.592014193534851, 1.593664288520813, 1.5905811786651611, 1.596928358078003, 1.5972517728805542, 1.5943683385849, 1.594251036643982, 1.593021035194397, 1.5932929515838623, 1.5940803289413452, 1.593464732170105, 1.5948681831359863, 1.590809941291809, 1.5911709070205688, 1.5965021848678589, 1.6025904417037964, 1.595381736755371, 1.5979070663452148, 1.5962607860565186, 1.5976593494415283, 1.6004939079284668, 1.6009719371795654, 1.5974677801132202, 1.600101113319397, 1.6005001068115234, 1.6017433404922485, 1.600202202796936, 1.601335883140564, 1.600501537322998, 1.6032253503799438, 1.5987247228622437, 1.5970810651779175, 1.599125623703003, 1.5973901748657227, 1.5981714725494385, 1.5980823040008545, 1.6006193161010742, 1.5996477603912354, 1.6044358015060425, 1.602193832397461, 1.6073808670043945, 1.6051082611083984, 1.6063687801361084],