{"loss": [2.5347988605499268, 2.046572685241699, 1.7357245683670044, 1.5517244338989258, 1.446052074432373, 1.3791224956512451, 1.334029197692871, 1.3006988763809204, 1.2723348140716553, 1.2479299306869507, 1.2253944873809814, 1.2062104940414429, 1.1887123584747314, 1.1726030111312866, 1.1582869291305542, 1.1451715230941772, 1.1335662603378296, 1.1225225925445557, 1.111746072769165, 1.1025691032409668, 1.0929332971572876, 1.0837963819503784, 1.075661301612854, 1.068055510520935, 1.0607035160064697, 1.0541054010391235, 1.0466017723083496, 1.0403598546981812, 1.0341204404830933, 1.0279399156570435, 1.0224634408950806, 1.0166558027267456, 1.0112026929855347, 1.0060789585113525, 0.9998080730438232, 0.9951140284538269, 0.9906631708145142, 0.9854833483695984, 0.9809848666191101, 0.9759950637817383, 0.9717743992805481, 0.9670936465263367, 0.9630573391914368, 0.9588300585746765, 0.9544396996498108, 0.950060248374939, 0.9464677572250366, 0.9426224231719971, 0.9383217096328735, 0.93463134765625, 0.9316107034683228, 0.927865743637085, 0.9241093397140503, 0.9208388328552246, 0.9174542427062988, 0.9145686030387878, 0.9107421040534973, 0.9080296754837036, 0.9047815799713135, 0.9014254808425903, 0.8984536528587341, 0.8950189352035522, 0.8924962878227234, 0.8894670605659485, 0.8862540125846863, 0.8835895657539368, 0.881065309047699, 0.8784389495849609, 0.8756349086761475, 0.8740329742431641, 0.8711909055709839, 0.8684946298599243, 0.8661836981773376, 0.8637872338294983, 0.8616769313812256, 0.8592697381973267, 0.8577151894569397, 0.8552859425544739, 0.852753758430481, 0.850853681564331, 0.8494511842727661, 0.8473919630050659, 0.8456172347068787, 0.8445731997489929, 0.841110110282898, 0.8388897180557251, 0.8376940488815308, 0.8353118300437927, 0.8331702947616577, 0.8315682411193848, 0.8311587572097778, 0.8280074596405029, 0.8268290758132935, 0.8245111107826233, 0.823196530342102, 0.820476770401001, 0.8191820979118347, 0.8176273703575134, 0.8157973289489746, 0.8143932223320007], "accuracy": [0.2697147727012634, 0.4066694676876068, 0.46078020334243774, 0.43624159693717957, 0.4192533493041992, 0.4284815490245819, 0.43603187799453735, 0.4433724880218506, 0.4526006579399109, 0.47105705738067627, 0.48888424038887024, 0.5159395933151245, 0.5234899520874023, 0.53125, 0.5411073565483093, 0.5480285286903381, 0.5543204545974731, 0.5604026913642883, 0.563129186630249, 0.5708892345428467, 0.5757130980491638, 0.5788590312004089, 0.5834731459617615, 0.5849412679672241, 0.5876677632331848, 0.5910235047340393, 0.5954278707504272, 0.5960570573806763, 0.5998322367668152, 0.6036073565483093, 0.6036073565483093, 0.6082214713096619, 0.6080117225646973, 0.6098993420600891, 0.6124160885810852, 0.6115771532058716, 0.6174496412277222, 0.6174496412277222, 0.6182885766029358, 0.6208053827285767, 0.6254194378852844, 0.6260486841201782, 0.625629186630249, 0.6298238039016724, 0.6331795454025269, 0.6335989832878113, 0.6333892345428467, 0.6342281699180603, 0.6377936005592346, 0.6380033493041992, 0.6396812200546265, 0.6405201554298401, 0.6405201554298401, 0.6426174640655518, 0.6415687799453735, 0.6440855860710144, 0.6436660885810852, 0.6451342105865479, 0.6466023325920105, 0.6440855860710144, 0.6480704545974731, 0.6478607654571533, 0.649328887462616, 0.649328887462616, 0.650587260723114, 0.6539429426193237, 0.6516358852386475, 0.6518456339836121, 0.6564597487449646, 0.6564597487449646, 0.6541526913642883, 0.657508373260498, 0.6587668061256409, 0.661283552646637, 0.6604446172714233, 0.663171112537384, 0.663171112537384, 0.6617029905319214, 0.6667366027832031, 0.6650587320327759, 0.6646392345428467, 0.6688339114189148, 0.6652684807777405, 0.6673657894134521, 0.6707214713096619, 0.6709312200546265, 0.6700922846794128, 0.6715604066848755, 0.6736577153205872, 0.6757550239562988, 0.6763842105865479, 0.676174521446228, 0.6742869019508362, 0.6797399520874023, 0.6774328947067261, 0.6801593899726868, 0.6774328947067261, 0.6820470094680786, 0.6839345693588257, 0.6809983253479004], "val_loss": [2.300553321838379, 1.9470396041870117, 1.7303476333618164, 1.6056160926818848, 1.5321416854858398, 1.4822081327438354, 1.454638123512268, 1.4299821853637695, 1.413861870765686, 1.3967071771621704, 1.3889055252075195, 1.3781176805496216, 1.3733758926391602, 1.3678227663040161, 1.363081455230713, 1.3611724376678467, 1.3643661737442017, 1.3621165752410889, 1.3656363487243652, 1.367438793182373, 1.3687760829925537, 1.3697537183761597, 1.3716007471084595, 1.372511386871338, 1.3736811876296997, 1.3745663166046143, 1.3724435567855835, 1.3746415376663208, 1.3729348182678223, 1.3716990947723389, 1.3731136322021484, 1.376328468322754, 1.3804693222045898, 1.3826664686203003, 1.3844470977783203, 1.381675362586975, 1.3880470991134644, 1.38936185836792, 1.3910150527954102, 1.3876230716705322, 1.3910484313964844, 1.3990081548690796, 1.399053692817688, 1.4029549360275269, 1.4051064252853394, 1.4108436107635498, 1.4123778343200684, 1.4138792753219604, 1.4194211959838867, 1.4226219654083252, 1.4249038696289062, 1.430864691734314, 1.422385334968567, 1.4336200952529907, 1.4403692483901978, 1.4386699199676514, 1.4411216974258423, 1.4377801418304443, 1.4495309591293335, 1.452837586402893, 1.4601856470108032, 1.4582520723342896, 1.4632326364517212, 1.4626760482788086, 1.4653667211532593, 1.4698865413665771, 1.47749662399292, 1.4757304191589355, 1.4839884042739868, 1.4866125583648682, 1.486594319343567, 1.4901223182678223, 1.490890383720398, 1.4977269172668457, 1.4971965551376343, 1.5048625469207764, 1.5042999982833862, 1.5033646821975708, 1.5098981857299805, 1.5070478916168213, 1.5069150924682617, 1.5173646211624146, 1.5169962644577026, 1.519078016281128, 1.5362021923065186, 1.5303207635879517, 1.5245583057403564, 1.536360502243042, 1.5303356647491455, 1.5256736278533936, 1.5399045944213867, 1.54605233669281, 1.532573938369751, 1.546438455581665, 1.5422292947769165, 1.5602720975875854, 1.5372048616409302, 1.5466755628585815, 1.5432560443878174, 1.5538902282714844],