{"loss": [2.5341391563415527, 2.0154647827148438, 1.6720129251480103, 1.4704009294509888, 1.3511772155761719, 1.2673795223236084, 1.2048052549362183, 1.1575192213058472, 1.1158795356750488, 1.0790373086929321, 1.0488640069961548, 1.021355152130127, 0.9972331523895264, 0.9736108183860779, 0.9532153606414795, 0.9329205751419067, 0.9142879843711853, 0.8969658017158508, 0.8793534636497498, 0.862921416759491, 0.8475068211555481, 0.83054119348526, 0.8150539398193359, 0.7988815903663635, 0.7833738327026367, 0.7680914998054504, 0.752223014831543, 0.7377852201461792, 0.7220962643623352, 0.7077125310897827, 0.6930162906646729, 0.6780562996864319, 0.6652482748031616, 0.6534966826438904, 0.6426841616630554, 0.6323891282081604, 0.6243741512298584, 0.6166995763778687, 0.6096420884132385, 0.6035211086273193, 0.5986868739128113, 0.5940750241279602, 0.5891807079315186, 0.5855253338813782, 0.5803802609443665, 0.5778007507324219, 0.5738675594329834, 0.5707560181617737, 0.5671882629394531, 0.5626355409622192, 0.5600341558456421, 0.5573376417160034, 0.5541258454322815, 0.5510241389274597, 0.5476744174957275, 0.5471544861793518, 0.5427935123443604, 0.5397016406059265, 0.5372166633605957, 0.535915732383728, 0.5313220024108887, 0.5292956233024597, 0.5272517800331116, 0.5256370306015015, 0.5228790640830994, 0.5194918513298035, 0.5184631943702698, 0.5159235000610352, 0.5150102972984314, 0.5122123956680298, 0.5101734399795532, 0.507072925567627, 0.5031675696372986, 0.5013493299484253, 0.4992689788341522, 0.49724289774894714, 0.4952563941478729, 0.49454811215400696, 0.4915856719017029, 0.4915340840816498, 0.48942750692367554, 0.48856404423713684, 0.48524272441864014, 0.4834534525871277, 0.4825701117515564, 0.4810445010662079, 0.47988057136535645, 0.4770587980747223, 0.47498491406440735, 0.475443959236145, 0.47315463423728943, 0.470054030418396, 0.46914002299308777, 0.466688871383667, 0.4654017984867096, 0.46286171674728394, 0.4626217782497406, 0.4616990387439728, 0.4594499170780182, 0.45879101753234863], "accuracy": [0.25841042399406433, 0.4335575997829437, 0.4838099181652069, 0.5027334094047546, 0.4960050582885742, 0.5294365286827087, 0.5496215224266052, 0.5656013488769531, 0.5813708901405334, 0.5979815125465393, 0.611017644405365, 0.6240538358688354, 0.6324642300605774, 0.6455004215240479, 0.6515979766845703, 0.6564339995384216, 0.6642135977745056, 0.671572744846344, 0.6761984825134277, 0.6827165484428406, 0.6921783089637756, 0.6917577981948853, 0.7003784775733948, 0.7037426233291626, 0.7106812596321106, 0.7178301215171814, 0.7218250632286072, 0.7331791520118713, 0.7363330721855164, 0.7445332407951355, 0.753784716129303, 0.761564314365387, 0.7649285197257996, 0.7693439722061157, 0.7760723233222961, 0.7771236300468445, 0.7809083461761475, 0.782590389251709, 0.7861648201942444, 0.7880572080612183, 0.7893187403678894, 0.7891085147857666, 0.792682945728302, 0.7956265807151794, 0.7956265807151794, 0.7977291941642761, 0.7979394197463989, 0.7992010116577148, 0.8006728291511536, 0.8021446466445923, 0.8031959533691406, 0.8059293627738953, 0.8050882816314697, 0.8076114654541016, 0.8097140192985535, 0.8084524869918823, 0.8113961219787598, 0.8130782246589661, 0.8128679394721985, 0.8134987354278564, 0.8139192461967468, 0.8158116340637207, 0.8164423704147339, 0.8141295313835144, 0.8139192461967468, 0.8164423704147339, 0.8166526556015015, 0.8183347582817078, 0.8187552690505981, 0.8187552690505981, 0.8202270865440369, 0.8225399255752563, 0.8227502107620239, 0.8244323134422302, 0.8229604959487915, 0.825904130935669, 0.8271656632423401, 0.8271656632423401, 0.8275862336158752, 0.828427255153656, 0.8282169699668884, 0.8298990726470947, 0.831581175327301, 0.8307400941848755, 0.8328427076339722, 0.8330529928207397, 0.8311606645584106, 0.8338940143585205, 0.8332632184028625, 0.834735095500946, 0.8343145251274109, 0.8357864022254944, 0.8345248103141785, 0.8376787304878235, 0.8391505479812622, 0.8353658318519592, 0.8376787304878235, 0.8378889560699463, 0.8372582197189331, 0.8397813439369202], "val_loss": [2.2602744102478027, 1.8836705684661865, 1.66085684299469, 1.5341172218322754, 1.4601833820343018, 1.412570595741272, 1.3829320669174194, 1.3634485006332397, 1.356982946395874, 1.350698709487915, 1.3479669094085693, 1.3501039743423462, 1.3499349355697632, 1.3649623394012451, 1.3732210397720337, 1.3841841220855713, 1.3954378366470337, 1.4053643941879272, 1.4139001369476318, 1.4191783666610718, 1.4271422624588013, 1.4286372661590576, 1.4312210083007812, 1.4219682216644287, 1.4262269735336304, 1.4168615341186523, 1.413248062133789, 1.4171348810195923, 1.4203170537948608, 1.4193404912948608, 1.4224416017532349, 1.422780990600586, 1.4296141862869263, 1.4244215488433838, 1.431157112121582, 1.427220344543457, 1.430439829826355, 1.4328927993774414, 1.4320180416107178, 1.4392173290252686, 1.4410518407821655, 1.4540656805038452, 1.4596174955368042, 1.458245873451233, 1.4675711393356323, 1.4818155765533447, 1.4723877906799316, 1.4844995737075806, 1.4858431816101074, 1.5022417306900024, 1.517483115196228, 1.5081093311309814, 1.523628830909729, 1.5249871015548706, 1.5309745073318481, 1.5453195571899414, 1.5576006174087524, 1.5657273530960083, 1.571438193321228, 1.56282639503479, 1.569578766822815, 1.574826955795288, 1.5793755054473877, 1.585058569908142, 1.5866773128509521, 1.590667963027954, 1.5949159860610962, 1.601947546005249, 1.6162059307098389, 1.6247272491455078, 1.6234382390975952, 1.6162759065628052, 1.6433885097503662, 1.6484744548797607, 1.6433817148208618, 1.6551824808120728, 1.6577885150909424, 1.66421639919281, 1.674715280532837, 1.6809900999069214, 1.6958717107772827, 1.6758373975753784, 1.6612627506256104, 1.6882988214492798, 1.6929634809494019, 1.6961908340454102, 1.6983386278152466, 1.6895239353179932, 1.7074649333953857, 1.701134204864502, 1.6987478733062744, 1.727524995803833, 1.7340012788772583, 1.7455778121948242, 1.7495824098587036, 1.75690758228302, 1.7572070360183716, 1.7764616012573242, 1.7535468339920044, 1.7675789594650269],