{"loss": [4.688203811645508, 4.035336494445801, 3.4716193675994873, 2.974494457244873, 2.5489156246185303, 2.2057902812957764, 1.9566532373428345, 1.7895467281341553, 1.6748815774917603, 1.5958170890808105, 1.541632890701294, 1.5054906606674194, 1.4774705171585083, 1.453996181488037, 1.4344381093978882, 1.4184141159057617, 1.4031727313995361, 1.38957941532135, 1.376990556716919, 1.3650727272033691, 1.355403184890747, 1.3442623615264893, 1.3356103897094727, 1.3269144296646118, 1.3199702501296997, 1.3133074045181274, 1.3075215816497803, 1.3022236824035645, 1.2954483032226562, 1.2910282611846924, 1.2857633829116821, 1.2808387279510498, 1.2775294780731201, 1.2737725973129272, 1.2703181505203247, 1.2667286396026611, 1.2629432678222656, 1.2597215175628662, 1.2556252479553223, 1.2507734298706055, 1.2464228868484497, 1.240665078163147, 1.2353458404541016, 1.2288475036621094, 1.2218466997146606, 1.2125390768051147, 1.1993659734725952, 1.179442286491394, 1.1543928384780884, 1.1369552612304688, 1.1221330165863037, 1.1079891920089722, 1.0947015285491943, 1.0914371013641357, 1.0869501829147339, 1.08111572265625, 1.0786941051483154, 1.0683376789093018, 1.0621429681777954, 1.056485652923584, 1.0494186878204346, 1.0458494424819946, 1.0459480285644531, 1.0392094850540161, 1.0370148420333862, 1.0365506410598755, 1.0287044048309326, 1.0289967060089111, 1.0243349075317383, 1.018815279006958, 1.0238844156265259, 1.021113634109497, 1.0148500204086304, 1.0123050212860107, 1.0116177797317505, 1.0129072666168213, 1.0095300674438477, 1.0115834474563599, 1.0063658952713013, 1.0060570240020752, 1.0015532970428467, 0.9974501729011536, 0.9982447028160095, 0.996161699295044, 0.9940422773361206, 0.9928464889526367, 0.9907347559928894, 0.9895820617675781, 0.9853019118309021, 0.983274519443512, 0.9901898503303528, 0.9855234026908875, 0.9804308414459229, 0.9781566262245178, 0.9814313054084778, 0.98003751039505, 0.97786545753479, 0.9742729663848877, 0.9719812273979187, 0.968549370765686], "accuracy": [0.22584718465805054, 0.3033045530319214, 0.323721319437027, 0.35150495171546936, 0.3830772340297699, 0.4239107668399811, 0.45295727252960205, 0.45295727252960205, 0.4171753227710724, 0.4157019555568695, 0.41443905234336853, 0.4159124493598938, 0.4173858165740967, 0.4182277321815491, 0.42054304480552673, 0.4218059480190277, 0.4308566749095917, 0.44011786580085754, 0.4506419599056244, 0.45948222279548645, 0.47295305132865906, 0.4822142720222473, 0.4817933142185211, 0.4847400486469269, 0.48684486746788025, 0.49315932393074036, 0.49147549271583557, 0.49189645051956177, 0.49442222714424133, 0.49421173334121704, 0.496737539768219, 0.4963165521621704, 0.4969480037689209, 0.4982109069824219, 0.4977899491786957, 0.5034729242324829, 0.5059987306594849, 0.5064197182655334, 0.5104188323020935, 0.5139970779418945, 0.5129446387290955, 0.5167333483695984, 0.519890546798706, 0.5219953656196594, 0.5255735516548157, 0.5329404473304749, 0.5474637150764465, 0.5661965608596802, 0.5733529925346375, 0.587034285068512, 0.5918753743171692, 0.598400354385376, 0.6021890044212341, 0.6034519076347351, 0.6030309200286865, 0.6053462624549866, 0.6070300936698914, 0.6129236221313477, 0.6190275549888611, 0.6190275549888611, 0.6234477162361145, 0.6179751753807068, 0.6207114458084106, 0.6245000958442688, 0.6236581802368164, 0.628078281879425, 0.6236581802368164, 0.6272363662719727, 0.6329193711280823, 0.629341185092926, 0.6284992694854736, 0.6284992694854736, 0.6297621726989746, 0.6324984431266785, 0.6360766291618347, 0.6352347135543823, 0.6341822743415833, 0.6346032619476318, 0.6426015496253967, 0.6343927383422852, 0.6417596340179443, 0.6442854404449463, 0.647442638874054, 0.647232174873352, 0.6447063684463501, 0.6428120136260986, 0.6468111872673035, 0.6455482840538025, 0.6503893733024597, 0.6512313485145569, 0.6482845544815063, 0.6487055420875549, 0.6531256437301636, 0.655019998550415, 0.6541780829429626, 0.6535466313362122, 0.6567038297653198, 0.6567038297653198, 0.6564933657646179, 0.6609134674072266], "val_loss": [4.425248146057129, 3.8624885082244873, 3.375912666320801, 2.957070827484131, 2.599538803100586, 2.3206496238708496, 2.123011589050293, 1.98652982711792, 1.8955496549606323, 1.8356999158859253, 1.7934858798980713, 1.7662047147750854, 1.7444202899932861, 1.7277419567108154, 1.715708613395691, 1.7029870748519897, 1.693753719329834, 1.685100793838501, 1.6788123846054077, 1.6740378141403198, 1.6721036434173584, 1.6676256656646729, 1.6663910150527954, 1.6638193130493164, 1.6631056070327759, 1.663231611251831, 1.664432406425476, 1.6636961698532104, 1.6636533737182617, 1.6638010740280151, 1.6618592739105225, 1.6617445945739746, 1.6630134582519531, 1.6658023595809937, 1.6694871187210083, 1.6629654169082642, 1.6617815494537354, 1.6670317649841309, 1.6651877164840698, 1.6646603345870972, 1.664080262184143, 1.6643339395523071, 1.6577478647232056, 1.6597468852996826, 1.6666823625564575, 1.662619948387146, 1.664365530014038, 1.6710580587387085, 1.674688458442688, 1.6909875869750977, 1.6882063150405884, 1.6894590854644775, 1.6896748542785645, 1.6930265426635742, 1.7053155899047852, 1.704955816268921, 1.7098321914672852, 1.7326009273529053, 1.7303639650344849, 1.7169781923294067, 1.7357213497161865, 1.7383449077606201, 1.7360886335372925, 1.7436033487319946, 1.7528587579727173, 1.7616779804229736, 1.765570878982544, 1.7743206024169922, 1.7857314348220825, 1.783057689666748, 1.7841606140136719, 1.7825794219970703, 1.7872910499572754, 1.7928961515426636, 1.7868372201919556, 1.7968956232070923, 1.7991814613342285, 1.7923208475112915, 1.7975465059280396, 1.803175687789917, 1.813836693763733, 1.8050615787506104, 1.8030078411102295, 1.8065009117126465, 1.8012934923171997, 1.8001221418380737, 1.8099803924560547, 1.807080626487732, 1.7928447723388672, 1.8024742603302002, 1.8133246898651123, 1.8048313856124878, 1.813764214515686, 1.8149187564849854, 1.8049581050872803, 1.8006095886230469, 1.8184081315994263, 1.7973772287368774, 1.8065738677978516, 1.8130078315734863],