{"loss": [4.056019306182861, 3.4593474864959717, 2.964930772781372, 2.5622732639312744, 2.2424633502960205, 2.00394606590271, 1.835089921951294, 1.71738600730896, 1.6362388134002686, 1.5772318840026855, 1.5365015268325806, 1.5066304206848145, 1.483138084411621, 1.463812232017517, 1.4480313062667847, 1.4334908723831177, 1.4192017316818237, 1.4055871963500977, 1.39369797706604, 1.381770133972168, 1.3700520992279053, 1.357365369796753, 1.3444103002548218, 1.3317465782165527, 1.3230259418487549, 1.3157061338424683, 1.3084208965301514, 1.3028837442398071, 1.2970014810562134, 1.2919955253601074, 1.2869722843170166, 1.2827067375183105, 1.2780325412750244, 1.2738656997680664, 1.2698893547058105, 1.2663623094558716, 1.2621824741363525, 1.2577658891677856, 1.2531932592391968, 1.2489038705825806, 1.2444472312927246, 1.2384166717529297, 1.2329658269882202, 1.2247743606567383, 1.216654896736145, 1.2069110870361328, 1.1963305473327637, 1.1874792575836182, 1.1784594058990479, 1.1720104217529297, 1.1659836769104004, 1.1606640815734863, 1.1564301252365112, 1.150776743888855, 1.1459283828735352, 1.138364315032959, 1.1361647844314575, 1.129684567451477, 1.1245425939559937, 1.1184862852096558, 1.1157947778701782, 1.1100424528121948, 1.1082907915115356, 1.101881742477417, 1.0980333089828491, 1.0965192317962646, 1.093065619468689, 1.0902737379074097, 1.0863193273544312, 1.0839418172836304, 1.078726887702942, 1.084452509880066, 1.080090880393982, 1.076841950416565, 1.0735986232757568, 1.0696200132369995, 1.0672062635421753, 1.0659079551696777, 1.0634052753448486, 1.0618515014648438, 1.0590465068817139, 1.058297872543335, 1.054439902305603, 1.04989492893219, 1.0503689050674438, 1.0500984191894531, 1.0494540929794312, 1.0436937808990479, 1.0425435304641724, 1.0427441596984863, 1.0359899997711182, 1.039939045906067, 1.039017915725708, 1.0332496166229248, 1.0330619812011719, 1.0305298566818237, 1.02927565574646, 1.026551365852356, 1.0216015577316284, 1.022523045539856], "accuracy": [0.21592102944850922, 0.3232514262199402, 0.3608485758304596, 0.385633260011673, 0.4310019016265869, 0.4555765688419342, 0.43562278151512146, 0.40621718764305115, 0.41020792722702026, 0.4087376594543457, 0.4087376594543457, 0.41230833530426025, 0.4146187901496887, 0.4167191684246063, 0.4167191684246063, 0.4190296232700348, 0.4221802055835724, 0.42638102173805237, 0.4324721693992615, 0.4467548727989197, 0.46040746569633484, 0.47027936577796936, 0.47553035616874695, 0.478890985250473, 0.4839319586753845, 0.4914933741092682, 0.48477211594581604, 0.4904431700706482, 0.48855283856391907, 0.48981305956840515, 0.49191346764564514, 0.4982146620750427, 0.4963243007659912, 0.5034656524658203, 0.4933837354183197, 0.5005251169204712, 0.4992648661136627, 0.5022054314613342, 0.5093467831611633, 0.5103969573974609, 0.5118672251701355, 0.5135475993156433, 0.5150178670883179, 0.5219491720199585, 0.5286704301834106, 0.5383322834968567, 0.5492543578147888, 0.5536652207374573, 0.5532451272010803, 0.5570258498191833, 0.5620667934417725, 0.56731778383255, 0.5664776563644409, 0.5696282386779785, 0.5725687742233276, 0.577399730682373, 0.5742490887641907, 0.5790800452232361, 0.5879017114639282, 0.5874816179275513, 0.5906322002410889, 0.5906322002410889, 0.5925225615501404, 0.5988237857818604, 0.5981936454772949, 0.6011342406272888, 0.6042848229408264, 0.6028145551681519, 0.6070153117179871, 0.6131064891815186, 0.6124763488769531, 0.6124763488769531, 0.6164671182632446, 0.6143667101860046, 0.6208779811859131, 0.6200377941131592, 0.6233984231948853, 0.6225582957267761, 0.6257088780403137, 0.6271791458129883, 0.6278092861175537, 0.6286494731903076, 0.6318000555038452, 0.6326401829719543, 0.6324301362037659, 0.6366309523582458, 0.6336904168128967, 0.6368409991264343, 0.6383112668991089, 0.6408317685127258, 0.6412518620491028, 0.6391514539718628, 0.641671895980835, 0.6441923975944519, 0.643772304058075, 0.6456626653671265, 0.6467128992080688, 0.6477630734443665, 0.6488132476806641, 0.6481831669807434], "val_loss": [3.8094561100006104, 3.306215763092041, 2.88920259475708, 2.552401304244995, 2.291184186935425, 2.1015007495880127, 1.967424750328064, 1.8787888288497925, 1.8165607452392578, 1.7710659503936768, 1.740115761756897, 1.717768669128418, 1.6981227397918701, 1.6826170682907104, 1.6693860292434692, 1.6553823947906494, 1.647344708442688, 1.6396011114120483, 1.6322073936462402, 1.6259568929672241, 1.6239771842956543, 1.6205028295516968, 1.6206244230270386, 1.6217679977416992, 1.6211254596710205, 1.6210931539535522, 1.6205273866653442, 1.6201587915420532, 1.6245152950286865, 1.6201545000076294, 1.61953866481781, 1.6201757192611694, 1.6234214305877686, 1.6260861158370972, 1.6227737665176392, 1.6231584548950195, 1.6278926134109497, 1.6289104223251343, 1.6245285272598267, 1.6317100524902344, 1.6355394124984741, 1.6382007598876953, 1.6414577960968018, 1.6458317041397095, 1.6438788175582886, 1.6475187540054321, 1.6537115573883057, 1.6533230543136597, 1.6495777368545532, 1.6588853597640991, 1.661279320716858, 1.6708424091339111, 1.6608541011810303, 1.671543836593628, 1.672792673110962, 1.6773897409439087, 1.6704093217849731, 1.687328577041626, 1.6838458776474, 1.6857637166976929, 1.6888865232467651, 1.693688154220581, 1.702311396598816, 1.6960350275039673, 1.6997168064117432, 1.70769202709198, 1.7101894617080688, 1.7160791158676147, 1.7262334823608398, 1.730955719947815, 1.7361552715301514, 1.744217872619629, 1.7540854215621948, 1.7495982646942139, 1.7629448175430298, 1.7670234441757202, 1.7712197303771973, 1.7882977724075317, 1.7949364185333252, 1.7984554767608643, 1.8027758598327637, 1.8082983493804932, 1.81694495677948, 1.8293732404708862, 1.8270413875579834, 1.844286561012268, 1.8589903116226196, 1.8544092178344727, 1.8562347888946533, 1.8612803220748901, 1.86869215965271, 1.8790645599365234, 1.8949588537216187, 1.8897451162338257, 1.8990976810455322, 1.9085643291473389, 1.9045625925064087, 1.9086540937423706, 1.9242593050003052, 1.9168843030929565],