{"loss": [2.751547336578369, 2.3802380561828613, 2.1151044368743896, 1.9218302965164185, 1.7839232683181763, 1.6859866380691528, 1.6174920797348022, 1.5666483640670776, 1.5288035869598389, 1.4983940124511719, 1.4755198955535889, 1.4551314115524292, 1.438089370727539, 1.423630714416504, 1.4103672504425049, 1.3961631059646606, 1.3834863901138306, 1.3725394010543823, 1.3636369705200195, 1.3552837371826172, 1.347186803817749, 1.339660406112671, 1.3304029703140259, 1.323313593864441, 1.3170127868652344, 1.311870813369751, 1.3068783283233643, 1.3019435405731201, 1.2975720167160034, 1.2942683696746826, 1.2898422479629517, 1.2862892150878906, 1.2836308479309082, 1.2800447940826416, 1.2773829698562622, 1.274541974067688, 1.2719444036483765, 1.2691770792007446, 1.2662074565887451, 1.2642948627471924, 1.2622400522232056, 1.260215163230896, 1.2574214935302734, 1.255608320236206, 1.253248691558838, 1.2518121004104614, 1.2502723932266235, 1.2480589151382446, 1.2473416328430176, 1.245524287223816, 1.2432975769042969, 1.2418572902679443, 1.23985755443573, 1.2382699251174927, 1.2367517948150635, 1.23548424243927, 1.2345173358917236, 1.2322885990142822, 1.2306455373764038, 1.229119896888733, 1.2279351949691772, 1.2262699604034424, 1.2245492935180664, 1.2230467796325684, 1.221541404724121, 1.2204639911651611, 1.2183047533035278, 1.217455267906189, 1.2152596712112427, 1.213426113128662, 1.2131576538085938, 1.2109450101852417, 1.2097598314285278, 1.208119511604309, 1.2068440914154053, 1.2044813632965088, 1.2032769918441772, 1.2018307447433472, 1.1997207403182983, 1.1991125345230103, 1.1969032287597656, 1.1958234310150146, 1.1943292617797852, 1.1935303211212158, 1.1910847425460815, 1.189239501953125, 1.1880820989608765, 1.1865814924240112, 1.1852227449417114, 1.1838632822036743, 1.1829332113265991, 1.1804286241531372, 1.1805874109268188, 1.1786415576934814, 1.1764166355133057, 1.1745525598526, 1.1734169721603394, 1.1718381643295288, 1.1712646484375, 1.1705387830734253], "accuracy": [0.21644295752048492, 0.3445889353752136, 0.41988253593444824, 0.3930369019508362, 0.40457215905189514, 0.41128355264663696, 0.4131711423397064, 0.41694632172584534, 0.41736575961112976, 0.41757550835609436, 0.418414443731308, 0.418414443731308, 0.4194630980491638, 0.42093122005462646, 0.42407718300819397, 0.424706369638443, 0.43015938997268677, 0.4312080442905426, 0.4366610646247864, 0.4429530203342438, 0.44840604066848755, 0.45511746406555176, 0.4620385766029358, 0.47063758969306946, 0.4756711423397064, 0.47986575961112976, 0.4874161183834076, 0.4884647727012634, 0.4905620813369751, 0.49223992228507996, 0.499370813369751, 0.4945469796657562, 0.5002097487449646, 0.5031459927558899, 0.5010486841201782, 0.5081795454025269, 0.5085989832878113, 0.5081795454025269, 0.5104866027832031, 0.5136325359344482, 0.5138422846794128, 0.5163590312004089, 0.5169882774353027, 0.5157298445701599, 0.5159395933151245, 0.5224412679672241, 0.5192952752113342, 0.5260066986083984, 0.5222315192222595, 0.5251677632331848, 0.5226510167121887, 0.5285235047340393, 0.5281040072441101, 0.5297818779945374, 0.5314597487449646, 0.5272650718688965, 0.5281040072441101, 0.5329278707504272, 0.5314597487449646, 0.5354446172714233, 0.5339764952659607, 0.538171112537384, 0.532508373260498, 0.537541925907135, 0.537541925907135, 0.5379614233970642, 0.5394295454025269, 0.5423657894134521, 0.5408976674079895, 0.5385906100273132, 0.5440436005592346, 0.5453020334243774, 0.5436241626739502, 0.5465604066848755, 0.5459312200546265, 0.5494966506958008, 0.5434144139289856, 0.5482382774353027, 0.5492869019508362, 0.5492869019508362, 0.5551593899726868, 0.5543204545974731, 0.5520133972167969, 0.5528523325920105, 0.5524328947067261, 0.5549496412277222, 0.556208074092865, 0.5539010167121887, 0.556837260723114, 0.5591443181037903, 0.5559983253479004, 0.5578858852386475, 0.5633389353752136, 0.5620805621147156, 0.5620805621147156, 0.5643875598907471, 0.5658556818962097, 0.5643875598907471, 0.5692114233970642, 0.5690016746520996], "val_loss": [2.6434969902038574, 2.3493974208831787, 2.1477034091949463, 2.0033183097839355, 1.9062341451644897, 1.836992621421814, 1.7854214906692505, 1.747377634048462, 1.7199945449829102, 1.6979533433914185, 1.6826099157333374, 1.6683483123779297, 1.656246304512024, 1.6441384553909302, 1.635784387588501, 1.628969669342041, 1.6270267963409424, 1.624647617340088, 1.6234291791915894, 1.6201636791229248, 1.6199407577514648, 1.6208934783935547, 1.6235171556472778, 1.6247729063034058, 1.6252068281173706, 1.6311284303665161, 1.629546880722046, 1.6324365139007568, 1.635180115699768, 1.639285922050476, 1.638735294342041, 1.639590859413147, 1.6402801275253296, 1.6443150043487549, 1.6485363245010376, 1.6500087976455688, 1.6527198553085327, 1.6537590026855469, 1.656144618988037, 1.6583117246627808, 1.6592347621917725, 1.662958025932312, 1.6638915538787842, 1.667114496231079, 1.6655021905899048, 1.6706613302230835, 1.667454719543457, 1.674360752105713, 1.6730023622512817, 1.6746243238449097, 1.6768454313278198, 1.6760971546173096, 1.674126386642456, 1.6784037351608276, 1.682757019996643, 1.6835925579071045, 1.687380075454712, 1.6903430223464966, 1.6919445991516113, 1.6929304599761963, 1.6993281841278076, 1.695122480392456, 1.6975791454315186, 1.701422929763794, 1.707620620727539, 1.7117749452590942, 1.7106342315673828, 1.7146227359771729, 1.7139556407928467, 1.7165254354476929, 1.7225427627563477, 1.7212861776351929, 1.7250300645828247, 1.731215476989746, 1.734207034111023, 1.7379285097122192, 1.7365548610687256, 1.738747477531433, 1.7435336112976074, 1.7465509176254272, 1.7481249570846558, 1.7519903182983398, 1.7526288032531738, 1.76069176197052, 1.764002799987793, 1.7643643617630005, 1.7730900049209595, 1.780540108680725, 1.78034245967865, 1.7857028245925903, 1.7882410287857056, 1.7903361320495605, 1.7984167337417603, 1.7980372905731201, 1.8015096187591553, 1.8042062520980835, 1.803037166595459, 1.8170819282531738, 1.8198953866958618, 1.8233916759490967],