{"loss": [4.412431716918945, 3.3963353633880615, 2.516225576400757, 1.9095457792282104, 1.5710185766220093, 1.3878519535064697, 1.2733070850372314, 1.1940890550613403, 1.133043885231018, 1.0823938846588135, 1.0403283834457397, 1.002354383468628, 0.9665535092353821, 0.9322437047958374, 0.8991085290908813, 0.8682650923728943, 0.8390243053436279, 0.8109107613563538, 0.784253716468811, 0.7581565380096436, 0.7316014170646667, 0.7085918188095093, 0.6857327222824097, 0.6661728620529175, 0.6488505601882935, 0.6340054273605347, 0.6203966736793518, 0.6082398891448975, 0.5975867509841919, 0.5867690443992615, 0.5782172083854675, 0.5692100524902344, 0.5596992373466492, 0.5531389713287354, 0.5452057719230652, 0.5392469167709351, 0.5333951115608215, 0.5269966125488281, 0.5238292217254639, 0.5184503793716431, 0.5127987861633301, 0.5088613033294678, 0.5033261775970459, 0.5003311038017273, 0.4973439872264862, 0.4915310740470886, 0.4884296953678131, 0.48528552055358887, 0.48238563537597656, 0.48002004623413086, 0.473934143781662, 0.4695884883403778, 0.4681631624698639, 0.4647103548049927, 0.46033719182014465, 0.45729944109916687, 0.454302579164505, 0.454500287771225, 0.44914743304252625, 0.44766342639923096, 0.4476269781589508, 0.4416666328907013, 0.47052112221717834, 0.4446765184402466, 0.44059228897094727, 0.437419593334198, 0.4350578188896179, 0.43399590253829956, 0.4312804043292999, 0.4327714443206787, 0.4288593530654907, 0.4332294166088104, 0.4263058602809906, 0.42435237765312195, 0.4228520393371582, 0.41984274983406067, 0.4194888472557068, 0.4163413345813751, 0.41393908858299255, 0.4125604033470154, 0.4122924506664276, 0.40955159068107605, 0.40880608558654785, 0.4080753028392792, 0.4078640043735504, 0.40526479482650757, 0.40394607186317444, 0.4025053083896637, 0.4023977816104889, 0.3991967737674713, 0.3983703851699829, 0.4003389775753021, 0.3965277075767517, 0.3946259319782257, 0.39466166496276855, 0.3928208649158478, 0.39320480823516846, 0.39238986372947693, 0.39020204544067383, 0.3893755078315735], "accuracy": [0.22647863626480103, 0.3813934028148651, 0.44580087065696716, 0.48684486746788025, 0.52894127368927, 0.5548305511474609, 0.5731424689292908, 0.5866133570671082, 0.6000841856002808, 0.6122921705245972, 0.6232371926307678, 0.630604088306427, 0.6428120136260986, 0.6514418125152588, 0.6623868942260742, 0.6699641942977905, 0.6834350824356079, 0.6958535313606262, 0.706588089466095, 0.7223742604255676, 0.7373184561729431, 0.7444748282432556, 0.7495264410972595, 0.757945716381073, 0.7604714632034302, 0.7651020884513855, 0.7703641057014465, 0.7787834405899048, 0.7832035422325134, 0.7878341674804688, 0.7865712642669678, 0.7956219911575317, 0.7939381003379822, 0.8006735444068909, 0.8027783632278442, 0.8013049960136414, 0.8048831820487976, 0.80572509765625, 0.806988000869751, 0.8086718320846558, 0.8120395541191101, 0.8120395541191101, 0.8156177401542664, 0.8187749981880188, 0.8173016309738159, 0.8185645341873169, 0.8185645341873169, 0.8227741718292236, 0.8210902810096741, 0.8206693530082703, 0.824878990650177, 0.8280361890792847, 0.8299305438995361, 0.8320353627204895, 0.8330877423286438, 0.8307724595069885, 0.8360345363616943, 0.833929717540741, 0.8389812707901001, 0.8375079035758972, 0.8349820971488953, 0.8402441740036011, 0.8244580030441284, 0.8381393551826477, 0.8396127223968506, 0.841717541217804, 0.8406651020050049, 0.8438223600387573, 0.8448747396469116, 0.841507077217102, 0.8446642756462097, 0.8431909084320068, 0.846979558467865, 0.8459271788597107, 0.8463481664657593, 0.8476110100746155, 0.8471900820732117, 0.8484529852867126, 0.8486634492874146, 0.8486634492874146, 0.8501368165016174, 0.8513997197151184, 0.8528730869293213, 0.8526626229286194, 0.8539254665374756, 0.8524520993232727, 0.8551883697509766, 0.8566617369651794, 0.8547674417495728, 0.8547674417495728, 0.856030285358429, 0.8564512729644775, 0.8572931885719299, 0.8564512729644775, 0.8566617369651794, 0.8566617369651794, 0.8587665557861328, 0.8591875433921814, 0.8600294589996338, 0.8604504466056824], "val_loss": [3.9268767833709717, 3.002061367034912, 2.3002769947052, 1.8919224739074707, 1.6900807619094849, 1.593143343925476, 1.5422203540802002, 1.5046658515930176, 1.4747605323791504, 1.4509743452072144, 1.4386639595031738, 1.4305740594863892, 1.4209792613983154, 1.4198276996612549, 1.4110110998153687, 1.4103291034698486, 1.3980143070220947, 1.3893616199493408, 1.3797118663787842, 1.3778102397918701, 1.3715018033981323, 1.3811829090118408, 1.3861478567123413, 1.3852366209030151, 1.3917299509048462, 1.390169620513916, 1.3946425914764404, 1.3925833702087402, 1.390541672706604, 1.387678623199463, 1.3896892070770264, 1.3854897022247314, 1.388227105140686, 1.3841400146484375, 1.3742133378982544, 1.3763493299484253, 1.379012107849121, 1.3948535919189453, 1.3956918716430664, 1.3953975439071655, 1.4033983945846558, 1.405521035194397, 1.4063934087753296, 1.4208108186721802, 1.428486704826355, 1.435230016708374, 1.4418288469314575, 1.453267216682434, 1.5041087865829468, 1.4810832738876343, 1.469726324081421, 1.4800204038619995, 1.4923577308654785, 1.5297083854675293, 1.5412989854812622, 1.5453323125839233, 1.5737214088439941, 1.547707438468933, 1.5750635862350464, 1.6281942129135132, 1.615424394607544, 1.620943307876587, 1.5435158014297485, 1.6000384092330933, 1.6057237386703491, 1.608186960220337, 1.6388484239578247, 1.626399040222168, 1.6413649320602417, 1.6585376262664795, 1.657480001449585, 1.6449517011642456, 1.6670312881469727, 1.6783630847930908, 1.689741849899292, 1.7086255550384521, 1.708127737045288, 1.7214328050613403, 1.7209078073501587, 1.7314248085021973, 1.7491176128387451, 1.750518560409546, 1.7611510753631592, 1.7708779573440552, 1.7686132192611694, 1.766764760017395, 1.779738426208496, 1.781795620918274, 1.7794139385223389, 1.7877624034881592, 1.8060516119003296, 1.792296290397644, 1.7977374792099, 1.7969744205474854, 1.7851563692092896, 1.785522222518921, 1.7601723670959473, 1.7822210788726807, 1.810824990272522, 1.7784522771835327],