{"loss": [2.6441991329193115, 2.2409114837646484, 1.8571522235870361, 1.5703670978546143, 1.3859862089157104, 1.2657010555267334, 1.1813548803329468, 1.12014639377594, 1.0710190534591675, 1.0290043354034424, 0.9922195076942444, 0.9622153639793396, 0.9348829388618469, 0.9109240770339966, 0.887515664100647, 0.8671677112579346, 0.8477283120155334, 0.8297437429428101, 0.8140242099761963, 0.7991236448287964, 0.7843380570411682, 0.7706922292709351, 0.7547986507415771, 0.7408457398414612, 0.7301843762397766, 0.7182438969612122, 0.7082979679107666, 0.698852002620697, 0.6896090507507324, 0.6810445189476013, 0.6734780073165894, 0.6655648946762085, 0.658480167388916, 0.6516667604446411, 0.6443133354187012, 0.6383641958236694, 0.6316548585891724, 0.6253466010093689, 0.6204229593276978, 0.6139345765113831, 0.6085653901100159, 0.6038810014724731, 0.599402666091919, 0.5940006971359253, 0.5890964865684509, 0.5843043327331543, 0.5808593034744263, 0.576138436794281, 0.5722078680992126, 0.5679326057434082, 0.5643131136894226, 0.5597739815711975, 0.5572413802146912, 0.5536388158798218, 0.5492896437644958, 0.5456554293632507, 0.5428698658943176, 0.5399634838104248, 0.5359205603599548, 0.5333740711212158, 0.5307344794273376, 0.5273066163063049, 0.5247012376785278, 0.5213828086853027, 0.5180453658103943, 0.5158146023750305, 0.5120920538902283, 0.5094800591468811, 0.5072670578956604, 0.5057146549224854, 0.5024933815002441, 0.501390278339386, 0.49732524156570435, 0.49509814381599426, 0.49213263392448425, 0.490058571100235, 0.4870782196521759, 0.4853658378124237, 0.4817214906215668, 0.4796796143054962, 0.4766111671924591, 0.47380903363227844, 0.4724805951118469, 0.47048071026802063, 0.4687836766242981, 0.46597832441329956, 0.4645334780216217, 0.46076256036758423, 0.4593585431575775, 0.4590129256248474, 0.45766305923461914, 0.4538167715072632, 0.452647864818573, 0.4507962167263031, 0.44697386026382446, 0.4477149546146393, 0.446799635887146, 0.44369667768478394, 0.4433389902114868, 0.44331589341163635], "accuracy": [0.31854498386383057, 0.4451219439506531, 0.4978973865509033, 0.5353237986564636, 0.5704373717308044, 0.5843145251274109, 0.6072329878807068, 0.6236333250999451, 0.6379310488700867, 0.6503364443778992, 0.6604289412498474, 0.6673675179481506, 0.6726240515708923, 0.6795626282691956, 0.6877627968788147, 0.6940706372261047, 0.6991168856620789, 0.7035323977470398, 0.7068965435028076, 0.707947850227356, 0.7132043838500977, 0.7167788147926331, 0.7253994941711426, 0.7275021076202393, 0.7310765385627747, 0.7333893775939941, 0.7390664219856262, 0.7424306273460388, 0.7466358542442322, 0.7497897148132324, 0.7502102851867676, 0.7544154524803162, 0.7558873295783997, 0.7577796578407288, 0.7607232928276062, 0.7640874981880188, 0.7657695412635803, 0.768502950668335, 0.7676619291305542, 0.7724978923797607, 0.7758620977401733, 0.7722876071929932, 0.7785954475402832, 0.7817493677139282, 0.7832211852073669, 0.7844827771186829, 0.7849032878875732, 0.7874264121055603, 0.7882674336433411, 0.7918418645858765, 0.7910008430480957, 0.7935239672660828, 0.7933136820793152, 0.7935239672660828, 0.795836865901947, 0.8013036251068115, 0.8008831143379211, 0.8013036251068115, 0.8023549318313599, 0.8048780560493469, 0.8038267493247986, 0.8046677708625793, 0.8057190775871277, 0.8069806694984436, 0.8082422018051147, 0.8095037937164307, 0.8109756112098694, 0.811185896396637, 0.8126577138900757, 0.8128679394721985, 0.8170731663703918, 0.8134987354278564, 0.8179141879081726, 0.8177039623260498, 0.8179141879081726, 0.8206475973129272, 0.8200168013572693, 0.8202270865440369, 0.824642539024353, 0.8233810067176819, 0.8248528242111206, 0.8233810067176819, 0.8275862336158752, 0.8273759484291077, 0.8271656632423401, 0.8282169699668884, 0.8282169699668884, 0.8317914009094238, 0.8309503793716431, 0.8320016860961914, 0.8330529928207397, 0.8355761170387268, 0.8355761170387268, 0.8343145251274109, 0.839991569519043, 0.8378889560699463, 0.8387300372123718, 0.8385197520256042, 0.8391505479812622, 0.8372582197189331], "val_loss": [2.479490280151367, 2.1328046321868896, 1.8691405057907104, 1.7219892740249634, 1.6426417827606201, 1.5896711349487305, 1.553885817527771, 1.533674716949463, 1.5198817253112793, 1.5067262649536133, 1.5049917697906494, 1.4956556558609009, 1.4829959869384766, 1.47299063205719, 1.4667280912399292, 1.463273525238037, 1.4614149332046509, 1.457167387008667, 1.454610824584961, 1.4451247453689575, 1.4429259300231934, 1.4305108785629272, 1.4362447261810303, 1.4266748428344727, 1.4220449924468994, 1.4264048337936401, 1.4256184101104736, 1.4222691059112549, 1.4313609600067139, 1.4300801753997803, 1.4180316925048828, 1.4366768598556519, 1.4328266382217407, 1.4351305961608887, 1.4274022579193115, 1.4373987913131714, 1.43607497215271, 1.4452714920043945, 1.4392579793930054, 1.453324317932129, 1.4541822671890259, 1.4623942375183105, 1.4597291946411133, 1.461970329284668, 1.4714781045913696, 1.462687373161316, 1.475555181503296, 1.4726035594940186, 1.4739912748336792, 1.48297119140625, 1.4803041219711304, 1.4745726585388184, 1.4858371019363403, 1.4801238775253296, 1.4813779592514038, 1.4798771142959595, 1.482023000717163, 1.4869874715805054, 1.4856657981872559, 1.4942015409469604, 1.4854185581207275, 1.4929453134536743, 1.4967013597488403, 1.4968128204345703, 1.4930673837661743, 1.498275876045227, 1.496795892715454, 1.501685380935669, 1.5043327808380127, 1.5120189189910889, 1.5119222402572632, 1.509920358657837, 1.5178104639053345, 1.5224443674087524, 1.5270450115203857, 1.533301830291748, 1.5326848030090332, 1.542341709136963, 1.5409103631973267, 1.5474015474319458, 1.551112174987793, 1.561417818069458, 1.5626845359802246, 1.5634287595748901, 1.5709706544876099, 1.5778439044952393, 1.5909929275512695, 1.5909273624420166, 1.5912203788757324, 1.605560302734375, 1.6082311868667603, 1.6110830307006836, 1.6186175346374512, 1.6216771602630615, 1.620402216911316, 1.6230847835540771, 1.6271742582321167, 1.638142704963684, 1.6515674591064453, 1.6480616331100464], "val_accuracy": [0.3732311427593231, 0.4080188572406769, 0.43691039085388184, 0.45224055647850037, 0.46108490228652954, 0.45518869161605835, 0.45813679695129395, 0.463443398475647, 0.4616745412349701, 0.4604952931404114, 0.4557783007621765, 0.46226415038108826, 0.463443398475647, 0.46816039085388184, 0.4646226465702057, 0.46639150381088257, 0.46403300762176514, 0.463443398475647, 0.46403300762176514, 0.46816039085388184, 0.46875, 0.47346699237823486, 0.463443398475647, 0.4705188572406769, 0.4669811427593231, 0.46933960914611816, 0.46933960914611816, 0.4728773534297943, 0.46933960914611816, 0.4705188572406769, 0.47110849618911743, 0.4699292480945587, 0.4728773534297943, 0.474056601524353, 0.4811320900917053, 0.47228774428367615, 0.47346699237823486, 0.47228774428367615, 0.47228774428367615, 0.4716981053352356, 0.47228774428367615, 0.47228774428367615, 0.4699292480945587, 0.46875, 0.4705188572406769, 0.47228774428367615, 0.46816039085388184, 0.46875, 0.4699292480945587, 0.46639150381088257, 0.4669811427593231, 0.46875, 0.4675707519054413, 0.4658018946647644, 0.4658018946647644, 0.4699292480945587, 0.46816039085388184, 0.4669811427593231, 0.463443398475647, 0.46875, 0.46403300762176514, 0.4669811427593231, 0.4658018946647644, 0.46875, 0.46639150381088257, 0.4716981053352356, 0.4758254587650299, 0.4799528419971466, 0.47523584961891174, 0.4758254587650299, 0.4770047068595886, 0.4787735939025879, 0.4787735939025879, 0.4799528419971466, 0.4787735939025879, 0.4758254587650299, 0.47641509771347046, 0.4840801954269409, 0.4770047068595886, 0.48349055647850037, 0.4799528419971466, 0.4829009473323822, 0.47936320304870605, 0.48349055647850037, 0.48231130838394165, 0.48349055647850037, 0.4817216992378235, 0.48231130838394165, 0.48349055647850037, 0.4840801954269409, 0.4811320900917053, 0.4829009473323822, 0.48231130838394165, 0.4817216992378235, 0.4876179099082947, 0.48525944352149963, 0.4840801954269409, 0.4811320900917053, 0.4870283007621765, 0.4811320900917053],