{"loss": [2.078427314758301, 1.9722846746444702, 1.8826441764831543, 1.8055704832077026, 1.736855149269104, 1.6771528720855713, 1.6260316371917725, 1.5825408697128296, 1.5455456972122192, 1.5132280588150024, 1.4857417345046997, 1.462483286857605, 1.4423147439956665, 1.4243204593658447, 1.4077945947647095, 1.3928108215332031, 1.3790409564971924, 1.3662638664245605, 1.3545849323272705, 1.3434841632843018, 1.3330156803131104, 1.3233603239059448, 1.3143161535263062, 1.3058435916900635, 1.2976070642471313, 1.2901711463928223, 1.2827553749084473, 1.2761428356170654, 1.2698016166687012, 1.2638598680496216, 1.258198857307434, 1.2528762817382812, 1.2478573322296143, 1.2431435585021973, 1.2385525703430176, 1.2343767881393433, 1.2301479578018188, 1.2263485193252563, 1.2227485179901123, 1.2187119722366333, 1.2142913341522217, 1.2101185321807861, 1.2066740989685059, 1.2034201622009277, 1.2003625631332397, 1.1975014209747314, 1.1946032047271729, 1.1920562982559204, 1.1893779039382935, 1.1866865158081055, 1.1841098070144653, 1.1819539070129395, 1.179537057876587, 1.177327036857605, 1.1754225492477417, 1.1732805967330933, 1.1714600324630737, 1.1694639921188354, 1.1676244735717773, 1.165945291519165, 1.1641929149627686, 1.1624584197998047, 1.1608736515045166, 1.1590900421142578, 1.157588243484497, 1.155894160270691, 1.1544407606124878, 1.1528849601745605, 1.1514455080032349, 1.150155782699585, 1.148665428161621, 1.1465421915054321, 1.1438896656036377, 1.1418033838272095, 1.1405527591705322, 1.139263391494751, 1.1379730701446533, 1.1369388103485107, 1.1356494426727295, 1.134398102760315, 1.1331430673599243, 1.1320955753326416, 1.1310315132141113, 1.129913568496704, 1.1286360025405884, 1.1275713443756104, 1.1264528036117554, 1.1252487897872925, 1.1242049932479858, 1.1232192516326904, 1.12241792678833, 1.1214091777801514, 1.1200973987579346, 1.119200587272644, 1.1183319091796875, 1.1173076629638672, 1.1163095235824585, 1.1153634786605835, 1.1144722700119019, 1.113523006439209], "accuracy": [0.273794561624527, 0.4054507315158844, 0.4425576627254486, 0.4415094256401062, 0.4077568054199219, 0.40041929483413696, 0.40188679099082947, 0.40628930926322937, 0.4079664647579193, 0.4121593236923218, 0.41488468647003174, 0.41844862699508667, 0.4215932786464691, 0.4245283007621765, 0.42620545625686646, 0.4270440340042114, 0.42914044857025146, 0.42914044857025146, 0.4293501079082489, 0.43144655227661133, 0.4331236779689789, 0.4348008334636688, 0.4352201223373413, 0.4377358555793762, 0.43983229994773865, 0.44171908497810364, 0.44318658113479614, 0.44570231437683105, 0.44800838828086853, 0.449266254901886, 0.45052412152290344, 0.45492660999298096, 0.4555555582046509, 0.4620545208454132, 0.46226415038108826, 0.4660377502441406, 0.4683438241481781, 0.47148847579956055, 0.473794549703598, 0.4767295718193054, 0.4786163568496704, 0.4834381639957428, 0.48867926001548767, 0.4849056601524353, 0.48909851908683777, 0.4937106966972351, 0.4970649778842926, 0.49916142225265503, 0.5069182515144348, 0.5073375105857849, 0.5094339847564697, 0.5079664587974548, 0.5092242956161499, 0.5146750807762146, 0.5136268138885498, 0.5186582803726196, 0.5165618658065796, 0.5176100730895996, 0.5192872285842896, 0.5211740136146545, 0.5209643840789795, 0.5224318504333496, 0.5232704281806946, 0.5220125913619995, 0.5245283246040344, 0.5255765318870544, 0.5259957909584045, 0.5272536873817444, 0.5268343687057495, 0.5289308428764343, 0.5291404724121094, 0.5280922651290894, 0.5306079387664795, 0.5318658351898193, 0.5316562056541443, 0.5316562056541443, 0.5314465165138245, 0.5316562056541443, 0.5339622497558594, 0.5348008275032043, 0.5350104570388794, 0.5358490347862244, 0.5360587239265442, 0.5364779829978943, 0.5385743975639343, 0.5396226644515991, 0.5402515530586243, 0.5402515530586243, 0.5406708717346191, 0.5423480272293091, 0.5425576567649841, 0.5436058640480042, 0.5452830195426941, 0.5454926490783691, 0.5484277009963989, 0.5471698045730591, 0.5484277009963989, 0.549475908279419, 0.551781952381134, 0.550524115562439], "val_loss": [2.0353753566741943, 1.9548585414886475, 1.889425277709961, 1.8295867443084717, 1.7787379026412964, 1.7338963747024536, 1.6956392526626587, 1.6641788482666016, 1.6380254030227661, 1.6157249212265015, 1.5968828201293945, 1.5803492069244385, 1.5651464462280273, 1.551740050315857, 1.539099097251892, 1.5278010368347168, 1.5178635120391846, 1.5085580348968506, 1.4991005659103394, 1.4915252923965454, 1.485263705253601, 1.4789272546768188, 1.4728446006774902, 1.4681217670440674, 1.4623298645019531, 1.4581209421157837, 1.4537112712860107, 1.4512873888015747, 1.4478094577789307, 1.4455925226211548, 1.4448738098144531, 1.444243311882019, 1.4433274269104004, 1.4424651861190796, 1.4420959949493408, 1.4411430358886719, 1.4407179355621338, 1.4406237602233887, 1.4407981634140015, 1.441611409187317, 1.4419142007827759, 1.4433881044387817, 1.4440888166427612, 1.4448474645614624, 1.4445589780807495, 1.4454121589660645, 1.4463971853256226, 1.447466492652893, 1.4476945400238037, 1.4490678310394287, 1.450597882270813, 1.4516161680221558, 1.4520049095153809, 1.4526137113571167, 1.4532116651535034, 1.4530891180038452, 1.4545986652374268, 1.4535518884658813, 1.454154133796692, 1.4543988704681396, 1.4545962810516357, 1.4553130865097046, 1.4549193382263184, 1.4558629989624023, 1.4554033279418945, 1.4556981325149536, 1.457231044769287, 1.4573657512664795, 1.458132028579712, 1.457911729812622, 1.4599891901016235, 1.4586153030395508, 1.4593390226364136, 1.4596444368362427, 1.4614598751068115, 1.4606654644012451, 1.4613609313964844, 1.4619733095169067, 1.4634439945220947, 1.462658166885376, 1.4627912044525146, 1.4626120328903198, 1.4630481004714966, 1.4644581079483032, 1.4641809463500977, 1.4657891988754272, 1.4655860662460327, 1.4667562246322632, 1.4675109386444092, 1.4685118198394775, 1.4670636653900146, 1.4671300649642944, 1.4678412675857544, 1.4687000513076782, 1.4695653915405273, 1.4696755409240723, 1.4710313081741333, 1.4708141088485718, 1.4720271825790405, 1.4718711376190186],