{"loss": [3.3649280071258545, 3.0185675621032715, 2.6947453022003174, 2.4059622287750244, 2.1607248783111572, 1.963470697402954, 1.8102526664733887, 1.6916884183883667, 1.6015197038650513, 1.531000018119812, 1.4768015146255493, 1.4344933032989502, 1.3992701768875122, 1.3687312602996826, 1.3414744138717651, 1.3170260190963745, 1.2947441339492798, 1.2738312482833862, 1.2543405294418335, 1.2363795042037964, 1.2195370197296143, 1.203612208366394, 1.188215970993042, 1.1734029054641724, 1.1588841676712036, 1.1455135345458984, 1.1332136392593384, 1.1215068101882935, 1.1104531288146973, 1.100030779838562, 1.0895402431488037, 1.0794281959533691, 1.0699282884597778, 1.0610793828964233, 1.0520869493484497, 1.0439847707748413, 1.0356557369232178, 1.028180718421936, 1.0209993124008179, 1.014341950416565, 1.0080914497375488, 1.0020476579666138, 0.9963197708129883, 0.9909085035324097, 0.985678493976593, 0.980603039264679, 0.975956916809082, 0.9714397192001343, 0.9670836329460144, 0.9628011584281921, 0.9571446776390076, 0.9524983167648315, 0.9482631683349609, 0.9436755180358887, 0.9391738176345825, 0.9351900219917297, 0.9315680861473083, 0.9279433488845825, 0.9246792793273926, 0.9214885830879211, 0.918146014213562, 0.9156845211982727, 0.912463366985321, 0.9095929861068726, 0.9068307876586914, 0.9043022990226746, 0.9017316102981567, 0.8992419242858887, 0.8969793915748596, 0.8940194845199585, 0.8915674686431885, 0.88924241065979, 0.8870671987533569, 0.8847258687019348, 0.8823677897453308, 0.8803848028182983, 0.8782811164855957, 0.8759605884552002, 0.8738957047462463, 0.8715928792953491, 0.8700295686721802, 0.8676280379295349, 0.8658742904663086, 0.863981306552887, 0.8619171380996704, 0.8602250218391418, 0.8582002520561218, 0.8559747934341431, 0.8544732332229614, 0.8525480628013611, 0.8504205346107483, 0.8485598564147949, 0.8467691540718079, 0.8453527688980103, 0.8433207869529724, 0.8419769406318665, 0.8402658700942993, 0.8387429118156433, 0.8369830250740051, 0.8356190919876099], "accuracy": [0.18590012192726135, 0.30067142844200134, 0.3753671944141388, 0.42110785841941833, 0.4427192509174347, 0.4647503197193146, 0.48405370116233826, 0.5075535178184509, 0.5333613157272339, 0.5482584834098816, 0.5522450804710388, 0.5574905872344971, 0.5635753273963928, 0.5652538537979126, 0.5740662813186646, 0.5795215964317322, 0.5807805061340332, 0.5818296074867249, 0.5860260128974915, 0.5885438323020935, 0.5916911363601685, 0.5914813280105591, 0.5948384404182434, 0.6000839471817017, 0.6005035638809204, 0.6011330485343933, 0.604699969291687, 0.6055392622947693, 0.610365092754364, 0.6109945178031921, 0.6112043857574463, 0.6141418218612671, 0.6137222051620483, 0.6177087426185608, 0.6177087426185608, 0.6219051480293274, 0.6227444410324097, 0.6252622604370117, 0.6265211701393127, 0.624842643737793, 0.6277800798416138, 0.6326059699058533, 0.6319764852523804, 0.6319764852523804, 0.6344943642616272, 0.6355434060096741, 0.6372219920158386, 0.638690710067749, 0.6393201947212219, 0.6407889127731323, 0.6428871154785156, 0.6441460251808167, 0.6428871154785156, 0.6451951265335083, 0.6449853181838989, 0.645614743232727, 0.648762047290802, 0.6468737125396729, 0.6502308249473572, 0.6527486443519592, 0.6535879373550415, 0.6552664637565613, 0.6573646664619446, 0.6563155651092529, 0.6563155651092529, 0.658833384513855, 0.6598824858665466, 0.6598824858665466, 0.6603021621704102, 0.6617708802223206, 0.660092294216156, 0.6640788912773132, 0.6621904969215393, 0.6642886996269226, 0.6649181842803955, 0.6655476093292236, 0.6657574772834778, 0.6657574772834778, 0.6668065190315247, 0.6668065190315247, 0.6691145896911621, 0.6703734993934631, 0.6705833077430725, 0.6733109354972839, 0.6735207438468933, 0.6722618341445923, 0.6741502285003662, 0.6766680479049683, 0.6760386228561401, 0.6779269576072693, 0.6796055436134338, 0.6770877242088318, 0.6791859269142151, 0.6789760589599609, 0.6800251603126526, 0.6821233630180359, 0.6829626560211182, 0.6846411824226379, 0.6844313740730286, 0.6861099600791931], "val_loss": [3.2229208946228027, 2.929490804672241, 2.6605489253997803, 2.4281487464904785, 2.238612174987793, 2.0906779766082764, 1.9791215658187866, 1.8970586061477661, 1.8372993469238281, 1.791586995124817, 1.7551003694534302, 1.7258673906326294, 1.7029829025268555, 1.678995966911316, 1.6606738567352295, 1.6442490816116333, 1.629416584968567, 1.614391565322876, 1.6020537614822388, 1.5928102731704712, 1.5826407670974731, 1.572115421295166, 1.5595879554748535, 1.5520275831222534, 1.5430744886398315, 1.5320237874984741, 1.5227322578430176, 1.5163191556930542, 1.5093477964401245, 1.5033154487609863, 1.4983501434326172, 1.494314193725586, 1.4888430833816528, 1.4866095781326294, 1.4874603748321533, 1.485761284828186, 1.484932780265808, 1.4812133312225342, 1.480514645576477, 1.47714102268219, 1.4764902591705322, 1.4748504161834717, 1.4764392375946045, 1.4730005264282227, 1.4689935445785522, 1.465759515762329, 1.465311884880066, 1.4650428295135498, 1.4638056755065918, 1.4640023708343506, 1.4631476402282715, 1.4601267576217651, 1.4603829383850098, 1.4600493907928467, 1.4582500457763672, 1.4619386196136475, 1.4587544202804565, 1.4599839448928833, 1.462754487991333, 1.4554778337478638, 1.4629312753677368, 1.4557305574417114, 1.461403489112854, 1.458197832107544, 1.4625259637832642, 1.4629807472229004, 1.4661434888839722, 1.470316767692566, 1.4663649797439575, 1.4699983596801758, 1.470948576927185, 1.4709159135818481, 1.4716944694519043, 1.4749144315719604, 1.4760651588439941, 1.4756381511688232, 1.4752354621887207, 1.474905014038086, 1.4771878719329834, 1.4762996435165405, 1.4771987199783325, 1.4823853969573975, 1.4778382778167725, 1.4813945293426514, 1.477097988128662, 1.4819837808609009, 1.4837138652801514, 1.4777337312698364, 1.485314965248108, 1.4863053560256958, 1.4912254810333252, 1.4848297834396362, 1.4882698059082031, 1.488279104232788, 1.494110107421875, 1.4946476221084595, 1.492986798286438, 1.494753360748291, 1.4986145496368408, 1.5005282163619995],