{"loss": [2.6386630535125732, 2.2436468601226807, 1.837781310081482, 1.4985570907592773, 1.3021233081817627, 1.1934337615966797, 1.1179264783859253, 1.057973027229309, 1.010866403579712, 0.9719560742378235, 0.9389275312423706, 0.9095046520233154, 0.8835694193840027, 0.8589628338813782, 0.8364763259887695, 0.8148931264877319, 0.7954951524734497, 0.7761897444725037, 0.7610371112823486, 0.7467377781867981, 0.7346611618995667, 0.7215642929077148, 0.7116212844848633, 0.7000669240951538, 0.6902838945388794, 0.6817317605018616, 0.67311030626297, 0.6646717190742493, 0.6551423668861389, 0.6466846466064453, 0.639265239238739, 0.6329253911972046, 0.6249538660049438, 0.6189078688621521, 0.6134397387504578, 0.607585608959198, 0.6015223860740662, 0.5963470339775085, 0.5897911190986633, 0.5854572057723999, 0.5794339776039124, 0.5744394063949585, 0.5690979361534119, 0.563968300819397, 0.5578118562698364, 0.5533857941627502, 0.5476638078689575, 0.5429145693778992, 0.5375704169273376, 0.5332373976707458, 0.528858482837677, 0.524894654750824, 0.5203393697738647, 0.5169029235839844, 0.5130726099014282, 0.5087375640869141, 0.5051979422569275, 0.5019341707229614, 0.49735963344573975, 0.494651198387146, 0.4913806617259979, 0.4880531430244446, 0.4853494167327881, 0.48149797320365906, 0.47862616181373596, 0.47512632608413696, 0.4717966318130493, 0.4687140882015228, 0.46581244468688965, 0.46163272857666016, 0.45913946628570557, 0.45612016320228577, 0.45207563042640686, 0.4486643373966217, 0.44602712988853455, 0.4427604675292969, 0.4391207993030548, 0.4364544153213501, 0.43420514464378357, 0.4306584894657135, 0.4272378981113434, 0.4235515594482422, 0.4203745722770691, 0.4182346761226654, 0.41407421231269836, 0.4124240577220917, 0.4094022214412689, 0.40849819779396057, 0.4041191339492798, 0.4016159474849701, 0.3986409902572632, 0.39687660336494446, 0.3945654034614563, 0.3926892876625061, 0.3904157876968384, 0.3875110447406769, 0.3858479857444763, 0.3840864300727844, 0.3820975720882416, 0.38099750876426697], "accuracy": [0.2700484097003937, 0.3843401372432709, 0.484529584646225, 0.539254903793335, 0.5744053721427917, 0.5975583791732788, 0.6179751753807068, 0.639654815196991, 0.6520732641220093, 0.6655440926551819, 0.6739633679389954, 0.681961715221405, 0.6878551840782166, 0.6952220797538757, 0.7002736330032349, 0.7095348238945007, 0.7147969007492065, 0.7185855507850647, 0.7246895432472229, 0.7280572652816772, 0.7282677292823792, 0.7341612577438354, 0.7356346249580383, 0.7373184561729431, 0.7406861782073975, 0.7417385578155518, 0.7499473690986633, 0.7543675303459167, 0.756682813167572, 0.7598400115966797, 0.7617343664169312, 0.7678383588790894, 0.7695221900939941, 0.772258460521698, 0.774573802947998, 0.7768890857696533, 0.780046284198761, 0.7832035422325134, 0.7840454578399658, 0.7827825546264648, 0.7867817282676697, 0.7930961847305298, 0.7903599143028259, 0.7937276363372803, 0.7960429191589355, 0.7983582615852356, 0.799200177192688, 0.8021469116210938, 0.8013049960136414, 0.8050936460494995, 0.8059356212615967, 0.8071984648704529, 0.8097242712974548, 0.8101452589035034, 0.8126710057258606, 0.8154072761535645, 0.8175120949745178, 0.8164597153663635, 0.8194064497947693, 0.8187749981880188, 0.8240370154380798, 0.8231950998306274, 0.8234056234359741, 0.8259313702583313, 0.8292990922927856, 0.8292990922927856, 0.8303515315055847, 0.8358240127563477, 0.8347716331481934, 0.8364554643630981, 0.8372974395751953, 0.8389812707901001, 0.8396127223968506, 0.841507077217102, 0.8427699208259583, 0.8436118960380554, 0.846979558467865, 0.8455061912536621, 0.846979558467865, 0.8474005460739136, 0.8476110100746155, 0.8501368165016174, 0.8528730869293213, 0.8530835509300232, 0.8539254665374756, 0.8545569181442261, 0.8551883697509766, 0.8556093573570251, 0.855819821357727, 0.8575037121772766, 0.8553988337516785, 0.8591875433921814, 0.8585560917854309, 0.8604504466056824, 0.8606609106063843, 0.8631867170333862, 0.8612923622131348, 0.8633971810340881, 0.8655019998550415, 0.864870548248291], "val_loss": [2.526042938232422, 2.2049403190612793, 1.9202815294265747, 1.7319368124008179, 1.626217007637024, 1.5683443546295166, 1.52630615234375, 1.5001702308654785, 1.4863630533218384, 1.4689537286758423, 1.4744828939437866, 1.4553635120391846, 1.445839285850525, 1.4458049535751343, 1.4420675039291382, 1.428858757019043, 1.425224781036377, 1.42061448097229, 1.4085965156555176, 1.4051605463027954, 1.4108766317367554, 1.3978136777877808, 1.4066871404647827, 1.3996989727020264, 1.4016331434249878, 1.412646770477295, 1.4024428129196167, 1.4084162712097168, 1.3968632221221924, 1.3885971307754517, 1.3961830139160156, 1.4045383930206299, 1.420472502708435, 1.4288396835327148, 1.422916293144226, 1.4403239488601685, 1.4508404731750488, 1.44581937789917, 1.4722309112548828, 1.4771806001663208, 1.4840844869613647, 1.4728347063064575, 1.4813411235809326, 1.5031555891036987, 1.506248950958252, 1.5177690982818604, 1.5152164697647095, 1.5287845134735107, 1.5274310111999512, 1.5463554859161377, 1.5528353452682495, 1.5576552152633667, 1.5460416078567505, 1.5749889612197876, 1.58296537399292, 1.5757282972335815, 1.5886626243591309, 1.5945671796798706, 1.6012036800384521, 1.6251661777496338, 1.614999771118164, 1.6166894435882568, 1.6333379745483398, 1.6206529140472412, 1.6369415521621704, 1.6444308757781982, 1.6546144485473633, 1.660129427909851, 1.6655166149139404, 1.6785697937011719, 1.689454436302185, 1.7035728693008423, 1.7111278772354126, 1.694201111793518, 1.725264072418213, 1.7441328763961792, 1.7299768924713135, 1.7497810125350952, 1.7409809827804565, 1.7502741813659668, 1.7846555709838867, 1.793726921081543, 1.7973031997680664, 1.7984107732772827, 1.8109639883041382, 1.8366156816482544, 1.8342039585113525, 1.8441708087921143, 1.844974398612976, 1.8797862529754639, 1.8752238750457764, 1.9014695882797241, 1.8974183797836304, 1.9138675928115845, 1.9245502948760986, 1.9378275871276855, 1.9351763725280762, 1.9624693393707275, 1.9711711406707764, 1.9803919792175293],