{"loss": [3.1524932384490967, 2.473156452178955, 1.9998623132705688, 1.7083775997161865, 1.5358141660690308, 1.4351767301559448, 1.3713068962097168, 1.326037049293518, 1.289932131767273, 1.2599283456802368, 1.2338426113128662, 1.2105134725570679, 1.1901848316192627, 1.1723273992538452, 1.1555936336517334, 1.1412252187728882, 1.1278326511383057, 1.116166353225708, 1.1052076816558838, 1.09470534324646, 1.085023283958435, 1.0755161046981812, 1.066767692565918, 1.058769702911377, 1.0506945848464966, 1.0434050559997559, 1.0362069606781006, 1.0289251804351807, 1.0217500925064087, 1.0154545307159424, 1.0091201066970825, 1.0025484561920166, 0.9964504241943359, 0.9906526207923889, 0.9839993715286255, 0.9782450795173645, 0.9728261232376099, 0.9675281643867493, 0.9618096351623535, 0.9565486907958984, 0.950954794883728, 0.9461554288864136, 0.941033661365509, 0.9365054965019226, 0.9313461780548096, 0.9278522729873657, 0.9225608110427856, 0.9184327721595764, 0.9141893982887268, 0.9100958108901978, 0.906841516494751, 0.9025368690490723, 0.8989367485046387, 0.895050585269928, 0.891869843006134, 0.8882709741592407, 0.8848254084587097, 0.8818939924240112, 0.8792072534561157, 0.8760318756103516, 0.8725913763046265, 0.8701485395431519, 0.8669884204864502, 0.8636826872825623, 0.8607310056686401, 0.8581690192222595, 0.8551267385482788, 0.8528064489364624, 0.8509994745254517, 0.8475114703178406, 0.8443641066551208, 0.8428956866264343, 0.8400684595108032, 0.8379849791526794, 0.8357380032539368, 0.8332856893539429, 0.8309810161590576, 0.8285596966743469, 0.8266717195510864, 0.824286699295044, 0.821774959564209, 0.8199598789215088, 0.8174737691879272, 0.8147644996643066, 0.8133342266082764, 0.8107050657272339, 0.8084291219711304, 0.8068946599960327, 0.8037859797477722, 0.8028586506843567, 0.8008464574813843, 0.7990844249725342, 0.7966577410697937, 0.7950143218040466, 0.7932566404342651, 0.790401816368103, 0.7891713380813599, 0.7867409586906433, 0.7845253348350525, 0.7834941744804382], "accuracy": [0.18938758969306946, 0.3250838816165924, 0.43938758969306946, 0.47944632172584534, 0.4435822069644928, 0.4366610646247864, 0.4404362440109253, 0.4532298743724823, 0.46036073565483093, 0.49161073565483093, 0.5159395933151245, 0.5260066986083984, 0.5350251793861389, 0.5478187799453735, 0.5507550239562988, 0.5553691387176514, 0.5595637559890747, 0.5641778707504272, 0.5679529905319214, 0.5727768540382385, 0.5765520334243774, 0.5796979665756226, 0.5845218300819397, 0.5878775119781494, 0.5929110646247864, 0.5927013158798218, 0.5962668061256409, 0.600671112537384, 0.6019295454025269, 0.6059144139289856, 0.6086409687995911, 0.6088506579399109, 0.6119966506958008, 0.6128355860710144, 0.6172399520874023, 0.6164010167121887, 0.6218540072441101, 0.6216443181037903, 0.6229026913642883, 0.6239513158798218, 0.6277264952659607, 0.6294043660163879, 0.6310822367668152, 0.6317114233970642, 0.6380033493041992, 0.636325478553772, 0.6394714713096619, 0.6403104066848755, 0.6419882774353027, 0.6459731459617615, 0.6463926434516907, 0.6484899520874023, 0.6484899520874023, 0.6503775119781494, 0.6543624401092529, 0.6560402512550354, 0.6560402512550354, 0.661283552646637, 0.6589764952659607, 0.661912739276886, 0.6606543660163879, 0.6635906100273132, 0.6642197966575623, 0.6654781699180603, 0.6686241626739502, 0.6682047247886658, 0.6688339114189148, 0.6658976674079895, 0.6696728467941284, 0.6705117225646973, 0.6700922846794128, 0.6736577153205872, 0.6736577153205872, 0.6744966506958008, 0.6772231459617615, 0.6774328947067261, 0.676174521446228, 0.6780620813369751, 0.6799496412277222, 0.6816275119781494, 0.6833053827285767, 0.6807885766029358, 0.6833053827285767, 0.6864513158798218, 0.6849831938743591, 0.688129186630249, 0.686870813369751, 0.6875, 0.6893875598907471, 0.6906459927558899, 0.6904362440109253, 0.6893875598907471, 0.6912751793861389, 0.6923238039016724, 0.693791925907135, 0.6940016746520996, 0.6963087320327759, 0.6942114233970642, 0.6973573565483093, 0.698825478553772], "val_loss": [2.822134494781494, 2.2789931297302246, 1.933379054069519, 1.7230013608932495, 1.5987941026687622, 1.525495171546936, 1.4804046154022217, 1.4471135139465332, 1.4244009256362915, 1.4056355953216553, 1.3896534442901611, 1.3771247863769531, 1.3671997785568237, 1.3620275259017944, 1.3563581705093384, 1.3518096208572388, 1.3483119010925293, 1.3480126857757568, 1.3463542461395264, 1.34550940990448, 1.3442856073379517, 1.3431661128997803, 1.3417150974273682, 1.34429132938385, 1.3409374952316284, 1.3440101146697998, 1.3460667133331299, 1.3438769578933716, 1.3452744483947754, 1.3498218059539795, 1.3493189811706543, 1.35405433177948, 1.3594571352005005, 1.3594791889190674, 1.362715482711792, 1.3711787462234497, 1.3745924234390259, 1.3776007890701294, 1.3772478103637695, 1.3792154788970947, 1.385684609413147, 1.3925385475158691, 1.3935667276382446, 1.3974039554595947, 1.4004395008087158, 1.406466007232666, 1.4087603092193604, 1.4095581769943237, 1.4153729677200317, 1.4171825647354126, 1.4222502708435059, 1.4234369993209839, 1.4306854009628296, 1.43808114528656, 1.4322230815887451, 1.4359456300735474, 1.4416133165359497, 1.4428974390029907, 1.448324203491211, 1.4463750123977661, 1.4453845024108887, 1.4499136209487915, 1.4565348625183105, 1.453652024269104, 1.455592393875122, 1.451390266418457, 1.4511022567749023, 1.4606136083602905, 1.4592207670211792, 1.458956241607666, 1.458736538887024, 1.4645363092422485, 1.4669018983840942, 1.4713451862335205, 1.4644291400909424, 1.4624359607696533, 1.471038579940796, 1.4725137948989868, 1.4719200134277344, 1.4736714363098145, 1.4766114950180054, 1.4704983234405518, 1.475946307182312, 1.4761936664581299, 1.4762390851974487, 1.4736056327819824, 1.4784554243087769, 1.4769208431243896, 1.4872405529022217, 1.4799436330795288, 1.4827203750610352, 1.4873600006103516, 1.484289288520813, 1.491329550743103, 1.491433024406433, 1.5017884969711304, 1.509446144104004, 1.5021559000015259, 1.5016072988510132, 1.5085288286209106],