{"loss": [3.756016254425049, 2.9421615600585938, 2.3166117668151855, 1.8958933353424072, 1.6410685777664185, 1.4940961599349976, 1.4090445041656494, 1.3541810512542725, 1.3138383626937866, 1.2814679145812988, 1.2542941570281982, 1.2306311130523682, 1.2097339630126953, 1.1915183067321777, 1.1746304035186768, 1.159313440322876, 1.1453615427017212, 1.1326391696929932, 1.120713233947754, 1.109967589378357, 1.0994651317596436, 1.0892126560211182, 1.0793039798736572, 1.0705368518829346, 1.0618133544921875, 1.053589105606079, 1.0448288917541504, 1.0372157096862793, 1.0291615724563599, 1.0211507081985474, 1.0135926008224487, 1.0058499574661255, 0.9991397857666016, 0.9914597868919373, 0.9846355319023132, 0.9777886271476746, 0.9710758924484253, 0.9645258784294128, 0.9582738876342773, 0.9526655077934265, 0.9461575746536255, 0.9410572648048401, 0.935236394405365, 0.9297081828117371, 0.9241476655006409, 0.9184774160385132, 0.9142685532569885, 0.909400999546051, 0.90493243932724, 0.9006791114807129, 0.8967871069908142, 0.8926743865013123, 0.8891366124153137, 0.8849655389785767, 0.8815334439277649, 0.8772835731506348, 0.8748174905776978, 0.8713685870170593, 0.8686622977256775, 0.8652932643890381, 0.8619778752326965, 0.8589262366294861, 0.8567836880683899, 0.8539473414421082, 0.850665271282196, 0.8479419946670532, 0.8454802632331848, 0.8433015942573547, 0.8404187560081482, 0.8384116888046265, 0.8353941440582275, 0.8330933451652527, 0.831402063369751, 0.8288987874984741, 0.826503336429596, 0.8239209055900574, 0.8216189742088318, 0.8205264210700989, 0.8174543976783752, 0.8162233829498291, 0.814319908618927, 0.8118565678596497, 0.810473620891571, 0.8081649541854858, 0.8062065839767456, 0.8045308589935303, 0.8031020164489746, 0.8001173138618469, 0.7986241579055786, 0.7971444725990295, 0.7950790524482727, 0.7934759259223938, 0.7917304039001465, 0.7897799015045166, 0.7893918752670288, 0.7871571779251099, 0.7857413291931152, 0.7835389375686646, 0.7817592620849609, 0.7809368968009949], "accuracy": [0.1967281848192215, 0.3336828947067261, 0.411912739276886, 0.46350669860839844, 0.4846895933151245, 0.45113253593444824, 0.43938758969306946, 0.44211408495903015, 0.4500838816165924, 0.4591023623943329, 0.4846895933151245, 0.5023070573806763, 0.5182466506958008, 0.5302013158798218, 0.5383808612823486, 0.5423657894134521, 0.5520133972167969, 0.5593540072441101, 0.5643875598907471, 0.5690016746520996, 0.5690016746520996, 0.5763422846794128, 0.5803271532058716, 0.5826342105865479, 0.5841023325920105, 0.5841023325920105, 0.5912331938743591, 0.5918624401092529, 0.5968959927558899, 0.6031879186630249, 0.6029781699180603, 0.6086409687995911, 0.6126258373260498, 0.6098993420600891, 0.6159815192222595, 0.6205956339836121, 0.6241610646247864, 0.625629186630249, 0.6241610646247864, 0.6270973086357117, 0.6317114233970642, 0.6352768540382385, 0.6386325359344482, 0.6367449760437012, 0.6386325359344482, 0.6417785286903381, 0.6413590312004089, 0.6430369019508362, 0.6472315192222595, 0.6468120813369751, 0.6474412679672241, 0.6495385766029358, 0.6524748206138611, 0.6528943181037903, 0.6526845693588257, 0.6531040072441101, 0.6552013158798218, 0.6585570573806763, 0.6596056818962097, 0.661283552646637, 0.663171112537384, 0.6629614233970642, 0.6638003587722778, 0.6656879186630249, 0.6654781699180603, 0.6650587320327759, 0.6665268540382385, 0.6667366027832031, 0.6677852272987366, 0.6682047247886658, 0.667575478553772, 0.6707214713096619, 0.6736577153205872, 0.6698825359344482, 0.6728187799453735, 0.6757550239562988, 0.6751258373260498, 0.6734479665756226, 0.6749160885810852, 0.680578887462616, 0.6780620813369751, 0.6807885766029358, 0.6803691387176514, 0.6765939593315125, 0.6826761960983276, 0.6807885766029358, 0.6826761960983276, 0.681837260723114, 0.6841443181037903, 0.6851929426193237, 0.686241626739502, 0.686870813369751, 0.6900168061256409, 0.6908556818962097, 0.6916946172714233, 0.6923238039016724, 0.6904362440109253, 0.6929529905319214, 0.693162739276886, 0.6940016746520996], "val_loss": [3.3713111877441406, 2.69437313079834, 2.2105894088745117, 1.9014230966567993, 1.7200688123703003, 1.6183298826217651, 1.5555347204208374, 1.51244056224823, 1.478095531463623, 1.4544874429702759, 1.4384791851043701, 1.4251567125320435, 1.4137617349624634, 1.4059756994247437, 1.3983747959136963, 1.3920979499816895, 1.3873008489608765, 1.3829283714294434, 1.3787081241607666, 1.3768491744995117, 1.374021053314209, 1.3742820024490356, 1.3703097105026245, 1.3699592351913452, 1.3664028644561768, 1.3664658069610596, 1.3690388202667236, 1.3673710823059082, 1.367472529411316, 1.3673399686813354, 1.3667784929275513, 1.3677653074264526, 1.3685851097106934, 1.3619844913482666, 1.3633754253387451, 1.3659746646881104, 1.3635966777801514, 1.366292953491211, 1.3661857843399048, 1.3664849996566772, 1.3671205043792725, 1.3699679374694824, 1.3718385696411133, 1.3770012855529785, 1.3801530599594116, 1.3839588165283203, 1.383870005607605, 1.3881686925888062, 1.3929269313812256, 1.3962188959121704, 1.400903344154358, 1.4009737968444824, 1.3985497951507568, 1.403263807296753, 1.4041805267333984, 1.4060566425323486, 1.4100286960601807, 1.4146511554718018, 1.410860538482666, 1.4124186038970947, 1.4168294668197632, 1.418030023574829, 1.4136698246002197, 1.4141855239868164, 1.4142709970474243, 1.4153850078582764, 1.4199230670928955, 1.4172471761703491, 1.4250744581222534, 1.424668550491333, 1.4227546453475952, 1.427557110786438, 1.4272749423980713, 1.4300293922424316, 1.432311773300171, 1.4294642210006714, 1.4316542148590088, 1.429654598236084, 1.4397740364074707, 1.440139889717102, 1.4408445358276367, 1.4405826330184937, 1.4473423957824707, 1.4508870840072632, 1.451033353805542, 1.4537516832351685, 1.460300087928772, 1.4628474712371826, 1.4643265008926392, 1.4713692665100098, 1.475750207901001, 1.4797141551971436, 1.486157774925232, 1.4776626825332642, 1.481136441230774, 1.4878348112106323, 1.4884114265441895, 1.4893474578857422, 1.4894400835037231, 1.4881489276885986], "val_accuracy": [0.2740046977996826, 0.34894612431526184, 0.37646371126174927, 0.4115925133228302, 0.41276347637176514, 0.3981264531612396, 0.3887587785720825, 0.40281030535697937, 0.40866509079933167, 0.4192037582397461, 0.426815003156662, 0.43091335892677307, 0.43501171469688416, 0.4396955370903015, 0.44262295961380005, 0.45023420453071594, 0.45023420453071594, 0.45199063420295715, 0.4572599530220032, 0.45608898997306824, 0.46135830879211426, 0.4642857015132904, 0.46487119793891907, 0.4683840870857239, 0.46896955370903015, 0.47306790947914124, 0.47072598338127136, 0.4713114798069, 0.4718969464302063, 0.47658079862594604, 0.47306790947914124, 0.48067915439605713, 0.4795081913471222, 0.4865339696407318, 0.48770493268966675, 0.488290399312973, 0.488290399312973, 0.49121779203414917, 0.49882903695106506, 0.49355971813201904, 0.49531614780426025, 0.4964871108531952, 0.4976580739021301, 0.4976580739021301, 0.49707260727882385, 0.4976580739021301, 0.494730681180954, 0.4959016442298889, 0.4959016442298889, 0.49531614780426025, 0.5, 0.49531614780426025, 0.49531614780426025, 0.5023419260978699, 0.4994145333766937, 0.5029274225234985, 0.5, 0.4994145333766937, 0.4994145333766937, 0.49882903695106506, 0.49707260727882385, 0.49355971813201904, 0.49531614780426025, 0.49882903695106506, 0.4976580739021301, 0.49707260727882385, 0.49707260727882385, 0.4959016442298889, 0.5, 0.4982435703277588, 0.49707260727882385, 0.49707260727882385, 0.49531614780426025, 0.4982435703277588, 0.4923887550830841, 0.4941451847553253, 0.49882903695106506, 0.4959016442298889, 0.49707260727882385, 0.49882903695106506, 0.4959016442298889, 0.4982435703277588, 0.494730681180954, 0.494730681180954, 0.49707260727882385, 0.4941451847553253, 0.494730681180954, 0.4959016442298889, 0.4994145333766937, 0.4982435703277588, 0.49882903695106506, 0.5, 0.49531614780426025, 0.4994145333766937, 0.49882903695106506, 0.5005854964256287, 0.4964871108531952, 0.4976580739021301, 0.4982435703277588, 0.5],