{"loss": [4.030706405639648, 3.5539138317108154, 2.924867868423462, 2.3223586082458496, 1.7167103290557861, 1.29515540599823, 1.073178768157959, 0.9284825921058655, 0.8445350527763367, 0.7910470962524414, 0.7442998886108398, 0.7053491473197937, 0.6754136681556702, 0.657773494720459, 0.637985348701477, 0.6229384541511536, 0.6097198724746704, 0.59503573179245, 0.582539439201355, 0.5720803737640381, 0.5575792193412781, 0.5478819012641907, 0.5392327904701233, 0.5299243330955505, 0.5214716792106628, 0.5145105719566345, 0.5068058371543884, 0.500565230846405, 0.49240177869796753, 0.48743194341659546, 0.48253074288368225, 0.4759496748447418, 0.4675178527832031, 0.4636648893356323, 0.4588119089603424, 0.453564316034317, 0.44868311285972595, 0.4435313940048218, 0.43945661187171936, 0.43405646085739136], "accuracy": [0.2715838849544525, 0.4127051830291748, 0.43828606605529785, 0.48752930760383606, 0.5683223009109497, 0.6331272721290588, 0.6680878400802612, 0.6932423710823059, 0.7141334414482117, 0.7309741973876953, 0.7437646389007568, 0.7535706758499146, 0.7614580988883972, 0.7633766531944275, 0.7676401734352112, 0.7736090421676636, 0.7774461507797241, 0.7821360230445862, 0.7859731316566467, 0.7849072813987732, 0.7902366518974304, 0.7947132587432861, 0.7981240749359131, 0.7985504269599915, 0.8019611835479736, 0.8060114979743958, 0.8072905540466309, 0.8049456477165222, 0.811340868473053, 0.8181624412536621, 0.8151779770851135, 0.8175229430198669, 0.8213600516319275, 0.8185887932777405, 0.825197160243988, 0.8226391077041626, 0.8269025683403015, 0.828607976436615, 0.8301001787185669, 0.8301001787185669], "val_loss": [3.841158628463745, 3.3345787525177, 2.8019418716430664, 2.430300712585449, 2.141697645187378, 2.010303497314453, 1.9507339000701904, 1.9311152696609497, 1.9053285121917725, 1.8920124769210815, 1.885772466659546, 1.8532713651657104, 1.8489816188812256, 1.8523374795913696, 1.8499970436096191, 1.8436317443847656, 1.8419817686080933, 1.8491171598434448, 1.8375439643859863, 1.8365100622177124, 1.8194540739059448, 1.8187856674194336, 1.828246831893921, 1.8193464279174805, 1.8250433206558228, 1.823345422744751, 1.8225228786468506, 1.818098783493042, 1.817204475402832, 1.8042231798171997, 1.8279829025268555, 1.8219596147537231, 1.8253198862075806, 1.811496376991272, 1.8089628219604492, 1.795354962348938, 1.7944225072860718, 1.7821848392486572, 1.7911590337753296, 1.7869598865509033], "val_accuracy": [0.3494788408279419, 0.39423665404319763, 0.4144696593284607, 0.4469650387763977, 0.46597179770469666, 0.4678111672401428, 0.46351930499076843, 0.46351930499076843, 0.4751686155796051, 0.47026363015174866, 0.46351930499076843, 0.4555487334728241, 0.4469650387763977, 0.44635194540023804, 0.43899446725845337, 0.44083383679389954, 0.4402207136154175, 0.44451257586479187, 0.44757816195487976, 0.44451257586479187, 0.44757816195487976, 0.45064377784729004, 0.45064377784729004, 0.4555487334728241, 0.45309627056121826, 0.45493561029434204, 0.45616185665130615, 0.4610668420791626, 0.4598405957221985, 0.45738810300827026, 0.46167996525764465, 0.46167996525764465, 0.46167996525764465, 0.46597179770469666, 0.4708767533302307, 0.478234201669693, 0.47455549240112305, 0.47455549240112305, 0.47762107849121094, 0.4751686155796051], "training_time": 1622.3811197280884, "output_time": 0.08705611228942871}