{"loss": [5.415253639221191, 5.02381706237793, 4.564188003540039, 3.967259407043457, 3.2680399417877197, 2.78828501701355, 2.444977045059204, 2.1094579696655273, 1.883802890777588, 1.7305766344070435, 1.6066757440567017, 1.5022330284118652, 1.4177175760269165, 1.3466893434524536, 1.2875823974609375, 1.2377266883850098, 1.1952388286590576, 1.159076452255249, 1.1267653703689575, 1.0984704494476318, 1.07199227809906, 1.0470991134643555, 1.023794412612915, 1.0021965503692627, 0.9819022417068481, 0.9619593620300293, 0.9442883729934692, 0.9267709851264954, 0.9092351794242859, 0.8931052684783936, 0.8776528239250183, 0.8635071516036987, 0.8493789434432983, 0.8354411125183105, 0.8231229186058044, 0.8118270039558411, 0.7984570860862732, 0.78595370054245, 0.7746092677116394, 0.7632079124450684, 0.7518232464790344, 0.7415341138839722, 0.7309008836746216, 0.7209638953208923, 0.7112661600112915, 0.7032536268234253, 0.6947300434112549, 0.686673641204834, 0.6789715886116028, 0.6718625426292419, 0.6654115915298462, 0.6586841940879822, 0.6520454287528992, 0.6423664093017578, 0.6359013915061951, 0.6306269764900208, 0.624735414981842, 0.619676947593689, 0.6143860220909119, 0.6093547344207764, 0.604815661907196, 0.6004493236541748, 0.5961528420448303, 0.5918802618980408, 0.5876433849334717, 0.5817911624908447, 0.5769541263580322, 0.5724313855171204, 0.5683709383010864, 0.564717710018158, 0.5606912970542908, 0.5564969778060913, 0.5532084107398987, 0.548999547958374, 0.5455725193023682, 0.5402656197547913, 0.5340383052825928, 0.5295013189315796, 0.5255125164985657, 0.5221779942512512, 0.5180779099464417, 0.5150032639503479, 0.5126444697380066, 0.5093398690223694, 0.5064510107040405, 0.5034759044647217, 0.500652551651001, 0.4979970157146454, 0.49522751569747925, 0.49274134635925293, 0.4900438189506531, 0.4866965115070343, 0.48405835032463074, 0.48155394196510315, 0.4793814420700073, 0.4758417010307312, 0.47336190938949585, 0.47090470790863037, 0.46822378039360046, 0.4654933214187622], "accuracy": [0.1951168179512024, 0.3209850490093231, 0.41401809453964233, 0.46811196208000183, 0.4415912330150604, 0.47358450293540955, 0.4975794553756714, 0.5396758317947388, 0.5664070844650269, 0.5882971882820129, 0.6002946496009827, 0.6154493689537048, 0.6192380785942078, 0.6238686442375183, 0.6320774555206299, 0.6322879195213318, 0.6404967308044434, 0.644916832447052, 0.6520732641220093, 0.657545804977417, 0.6600715517997742, 0.6659650802612305, 0.670595645904541, 0.6739633679389954, 0.6800673604011536, 0.6868028044700623, 0.6920648217201233, 0.6958535313606262, 0.7011155486106873, 0.7013260126113892, 0.7059566378593445, 0.7097452878952026, 0.7126920819282532, 0.715428352355957, 0.7181646227836609, 0.7211113572120667, 0.7236371040344238, 0.7246895432472229, 0.7251105308532715, 0.728478193283081, 0.7288991808891296, 0.7339507341384888, 0.7341612577438354, 0.7360555529594421, 0.7377394437789917, 0.7425805330276489, 0.7421595454216003, 0.7459481954574585, 0.748894989490509, 0.7520521879196167, 0.7571037411689758, 0.7617343664169312, 0.7636287212371826, 0.7678383588790894, 0.7703641057014465, 0.7728899121284485, 0.7726794481277466, 0.7739423513412476, 0.7794148325920105, 0.7796253561973572, 0.7827825546264648, 0.7825720906257629, 0.7832035422325134, 0.7848873734474182, 0.7838349938392639, 0.7886760830879211, 0.7918332815170288, 0.7941486239433289, 0.7922542691230774, 0.7945695519447327, 0.7958324551582336, 0.7977268099784851, 0.799200177192688, 0.797937273979187, 0.8000420928001404, 0.8013049960136414, 0.8053041696548462, 0.80572509765625, 0.8086718320846558, 0.8090928196907043, 0.8093032836914062, 0.8130919933319092, 0.813512921333313, 0.8160387277603149, 0.8168806433677673, 0.8179330825805664, 0.8206693530082703, 0.8200379014015198, 0.8267732858657837, 0.823616087436676, 0.8244580030441284, 0.8246684670448303, 0.8290886282920837, 0.8282467126846313, 0.8303515315055847, 0.8324563503265381, 0.8318248987197876, 0.8335087299346924, 0.8347716331481934, 0.8351926207542419], "val_loss": [5.2626190185546875, 4.917206287384033, 4.503731727600098, 3.9351649284362793, 3.4360806941986084, 3.150259017944336, 2.902294158935547, 2.670375108718872, 2.5345194339752197, 2.431057929992676, 2.3441004753112793, 2.2726991176605225, 2.2160539627075195, 2.171083450317383, 2.124709367752075, 2.078629970550537, 2.04884672164917, 2.026273250579834, 1.9989219903945923, 1.9815009832382202, 1.9588603973388672, 1.9424383640289307, 1.9238073825836182, 1.9040075540542603, 1.8871740102767944, 1.866363525390625, 1.852973461151123, 1.8448972702026367, 1.8298871517181396, 1.8192906379699707, 1.8075672388076782, 1.8002421855926514, 1.7885468006134033, 1.7701654434204102, 1.7520672082901, 1.7463842630386353, 1.726488709449768, 1.7106555700302124, 1.696031093597412, 1.6769804954528809, 1.6599770784378052, 1.6501245498657227, 1.6393331289291382, 1.6249494552612305, 1.6158246994018555, 1.6097418069839478, 1.6001403331756592, 1.596354603767395, 1.5936245918273926, 1.5898199081420898, 1.5887877941131592, 1.5942575931549072, 1.5953670740127563, 1.597577691078186, 1.597942590713501, 1.6049662828445435, 1.604320764541626, 1.6077059507369995, 1.616748571395874, 1.610777497291565, 1.6165714263916016, 1.6198451519012451, 1.6208460330963135, 1.6141471862792969, 1.621739149093628, 1.629125714302063, 1.631695032119751, 1.636736512184143, 1.628859043121338, 1.6385843753814697, 1.6448588371276855, 1.6382761001586914, 1.6444138288497925, 1.6565557718276978, 1.6556792259216309, 1.6518710851669312, 1.65743088722229, 1.6605523824691772, 1.672215461730957, 1.6755088567733765, 1.6797950267791748, 1.6863101720809937, 1.6875112056732178, 1.6902574300765991, 1.7003484964370728, 1.7047853469848633, 1.7059745788574219, 1.713857650756836, 1.7188533544540405, 1.7202495336532593, 1.7262868881225586, 1.7431237697601318, 1.7343997955322266, 1.7432392835617065, 1.745987892150879, 1.7532402276992798, 1.762257695198059, 1.7609789371490479, 1.7573844194412231, 1.763249158859253],