{"loss": [3.335024356842041, 2.885935068130493, 2.372695207595825, 1.9517124891281128, 1.6522397994995117, 1.4537993669509888, 1.322413682937622, 1.2325321435928345, 1.1664783954620361, 1.1135294437408447, 1.0688543319702148, 1.031893253326416, 1.000732660293579, 0.9737458229064941, 0.9492431879043579, 0.9276317358016968, 0.9072801470756531, 0.8883106112480164, 0.8713383078575134, 0.8538610339164734, 0.8388121724128723, 0.8255676031112671, 0.8122671842575073, 0.8002378940582275, 0.7886460423469543, 0.778571605682373, 0.768616259098053, 0.7591043710708618, 0.7500895261764526, 0.7401061058044434, 0.7317045331001282, 0.7240728139877319, 0.7145624756813049, 0.7069008946418762, 0.7002100944519043, 0.6936048269271851, 0.6873165965080261, 0.6810154914855957, 0.6748728156089783, 0.6699210405349731, 0.6633049845695496, 0.6580087542533875, 0.6518130302429199, 0.6467472314834595, 0.6418956518173218, 0.6357479691505432, 0.6313651204109192, 0.6268689036369324, 0.6220072507858276, 0.6174719333648682, 0.613836407661438, 0.6094269156455994, 0.6048760414123535, 0.6016314625740051, 0.5973373651504517, 0.5944622755050659, 0.5897052884101868, 0.5867375135421753, 0.5833706259727478, 0.5796810388565063, 0.5755548477172852, 0.5723572373390198, 0.569050133228302, 0.5658721327781677, 0.5623262524604797, 0.5599426031112671, 0.556589663028717, 0.5529565811157227, 0.5502945780754089, 0.5471340417861938, 0.544137716293335, 0.5419277548789978, 0.5389958620071411, 0.5362529754638672, 0.5340071320533752, 0.5311050415039062, 0.5290652513504028, 0.5267905592918396, 0.523515522480011, 0.5218594074249268, 0.5188490748405457, 0.5176042318344116, 0.514477550983429, 0.5125616192817688, 0.510138213634491, 0.5076994895935059, 0.5062240958213806, 0.5033515691757202, 0.5019004940986633, 0.49920299649238586, 0.49717241525650024, 0.4955182671546936, 0.49309486150741577, 0.4911777675151825, 0.4893101751804352, 0.48741576075553894, 0.4870801568031311, 0.4845678508281708, 0.48272940516471863, 0.4814598262310028], "accuracy": [0.25294366478919983, 0.3944491147994995, 0.4356602132320404, 0.4787636697292328, 0.5410008430480957, 0.5817914009094238, 0.6089150309562683, 0.6208999156951904, 0.6330950260162354, 0.6427670121192932, 0.6509671807289124, 0.6572750210762024, 0.6669470071792603, 0.6698906421661377, 0.6761984825134277, 0.6818755269050598, 0.6902859807014465, 0.6881833672523499, 0.6949117183685303, 0.6951219439506531, 0.7018502950668335, 0.7077375650405884, 0.7100504636764526, 0.7190916538238525, 0.7207737565040588, 0.7226660847663879, 0.7266610860824585, 0.7298149466514587, 0.732758641242981, 0.7335996627807617, 0.7375946044921875, 0.7367535829544067, 0.7432716488838196, 0.7453742623329163, 0.7466358542442322, 0.7495794892311096, 0.7554667592048645, 0.7556770443916321, 0.7577796578407288, 0.7600924968719482, 0.7632464170455933, 0.7632464170455933, 0.7651387453079224, 0.7680824398994446, 0.7670311331748962, 0.771026074886322, 0.7718670964241028, 0.7714465856552124, 0.7758620977401733, 0.7762826085090637, 0.7794365286827087, 0.7788057327270508, 0.7794365286827087, 0.7800672650337219, 0.7830109596252441, 0.7796467542648315, 0.7849032878875732, 0.7855340838432312, 0.7876366972923279, 0.7878469228744507, 0.7876366972923279, 0.7893187403678894, 0.7899495363235474, 0.7897392511367798, 0.7924726605415344, 0.7918418645858765, 0.7956265807151794, 0.7966778874397278, 0.795836865901947, 0.7970983982086182, 0.7960470914840698, 0.7985702157020569, 0.8000420331954956, 0.8006728291511536, 0.8000420331954956, 0.8002523183822632, 0.8027754426002502, 0.8052985668182373, 0.8050882816314697, 0.8048780560493469, 0.8065601587295532, 0.8082422018051147, 0.8092935085296631, 0.8092935085296631, 0.809924304485321, 0.810555100440979, 0.8118166327476501, 0.8141295313835144, 0.8132884502410889, 0.8160218596458435, 0.8170731663703918, 0.8170731663703918, 0.8151808381080627, 0.818965494632721, 0.8185449838638306, 0.8191757798194885, 0.8183347582817078, 0.8198065757751465, 0.8212783932685852, 0.8204373717308044], "val_loss": [3.164088010787964, 2.741544008255005, 2.3524622917175293, 2.085944890975952, 1.920431137084961, 1.821751594543457, 1.7493252754211426, 1.7024046182632446, 1.66976797580719, 1.6425142288208008, 1.6135461330413818, 1.5975717306137085, 1.5892305374145508, 1.5748647451400757, 1.5544384717941284, 1.5484663248062134, 1.5473281145095825, 1.531811237335205, 1.5312845706939697, 1.5203475952148438, 1.517350673675537, 1.518876075744629, 1.5079643726348877, 1.512086272239685, 1.5034749507904053, 1.5104522705078125, 1.5103760957717896, 1.5150986909866333, 1.5191879272460938, 1.5153335332870483, 1.5178803205490112, 1.5231820344924927, 1.530496597290039, 1.5238724946975708, 1.534656286239624, 1.5362107753753662, 1.539525032043457, 1.5390666723251343, 1.5507409572601318, 1.5514906644821167, 1.5543978214263916, 1.5552445650100708, 1.5618326663970947, 1.5630346536636353, 1.5740078687667847, 1.5834907293319702, 1.573574423789978, 1.5820409059524536, 1.590431809425354, 1.594836711883545, 1.5934066772460938, 1.5908567905426025, 1.5977529287338257, 1.6121927499771118, 1.6126718521118164, 1.599990725517273, 1.6084790229797363, 1.6157329082489014, 1.6176140308380127, 1.6198484897613525, 1.6241942644119263, 1.6309362649917603, 1.6328158378601074, 1.6299697160720825, 1.6334154605865479, 1.6389673948287964, 1.6423933506011963, 1.6429215669631958, 1.6432840824127197, 1.6544950008392334, 1.6542211771011353, 1.6456162929534912, 1.6553893089294434, 1.6606383323669434, 1.6660635471343994, 1.665989875793457, 1.6765578985214233, 1.6883594989776611, 1.68843674659729, 1.6869734525680542, 1.6904025077819824, 1.7089089155197144, 1.7001017332077026, 1.7045338153839111, 1.7081884145736694, 1.7264653444290161, 1.7140109539031982, 1.7166694402694702, 1.722854495048523, 1.7214667797088623, 1.7251794338226318, 1.7395656108856201, 1.7385503053665161, 1.7532734870910645, 1.7518503665924072, 1.749255657196045, 1.7536091804504395, 1.7676424980163574, 1.7749963998794556, 1.7805161476135254],