{"loss": [5.3199052810668945, 4.651215076446533, 4.052659511566162, 3.5070109367370605, 3.0071425437927246, 2.559232234954834, 2.189009666442871, 1.9257584810256958, 1.7571978569030762, 1.6525814533233643, 1.5876044034957886, 1.544048547744751, 1.5128962993621826, 1.4857816696166992, 1.4624040126800537, 1.4432868957519531, 1.4261224269866943, 1.4101862907409668, 1.3964762687683105, 1.3842658996582031, 1.3732036352157593, 1.3624738454818726, 1.3531635999679565, 1.3442245721817017, 1.3369762897491455, 1.3305106163024902, 1.325174331665039, 1.3194080591201782, 1.3141558170318604, 1.3095624446868896, 1.3050482273101807, 1.302074670791626, 1.2975184917449951, 1.2942090034484863, 1.2904969453811646, 1.2873326539993286, 1.2841176986694336, 1.280120611190796, 1.2767114639282227, 1.2737973928451538, 1.270247220993042, 1.266690731048584, 1.2618821859359741, 1.2584336996078491, 1.2538671493530273, 1.247947096824646, 1.2430696487426758, 1.2378491163253784, 1.2300777435302734, 1.2217146158218384, 1.213657259941101, 1.2012639045715332, 1.1900602579116821, 1.1749558448791504, 1.1593421697616577, 1.1447347402572632, 1.1291662454605103, 1.113100290298462, 1.0995975732803345, 1.0912256240844727, 1.08430814743042, 1.0798507928848267, 1.0728929042816162, 1.0699602365493774, 1.065955638885498, 1.0620982646942139, 1.0575990676879883, 1.0541969537734985, 1.052531361579895, 1.0470207929611206, 1.0453509092330933, 1.043063759803772, 1.039609432220459, 1.034619927406311, 1.0316463708877563, 1.03096342086792, 1.027150273323059, 1.027625322341919, 1.0275347232818604, 1.0216424465179443, 1.018728494644165, 1.0169435739517212, 1.0177782773971558, 1.0150338411331177, 1.0140225887298584, 1.010857105255127, 1.0134859085083008, 1.0085899829864502, 1.0055663585662842, 1.0084481239318848, 1.0057724714279175, 1.004778265953064, 0.9978606700897217, 1.0039598941802979, 0.9987469911575317, 0.9961159229278564, 0.9932659268379211, 0.9905471205711365, 0.9939730167388916, 0.9913450479507446], "accuracy": [0.2207956165075302, 0.2894127666950226, 0.3153020441532135, 0.3411913216114044, 0.36013472080230713, 0.38602399826049805, 0.4173858165740967, 0.454220175743103, 0.462007999420166, 0.4215954542160034, 0.41212376952171326, 0.41317617893218994, 0.4167543649673462, 0.4178067743778229, 0.4211744964122772, 0.42601558566093445, 0.42622604966163635, 0.44032835960388184, 0.4495895504951477, 0.463270902633667, 0.4719006419181824, 0.4830561876296997, 0.48095136880874634, 0.48642390966415405, 0.4906335473060608, 0.48789727687835693, 0.48621341586112976, 0.4912649989128113, 0.4946327209472656, 0.49358031153678894, 0.4904230833053589, 0.49315932393074036, 0.49484318494796753, 0.4952641427516937, 0.4963165521621704, 0.49863186478614807, 0.5001052618026733, 0.5038939118385315, 0.5041043758392334, 0.511050283908844, 0.5099979043006897, 0.511050283908844, 0.5102083683013916, 0.5137865543365479, 0.5175752639770508, 0.5144180059432983, 0.5196800827980042, 0.5255735516548157, 0.5278888940811157, 0.5344138145446777, 0.5375710129737854, 0.5520942807197571, 0.561145007610321, 0.5739844441413879, 0.5773521661758423, 0.5855609178543091, 0.5965059995651245, 0.5994527339935303, 0.604925274848938, 0.6072405576705933, 0.6055567264556885, 0.6112397313117981, 0.615028440952301, 0.6152389049530029, 0.6179751753807068, 0.6188170909881592, 0.6219743490219116, 0.622816264629364, 0.6190275549888611, 0.6223952770233154, 0.6276573538780212, 0.6259734630584717, 0.6266049146652222, 0.6308145523071289, 0.6312355399131775, 0.6278678178787231, 0.6386023759841919, 0.6373395323753357, 0.6377604603767395, 0.6428120136260986, 0.6369185447692871, 0.6438644528388977, 0.6434434652328491, 0.6404967308044434, 0.6436539888381958, 0.6447063684463501, 0.6468111872673035, 0.6491264700889587, 0.6505998969078064, 0.647442638874054, 0.6497579216957092, 0.6487055420875549, 0.6545990109443665, 0.6556514501571655, 0.6569143533706665, 0.6598610877990723, 0.664070725440979, 0.6609134674072266, 0.6630182862281799, 0.6689118146896362], "val_loss": [5.0257768630981445, 4.439613342285156, 3.910909652709961, 3.427016019821167, 2.985487222671509, 2.600865364074707, 2.303651809692383, 2.1037983894348145, 1.9755432605743408, 1.895307183265686, 1.8414018154144287, 1.8059695959091187, 1.7787367105484009, 1.7590980529785156, 1.7451424598693848, 1.7279990911483765, 1.7142654657363892, 1.7038776874542236, 1.694058895111084, 1.6881507635116577, 1.6840567588806152, 1.6782214641571045, 1.6718248128890991, 1.6675381660461426, 1.6702308654785156, 1.6722791194915771, 1.6630065441131592, 1.6639113426208496, 1.6599668264389038, 1.6595659255981445, 1.6635149717330933, 1.6589494943618774, 1.6569275856018066, 1.6617754697799683, 1.660972237586975, 1.6635117530822754, 1.6614656448364258, 1.6662133932113647, 1.6670860052108765, 1.6612039804458618, 1.6614030599594116, 1.6663719415664673, 1.6627732515335083, 1.669259786605835, 1.6659350395202637, 1.6582592725753784, 1.6721103191375732, 1.672528862953186, 1.6724492311477661, 1.6700233221054077, 1.6758067607879639, 1.681754231452942, 1.6841347217559814, 1.6983741521835327, 1.7149618864059448, 1.7121608257293701, 1.7230037450790405, 1.7377251386642456, 1.730422854423523, 1.7366427183151245, 1.726802945137024, 1.7378488779067993, 1.747865915298462, 1.7502262592315674, 1.7608866691589355, 1.780555009841919, 1.7733368873596191, 1.7938750982284546, 1.7867653369903564, 1.81112539768219, 1.8007017374038696, 1.7978849411010742, 1.826433777809143, 1.8323266506195068, 1.82184636592865, 1.8455867767333984, 1.8457179069519043, 1.845054030418396, 1.8663383722305298, 1.8753323554992676, 1.851801872253418, 1.8495289087295532, 1.8465487957000732, 1.8593348264694214, 1.8644458055496216, 1.8704009056091309, 1.870458960533142, 1.8693095445632935, 1.8693737983703613, 1.8844778537750244, 1.889350175857544, 1.8891531229019165, 1.8907369375228882, 1.89308500289917, 1.889070749282837, 1.8822654485702515, 1.9011892080307007, 1.8985482454299927, 1.908740520477295, 1.9076567888259888],