{"loss": [2.0295708179473877, 1.73668372631073, 1.4924540519714355, 1.3179618120193481, 1.181401014328003, 1.0663877725601196, 0.9683634042739868, 0.8915054798126221, 0.8350879549980164, 0.7878091335296631, 0.7520980834960938, 0.7239452004432678, 0.6993235349655151, 0.6766429543495178, 0.659571647644043, 0.6447671055793762, 0.630188524723053, 0.6173701286315918, 0.604844868183136, 0.5947962999343872, 0.5834007859230042, 0.5742407441139221, 0.5657532811164856, 0.5579994320869446, 0.5494378805160522, 0.5423842668533325, 0.5350810289382935, 0.5281574726104736, 0.5215292572975159, 0.51700758934021, 0.5102942585945129, 0.5054781436920166, 0.49995267391204834, 0.49446234107017517, 0.4911743104457855, 0.48667165637016296, 0.4822406470775604, 0.4791214168071747, 0.4735472500324249, 0.4688396751880646, 0.4664931893348694, 0.4624127745628357, 0.4586455821990967, 0.4532528817653656, 0.4496259093284607, 0.44602829217910767, 0.4424597918987274, 0.43947282433509827, 0.43510040640830994, 0.43172013759613037, 0.42906665802001953, 0.425747275352478, 0.42385444045066833, 0.4199448525905609, 0.41825324296951294, 0.4133276641368866, 0.41088399291038513, 0.4072011113166809, 0.4050248861312866, 0.4015222489833832, 0.39892876148223877, 0.39644306898117065, 0.39272022247314453, 0.3917917013168335, 0.3886231482028961, 0.38677191734313965, 0.38351505994796753, 0.3826046288013458, 0.37951746582984924, 0.37745246291160583, 0.3762374818325043, 0.37171250581741333, 0.36869481205940247, 0.3668675422668457, 0.365057110786438, 0.3631841242313385, 0.3618524968624115, 0.359902024269104, 0.35882121324539185, 0.3582022190093994, 0.35564157366752625, 0.3527795672416687, 0.3501114845275879, 0.3494512438774109, 0.3471691310405731, 0.34690698981285095, 0.34511977434158325, 0.3442954123020172, 0.34231117367744446, 0.3415059447288513, 0.33988478779792786, 0.3383082449436188, 0.33532875776290894, 0.33508750796318054, 0.33406829833984375, 0.3320695757865906, 0.3308987021446228, 0.3306438624858856, 0.32776936888694763, 0.32761773467063904], "accuracy": [0.30712324380874634, 0.4487423300743103, 0.4840414226055145, 0.5263158082962036, 0.5893045663833618, 0.6385542154312134, 0.667723536491394, 0.6960473656654358, 0.7121115922927856, 0.7275417447090149, 0.7400127053260803, 0.745085597038269, 0.7541745901107788, 0.7571337819099426, 0.7600930333137512, 0.763052225112915, 0.7670682668685913, 0.770450234413147, 0.771718442440033, 0.7761572599411011, 0.7789050936698914, 0.7844007611274719, 0.7879940867424011, 0.7886282205581665, 0.7913760542869568, 0.7956034541130066, 0.7972944378852844, 0.7989854216575623, 0.8004650473594666, 0.802790105342865, 0.8021559715270996, 0.8046924471855164, 0.8053265810012817, 0.8106108903884888, 0.8099767565727234, 0.8097653985023499, 0.814626932144165, 0.8142041563987732, 0.8192771077156067, 0.8163179159164429, 0.8205453157424927, 0.8228704333305359, 0.8230817914009094, 0.8249841332435608, 0.8279433250427246, 0.8290002346038818, 0.8294229507446289, 0.8287888169288635, 0.8304798007011414, 0.833861768245697, 0.8313252925872803, 0.8349186182022095, 0.835129976272583, 0.8368209600448608, 0.8378778100013733, 0.8393574357032776, 0.8370323181152344, 0.84041428565979, 0.8431621193885803, 0.8435848951339722, 0.8431621193885803, 0.8454872369766235, 0.8450644612312317, 0.8448531031608582, 0.8476009368896484, 0.8473895788192749, 0.8488691449165344, 0.8499259948730469, 0.8507714867591858, 0.8518283367156982, 0.8545761704444885, 0.8526738286018372, 0.8549989461898804, 0.860917329788208, 0.8590149879455566, 0.858380913734436, 0.8569012880325317, 0.8588036298751831, 0.8611287474632263, 0.8613401055335999, 0.8630310893058777, 0.864933431148529, 0.866201639175415, 0.8691608309745789, 0.8687381148338318, 0.8664129972457886, 0.8678926229476929, 0.8668357729911804, 0.8697949647903442, 0.8674699068069458, 0.8708518147468567, 0.8725427985191345, 0.8714859485626221, 0.8733882904052734, 0.8740224242210388, 0.873599648475647, 0.8748679161071777, 0.8746564984321594, 0.8742337822914124, 0.8763474822044373], "val_loss": [1.8833667039871216, 1.6605563163757324, 1.5255995988845825, 1.4489731788635254, 1.3995475769042969, 1.367179036140442, 1.3398929834365845, 1.3285235166549683, 1.3211904764175415, 1.320884346961975, 1.3188101053237915, 1.3171838521957397, 1.3238329887390137, 1.3346198797225952, 1.3359018564224243, 1.3556489944458008, 1.3610025644302368, 1.370647668838501, 1.3748191595077515, 1.398248553276062, 1.4017812013626099, 1.4128812551498413, 1.4232628345489502, 1.4236377477645874, 1.4199323654174805, 1.425710916519165, 1.4404597282409668, 1.4428614377975464, 1.4372222423553467, 1.4769482612609863, 1.4606958627700806, 1.4679590463638306, 1.4588537216186523, 1.46827232837677, 1.476231575012207, 1.4770636558532715, 1.4941200017929077, 1.4693760871887207, 1.4930262565612793, 1.5113047361373901, 1.4867931604385376, 1.4929654598236084, 1.4968680143356323, 1.4874913692474365, 1.498054027557373, 1.5096698999404907, 1.4983388185501099, 1.5096348524093628, 1.5060104131698608, 1.5159183740615845, 1.5122435092926025, 1.5168238878250122, 1.5153101682662964, 1.5181026458740234, 1.5291187763214111, 1.5354183912277222, 1.532891035079956, 1.5435471534729004, 1.5508379936218262, 1.5664377212524414, 1.5602107048034668, 1.5756374597549438, 1.5929867029190063, 1.5800249576568604, 1.6081600189208984, 1.628296136856079, 1.6210544109344482, 1.62760329246521, 1.6498351097106934, 1.678381085395813, 1.674888253211975, 1.67257559299469, 1.687645673751831, 1.710591435432434, 1.708762764930725, 1.7373433113098145, 1.7159323692321777, 1.739389419555664, 1.7471874952316284, 1.736377239227295, 1.7428284883499146, 1.7695274353027344, 1.7752820253372192, 1.7742786407470703, 1.7751878499984741, 1.79738450050354, 1.8165297508239746, 1.8098726272583008, 1.8139740228652954, 1.8232423067092896, 1.846024751663208, 1.842476725578308, 1.8432087898254395, 1.831201195716858, 1.8440489768981934, 1.8634878396987915, 1.8793591260910034, 1.86746346950531, 1.8907660245895386, 1.8848981857299805],