{"loss": [3.3708035945892334, 2.8730287551879883, 2.494661569595337, 2.2091078758239746, 1.9946470260620117, 1.8353980779647827, 1.721975326538086, 1.6401090621948242, 1.5832704305648804, 1.5420336723327637, 1.5114668607711792, 1.4879332780838013, 1.4681859016418457, 1.4498189687728882, 1.4324853420257568, 1.418025255203247, 1.4045456647872925, 1.3926270008087158, 1.3814265727996826, 1.3707813024520874, 1.3605828285217285, 1.350745439529419, 1.3427904844284058, 1.3334388732910156, 1.324154257774353, 1.3179354667663574, 1.3128550052642822, 1.3073323965072632, 1.3026678562164307, 1.2986778020858765, 1.294771671295166, 1.2908761501312256, 1.2877997159957886, 1.2846864461898804, 1.2811967134475708, 1.276459813117981, 1.2705078125, 1.26583731174469, 1.2619266510009766, 1.2584744691848755, 1.2552876472473145, 1.250832438468933, 1.247510313987732, 1.2425110340118408, 1.2382920980453491, 1.234525442123413, 1.2288917303085327, 1.2217073440551758, 1.2133632898330688, 1.2015724182128906, 1.1786280870437622, 1.145256757736206, 1.1203705072402954, 1.1180658340454102, 1.1087826490402222, 1.096230387687683, 1.0899240970611572, 1.0818543434143066, 1.0793421268463135, 1.0926531553268433, 1.0790106058120728, 1.0767978429794312, 1.0634093284606934, 1.0573253631591797, 1.078203797340393, 1.0599247217178345, 1.0557489395141602, 1.0725412368774414, 1.0407968759536743, 1.032597303390503, 1.024194598197937, 1.0264673233032227, 1.0584747791290283, 1.022133708000183, 1.011069655418396, 1.0066760778427124, 0.9994093179702759, 0.9940587878227234, 1.0679963827133179, 1.0269126892089844, 1.0007387399673462, 1.0052642822265625, 1.0129642486572266, 1.006681203842163, 0.9990540146827698, 0.9946162104606628, 0.9820637106895447, 0.9776924252510071, 0.977846622467041, 0.9657424092292786, 0.9649912118911743, 0.9815700054168701, 0.9738898873329163, 1.0586165189743042, 1.0561555624008179, 1.000966191291809, 0.9784964323043823, 0.9652457237243652, 0.9647706747055054, 0.9537373185157776], "accuracy": [0.23124074935913086, 0.32001692056655884, 0.3963221311569214, 0.44113296270370483, 0.4273937940597534, 0.39949271082878113, 0.40604522824287415, 0.41238638758659363, 0.4134432375431061, 0.41323187947273254, 0.414288729429245, 0.41809341311454773, 0.41893890500068665, 0.41978439688682556, 0.4231663644313812, 0.42274361848831177, 0.42612555623054504, 0.4301416277885437, 0.43775099515914917, 0.44916507601737976, 0.4582540690898895, 0.4681885540485382, 0.4772775173187256, 0.47854575514793396, 0.48932573199272156, 0.48932573199272156, 0.4895370900630951, 0.48848024010658264, 0.49080532789230347, 0.4939759075641632, 0.49355316162109375, 0.4952441453933716, 0.4946100115776062, 0.4954555034637451, 0.4958782494068146, 0.4958782494068146, 0.496935099363327, 0.49799197912216187, 0.5001056790351868, 0.5034876465797424, 0.5013738870620728, 0.5032762885093689, 0.5053899884223938, 0.5129993557929993, 0.5096173882484436, 0.5104628801345825, 0.5138448476791382, 0.5210314989089966, 0.5263158082962036, 0.541323184967041, 0.5611921548843384, 0.5740858316421509, 0.5753540396690369, 0.5816951990127563, 0.5844430327415466, 0.592475175857544, 0.6005073189735413, 0.6021982431411743, 0.6041005849838257, 0.6009300351142883, 0.6087508201599121, 0.6089621782302856, 0.616148829460144, 0.616148829460144, 0.6087508201599121, 0.6167829036712646, 0.6201648712158203, 0.6148805618286133, 0.6320016980171204, 0.6330585479736328, 0.6362290978431702, 0.6372860074043274, 0.624815046787262, 0.6383428573608398, 0.6423588991165161, 0.6455295085906982, 0.6463750004768372, 0.6480659246444702, 0.6119213700294495, 0.6347495317459106, 0.6470090746879578, 0.6410906910896301, 0.6421475410461426, 0.6467977166175842, 0.6491228342056274, 0.6514478921890259, 0.6569435596466064, 0.6613823771476746, 0.6563094258308411, 0.6668780446052551, 0.6643415689468384, 0.6668780446052551, 0.6666666865348816, 0.6305220723152161, 0.6328471899032593, 0.6626505851745605, 0.6744874119758606, 0.6859015226364136, 0.6831536889076233, 0.6890720725059509], "val_loss": [3.188697576522827, 2.785512685775757, 2.4799673557281494, 2.2540969848632812, 2.085146427154541, 1.9590651988983154, 1.8690978288650513, 1.8093104362487793, 1.7684968709945679, 1.7362140417099, 1.7138248682022095, 1.6945548057556152, 1.6786023378372192, 1.6671020984649658, 1.6554701328277588, 1.6458107233047485, 1.6375916004180908, 1.631945252418518, 1.6253516674041748, 1.620611548423767, 1.6153028011322021, 1.6147558689117432, 1.611475944519043, 1.6107053756713867, 1.6100131273269653, 1.6117734909057617, 1.6131399869918823, 1.6156939268112183, 1.615687608718872, 1.6194953918457031, 1.6197443008422852, 1.62863290309906, 1.618485450744629, 1.623841643333435, 1.6243356466293335, 1.6304502487182617, 1.6375489234924316, 1.6373215913772583, 1.6399086713790894, 1.6422171592712402, 1.6442691087722778, 1.6454532146453857, 1.6437174081802368, 1.6457653045654297, 1.6484286785125732, 1.650392770767212, 1.6545774936676025, 1.6506154537200928, 1.6565524339675903, 1.6639994382858276, 1.6870810985565186, 1.714765191078186, 1.7128266096115112, 1.741403341293335, 1.7619065046310425, 1.7828255891799927, 1.7884272336959839, 1.7925664186477661, 1.8051989078521729, 1.8112881183624268, 1.7951208353042603, 1.812488317489624, 1.812683343887329, 1.8203582763671875, 1.8303442001342773, 1.8266459703445435, 1.8168138265609741, 1.813286304473877, 1.8129321336746216, 1.811097502708435, 1.8299895524978638, 1.8241839408874512, 1.852455735206604, 1.8465003967285156, 1.8276883363723755, 1.8244704008102417, 1.8172053098678589, 1.820112943649292, 1.8371065855026245, 1.834463357925415, 1.8308978080749512, 1.839269995689392, 1.8313299417495728, 1.8201754093170166, 1.8203243017196655, 1.816085934638977, 1.821028470993042, 1.8287135362625122, 1.8079915046691895, 1.8209691047668457, 1.8083882331848145, 1.8132669925689697, 1.8289068937301636, 1.8224438428878784, 1.8303033113479614, 1.8319129943847656, 1.838533878326416, 1.8357042074203491, 1.830251693725586, 1.8414745330810547],