{"loss": [1.9537218809127808, 1.6868036985397339, 1.522375226020813, 1.4281524419784546, 1.3694818019866943, 1.3271100521087646, 1.293521761894226, 1.265460729598999, 1.2410495281219482, 1.220017910003662, 1.2011317014694214, 1.1846436262130737, 1.1700704097747803, 1.1570080518722534, 1.1447248458862305, 1.1333972215652466, 1.1225098371505737, 1.1124823093414307, 1.1032956838607788, 1.0939087867736816, 1.0852018594741821, 1.0773857831954956, 1.0696059465408325, 1.0617600679397583, 1.0547834634780884, 1.0476526021957397, 1.041517972946167, 1.035179615020752, 1.0291755199432373, 1.0235487222671509, 1.0179922580718994, 1.0124602317810059, 1.0065840482711792, 1.0014625787734985, 0.996381938457489, 0.9914091229438782, 0.9860579967498779, 0.9812880158424377, 0.9764205813407898, 0.9716567397117615, 0.9668930172920227, 0.9625008702278137, 0.957655131816864, 0.9527860283851624, 0.9485078454017639, 0.943893551826477, 0.9396121501922607, 0.9348673820495605, 0.9308546185493469, 0.9266855120658875, 0.9219990372657776, 0.9184801578521729, 0.9144200086593628, 0.910372257232666, 0.9060908555984497, 0.9027581810951233, 0.8988839983940125, 0.8951517343521118, 0.8916466236114502, 0.8879995942115784, 0.8846637010574341, 0.8810263872146606, 0.8776599168777466, 0.8752247095108032, 0.8715455532073975, 0.8678389191627502, 0.8650581240653992, 0.8620285987854004, 0.8589850068092346, 0.8560476899147034, 0.8534006476402283, 0.8511070013046265, 0.8486195802688599, 0.8452068567276001, 0.8432832956314087, 0.8411405682563782, 0.8387015461921692, 0.8362376689910889, 0.8342180848121643, 0.8314855098724365, 0.830264151096344, 0.8272740840911865, 0.8253719210624695, 0.8227417469024658, 0.8210914731025696, 0.8186634182929993, 0.8169213533401489, 0.8149052262306213, 0.8140941858291626, 0.8112941980361938, 0.8095289468765259, 0.8083823919296265, 0.8059752583503723, 0.8044604659080505, 0.8022961020469666, 0.8005150556564331, 0.7992460131645203, 0.798022449016571, 0.795659065246582, 0.7945765256881714], "accuracy": [0.3351510167121887, 0.39911913871765137, 0.4158976376056671, 0.42638424038887024, 0.4259647727012634, 0.43330538272857666, 0.43875840306282043, 0.44798657298088074, 0.4750419557094574, 0.4819630980491638, 0.5090184807777405, 0.5161493420600891, 0.525587260723114, 0.53125, 0.5396392345428467, 0.5501258373260498, 0.5559983253479004, 0.5599831938743591, 0.5629194378852844, 0.5692114233970642, 0.5746644139289856, 0.5771812200546265, 0.5786493420600891, 0.5836828947067261, 0.5859899520874023, 0.588716447353363, 0.5920721292495728, 0.595008373260498, 0.5964764952659607, 0.5977349281311035, 0.6015100479125977, 0.6057047247886658, 0.6082214713096619, 0.6124160885810852, 0.6134647727012634, 0.6161912679672241, 0.6145133972167969, 0.6205956339836121, 0.6195470094680786, 0.6235318779945374, 0.6239513158798218, 0.623741626739502, 0.6285654306411743, 0.6298238039016724, 0.6294043660163879, 0.6298238039016724, 0.6315016746520996, 0.6338087320327759, 0.636325478553772, 0.6384228467941284, 0.6392617225646973, 0.6401006579399109, 0.6401006579399109, 0.6417785286903381, 0.6434563994407654, 0.6470218300819397, 0.6470218300819397, 0.6476510167121887, 0.649958074092865, 0.6528943181037903, 0.6516358852386475, 0.6535235047340393, 0.6577181220054626, 0.6589764952659607, 0.6623322367668152, 0.661912739276886, 0.6629614233970642, 0.6667366027832031, 0.6654781699180603, 0.6644295454025269, 0.666946291923523, 0.6688339114189148, 0.6688339114189148, 0.6726090312004089, 0.6709312200546265, 0.6726090312004089, 0.6744966506958008, 0.6772231459617615, 0.6747063994407654, 0.6772231459617615, 0.6786912679672241, 0.6791107654571533, 0.6807885766029358, 0.681208074092865, 0.6837248206138611, 0.6839345693588257, 0.6835150718688965, 0.6845637559890747, 0.6843540072441101, 0.686241626739502, 0.6849831938743591, 0.6879194378852844, 0.6856124401092529, 0.6879194378852844, 0.6906459927558899, 0.6902264952659607, 0.6914849281311035, 0.6902264952659607, 0.6902264952659607, 0.6919043660163879], "val_loss": [1.8330503702163696, 1.641689419746399, 1.5313725471496582, 1.4715656042099, 1.430654764175415, 1.4012811183929443, 1.3799278736114502, 1.3645951747894287, 1.3510100841522217, 1.3397855758666992, 1.3348149061203003, 1.3327018022537231, 1.3265324831008911, 1.3241223096847534, 1.3221924304962158, 1.3212165832519531, 1.3210580348968506, 1.3233745098114014, 1.3249807357788086, 1.3238331079483032, 1.324177622795105, 1.3284211158752441, 1.3256436586380005, 1.3278074264526367, 1.3335963487625122, 1.3330771923065186, 1.333983063697815, 1.34212064743042, 1.3414448499679565, 1.3412567377090454, 1.343582272529602, 1.3462471961975098, 1.350793480873108, 1.3575359582901, 1.359442949295044, 1.3628009557724, 1.3624646663665771, 1.3714700937271118, 1.3705394268035889, 1.3722970485687256, 1.373720407485962, 1.379359483718872, 1.3808391094207764, 1.381954312324524, 1.3848938941955566, 1.3850078582763672, 1.3897548913955688, 1.3853249549865723, 1.3868151903152466, 1.3878700733184814, 1.3956096172332764, 1.3954479694366455, 1.393972635269165, 1.3919191360473633, 1.4002914428710938, 1.3979055881500244, 1.4004532098770142, 1.4027410745620728, 1.396965503692627, 1.4014416933059692, 1.4035918712615967, 1.4043728113174438, 1.4014840126037598, 1.4024434089660645, 1.4033303260803223, 1.4049373865127563, 1.4048057794570923, 1.4084436893463135, 1.4068034887313843, 1.4044619798660278, 1.4065734148025513, 1.411646842956543, 1.4068410396575928, 1.41632080078125, 1.4179437160491943, 1.4199131727218628, 1.4173442125320435, 1.4189687967300415, 1.4186303615570068, 1.4191615581512451, 1.4239888191223145, 1.425525188446045, 1.4280847311019897, 1.4320851564407349, 1.4313751459121704, 1.4341493844985962, 1.4340633153915405, 1.4428703784942627, 1.4424642324447632, 1.4368984699249268, 1.4504905939102173, 1.4507544040679932, 1.4520740509033203, 1.4490845203399658, 1.4536752700805664, 1.459310531616211, 1.4614782333374023, 1.4614657163619995, 1.4645946025848389, 1.46725332736969],