{"loss": [4.680474281311035, 4.032207489013672, 3.473867416381836, 2.989269971847534, 2.5805892944335938, 2.2574265003204346, 2.017216920852661, 1.8455873727798462, 1.7264306545257568, 1.6431306600570679, 1.5819182395935059, 1.5380338430404663, 1.505084753036499, 1.4788397550582886, 1.453947901725769, 1.4343239068984985, 1.4183074235916138, 1.4035241603851318, 1.3902825117111206, 1.3785929679870605, 1.3675611019134521, 1.3570683002471924, 1.3470420837402344, 1.3370990753173828, 1.3293911218643188, 1.3227579593658447, 1.3161966800689697, 1.3116858005523682, 1.3061543703079224, 1.3015320301055908, 1.2971510887145996, 1.2929081916809082, 1.2876837253570557, 1.2843396663665771, 1.28049635887146, 1.2776165008544922, 1.2740178108215332, 1.2711549997329712, 1.2678039073944092, 1.2648721933364868, 1.262418508529663, 1.2587114572525024, 1.2563567161560059, 1.2541532516479492, 1.2515580654144287, 1.2490158081054688, 1.24596107006073, 1.2430425882339478, 1.2401528358459473, 1.2388635873794556, 1.2369921207427979, 1.2340192794799805, 1.2314220666885376, 1.2298319339752197, 1.227938175201416, 1.2258442640304565, 1.2241759300231934, 1.2222756147384644, 1.2202228307724, 1.2192049026489258, 1.216677188873291, 1.2154086828231812, 1.2132266759872437, 1.211869239807129, 1.2091727256774902, 1.208544373512268, 1.2071362733840942, 1.2049323320388794, 1.2033324241638184, 1.2012404203414917, 1.199536681175232, 1.1979061365127563, 1.1963882446289062, 1.1943973302841187, 1.1922564506530762, 1.190819263458252, 1.1896408796310425, 1.1880627870559692, 1.1851913928985596, 1.18464994430542, 1.1825419664382935, 1.1809718608856201, 1.1790398359298706, 1.176805853843689, 1.174978494644165, 1.173755407333374, 1.1711677312850952, 1.1697107553482056, 1.1681715250015259, 1.1654603481292725, 1.1636595726013184, 1.1618139743804932, 1.1603775024414062, 1.1585763692855835, 1.1554330587387085, 1.1528877019882202, 1.1506489515304565, 1.1516075134277344, 1.1477253437042236, 1.1457130908966064], "accuracy": [0.2495805323123932, 0.29802852869033813, 0.32424497604370117, 0.36136746406555176, 0.3932466506958008, 0.4305788576602936, 0.4584731459617615, 0.4477768540382385, 0.4161073863506317, 0.4091862440109253, 0.41380032896995544, 0.41673657298088074, 0.4161073863506317, 0.4188338816165924, 0.4213506579399109, 0.42365771532058716, 0.42701342701911926, 0.4282718002796173, 0.43288591504096985, 0.4345637559890747, 0.44169461727142334, 0.4429530203342438, 0.45113253593444824, 0.4557466506958008, 0.4628775119781494, 0.47336408495903015, 0.4773489832878113, 0.481543630361557, 0.4897231459617615, 0.48951342701911926, 0.4934983253479004, 0.4970637559890747, 0.5048238039016724, 0.5060822367668152, 0.5090184807777405, 0.5054529905319214, 0.5014681220054626, 0.5119547247886658, 0.5094379186630249, 0.5127936005592346, 0.511325478553772, 0.5178271532058716, 0.5218120813369751, 0.5157298445701599, 0.5226510167121887, 0.5222315192222595, 0.5213926434516907, 0.5216023325920105, 0.5289429426193237, 0.5239093899726868, 0.5310402512550354, 0.5297818779945374, 0.532508373260498, 0.532508373260498, 0.5343959927558899, 0.5383808612823486, 0.5367029905319214, 0.5335570573806763, 0.5377516746520996, 0.5413171052932739, 0.5385906100273132, 0.5444630980491638, 0.5400587320327759, 0.5411073565483093, 0.5417366027832031, 0.5434144139289856, 0.5432047247886658, 0.5446728467941284, 0.5455117225646973, 0.5476090312004089, 0.5469798445701599, 0.5482382774353027, 0.5471895933151245, 0.5488674640655518, 0.5490771532058716, 0.5530620813369751, 0.5545302033424377, 0.556208074092865, 0.5564177632331848, 0.5539010167121887, 0.555578887462616, 0.5572566986083984, 0.5557885766029358, 0.5589345693588257, 0.5606124401092529, 0.5591443181037903, 0.5593540072441101, 0.5614513158798218, 0.5622902512550354, 0.5620805621147156, 0.5658556818962097, 0.563129186630249, 0.5648070573806763, 0.5662751793861389, 0.5671141147613525, 0.569421112537384, 0.5713087320327759, 0.5708892345428467, 0.5736157894134521, 0.5723573565483093], "val_loss": [4.392253398895264, 3.839932441711426, 3.3579163551330566, 2.9458673000335693, 2.606020212173462, 2.344336986541748, 2.1525745391845703, 2.0143637657165527, 1.9215306043624878, 1.8540915250778198, 1.8087289333343506, 1.7726892232894897, 1.745526671409607, 1.7235095500946045, 1.7066832780838013, 1.69126558303833, 1.6788427829742432, 1.6688345670700073, 1.659423828125, 1.6501991748809814, 1.643462896347046, 1.637275218963623, 1.632769227027893, 1.6284453868865967, 1.6274197101593018, 1.6282633543014526, 1.6294366121292114, 1.6297047138214111, 1.6283599138259888, 1.631377935409546, 1.6300959587097168, 1.6338353157043457, 1.6349163055419922, 1.6368643045425415, 1.6410092115402222, 1.6390222311019897, 1.643014907836914, 1.6439918279647827, 1.6483269929885864, 1.646718978881836, 1.648874044418335, 1.6526037454605103, 1.656805157661438, 1.6562391519546509, 1.6614338159561157, 1.6643038988113403, 1.665939450263977, 1.6661728620529175, 1.6698713302612305, 1.673934817314148, 1.678407907485962, 1.6838114261627197, 1.6876329183578491, 1.6908739805221558, 1.694435954093933, 1.699857234954834, 1.7026703357696533, 1.703547477722168, 1.7091909646987915, 1.7140698432922363, 1.7151926755905151, 1.7207320928573608, 1.7248724699020386, 1.7285516262054443, 1.7311336994171143, 1.7325093746185303, 1.733422875404358, 1.7341445684432983, 1.7353821992874146, 1.739897608757019, 1.7419712543487549, 1.7443647384643555, 1.745678424835205, 1.7478476762771606, 1.7495756149291992, 1.7518577575683594, 1.755575180053711, 1.759638786315918, 1.762006163597107, 1.7643650770187378, 1.7666844129562378, 1.769108772277832, 1.7713392972946167, 1.7747715711593628, 1.77487051486969, 1.7789394855499268, 1.782936930656433, 1.783384084701538, 1.7861450910568237, 1.7901307344436646, 1.7916007041931152, 1.7987730503082275, 1.7972334623336792, 1.800838589668274, 1.8067173957824707, 1.80264413356781, 1.8085702657699585, 1.8101669549942017, 1.8104276657104492, 1.8142471313476562],