{"loss": [4.054688453674316, 3.44284725189209, 2.9445087909698486, 2.5393881797790527, 2.220444679260254, 1.9827896356582642, 1.8134058713912964, 1.699053406715393, 1.618778109550476, 1.5588635206222534, 1.5156826972961426, 1.4853564500808716, 1.4595586061477661, 1.4362494945526123, 1.4145735502243042, 1.3974080085754395, 1.3825833797454834, 1.3685460090637207, 1.3551989793777466, 1.3427636623382568, 1.3326655626296997, 1.3244487047195435, 1.3166389465332031, 1.3099063634872437, 1.3029673099517822, 1.2982724905014038, 1.2924915552139282, 1.2871291637420654, 1.2818726301193237, 1.2774721384048462, 1.2734578847885132, 1.2699058055877686, 1.2653852701187134, 1.2629159688949585, 1.2589598894119263, 1.2552369832992554, 1.2518712282180786, 1.2463793754577637, 1.2416752576828003, 1.2365827560424805, 1.2320502996444702, 1.226846694946289, 1.2208099365234375, 1.2152020931243896, 1.2071539163589478, 1.1957250833511353, 1.1755402088165283, 1.1533514261245728, 1.131846308708191, 1.1163551807403564, 1.1068115234375, 1.1008139848709106, 1.1019878387451172, 1.0893834829330444, 1.0909216403961182, 1.0821839570999146, 1.0672019720077515, 1.0624340772628784, 1.0595173835754395, 1.0528723001480103, 1.0519330501556396, 1.0483094453811646, 1.0397402048110962, 1.0377655029296875, 1.0382959842681885, 1.0333590507507324, 1.0313409566879272, 1.0296516418457031, 1.0241669416427612, 1.023711919784546, 1.0203429460525513, 1.0222718715667725, 1.017795443534851, 1.0130348205566406, 1.0124764442443848, 1.0137817859649658, 1.0075814723968506, 1.0072818994522095, 1.0042181015014648, 1.0003619194030762, 0.998484194278717, 0.9959819316864014, 0.9933686852455139, 0.9941274523735046, 0.9930855631828308, 0.9927797913551331, 0.987743616104126, 0.9885112643241882, 0.9850282073020935, 0.9867408871650696, 0.9812301993370056, 1.0024272203445435, 0.9810343384742737, 0.9837554693222046, 0.976901113986969, 0.9774037003517151, 0.9764230251312256, 0.9736993312835693, 0.9791263341903687, 0.981923520565033], "accuracy": [0.24500104784965515, 0.323721319437027, 0.36687013506889343, 0.40033677220344543, 0.4344348609447479, 0.4571669101715088, 0.4426436424255371, 0.4146495461463928, 0.41212376952171326, 0.41233423352241516, 0.4171753227710724, 0.41885918378829956, 0.41949063539505005, 0.42580509185791016, 0.4293832778930664, 0.4356977343559265, 0.4441170394420624, 0.4577983617782593, 0.4712692201137543, 0.4719006419181824, 0.4836876392364502, 0.48663440346717834, 0.4885287284851074, 0.48705536127090454, 0.49294885993003845, 0.484529584646225, 0.4904230833053589, 0.4908440411090851, 0.4906335473060608, 0.4906335473060608, 0.49189645051956177, 0.49442222714424133, 0.4965270459651947, 0.4971584975719452, 0.4971584975719452, 0.49989476799964905, 0.5024205446243286, 0.504525363445282, 0.5017890930175781, 0.5083140134811401, 0.5102083683013916, 0.5121027231216431, 0.5152599215507507, 0.5186276435852051, 0.5268364548683167, 0.5327299237251282, 0.5541990995407104, 0.5619869232177734, 0.5731424689292908, 0.5811408162117004, 0.5828246474266052, 0.5897705554962158, 0.5901915431022644, 0.5965059995651245, 0.5939801931381226, 0.6000841856002808, 0.6093453764915466, 0.6108188033103943, 0.6087139844894409, 0.6148179173469543, 0.6137655377388, 0.6183961033821106, 0.6272363662719727, 0.6238686442375183, 0.6232371926307678, 0.6289202570915222, 0.6257629990577698, 0.6278678178787231, 0.6299726366996765, 0.6316564679145813, 0.6312355399131775, 0.6320774555206299, 0.6314460039138794, 0.6360766291618347, 0.6343927383422852, 0.6346032619476318, 0.63839191198349, 0.6409177184104919, 0.6379709243774414, 0.6394443511962891, 0.6434434652328491, 0.6388128995895386, 0.6430225372314453, 0.6436539888381958, 0.6413386464118958, 0.6428120136260986, 0.6438644528388977, 0.6457588076591492, 0.646179735660553, 0.6434434652328491, 0.6457588076591492, 0.6400758028030396, 0.648495078086853, 0.6436539888381958, 0.6487055420875549, 0.6466007232666016, 0.648495078086853, 0.6510208249092102, 0.6468111872673035, 0.6468111872673035], "val_loss": [3.819456100463867, 3.3046584129333496, 2.8852591514587402, 2.546724319458008, 2.2848687171936035, 2.0914628505706787, 1.9570177793502808, 1.8668802976608276, 1.8057712316513062, 1.7594012022018433, 1.7276806831359863, 1.7046185731887817, 1.6804397106170654, 1.663390040397644, 1.648585319519043, 1.6364691257476807, 1.6276315450668335, 1.6235722303390503, 1.620219111442566, 1.6193712949752808, 1.6171339750289917, 1.6169589757919312, 1.6134889125823975, 1.615193486213684, 1.6094735860824585, 1.6114435195922852, 1.6136302947998047, 1.6116472482681274, 1.6120816469192505, 1.6122719049453735, 1.6117221117019653, 1.6137481927871704, 1.6146858930587769, 1.6108050346374512, 1.613692283630371, 1.6135613918304443, 1.6124943494796753, 1.610960841178894, 1.613046646118164, 1.6125978231430054, 1.6183052062988281, 1.6143893003463745, 1.6150974035263062, 1.6187435388565063, 1.618470311164856, 1.6189969778060913, 1.6255420446395874, 1.6461114883422852, 1.651591420173645, 1.6712372303009033, 1.679486870765686, 1.678286075592041, 1.6911630630493164, 1.6896864175796509, 1.6819208860397339, 1.7057760953903198, 1.7171664237976074, 1.7232027053833008, 1.723815679550171, 1.7173454761505127, 1.7281373739242554, 1.730499267578125, 1.7349302768707275, 1.7361747026443481, 1.7516475915908813, 1.7603003978729248, 1.7653870582580566, 1.7613794803619385, 1.769121527671814, 1.7867234945297241, 1.7746206521987915, 1.754205584526062, 1.7656593322753906, 1.756827473640442, 1.7576395273208618, 1.763845443725586, 1.795508623123169, 1.7804040908813477, 1.7782056331634521, 1.7668917179107666, 1.7709481716156006, 1.7755470275878906, 1.781361699104309, 1.7791409492492676, 1.7728856801986694, 1.7828153371810913, 1.7983509302139282, 1.7792682647705078, 1.7883738279342651, 1.7840895652770996, 1.7921878099441528, 1.7792891263961792, 1.7980412244796753, 1.7816294431686401, 1.7888635396957397, 1.7932742834091187, 1.7940006256103516, 1.7876948118209839, 1.8150620460510254, 1.829807162284851],