{"loss": [4.697051048278809, 4.044619560241699, 3.487973213195801, 2.998278856277466, 2.572681427001953, 2.225221872329712, 1.9675401449203491, 1.7951089143753052, 1.6822795867919922, 1.6071152687072754, 1.5511736869812012, 1.5120387077331543, 1.4797474145889282, 1.4543153047561646, 1.433570146560669, 1.416895866394043, 1.4023596048355103, 1.3882369995117188, 1.374507188796997, 1.3618669509887695, 1.3510123491287231, 1.3401544094085693, 1.3306025266647339, 1.3220311403274536, 1.3152488470077515, 1.3084710836410522, 1.3020092248916626, 1.2966742515563965, 1.2912461757659912, 1.2862485647201538, 1.2830817699432373, 1.2762212753295898, 1.2699947357177734, 1.2643530368804932, 1.2603001594543457, 1.2523772716522217, 1.2465659379959106, 1.240620493888855, 1.2347468137741089, 1.230268955230713, 1.2226285934448242, 1.2154537439346313, 1.2067185640335083, 1.1966361999511719, 1.184910774230957, 1.1718751192092896, 1.1572504043579102, 1.1426141262054443, 1.1304627656936646, 1.1171958446502686, 1.10312020778656, 1.0945242643356323, 1.0844175815582275, 1.0755165815353394, 1.0684887170791626, 1.0645205974578857, 1.0581202507019043, 1.0547680854797363, 1.0514951944351196, 1.0484111309051514, 1.0428084135055542, 1.0410817861557007, 1.0364993810653687, 1.034035563468933, 1.0327832698822021, 1.0312676429748535, 1.0303285121917725, 1.03299880027771, 1.0256651639938354, 1.0190811157226562, 1.0179930925369263, 1.0192153453826904, 1.017458200454712, 1.0178200006484985, 1.0154539346694946, 1.0138493776321411, 1.0126450061798096, 1.0078788995742798, 1.0086133480072021, 1.0060973167419434, 1.0072046518325806, 1.0079060792922974, 1.007632851600647, 1.0013089179992676, 0.9993993043899536, 0.9982856512069702, 0.9963864684104919, 0.9921007752418518, 0.9970718622207642, 0.9953175187110901, 0.9919456243515015, 0.9887562990188599, 0.984978973865509, 0.9855364561080933, 0.9832871556282043, 0.986338198184967, 0.9819762110710144, 0.9820090532302856, 0.981071412563324, 0.9752188920974731], "accuracy": [0.1909167319536209, 0.28259041905403137, 0.31518083810806274, 0.35092514753341675, 0.4013877213001251, 0.44533219933509827, 0.4726661145687103, 0.44049620628356934, 0.4179983139038086, 0.4182085692882538, 0.42052143812179565, 0.4217830002307892, 0.4251471757888794, 0.42556771636009216, 0.42935240268707275, 0.4339781403541565, 0.43839362263679504, 0.44890663027763367, 0.4583683907985687, 0.47813287377357483, 0.4762405455112457, 0.482127845287323, 0.4857022762298584, 0.4911690354347229, 0.4896972179412842, 0.4911690354347229, 0.4928511381149292, 0.4930613934993744, 0.4960050582885742, 0.4960050582885742, 0.49390244483947754, 0.4966358244419098, 0.49894869327545166, 0.5010513067245483, 0.5023128390312195, 0.5079898834228516, 0.5084104537963867, 0.5084104537963867, 0.5109335780143738, 0.5168208479881287, 0.5170311331748962, 0.517872154712677, 0.5283852219581604, 0.5332211852073669, 0.5452060699462891, 0.560555100440979, 0.5613961219787598, 0.5702270865440369, 0.5763246417045593, 0.5841042995452881, 0.5906223654747009, 0.5984020233154297, 0.6063919067382812, 0.6133305430412292, 0.6160638928413391, 0.6192178130149841, 0.6200588941574097, 0.6198486089706421, 0.6202691197395325, 0.6221615076065063, 0.6192178130149841, 0.6240538358688354, 0.6261564493179321, 0.6227922439575195, 0.6259461641311646, 0.6244743466377258, 0.6272077560424805, 0.6259461641311646, 0.6312026977539062, 0.6349874138832092, 0.638351559638977, 0.6307821869850159, 0.6328848004341125, 0.6328848004341125, 0.636459231376648, 0.6362489461898804, 0.6347771286964417, 0.6394028663635254, 0.6375105381011963, 0.6408746838569641, 0.638982355594635, 0.6375105381011963, 0.6398233771324158, 0.6408746838569641, 0.6452901363372803, 0.6417157053947449, 0.6410849690437317, 0.6459209322929382, 0.6440286040306091, 0.6467620134353638, 0.6484440565109253, 0.6478132605552673, 0.6513876914978027, 0.6509671807289124, 0.6539108753204346, 0.6507569551467896, 0.6518082618713379, 0.6524389982223511, 0.6549621820449829, 0.6570647358894348], "val_loss": [4.424278259277344, 3.8588078022003174, 3.377351760864258, 2.9559133052825928, 2.593839645385742, 2.3086323738098145, 2.1041719913482666, 1.967315673828125, 1.8816102743148804, 1.8229390382766724, 1.7806588411331177, 1.7494922876358032, 1.7258270978927612, 1.711951494216919, 1.6965487003326416, 1.6887953281402588, 1.6768183708190918, 1.6702401638031006, 1.6632133722305298, 1.6565287113189697, 1.6542329788208008, 1.6503187417984009, 1.6506457328796387, 1.6507887840270996, 1.648475170135498, 1.6481436491012573, 1.646281361579895, 1.6459463834762573, 1.6403934955596924, 1.6349124908447266, 1.6412034034729004, 1.6373052597045898, 1.6394517421722412, 1.6394102573394775, 1.6375234127044678, 1.6371686458587646, 1.6418498754501343, 1.6389453411102295, 1.6400084495544434, 1.636971116065979, 1.6404668092727661, 1.6394321918487549, 1.647582769393921, 1.6486893892288208, 1.656569004058838, 1.6543502807617188, 1.6576693058013916, 1.6623810529708862, 1.6695845127105713, 1.6660778522491455, 1.6669539213180542, 1.672322392463684, 1.6762889623641968, 1.6789137125015259, 1.6794317960739136, 1.6875102519989014, 1.6894457340240479, 1.6998802423477173, 1.6995192766189575, 1.7072794437408447, 1.72503662109375, 1.7139097452163696, 1.7161678075790405, 1.7242752313613892, 1.7327964305877686, 1.7407007217407227, 1.730489730834961, 1.7351107597351074, 1.7459890842437744, 1.745042085647583, 1.7432714700698853, 1.755235195159912, 1.7609847784042358, 1.7592946290969849, 1.7740528583526611, 1.7694475650787354, 1.7686259746551514, 1.7921980619430542, 1.7931352853775024, 1.8008477687835693, 1.8003817796707153, 1.7955033779144287, 1.7972629070281982, 1.801849365234375, 1.8015756607055664, 1.7882890701293945, 1.8026586771011353, 1.8030400276184082, 1.811432123184204, 1.7966794967651367, 1.8269987106323242, 1.8169838190078735, 1.817859172821045, 1.8335521221160889, 1.8389467000961304, 1.8435183763504028, 1.8378164768218994, 1.8526976108551025, 1.8491716384887695, 1.8684825897216797],