{"loss": [1.9777835607528687, 1.6922273635864258, 1.514718770980835, 1.4111895561218262, 1.3444468975067139, 1.2955321073532104, 1.2557142972946167, 1.2219003438949585, 1.1927800178527832, 1.1682662963867188, 1.145222544670105, 1.1244920492172241, 1.1062731742858887, 1.0893077850341797, 1.0735864639282227, 1.0594072341918945, 1.045515775680542, 1.0330256223678589, 1.0210074186325073, 1.0097856521606445, 0.9991613626480103, 0.9892878532409668, 0.9795309901237488, 0.9698094725608826, 0.960565984249115, 0.9516345262527466, 0.943318784236908, 0.9347054362297058, 0.9265758395195007, 0.9186502695083618, 0.9103178977966309, 0.9031071066856384, 0.8960884213447571, 0.8881542682647705, 0.8811532855033875, 0.8741301894187927, 0.8676408529281616, 0.8612340688705444, 0.8551455140113831, 0.8491500616073608, 0.8434696793556213, 0.8381028771400452, 0.8329667448997498, 0.8279515504837036, 0.8235282301902771, 0.8186343908309937, 0.8144959807395935, 0.8098582625389099, 0.8059667348861694, 0.8017293810844421, 0.7981778979301453, 0.7941451668739319, 0.7908825874328613, 0.7871824502944946, 0.7843744158744812, 0.7810913324356079, 0.7777484059333801, 0.7747777700424194, 0.7716262340545654, 0.7691316604614258, 0.7663296461105347, 0.7636697888374329, 0.7607573866844177, 0.7582070827484131, 0.7558620572090149, 0.7535067200660706, 0.750842273235321, 0.7486952543258667, 0.7460848093032837, 0.7437141537666321, 0.7415750026702881, 0.7391825318336487, 0.7372662425041199, 0.7347006797790527, 0.7328757047653198, 0.7308620810508728, 0.7281574606895447, 0.7263210415840149, 0.7242767810821533, 0.7214954495429993, 0.720298707485199, 0.717415988445282, 0.715879499912262, 0.7138174772262573, 0.7115901708602905, 0.7100157737731934, 0.7082927823066711, 0.7067781686782837, 0.7050929069519043, 0.7030333280563354, 0.7007237076759338, 0.6993447542190552, 0.6975059509277344, 0.695768415927887, 0.6940987706184387, 0.6930442452430725, 0.6911588907241821, 0.6890438795089722, 0.6878409385681152, 0.6861451268196106], "accuracy": [0.26374319195747375, 0.4045321047306061, 0.4261435270309448, 0.4383130371570587, 0.44502726197242737, 0.44859421253204346, 0.45656734704971313, 0.46978598833084106, 0.49055811762809753, 0.51573646068573, 0.5413344502449036, 0.5551825165748596, 0.5621066093444824, 0.5677717328071594, 0.5799412727355957, 0.5824590921401978, 0.5912715196609497, 0.5958875417709351, 0.602182149887085, 0.6057490706443787, 0.6112043857574463, 0.6166597008705139, 0.621695339679718, 0.6233739256858826, 0.6313470602035522, 0.6332353949546814, 0.637431800365448, 0.6414183974266052, 0.6435166001319885, 0.6508602499961853, 0.651909351348877, 0.6546370387077332, 0.6582039594650269, 0.6603021621704102, 0.6619806885719299, 0.6665967106819153, 0.6668065190315247, 0.6710029244422913, 0.6716324090957642, 0.6783466339111328, 0.6785564422607422, 0.6838019490242004, 0.6861099600791931, 0.6865295767784119, 0.6890473961830139, 0.6898866891860962, 0.6913554072380066, 0.6930339932441711, 0.6970205903053284, 0.6982795000076294, 0.7010071277618408, 0.7003777027130127, 0.7045740485191345, 0.7033151388168335, 0.7070919275283813, 0.704993724822998, 0.7062526345252991, 0.7043642401695251, 0.7075115442276001, 0.7073017358779907, 0.7083508372306824, 0.7100293636322021, 0.7100293636322021, 0.710658848285675, 0.7114981412887573, 0.7135962843894958, 0.71380615234375, 0.7159042954444885, 0.716323971748352, 0.7173730731010437, 0.7169533967971802, 0.7184221744537354, 0.7198908925056458, 0.7196810841560364, 0.7215694785118103, 0.7203105092048645, 0.7234578132629395, 0.7203105092048645, 0.7272346019744873, 0.7272346019744873, 0.7278640270233154, 0.7274444103240967, 0.726395308971405, 0.728283703327179, 0.7289131283760071, 0.7297524213790894, 0.72954261302948, 0.730801522731781, 0.732060432434082, 0.7301720380783081, 0.7328997254371643, 0.7333193421363831, 0.7333193421363831, 0.7341586351394653, 0.7360469698905945, 0.7373059391975403, 0.7379353642463684, 0.7402433753013611, 0.7410826683044434, 0.740872859954834], "val_loss": [1.8981796503067017, 1.6865463256835938, 1.5726394653320312, 1.5000771284103394, 1.4562602043151855, 1.4206620454788208, 1.392899990081787, 1.3723578453063965, 1.3560303449630737, 1.3424336910247803, 1.331492304801941, 1.3215227127075195, 1.3134557008743286, 1.3080360889434814, 1.303935170173645, 1.297708511352539, 1.2915862798690796, 1.2879990339279175, 1.286421298980713, 1.2833627462387085, 1.2833151817321777, 1.2844703197479248, 1.2877190113067627, 1.286118507385254, 1.2912077903747559, 1.292515516281128, 1.295059084892273, 1.2985312938690186, 1.2978264093399048, 1.3051398992538452, 1.307999849319458, 1.310247540473938, 1.3184645175933838, 1.3291434049606323, 1.332920789718628, 1.336800456047058, 1.3454391956329346, 1.3530946969985962, 1.3570319414138794, 1.3640633821487427, 1.3707133531570435, 1.3802433013916016, 1.3809186220169067, 1.3887585401535034, 1.3980697393417358, 1.4044784307479858, 1.4105675220489502, 1.4170098304748535, 1.4248125553131104, 1.4239110946655273, 1.4327629804611206, 1.4356749057769775, 1.444286823272705, 1.449625015258789, 1.4511104822158813, 1.4556530714035034, 1.4610450267791748, 1.4667363166809082, 1.4680629968643188, 1.472902774810791, 1.4780303239822388, 1.4848638772964478, 1.4937379360198975, 1.4958797693252563, 1.4976780414581299, 1.5009469985961914, 1.5021123886108398, 1.503326654434204, 1.5053011178970337, 1.5081443786621094, 1.510758876800537, 1.5175526142120361, 1.5127723217010498, 1.5215414762496948, 1.52126944065094, 1.5230211019515991, 1.510810136795044, 1.523951530456543, 1.5243643522262573, 1.5272674560546875, 1.5394924879074097, 1.533235788345337, 1.5426608324050903, 1.5363227128982544, 1.5359594821929932, 1.5464228391647339, 1.5487958192825317, 1.5526115894317627, 1.5622164011001587, 1.5581833124160767, 1.5568472146987915, 1.5608952045440674, 1.5735467672348022, 1.5682700872421265, 1.5747191905975342, 1.5758991241455078, 1.5791335105895996, 1.5822194814682007, 1.5859044790267944, 1.5780198574066162],