{"loss": [2.7542974948883057, 2.382768392562866, 2.1199777126312256, 1.926404356956482, 1.7834633588790894, 1.6835609674453735, 1.6138269901275635, 1.562635898590088, 1.5219683647155762, 1.4906820058822632, 1.4653311967849731, 1.4447969198226929, 1.4275906085968018, 1.411691665649414, 1.396942377090454, 1.3827860355377197, 1.3701101541519165, 1.358572244644165, 1.3479429483413696, 1.3377434015274048, 1.3293638229370117, 1.3210054636001587, 1.3121788501739502, 1.304754376411438, 1.2992929220199585, 1.2942942380905151, 1.2898756265640259, 1.2853429317474365, 1.281111240386963, 1.2770905494689941, 1.2738953828811646, 1.2701481580734253, 1.267031192779541, 1.2638524770736694, 1.2600473165512085, 1.2548238039016724, 1.251318335533142, 1.2482824325561523, 1.245347023010254, 1.2423598766326904, 1.2399344444274902, 1.237023115158081, 1.2344807386398315, 1.2321316003799438, 1.229055643081665, 1.2261817455291748, 1.223215103149414, 1.2222580909729004, 1.219164252281189, 1.21676504611969, 1.2144984006881714, 1.2105273008346558, 1.2072638273239136, 1.2049007415771484, 1.2018171548843384, 1.1999953985214233, 1.1962488889694214, 1.1950852870941162, 1.1917188167572021, 1.1896494626998901, 1.1870331764221191, 1.1854926347732544, 1.183006763458252, 1.1811407804489136, 1.1786189079284668, 1.1760236024856567, 1.1725139617919922, 1.1698812246322632, 1.168641209602356, 1.1666423082351685, 1.1624903678894043, 1.1614166498184204, 1.1601208448410034, 1.1562626361846924, 1.1533138751983643, 1.1512736082077026, 1.1499756574630737, 1.1455249786376953, 1.142836332321167, 1.1412162780761719, 1.136788010597229, 1.1340422630310059, 1.132407546043396, 1.130234956741333, 1.1272683143615723, 1.1225608587265015, 1.117387294769287, 1.1149699687957764, 1.1115965843200684, 1.110274314880371, 1.107696533203125, 1.1059556007385254, 1.107012152671814, 1.099241018295288, 1.0979169607162476, 1.098618745803833, 1.0965518951416016, 1.0941764116287231, 1.0892436504364014, 1.0899282693862915], "accuracy": [0.30276963114738464, 0.4045321047306061, 0.40684011578559875, 0.40411245822906494, 0.4043222963809967, 0.4066303074359894, 0.4127150774002075, 0.4137641489505768, 0.41397398710250854, 0.41691145300865173, 0.41817036271095276, 0.41900965571403503, 0.4240453243255615, 0.4248845875263214, 0.4284515380859375, 0.4355854094028473, 0.43957197666168213, 0.45090222358703613, 0.4653797745704651, 0.4674779772758484, 0.4773394763469696, 0.4823751449584961, 0.48678135871887207, 0.4880402982234955, 0.4895090162754059, 0.49412503838539124, 0.49181702733039856, 0.4972723424434662, 0.4966428875923157, 0.5008392930030823, 0.5020982027053833, 0.5035669207572937, 0.5018883943557739, 0.5054553151130676, 0.5052455067634583, 0.5071338415145874, 0.5083928108215332, 0.5111204385757446, 0.5132186412811279, 0.514477550983429, 0.5142677426338196, 0.5163659453392029, 0.5163659453392029, 0.5209819674491882, 0.5178346633911133, 0.520142674446106, 0.5222408771514893, 0.5199328660964966, 0.5234997868537903, 0.5247586965560913, 0.5295845866203308, 0.5279060006141663, 0.5325220227241516, 0.5386068224906921, 0.5358791351318359, 0.5417540669441223, 0.5407049655914307, 0.5388166308403015, 0.5478388667106628, 0.5444817543029785, 0.5509861707687378, 0.5480486750602722, 0.5509861707687378, 0.5566512942314148, 0.5520352721214294, 0.5600084066390991, 0.5633655190467834, 0.5658833384513855, 0.5650440454483032, 0.5667226314544678, 0.5681913495063782, 0.5667226314544678, 0.5658833384513855, 0.5704993605613708, 0.5723877549171448, 0.5704993605613708, 0.5721779465675354, 0.5778430700302124, 0.5782626867294312, 0.5809903740882874, 0.5809903740882874, 0.578892171382904, 0.5851867198944092, 0.5860260128974915, 0.5856063961982727, 0.5885438323020935, 0.5935795307159424, 0.5893831253051758, 0.5931598544120789, 0.593369722366333, 0.5963071584701538, 0.597775936126709, 0.5963071584701538, 0.6044901609420776, 0.6017624735832214, 0.6044901609420776, 0.6061686873435974, 0.6019722819328308, 0.6049097776412964, 0.6040704846382141], "val_loss": [2.6347310543060303, 2.346346616744995, 2.1398606300354004, 1.987290859222412, 1.8770302534103394, 1.8011125326156616, 1.7471058368682861, 1.7082611322402954, 1.681555151939392, 1.6608186960220337, 1.64496648311615, 1.6309508085250854, 1.621797800064087, 1.6130406856536865, 1.6033467054367065, 1.5998897552490234, 1.5951591730117798, 1.5939878225326538, 1.5924103260040283, 1.5970263481140137, 1.5963294506072998, 1.5972135066986084, 1.5970995426177979, 1.6024876832962036, 1.6036792993545532, 1.6029752492904663, 1.6076502799987793, 1.6074409484863281, 1.6102272272109985, 1.6117829084396362, 1.6179622411727905, 1.6164947748184204, 1.6186870336532593, 1.6227920055389404, 1.6269190311431885, 1.6276533603668213, 1.6195951700210571, 1.6275315284729004, 1.629067301750183, 1.6313928365707397, 1.6328186988830566, 1.6352312564849854, 1.6353975534439087, 1.6350278854370117, 1.6367509365081787, 1.645391583442688, 1.6339881420135498, 1.6395119428634644, 1.6386178731918335, 1.6424928903579712, 1.6475595235824585, 1.6444162130355835, 1.647667407989502, 1.6499667167663574, 1.6478220224380493, 1.651233196258545, 1.6538951396942139, 1.653814435005188, 1.6640957593917847, 1.6648147106170654, 1.6647789478302002, 1.6728729009628296, 1.6676316261291504, 1.6669892072677612, 1.676403284072876, 1.6873992681503296, 1.6815769672393799, 1.6897236108779907, 1.6914753913879395, 1.7036160230636597, 1.7056277990341187, 1.7019468545913696, 1.7041094303131104, 1.7146985530853271, 1.7107503414154053, 1.7120832204818726, 1.7189139127731323, 1.7197015285491943, 1.7179512977600098, 1.722368597984314, 1.7291325330734253, 1.7204338312149048, 1.7273057699203491, 1.7343920469284058, 1.7330986261367798, 1.7410987615585327, 1.7324633598327637, 1.7448383569717407, 1.7545931339263916, 1.7500041723251343, 1.753065586090088, 1.7673410177230835, 1.7635183334350586, 1.7542227506637573, 1.7608401775360107, 1.7720032930374146, 1.7914202213287354, 1.7807258367538452, 1.7820775508880615, 1.7931500673294067],