{"loss": [2.8000502586364746, 2.413228750228882, 2.137524127960205, 1.9325377941131592, 1.7822567224502563, 1.6758337020874023, 1.599807858467102, 1.5459604263305664, 1.5037322044372559, 1.4719351530075073, 1.4463913440704346, 1.4260001182556152, 1.4076910018920898, 1.3921791315078735, 1.3776195049285889, 1.3646068572998047, 1.352494716644287, 1.341752290725708, 1.331137776374817, 1.3212499618530273, 1.3117475509643555, 1.3039734363555908, 1.2969554662704468, 1.2904901504516602, 1.2846606969833374, 1.2799673080444336, 1.2748252153396606, 1.2715442180633545, 1.2672749757766724, 1.2636992931365967, 1.2607381343841553, 1.257180094718933, 1.2546941041946411, 1.2504503726959229, 1.2471668720245361, 1.2433162927627563, 1.2393255233764648, 1.2349083423614502, 1.2309279441833496, 1.2265000343322754, 1.2238075733184814, 1.2188009023666382, 1.2129886150360107, 1.2081913948059082, 1.200689673423767, 1.1929587125778198, 1.179892897605896, 1.1603435277938843, 1.1344692707061768, 1.1165416240692139, 1.1066691875457764, 1.0988709926605225, 1.0865211486816406, 1.0837204456329346, 1.0758167505264282, 1.0701584815979004, 1.0662802457809448, 1.0700089931488037, 1.063105821609497, 1.0512267351150513, 1.050977349281311, 1.043940782546997, 1.0409691333770752, 1.0383614301681519, 1.0393620729446411, 1.0334643125534058, 1.031638503074646, 1.0323734283447266, 1.0276540517807007, 1.0256496667861938, 1.03074049949646, 1.0221149921417236, 1.0263078212738037, 1.0255295038223267, 1.024000883102417, 1.0199038982391357, 1.0187453031539917, 1.0174511671066284, 1.0189787149429321, 1.014456868171692, 1.0118517875671387, 1.0105533599853516, 1.022339105606079, 1.0155479907989502, 1.011268973350525, 1.0143972635269165, 1.007433295249939, 1.0087292194366455, 1.011946201324463, 1.010576844215393, 1.009834885597229, 1.007900595664978, 1.0077909231185913, 1.001698613166809, 1.000583291053772, 1.0043729543685913, 1.0043933391571045, 1.0033786296844482, 0.9954314827919006, 0.995010495185852], "accuracy": [0.17827825248241425, 0.27825722098350525, 0.40601977705955505, 0.4378025531768799, 0.40517786145210266, 0.4077036380767822, 0.4091770052909851, 0.4167543649673462, 0.4173858165740967, 0.4220164120197296, 0.42054304480552673, 0.4245421886444092, 0.4283308684825897, 0.4283308684825897, 0.43969690799713135, 0.43969690799713135, 0.44685328006744385, 0.46811196208000183, 0.46727004647254944, 0.47989895939826965, 0.47884654998779297, 0.48768681287765503, 0.4912649989128113, 0.48789727687835693, 0.4881077706813812, 0.4893706440925598, 0.49336981773376465, 0.49231740832328796, 0.49336981773376465, 0.49358031153678894, 0.496737539768219, 0.4969480037689209, 0.4973689615726471, 0.4958955943584442, 0.4969480037689209, 0.4975794553756714, 0.5017890930175781, 0.50199955701828, 0.5051568150520325, 0.5114712715148926, 0.5108398199081421, 0.5127341747283936, 0.5182067155838013, 0.5207324624061584, 0.5228372812271118, 0.5306251049041748, 0.5405178070068359, 0.5617764592170715, 0.5737739205360413, 0.5800883769989014, 0.5868238210678101, 0.5939801931381226, 0.5992422699928284, 0.5979793667793274, 0.6032414436340332, 0.6021890044212341, 0.6101873517036438, 0.6103978157043457, 0.6114501953125, 0.6154493689537048, 0.6154493689537048, 0.6192380785942078, 0.6190275549888611, 0.6177646517753601, 0.6207114458084106, 0.6270259022712708, 0.6245000958442688, 0.6232371926307678, 0.6295516490936279, 0.6297621726989746, 0.6282888054847717, 0.6257629990577698, 0.6266049146652222, 0.6263944506645203, 0.6266049146652222, 0.6291307210922241, 0.6310250759124756, 0.630604088306427, 0.6308145523071289, 0.633129894733429, 0.6341822743415833, 0.6343927383422852, 0.6295516490936279, 0.630604088306427, 0.6373395323753357, 0.6335508227348328, 0.63839191198349, 0.6369185447692871, 0.6407071948051453, 0.6415491700172424, 0.6411281824111938, 0.6386023759841919, 0.6417596340179443, 0.6432330012321472, 0.6423910856246948, 0.6436539888381958, 0.6466007232666016, 0.644916832447052, 0.647442638874054, 0.647442638874054], "val_loss": [2.6566407680511475, 2.365156650543213, 2.1493186950683594, 1.9957749843597412, 1.889717698097229, 1.8147637844085693, 1.764169454574585, 1.7235448360443115, 1.6929768323898315, 1.671589732170105, 1.6545130014419556, 1.6417677402496338, 1.631534457206726, 1.6233144998550415, 1.6159368753433228, 1.609473466873169, 1.6043035984039307, 1.5998753309249878, 1.5977096557617188, 1.5970591306686401, 1.60092294216156, 1.60207200050354, 1.600925326347351, 1.6009410619735718, 1.6070162057876587, 1.6087392568588257, 1.6072968244552612, 1.6079826354980469, 1.6131832599639893, 1.6053450107574463, 1.6081700325012207, 1.606209397315979, 1.6073447465896606, 1.614707112312317, 1.6118279695510864, 1.6172184944152832, 1.614831566810608, 1.6140230894088745, 1.6254734992980957, 1.6196573972702026, 1.6215648651123047, 1.620086908340454, 1.6315727233886719, 1.6282004117965698, 1.6305938959121704, 1.6276935338974, 1.6302932500839233, 1.6414518356323242, 1.641046166419983, 1.6667945384979248, 1.6587855815887451, 1.6670161485671997, 1.6802334785461426, 1.698294758796692, 1.6910934448242188, 1.7005301713943481, 1.7025537490844727, 1.704521656036377, 1.7070249319076538, 1.7147117853164673, 1.727418065071106, 1.7381881475448608, 1.7472678422927856, 1.7467373609542847, 1.7476459741592407, 1.7525489330291748, 1.7599178552627563, 1.7711293697357178, 1.7685809135437012, 1.7747936248779297, 1.7663366794586182, 1.7788474559783936, 1.778424859046936, 1.7839936017990112, 1.7830206155776978, 1.7932887077331543, 1.786316156387329, 1.7943434715270996, 1.805983543395996, 1.8055490255355835, 1.813961386680603, 1.8238214254379272, 1.8214081525802612, 1.8140653371810913, 1.8241738080978394, 1.8254271745681763, 1.835479736328125, 1.8273178339004517, 1.8333361148834229, 1.8401507139205933, 1.8419276475906372, 1.8518016338348389, 1.8490196466445923, 1.845131278038025, 1.850111484527588, 1.8484858274459839, 1.8603659868240356, 1.8614847660064697, 1.8819770812988281, 1.8753196001052856],