{"loss": [4.015320301055908, 3.55222225189209, 2.966538906097412, 2.4672789573669434, 2.1466596126556396, 1.86631441116333, 1.6636829376220703, 1.5221214294433594, 1.4078357219696045, 1.3129936456680298, 1.2349344491958618, 1.1756634712219238, 1.1279995441436768, 1.0876494646072388, 1.0544804334640503, 1.0236990451812744, 0.9937387108802795, 0.9686933159828186, 0.9462342262268066, 0.9249439835548401, 0.9057944416999817, 0.8860451579093933, 0.8684408664703369, 0.8515615463256836, 0.8367033004760742, 0.8210536241531372, 0.8067732453346252, 0.7943539023399353, 0.7823922634124756, 0.7713391780853271, 0.761306881904602, 0.751701295375824, 0.7424120306968689, 0.7335925102233887, 0.7250545620918274, 0.7159838676452637, 0.704998254776001, 0.6973660588264465, 0.6904345750808716, 0.683538556098938, 0.677058756351471, 0.6704033613204956, 0.6644978523254395, 0.6594201922416687, 0.6530309915542603, 0.6479238271713257, 0.6426391005516052, 0.6377878189086914, 0.6329309940338135, 0.627792239189148, 0.6231706738471985, 0.6187757253646851, 0.6156639456748962, 0.6105672121047974, 0.6067942976951599, 0.6030862331390381, 0.6003249287605286, 0.5957146883010864, 0.5932530760765076, 0.5892557501792908, 0.586171567440033, 0.5824301242828369, 0.5783126950263977, 0.5766041278839111, 0.573218822479248, 0.5702147483825684, 0.5668343901634216, 0.5636341571807861, 0.561538815498352, 0.5589158535003662, 0.5569570660591125, 0.554182767868042, 0.5512754321098328, 0.5495418906211853, 0.5468029975891113, 0.5446791052818298, 0.5431549549102783, 0.54009610414505, 0.5375414490699768, 0.5366623997688293, 0.5329270958900452, 0.5313082337379456, 0.5286245942115784, 0.5267459750175476, 0.5244000554084778, 0.5224878787994385, 0.5180219411849976, 0.5165858268737793, 0.5140829086303711, 0.5128415822982788, 0.5105141997337341, 0.5082355737686157, 0.5062549710273743, 0.5049893260002136, 0.502358078956604, 0.500755786895752, 0.4992251396179199, 0.49760037660598755, 0.4962926208972931, 0.494911789894104], "accuracy": [0.24747687578201294, 0.3929772973060608, 0.4249369204044342, 0.44196805357933044, 0.4751892387866974, 0.5237594842910767, 0.5712783932685852, 0.5979815125465393, 0.6169049739837646, 0.6312026977539062, 0.6406643986701965, 0.6511774659156799, 0.656854510307312, 0.6595878601074219, 0.6646341681480408, 0.672203540802002, 0.6745163798332214, 0.6772497892379761, 0.6822960376739502, 0.6902859807014465, 0.6913372874259949, 0.6968040466308594, 0.6976450681686401, 0.7026913166046143, 0.7068965435028076, 0.7115222811698914, 0.7132043838500977, 0.714886486530304, 0.7188814282417297, 0.7222455739974976, 0.7279226183891296, 0.732758641242981, 0.7331791520118713, 0.7382254004478455, 0.7390664219856262, 0.7430614233016968, 0.7485281825065613, 0.7542052268981934, 0.7521026134490967, 0.7535744309425354, 0.7584104537963867, 0.7588309645652771, 0.7624053955078125, 0.7621951103210449, 0.7640874981880188, 0.7680824398994446, 0.7691337466239929, 0.7706055641174316, 0.7733389139175415, 0.7746005058288574, 0.7767031192779541, 0.7815390825271606, 0.7813288569450378, 0.7819596529006958, 0.7834314703941345, 0.7834314703941345, 0.7830109596252441, 0.7842724919319153, 0.7880572080612183, 0.789529025554657, 0.7893187403678894, 0.7876366972923279, 0.7905803322792053, 0.7901598215103149, 0.789529025554657, 0.7918418645858765, 0.7912111282348633, 0.7922624349594116, 0.7941547632217407, 0.7956265807151794, 0.7937342524528503, 0.7970983982086182, 0.7979394197463989, 0.7985702157020569, 0.7981497049331665, 0.7996215224266052, 0.7998318076133728, 0.800462543964386, 0.7996215224266052, 0.8025651574134827, 0.803616464138031, 0.8044575452804565, 0.8046677708625793, 0.804247260093689, 0.8065601587295532, 0.8084524869918823, 0.8088729977607727, 0.8084524869918823, 0.8118166327476501, 0.8109756112098694, 0.8126577138900757, 0.8122372031211853, 0.8116064071655273, 0.8141295313835144, 0.8149705529212952, 0.8162321448326111, 0.8151808381080627, 0.8156013488769531, 0.8174936771392822, 0.8172834515571594], "val_loss": [3.833895683288574, 3.3699748516082764, 2.881317377090454, 2.604668140411377, 2.376760721206665, 2.1762449741363525, 2.055819034576416, 1.9663618803024292, 1.8977305889129639, 1.8439629077911377, 1.805317759513855, 1.7794437408447266, 1.758169412612915, 1.7406290769577026, 1.7219959497451782, 1.7058665752410889, 1.6910499334335327, 1.6771409511566162, 1.6660490036010742, 1.6508268117904663, 1.6237447261810303, 1.607748031616211, 1.6051758527755737, 1.5995111465454102, 1.5882024765014648, 1.5767863988876343, 1.5648239850997925, 1.5639126300811768, 1.5596256256103516, 1.5651121139526367, 1.5623106956481934, 1.5786172151565552, 1.5758655071258545, 1.5684444904327393, 1.5797383785247803, 1.5765947103500366, 1.5869852304458618, 1.594952940940857, 1.5766311883926392, 1.5980788469314575, 1.6135298013687134, 1.603841781616211, 1.6136432886123657, 1.6368296146392822, 1.6259742975234985, 1.6313364505767822, 1.6317286491394043, 1.6450328826904297, 1.6589581966400146, 1.6884875297546387, 1.664550542831421, 1.655824899673462, 1.6745420694351196, 1.6875, 1.6687649488449097, 1.6699644327163696, 1.6878266334533691, 1.6956934928894043, 1.6913188695907593, 1.706862211227417, 1.7067168951034546, 1.709717035293579, 1.7171376943588257, 1.728054404258728, 1.7190768718719482, 1.7124888896942139, 1.7336007356643677, 1.7654293775558472, 1.7419432401657104, 1.7610284090042114, 1.7465784549713135, 1.7780054807662964, 1.753572702407837, 1.7893823385238647, 1.793229579925537, 1.8026318550109863, 1.7700918912887573, 1.7980843782424927, 1.7866549491882324, 1.8100992441177368, 1.7902517318725586, 1.804490327835083, 1.7910691499710083, 1.802571415901184, 1.822859287261963, 1.8336284160614014, 1.79563307762146, 1.8207175731658936, 1.849945306777954, 1.8211157321929932, 1.8450944423675537, 1.8445491790771484, 1.8227288722991943, 1.8256025314331055, 1.8644903898239136, 1.844412922859192, 1.8487999439239502, 1.8275232315063477, 1.8363028764724731, 1.8477076292037964],