{"loss": [3.3059675693511963, 2.6529436111450195, 2.1927125453948975, 1.8986995220184326, 1.7180641889572144, 1.605484127998352, 1.5326151847839355, 1.481321930885315, 1.4447999000549316, 1.4168418645858765, 1.3948490619659424, 1.3763586282730103, 1.3600863218307495, 1.3458657264709473, 1.333409309387207, 1.3221451044082642, 1.3123903274536133, 1.3033148050308228, 1.2937260866165161, 1.284583330154419, 1.2758769989013672, 1.266632318496704, 1.2593905925750732, 1.2518863677978516, 1.2455490827560425, 1.2382192611694336, 1.231634497642517, 1.2255175113677979, 1.2201985120773315, 1.2157684564590454, 1.2096538543701172, 1.204072117805481, 1.1982303857803345, 1.1936615705490112, 1.1888750791549683, 1.1839982271194458, 1.17951238155365, 1.1741153001785278, 1.1696853637695312, 1.1651802062988281, 1.161071538925171, 1.1570534706115723, 1.1524231433868408, 1.1488478183746338, 1.1458345651626587, 1.142169713973999, 1.138185739517212, 1.1347569227218628, 1.1315997838974, 1.1279617547988892, 1.1255741119384766, 1.1225643157958984, 1.1190605163574219, 1.116405725479126, 1.113832950592041, 1.110937476158142, 1.1084625720977783, 1.1058037281036377, 1.1033984422683716, 1.1013003587722778, 1.0983790159225464, 1.0962191820144653, 1.094038963317871, 1.0918899774551392, 1.0904076099395752, 1.087828516960144, 1.0857325792312622, 1.0841405391693115, 1.0814822912216187, 1.0798224210739136, 1.0783051252365112, 1.0765830278396606, 1.074516773223877, 1.0733280181884766, 1.0712605714797974, 1.0708355903625488, 1.0682456493377686, 1.0665477514266968, 1.0645723342895508, 1.0637308359146118, 1.0610992908477783, 1.0592366456985474, 1.0583163499832153, 1.0571026802062988, 1.0552319288253784, 1.0539368391036987, 1.053665280342102, 1.0517219305038452, 1.0505166053771973, 1.0488125085830688, 1.048047661781311, 1.0472358465194702, 1.0455228090286255, 1.0441263914108276, 1.0435045957565308, 1.042474389076233, 1.0405665636062622, 1.0398019552230835, 1.03939688205719, 1.0385315418243408], "accuracy": [0.1798742115497589, 0.31467506289482117, 0.41844862699508667, 0.43396225571632385, 0.4165618419647217, 0.4201257824897766, 0.4215932786464691, 0.42473796010017395, 0.42620545625686646, 0.42557650804519653, 0.4270440340042114, 0.425995796918869, 0.42851153016090393, 0.42914044857025146, 0.43060797452926636, 0.4341719150543213, 0.4348008334636688, 0.4360587000846863, 0.4396226406097412, 0.44025155901908875, 0.4459119439125061, 0.451362669467926, 0.45157232880592346, 0.4551362693309784, 0.4576520025730133, 0.4616352319717407, 0.47547170519828796, 0.4786163568496704, 0.48951780796051025, 0.4918239116668701, 0.49685534834861755, 0.50209641456604, 0.5098532438278198, 0.5119496583938599, 0.5123689770698547, 0.5167714953422546, 0.5186582803726196, 0.5247379541397095, 0.5280922651290894, 0.5303983092308044, 0.5306079387664795, 0.5348008275032043, 0.5389937162399292, 0.5436058640480042, 0.5444444417953491, 0.545911967754364, 0.5473794341087341, 0.547589123249054, 0.5522012710571289, 0.5574423670768738, 0.5559748411178589, 0.5591195225715637, 0.5601677298545837, 0.5624737739562988, 0.5593291521072388, 0.5660377144813538, 0.5639412999153137, 0.5670859813690186, 0.5668762922286987, 0.5679244995117188, 0.5733752846717834, 0.5729559659957886, 0.5725367069244385, 0.5712788105010986, 0.5767295360565186, 0.5737945437431335, 0.5719077587127686, 0.5769392251968384, 0.5721173882484436, 0.5788260102272034, 0.5765199065208435, 0.5771488547325134, 0.5823899507522583, 0.5754716992378235, 0.5807127952575684, 0.5811320543289185, 0.5813417434692383, 0.5807127952575684, 0.5821803212165833, 0.5842767357826233, 0.5844863653182983, 0.5836477875709534, 0.5842767357826233, 0.5849056839942932, 0.5842767357826233, 0.5842767357826233, 0.5859538912773132, 0.5886792540550232, 0.5857442617416382, 0.5890985131263733, 0.5853249430656433, 0.5855345726013184, 0.5870020985603333, 0.5895178318023682, 0.5911949872970581, 0.5872117280960083, 0.5922431945800781, 0.5895178318023682, 0.5872117280960083, 0.5926624536514282], "val_loss": [3.062790632247925, 2.556859016418457, 2.218249797821045, 2.005174160003662, 1.869500994682312, 1.7819746732711792, 1.7177062034606934, 1.6772931814193726, 1.6467167139053345, 1.6209346055984497, 1.6011450290679932, 1.5871349573135376, 1.5746556520462036, 1.5634543895721436, 1.5542103052139282, 1.5484497547149658, 1.5438485145568848, 1.5354435443878174, 1.5294556617736816, 1.5261759757995605, 1.521651029586792, 1.5179978609085083, 1.5116515159606934, 1.5105159282684326, 1.5076984167099, 1.5064407587051392, 1.503768801689148, 1.5024884939193726, 1.5012043714523315, 1.4971578121185303, 1.4968856573104858, 1.4963500499725342, 1.4959629774093628, 1.492641568183899, 1.4938716888427734, 1.4971164464950562, 1.4948102235794067, 1.4918677806854248, 1.4897595643997192, 1.489574909210205, 1.4875105619430542, 1.4849392175674438, 1.4842877388000488, 1.4829614162445068, 1.4828863143920898, 1.4801452159881592, 1.4816622734069824, 1.4809870719909668, 1.4820438623428345, 1.4785633087158203, 1.473238229751587, 1.4758186340332031, 1.4718855619430542, 1.4707695245742798, 1.468488097190857, 1.4716333150863647, 1.4668998718261719, 1.4674713611602783, 1.466867446899414, 1.4686604738235474, 1.4697505235671997, 1.470291256904602, 1.4675861597061157, 1.4659004211425781, 1.4680347442626953, 1.4687292575836182, 1.4682674407958984, 1.4667167663574219, 1.468858242034912, 1.4678312540054321, 1.4675673246383667, 1.4691914319992065, 1.4681642055511475, 1.4690741300582886, 1.4699362516403198, 1.4683185815811157, 1.468736171722412, 1.4669218063354492, 1.4691827297210693, 1.4730550050735474, 1.4684494733810425, 1.4720081090927124, 1.471640944480896, 1.4710044860839844, 1.4713404178619385, 1.473691463470459, 1.470916748046875, 1.4725509881973267, 1.4762369394302368, 1.4742836952209473, 1.4749914407730103, 1.471876621246338, 1.4739750623703003, 1.477902889251709, 1.4734221696853638, 1.478676199913025, 1.4793695211410522, 1.4811750650405884, 1.4833521842956543, 1.4829524755477905],