{"loss": [5.0752434730529785, 3.96566104888916, 2.9587912559509277, 2.2206311225891113, 1.7735085487365723, 1.5280747413635254, 1.3854613304138184, 1.2890340089797974, 1.2171733379364014, 1.1593900918960571, 1.113434076309204, 1.0760411024093628, 1.0425829887390137, 1.0111019611358643, 0.9829078912734985, 0.9564038515090942, 0.9316032528877258, 0.9079129099845886, 0.8852035999298096, 0.8625594973564148, 0.8408172130584717, 0.819794237613678, 0.7986457347869873, 0.7764853835105896, 0.7557345032691956, 0.7365368008613586, 0.7190523743629456, 0.7026323080062866, 0.6870030164718628, 0.6725687384605408, 0.6589634418487549, 0.6458159685134888, 0.6358923316001892, 0.6253719925880432, 0.6160892844200134, 0.6071743965148926, 0.5996184945106506, 0.5911337733268738, 0.5835536122322083, 0.5763532519340515, 0.5701364874839783, 0.5647132992744446, 0.5597471594810486, 0.5544024705886841, 0.5434043407440186, 0.5392574071884155, 0.5347002744674683, 0.5329013466835022, 0.5290064811706543, 0.5260206460952759, 0.5218186974525452, 0.5181408524513245, 0.5145170092582703, 0.5122337341308594, 0.5085697174072266, 0.5076016187667847, 0.5057575106620789, 0.5023128390312195, 0.4997348189353943, 0.49754688143730164, 0.4952933192253113, 0.4947420060634613, 0.49201205372810364, 0.48849818110466003, 0.4860697090625763, 0.4856546223163605, 0.48217445611953735, 0.48095574975013733, 0.4793034791946411, 0.4772201180458069, 0.4757775664329529, 0.4731355607509613, 0.4730440676212311, 0.4705391228199005, 0.4685477018356323, 0.466538667678833, 0.46608635783195496, 0.4625731408596039, 0.46063849329948425, 0.458693265914917, 0.45853203535079956, 0.4558641016483307, 0.4540407359600067, 0.4527148902416229, 0.4504290223121643, 0.4478133022785187, 0.4472924768924713, 0.44407495856285095, 0.4424097537994385, 0.44167980551719666, 0.43803873658180237, 0.4384731352329254, 0.43513229489326477, 0.43315455317497253, 0.4313819110393524, 0.4279962182044983, 0.4271557629108429, 0.4234900176525116, 0.4245317876338959, 0.42224112153053284], "accuracy": [0.2676618993282318, 0.4175778031349182, 0.4566862881183624, 0.4749789834022522, 0.5111438035964966, 0.5382674336433411, 0.5586627125740051, 0.5775862336158752, 0.5893608331680298, 0.6074432134628296, 0.6160638928413391, 0.6246846318244934, 0.6305719017982483, 0.6427670121192932, 0.6494953632354736, 0.6534903049468994, 0.6667367815971375, 0.6761984825134277, 0.6839781403541565, 0.6907064914703369, 0.6991168856620789, 0.7123633027076721, 0.7176198363304138, 0.7281329035758972, 0.732127845287323, 0.7388561964035034, 0.7449537515640259, 0.7510513067245483, 0.7565180659294128, 0.7619848847389221, 0.7680824398994446, 0.7714465856552124, 0.7792262434959412, 0.7817493677139282, 0.7882674336433411, 0.7878469228744507, 0.7912111282348633, 0.7939444780349731, 0.7966778874397278, 0.7975189089775085, 0.8019344210624695, 0.8027754426002502, 0.803616464138031, 0.8084524869918823, 0.8103448152542114, 0.8126577138900757, 0.8151808381080627, 0.8164423704147339, 0.8162321448326111, 0.8200168013572693, 0.8202270865440369, 0.8195962905883789, 0.8225399255752563, 0.8212783932685852, 0.8248528242111206, 0.824642539024353, 0.8248528242111206, 0.8254836201667786, 0.8280067443847656, 0.8269554376602173, 0.8307400941848755, 0.8294785618782043, 0.8298990726470947, 0.8328427076339722, 0.8341042995452881, 0.8343145251274109, 0.8338940143585205, 0.8351556062698364, 0.8349453210830688, 0.8364171385765076, 0.8366274237632751, 0.836837649345398, 0.8376787304878235, 0.8376787304878235, 0.8408326506614685, 0.8412531614303589, 0.8402018547058105, 0.8414633870124817, 0.843145489692688, 0.8441967964172363, 0.8429352641105652, 0.8454583883285522, 0.8441967964172363, 0.8439865708351135, 0.8473507165908813, 0.846930205821991, 0.8467199206352234, 0.8477712273597717, 0.8479815125465393, 0.8488225340843201, 0.8502943515777588, 0.8488225340843201, 0.8492430448532104, 0.8511354327201843, 0.8515559434890747, 0.8530277609825134, 0.8532379865646362, 0.8551303744316101, 0.8534482717514038, 0.8532379865646362], "val_loss": [4.52241849899292, 3.496459722518921, 2.708292245864868, 2.194988250732422, 1.9056278467178345, 1.7389018535614014, 1.6355435848236084, 1.5604581832885742, 1.5115139484405518, 1.4784430265426636, 1.4536311626434326, 1.4312161207199097, 1.4096035957336426, 1.3929507732391357, 1.3838990926742554, 1.3721319437026978, 1.3683252334594727, 1.3671377897262573, 1.3649907112121582, 1.3578639030456543, 1.3563711643218994, 1.3573899269104004, 1.3563729524612427, 1.3584916591644287, 1.364241123199463, 1.3639637231826782, 1.37129545211792, 1.3722667694091797, 1.3786616325378418, 1.3881148099899292, 1.4008432626724243, 1.3965487480163574, 1.402299165725708, 1.4155722856521606, 1.4216841459274292, 1.4302674531936646, 1.4401235580444336, 1.4385377168655396, 1.4398858547210693, 1.4482344388961792, 1.4501535892486572, 1.457478642463684, 1.4647221565246582, 1.4766309261322021, 1.4915841817855835, 1.4978811740875244, 1.5109437704086304, 1.5139257907867432, 1.5196077823638916, 1.5284980535507202, 1.5300344228744507, 1.5340874195098877, 1.5374795198440552, 1.5483546257019043, 1.5454866886138916, 1.536790370941162, 1.5459262132644653, 1.5526407957077026, 1.5423295497894287, 1.5517017841339111, 1.549641728401184, 1.5623753070831299, 1.5566786527633667, 1.5573203563690186, 1.5522888898849487, 1.5557886362075806, 1.5562423467636108, 1.5589758157730103, 1.5608243942260742, 1.5667040348052979, 1.5595030784606934, 1.571916103363037, 1.5734683275222778, 1.5810166597366333, 1.5776350498199463, 1.5948810577392578, 1.5845178365707397, 1.5816409587860107, 1.5917807817459106, 1.601689338684082, 1.5927222967147827, 1.610176682472229, 1.608847737312317, 1.6132619380950928, 1.6174246072769165, 1.6234022378921509, 1.6332521438598633, 1.6407963037490845, 1.655924916267395, 1.6684131622314453, 1.6734291315078735, 1.6786115169525146, 1.6791584491729736, 1.6878842115402222, 1.6909738779067993, 1.688713550567627, 1.6880550384521484, 1.6993874311447144, 1.6996294260025024, 1.7117904424667358],