{"loss": [4.077620983123779, 3.8713648319244385, 3.663677930831909, 3.4555089473724365, 3.2491681575775146, 3.051862955093384, 2.869971752166748, 2.708320140838623, 2.5698904991149902, 2.450950860977173, 2.348389148712158, 2.2606756687164307, 2.185149908065796, 2.1193766593933105, 2.061136245727539, 2.0088815689086914, 1.9608584642410278, 1.916192889213562, 1.874326229095459, 1.8338422775268555, 1.79556143283844, 1.759572148323059, 1.725264549255371, 1.6928297281265259, 1.6615499258041382, 1.632473349571228, 1.6049721240997314, 1.5789986848831177, 1.5544335842132568, 1.5310848951339722, 1.5091946125030518, 1.4881751537322998, 1.46854567527771, 1.4498578310012817, 1.43241548538208, 1.415886402130127, 1.401064157485962, 1.3873162269592285, 1.3748763799667358, 1.3633345365524292, 1.3527525663375854, 1.342929720878601, 1.3334929943084717, 1.3248112201690674, 1.316389799118042, 1.3084455728530884, 1.300953984260559, 1.2937448024749756, 1.2870862483978271, 1.280617594718933, 1.274714469909668, 1.2688713073730469, 1.2633986473083496, 1.2580971717834473, 1.2529702186584473, 1.2485376596450806, 1.2440433502197266, 1.2396658658981323, 1.2353428602218628, 1.2315304279327393, 1.2279562950134277, 1.2246127128601074, 1.2213348150253296, 1.2182694673538208, 1.2153462171554565, 1.2123899459838867, 1.2098584175109863, 1.2071032524108887, 1.2045921087265015, 1.2019736766815186, 1.1995307207107544, 1.1971837282180786, 1.194850206375122, 1.192442536354065, 1.1901408433914185, 1.1877812147140503, 1.185593605041504, 1.183429479598999, 1.1814199686050415, 1.1794987916946411, 1.1774578094482422, 1.1755026578903198, 1.1737332344055176, 1.171905755996704, 1.1701910495758057, 1.1684702634811401, 1.1669589281082153, 1.1652597188949585, 1.1636086702346802, 1.1618695259094238, 1.160407304763794, 1.1590715646743774, 1.1575833559036255, 1.15613853931427, 1.154932975769043, 1.1536662578582764, 1.1524566411972046, 1.1512701511383057, 1.1501902341842651, 1.1490732431411743], "accuracy": [0.19371068477630615, 0.2528301775455475, 0.27945491671562195, 0.31174004077911377, 0.34192872047424316, 0.36918237805366516, 0.38721174001693726, 0.4002096354961395, 0.4136268198490143, 0.42955973744392395, 0.44465407729148865, 0.45534589886665344, 0.46268343925476074, 0.46750524640083313, 0.47148847579956055, 0.4706498980522156, 0.46855345368385315, 0.4643605947494507, 0.4635220170021057, 0.4555555582046509, 0.4620545208454132, 0.4580712914466858, 0.4605869948863983, 0.46960169076919556, 0.4731656312942505, 0.4752620458602905, 0.47547170519828796, 0.4794549345970154, 0.48364779353141785, 0.4834381639957428, 0.4857442378997803, 0.48867926001548767, 0.48993709683418274, 0.4930817484855652, 0.4941299855709076, 0.4951781928539276, 0.4974842667579651, 0.49832284450531006, 0.500838577747345, 0.50377357006073, 0.5033543109893799, 0.502934992313385, 0.5033543109893799, 0.50377357006073, 0.5050314664840698, 0.5062893033027649, 0.505660355091095, 0.5071278810501099, 0.5071278810501099, 0.5098532438278198, 0.5096436142921448, 0.5119496583938599, 0.5127882361412048, 0.5142557621002197, 0.5125786066055298, 0.5129979252815247, 0.5144653916358948, 0.5142557621002197, 0.5142557621002197, 0.5140461325645447, 0.5148847103118896, 0.5148847103118896, 0.5171907544136047, 0.5171907544136047, 0.5180293321609497, 0.5167714953422546, 0.5169811248779297, 0.5176100730895996, 0.5194968581199646, 0.5188679099082947, 0.5203354358673096, 0.5201258063316345, 0.5207546949386597, 0.5205450654029846, 0.5211740136146545, 0.5222222208976746, 0.5232704281806946, 0.5238993763923645, 0.5234800577163696, 0.5232704281806946, 0.5243186354637146, 0.5245283246040344, 0.5247379541397095, 0.5247379541397095, 0.5251572132110596, 0.5264151096343994, 0.5266247391700745, 0.5266247391700745, 0.5287211537361145, 0.5278825759887695, 0.5303983092308044, 0.5310272574424744, 0.5320754647254944, 0.5316562056541443, 0.5335429906845093, 0.5343815684318542, 0.5337526202201843, 0.5350104570388794, 0.5354297757148743, 0.5377358198165894], "val_loss": [3.9953932762145996, 3.8186089992523193, 3.6339774131774902, 3.4488000869750977, 3.266115188598633, 3.0944862365722656, 2.9387428760528564, 2.8028628826141357, 2.6895573139190674, 2.5913949012756348, 2.5106163024902344, 2.4426207542419434, 2.384287118911743, 2.3338358402252197, 2.288959264755249, 2.248729705810547, 2.2111549377441406, 2.175679922103882, 2.1427056789398193, 2.110111951828003, 2.0781197547912598, 2.0477681159973145, 2.018293619155884, 1.9894506931304932, 1.9616596698760986, 1.9351122379302979, 1.9103857278823853, 1.8870099782943726, 1.8645811080932617, 1.8444340229034424, 1.8250845670700073, 1.8071684837341309, 1.790987491607666, 1.776585578918457, 1.763688325881958, 1.750672698020935, 1.7400944232940674, 1.7288089990615845, 1.719171404838562, 1.7109144926071167, 1.7035404443740845, 1.6963152885437012, 1.6894562244415283, 1.683565378189087, 1.6764438152313232, 1.6714978218078613, 1.6659529209136963, 1.6612764596939087, 1.6570619344711304, 1.6530647277832031, 1.6488631963729858, 1.6453768014907837, 1.6413724422454834, 1.6394023895263672, 1.637871503829956, 1.6341639757156372, 1.6335453987121582, 1.6317813396453857, 1.6287583112716675, 1.6272121667861938, 1.6249278783798218, 1.6239244937896729, 1.6216615438461304, 1.6211503744125366, 1.6190422773361206, 1.617807149887085, 1.616994023323059, 1.6173069477081299, 1.615255355834961, 1.6151965856552124, 1.6148680448532104, 1.6140618324279785, 1.6134226322174072, 1.6124786138534546, 1.612200379371643, 1.6114140748977661, 1.6111159324645996, 1.6115288734436035, 1.6124866008758545, 1.6121268272399902, 1.6128182411193848, 1.6119310855865479, 1.6124716997146606, 1.610929250717163, 1.6114935874938965, 1.6099404096603394, 1.6071950197219849, 1.6063328981399536, 1.6060165166854858, 1.6057381629943848, 1.6051255464553833, 1.6066159009933472, 1.6060682535171509, 1.6048036813735962, 1.6046607494354248, 1.6044610738754272, 1.6042602062225342, 1.6040908098220825, 1.6036884784698486, 1.6030633449554443],