{"loss": [4.040757179260254, 3.6071054935455322, 3.014584541320801, 2.3613786697387695, 1.6699771881103516, 1.1953099966049194, 1.0262681245803833, 0.9176871180534363, 0.8363952040672302, 0.7743866443634033, 0.7290706038475037, 0.6999213695526123, 0.6760086417198181, 0.6594486236572266, 0.6389157772064209, 0.6253021955490112, 0.6072946190834045, 0.5958482623100281, 0.5811852812767029, 0.5667825937271118, 0.5558806657791138, 0.5461534261703491, 0.5363010764122009, 0.5319397449493408, 0.516956090927124, 0.5083332657814026, 0.5015867352485657, 0.49322509765625, 0.48581087589263916, 0.4733203947544098, 0.46411803364753723, 0.45827049016952515, 0.45470866560935974, 0.4460356533527374, 0.4393618404865265, 0.435235857963562, 0.42974740266799927, 0.42412036657333374, 0.42038390040397644, 0.4168686270713806], "accuracy": [0.24399010837078094, 0.35317906737327576, 0.42462366819381714, 0.5232532024383545, 0.5764996409416199, 0.6333408355712891, 0.6681644320487976, 0.692878007888794, 0.7130981683731079, 0.7319703698158264, 0.7452257871627808, 0.756683886051178, 0.7629746198654175, 0.7652212977409363, 0.7694900035858154, 0.7746573686599731, 0.7789260745048523, 0.7847674489021301, 0.7872388362884521, 0.7928555607795715, 0.7991462349891663, 0.7973489165306091, 0.7986969351768494, 0.7960008978843689, 0.8052123188972473, 0.8049876689910889, 0.8076836466789246, 0.8094810247421265, 0.8126263618469238, 0.819366455078125, 0.8162210583686829, 0.8180184364318848, 0.8202651143074036, 0.8256571292877197, 0.8274545073509216, 0.8247584700584412, 0.829476535320282, 0.8335205316543579, 0.8357672691345215, 0.8364412784576416], "val_loss": [3.8868637084960938, 3.452202558517456, 2.977621555328369, 2.5207862854003906, 2.150074005126953, 1.996928095817566, 1.919258952140808, 1.861029028892517, 1.8215205669403076, 1.8017299175262451, 1.7949037551879883, 1.787860631942749, 1.7759875059127808, 1.7764036655426025, 1.782474398612976, 1.7825284004211426, 1.7632122039794922, 1.7589123249053955, 1.7573776245117188, 1.7598203420639038, 1.7476632595062256, 1.7543275356292725, 1.7618978023529053, 1.7418819665908813, 1.7348212003707886, 1.728398323059082, 1.7226934432983398, 1.7111753225326538, 1.7089529037475586, 1.7101657390594482, 1.697381615638733, 1.7018474340438843, 1.6794871091842651, 1.6677600145339966, 1.6575093269348145, 1.657158613204956, 1.6536810398101807, 1.6455692052841187, 1.6429251432418823, 1.6483265161514282], "val_accuracy": [0.31272464990615845, 0.3493889272212982, 0.38102084398269653, 0.42271748185157776, 0.48741912841796875, 0.48310568928718567, 0.4823867678642273, 0.47663551568984985, 0.47735440731048584, 0.4644140899181366, 0.4572250247001648, 0.4543493986129761, 0.4536304771900177, 0.4543493986129761, 0.4572250247001648, 0.45219266414642334, 0.4572250247001648, 0.46225735545158386, 0.4572250247001648, 0.4579439163208008, 0.4608195424079895, 0.4644140899181366, 0.46513301134109497, 0.4680086374282837, 0.4636951684951782, 0.46513301134109497, 0.4608195424079895, 0.46297627687454224, 0.4672897160053253, 0.46513301134109497, 0.4680086374282837, 0.46585190296173096, 0.4636951684951782, 0.4644140899181366, 0.4672897160053253, 0.4687275290489197, 0.47016534209251404, 0.47375988960266113, 0.4751977026462555, 0.4751977026462555], "training_time": 6068.7775321006775, "output_time": 0.19997770786285402}