{"loss": [2.020433187484741, 1.7279127836227417, 1.4892059564590454, 1.3323811292648315, 1.2257905006408691, 1.1458909511566162, 1.0842268466949463, 1.0325042009353638, 0.9889757633209229, 0.9520127177238464, 0.9214751124382019, 0.894223690032959, 0.869244396686554, 0.8478953838348389, 0.8279696702957153, 0.8115789294242859, 0.7953453660011292, 0.7801064848899841, 0.7668562531471252, 0.7527903914451599, 0.7400640845298767, 0.7302026152610779, 0.7185846567153931, 0.7080929279327393, 0.7004580497741699, 0.6891189217567444, 0.6804609298706055, 0.6716310977935791, 0.6639018058776855, 0.6561294794082642, 0.6490784287452698, 0.6427687406539917, 0.6357277631759644, 0.6293352246284485, 0.6240459680557251, 0.6180192232131958, 0.6124513745307922, 0.6069281697273254, 0.6012613773345947, 0.5957334041595459, 0.590758740901947, 0.5864604711532593, 0.5808423757553101, 0.5763829350471497, 0.5723261833190918, 0.5685482025146484, 0.5651054978370667, 0.5605884790420532, 0.5579113960266113, 0.5528594851493835, 0.5480784773826599, 0.54432612657547, 0.5400444865226746, 0.5372891426086426, 0.5346938967704773, 0.5314170122146606, 0.52783203125, 0.5252442359924316, 0.5226415991783142, 0.52027827501297, 0.5169732570648193, 0.5148248672485352, 0.5114643573760986, 0.5088807344436646, 0.5079908967018127, 0.505281388759613, 0.5021405220031738, 0.5008963346481323, 0.49693942070007324, 0.4949549734592438, 0.49277111887931824, 0.49002838134765625, 0.4885498881340027, 0.4854285717010498, 0.48364001512527466, 0.4816708266735077, 0.4801163375377655, 0.4784013628959656, 0.47674375772476196, 0.47408828139305115, 0.47282493114471436, 0.47111162543296814, 0.4697147011756897, 0.46851998567581177, 0.4663606882095337, 0.463791161775589, 0.4630841016769409, 0.46225881576538086, 0.4607122540473938, 0.4588855504989624, 0.4571862816810608, 0.4565802812576294, 0.45445436239242554, 0.4539572596549988, 0.4528164863586426, 0.4504704177379608, 0.44971969723701477, 0.44773444533348083, 0.4474954307079315, 0.4457838535308838], "accuracy": [0.34735071659088135, 0.47077375650405884, 0.5039949417114258, 0.5365853905677795, 0.5700168013572693, 0.6011354327201843, 0.6263666749000549, 0.6463414430618286, 0.6583263278007507, 0.6717830300331116, 0.6837678551673889, 0.6917577981948853, 0.6968040466308594, 0.7003784775733948, 0.7050042152404785, 0.7100504636764526, 0.7146762013435364, 0.7171993255615234, 0.7266610860824585, 0.7293944358825684, 0.7333893775939941, 0.738435685634613, 0.7403280138969421, 0.7430614233016968, 0.7449537515640259, 0.7478973865509033, 0.7489486932754517, 0.7525231242179871, 0.753784716129303, 0.7552565336227417, 0.7584104537963867, 0.7592514753341675, 0.7636669278144836, 0.7661900520324707, 0.7664003372192383, 0.7691337466239929, 0.7693439722061157, 0.7727081775665283, 0.7708157896995544, 0.7750210165977478, 0.7773339152336121, 0.7798570394515991, 0.7828006744384766, 0.7836416959762573, 0.7830109596252441, 0.786375105381012, 0.7882674336433411, 0.7903700470924377, 0.7922624349594116, 0.7935239672660828, 0.7939444780349731, 0.7968881130218506, 0.7983599901199341, 0.8019344210624695, 0.8013036251068115, 0.8040370345115662, 0.803616464138031, 0.8048780560493469, 0.803616464138031, 0.8084524869918823, 0.809924304485321, 0.8086627125740051, 0.8130782246589661, 0.8147603273391724, 0.8128679394721985, 0.8143397569656372, 0.8160218596458435, 0.8179141879081726, 0.818965494632721, 0.8183347582817078, 0.8193860650062561, 0.8204373717308044, 0.8227502107620239, 0.8238015174865723, 0.8248528242111206, 0.8263246417045593, 0.8271656632423401, 0.8267451524734497, 0.8250630497932434, 0.8294785618782043, 0.8292682766914368, 0.831581175327301, 0.8305298686027527, 0.8307400941848755, 0.8343145251274109, 0.8332632184028625, 0.8334735035896301, 0.8328427076339722, 0.8326324820518494, 0.8349453210830688, 0.8349453210830688, 0.834735095500946, 0.8362069129943848, 0.8364171385765076, 0.8370479345321655, 0.8366274237632751, 0.836837649345398, 0.8389402627944946, 0.8385197520256042, 0.8397813439369202], "val_loss": [1.9105392694473267, 1.6864515542984009, 1.548590064048767, 1.4660290479660034, 1.415981650352478, 1.3839155435562134, 1.3617074489593506, 1.358669638633728, 1.353149175643921, 1.3480981588363647, 1.3501991033554077, 1.3452427387237549, 1.3397260904312134, 1.339748740196228, 1.3383768796920776, 1.340741515159607, 1.3409059047698975, 1.3472951650619507, 1.3444825410842896, 1.3506454229354858, 1.353476643562317, 1.356763482093811, 1.3610104322433472, 1.3529670238494873, 1.3608239889144897, 1.3689628839492798, 1.371344804763794, 1.379102349281311, 1.3754551410675049, 1.3732070922851562, 1.385891079902649, 1.3943438529968262, 1.3885011672973633, 1.4027163982391357, 1.393294334411621, 1.399983286857605, 1.4172730445861816, 1.408223032951355, 1.4094619750976562, 1.4222646951675415, 1.4174745082855225, 1.4331653118133545, 1.438734531402588, 1.436472773551941, 1.464809536933899, 1.4529205560684204, 1.4639524221420288, 1.4450780153274536, 1.451971411705017, 1.4634345769882202, 1.4591748714447021, 1.4487284421920776, 1.4581444263458252, 1.4668169021606445, 1.4644006490707397, 1.4552373886108398, 1.4612500667572021, 1.4630730152130127, 1.4745031595230103, 1.4677506685256958, 1.4738152027130127, 1.464339256286621, 1.4774107933044434, 1.4857536554336548, 1.4811984300613403, 1.4782928228378296, 1.4877229928970337, 1.4983129501342773, 1.4980355501174927, 1.495830774307251, 1.4998708963394165, 1.5170954465866089, 1.517837643623352, 1.5179357528686523, 1.5276517868041992, 1.533829689025879, 1.5483686923980713, 1.543139100074768, 1.5550947189331055, 1.5661917924880981, 1.5568101406097412, 1.569197416305542, 1.5688018798828125, 1.5755794048309326, 1.5771894454956055, 1.5803195238113403, 1.586486577987671, 1.5965349674224854, 1.5762184858322144, 1.599016547203064, 1.616302251815796, 1.6144605875015259, 1.6145421266555786, 1.626061201095581, 1.6244518756866455, 1.6203125715255737, 1.6271777153015137, 1.6233656406402588, 1.650010108947754, 1.6485317945480347], "val_accuracy": [0.39858490228652954, 0.4528301954269409, 0.46639150381088257, 0.46933960914611816, 0.4846698045730591, 0.5076650977134705, 0.5141509175300598, 0.49646225571632385, 0.49351415038108826, 0.4958726465702057, 0.49056604504585266, 0.4911556541919708, 0.4911556541919708, 0.49764150381088257, 0.5, 0.4970518946647644, 0.4982311427593231, 0.49646225571632385, 0.4982311427593231, 0.4982311427593231, 0.4970518946647644, 0.4958726465702057, 0.49351415038108826, 0.49646225571632385, 0.49764150381088257, 0.4988207519054413, 0.505306601524353, 0.5011792182922363, 0.4958726465702057, 0.505306601524353, 0.5041273832321167, 0.5058962106704712, 0.5082547068595886, 0.49941039085388184, 0.505306601524353, 0.5094339847564697, 0.49941039085388184, 0.5, 0.5, 0.4958726465702057, 0.5, 0.49764150381088257, 0.4988207519054413, 0.5017688870429993, 0.4982311427593231, 0.4970518946647644, 0.49764150381088257, 0.5029481053352356, 0.5023584961891174, 0.5017688870429993, 0.5, 0.5011792182922363, 0.49941039085388184, 0.49941039085388184, 0.49646225571632385, 0.5035377144813538, 0.5017688870429993, 0.5, 0.4988207519054413, 0.4982311427593231, 0.4970518946647644, 0.5005896091461182, 0.4970518946647644, 0.49764150381088257, 0.4941037595272064, 0.5005896091461182, 0.4988207519054413, 0.494693398475647, 0.4958726465702057, 0.5035377144813538, 0.49646225571632385, 0.4958726465702057, 0.49941039085388184, 0.5005896091461182, 0.49941039085388184, 0.49646225571632385, 0.49233490228652954, 0.49233490228652954, 0.4917452931404114, 0.4887971580028534, 0.49233490228652954, 0.4870283007621765, 0.4899764060974121, 0.48525944352149963, 0.48643869161605835, 0.48820754885673523, 0.4858490526676178, 0.48054245114326477, 0.4917452931404114, 0.48525944352149963, 0.48349055647850037, 0.48525944352149963, 0.4858490526676178, 0.4817216992378235, 0.4858490526676178, 0.4858490526676178, 0.4870283007621765, 0.4917452931404114, 0.48231130838394165, 0.4817216992378235], "training_time": 920.5809564590454,