{"loss": [5.425376892089844, 5.1061601638793945, 4.791599273681641, 4.476916313171387, 4.135884761810303, 3.7508044242858887, 3.396383762359619, 3.1125612258911133, 2.8783998489379883, 2.6847290992736816, 2.521653175354004, 2.3797857761383057, 2.257028341293335, 2.1488373279571533, 2.051248788833618, 1.9640798568725586, 1.8872517347335815, 1.8181273937225342, 1.7566096782684326, 1.7046273946762085, 1.6618036031723022, 1.6252021789550781, 1.592536211013794, 1.5626980066299438, 1.5346837043762207, 1.5081689357757568, 1.482404351234436, 1.4567538499832153, 1.4326049089431763, 1.409599781036377, 1.386547327041626, 1.363957405090332, 1.3414289951324463, 1.319413185119629, 1.298811674118042, 1.278778076171875, 1.2599890232086182, 1.2422940731048584, 1.2257087230682373, 1.2098915576934814, 1.1955384016036987, 1.1815963983535767, 1.168607234954834, 1.156653642654419, 1.1446627378463745, 1.1334404945373535, 1.1234313249588013, 1.1136341094970703, 1.1036003828048706, 1.0943125486373901, 1.0857117176055908, 1.0779688358306885, 1.069785237312317, 1.06113862991333, 1.0528981685638428, 1.0454072952270508, 1.038549780845642, 1.032740592956543, 1.026868462562561, 1.0210330486297607, 1.0161049365997314, 1.0111597776412964, 1.0060251951217651, 1.0011945962905884, 0.996600866317749, 0.9923062324523926, 0.9879265427589417, 0.98418790102005, 0.9801121354103088, 0.9762822985649109, 0.972555935382843, 0.9688596129417419, 0.9651084542274475, 0.9616884589195251, 0.9579795598983765, 0.9546750783920288, 0.9513135552406311, 0.9484023451805115, 0.9456008076667786, 0.9426852464675903, 0.9400107860565186, 0.9371408224105835, 0.9346991777420044, 0.9319609999656677, 0.9295902848243713, 0.9272019267082214, 0.925123929977417, 0.9229063987731934, 0.9208455681800842, 0.9185956716537476, 0.9165754914283752, 0.9146456718444824, 0.9123929738998413, 0.9104203581809998, 0.9083350896835327, 0.9064826369285583, 0.9044271111488342, 0.9025629162788391, 0.9003486037254333, 0.898521900177002], "accuracy": [0.2194712609052658, 0.2832564115524292, 0.3308854401111603, 0.3571128845214844, 0.3875367045402527, 0.3869072496891022, 0.3890054523944855, 0.4036928117275238, 0.42215695977211, 0.43873268365859985, 0.4525807797908783, 0.466219037771225, 0.47838857769966125, 0.4920268654823303, 0.5039865970611572, 0.513848066329956, 0.5224506855010986, 0.5274863839149475, 0.5362988114356995, 0.5518254041671753, 0.5631557106971741, 0.573227047920227, 0.5784724950790405, 0.5837180018424988, 0.5835081934928894, 0.5879144072532654, 0.5910617113113403, 0.5891733169555664, 0.5948384404182434, 0.5963071584701538, 0.5998740792274475, 0.600293755531311, 0.6017624735832214, 0.604699969291687, 0.6055392622947693, 0.6109945178031921, 0.6101552844047546, 0.6120436191558838, 0.6122534871101379, 0.6120436191558838, 0.6158204078674316, 0.6164498329162598, 0.6177087426185608, 0.6164498329162598, 0.6189677119255066, 0.6227444410324097, 0.620436429977417, 0.6219051480293274, 0.6235837340354919, 0.6231640577316284, 0.624842643737793, 0.626101553440094, 0.6252622604370117, 0.6275702714920044, 0.6277800798416138, 0.6288291811943054, 0.628619372844696, 0.6311371922492981, 0.6319764852523804, 0.6321862936019897, 0.634284496307373, 0.634913980960846, 0.6344943642616272, 0.6378514766693115, 0.6376416087150574, 0.6389005184173584, 0.6393201947212219, 0.643096923828125, 0.643096923828125, 0.6439362168312073, 0.6439362168312073, 0.6460344195365906, 0.6472933292388916, 0.6485522389411926, 0.6489718556404114, 0.6485522389411926, 0.6472933292388916, 0.6506504416465759, 0.6521191596984863, 0.6550566554069519, 0.653168261051178, 0.6552664637565613, 0.6571548581123352, 0.6579941511154175, 0.6577842831611633, 0.658833384513855, 0.6634494066238403, 0.6615610718727112, 0.6626101732254028, 0.6642886996269226, 0.6628199815750122, 0.6636592745780945, 0.6672261953353882, 0.6663869023323059, 0.6680654883384705, 0.6668065190315247, 0.6707931160926819, 0.6693243980407715, 0.6705833077430725, 0.670163631439209], "val_loss": [5.295093059539795, 5.0286383628845215, 4.765453338623047, 4.4829254150390625, 4.152989864349365, 3.807713747024536, 3.5298948287963867, 3.3039417266845703, 3.1155202388763428, 2.9643197059631348, 2.8359692096710205, 2.7281274795532227, 2.6341042518615723, 2.5536413192749023, 2.479517936706543, 2.4132239818573, 2.3452541828155518, 2.2842438220977783, 2.2291147708892822, 2.1864421367645264, 2.1539249420166016, 2.126424551010132, 2.1016106605529785, 2.0790328979492188, 2.0558016300201416, 2.033390522003174, 2.0129384994506836, 1.992845892906189, 1.9737436771392822, 1.9545533657073975, 1.933590292930603, 1.9131478071212769, 1.8924189805984497, 1.8722443580627441, 1.8516581058502197, 1.833361268043518, 1.8145453929901123, 1.7963900566101074, 1.7787836790084839, 1.7630963325500488, 1.7494429349899292, 1.7352102994918823, 1.7224782705307007, 1.708957314491272, 1.6949617862701416, 1.6831010580062866, 1.6726669073104858, 1.6634514331817627, 1.6547949314117432, 1.6450304985046387, 1.6359504461288452, 1.6284806728363037, 1.6199393272399902, 1.612849473953247, 1.604719638824463, 1.5993164777755737, 1.594489574432373, 1.5882844924926758, 1.58403742313385, 1.5814541578292847, 1.5758270025253296, 1.5717445611953735, 1.5687652826309204, 1.564793586730957, 1.5626176595687866, 1.5590240955352783, 1.5567983388900757, 1.5544652938842773, 1.551252841949463, 1.5499515533447266, 1.5471304655075073, 1.547813057899475, 1.5455819368362427, 1.5447231531143188, 1.5454192161560059, 1.5446404218673706, 1.5430787801742554, 1.541982889175415, 1.5396547317504883, 1.5379823446273804, 1.5358513593673706, 1.534529209136963, 1.5346102714538574, 1.5336377620697021, 1.531368613243103, 1.5293705463409424, 1.529258370399475, 1.5282903909683228, 1.5273516178131104, 1.5254567861557007, 1.5262514352798462, 1.5240429639816284, 1.5244320631027222, 1.5220937728881836, 1.522413969039917, 1.5202151536941528, 1.5188978910446167, 1.5179576873779297, 1.5175275802612305, 1.5164738893508911],