{"loss": [3.4210522174835205, 2.9179861545562744, 2.5392937660217285, 2.250786781311035, 2.034093141555786, 1.8759709596633911, 1.7602616548538208, 1.6712183952331543, 1.6057367324829102, 1.5576173067092896, 1.5203750133514404, 1.4928644895553589, 1.4713715314865112, 1.4534111022949219, 1.4369008541107178, 1.4227676391601562, 1.4086894989013672, 1.3963464498519897, 1.3832907676696777, 1.371612548828125, 1.360129952430725, 1.349416971206665, 1.3396998643875122, 1.3316481113433838, 1.3226995468139648, 1.3150430917739868, 1.3084958791732788, 1.302899718284607, 1.2967708110809326, 1.292380690574646, 1.2871408462524414, 1.2823460102081299, 1.278504490852356, 1.27450692653656, 1.2698051929473877, 1.2660582065582275, 1.2612046003341675, 1.2563673257827759, 1.2518665790557861, 1.247143268585205, 1.2422428131103516, 1.2365875244140625, 1.2304794788360596, 1.2237626314163208, 1.216903805732727, 1.207491159439087, 1.1945314407348633, 1.1754522323608398, 1.1532787084579468, 1.1335855722427368, 1.1232048273086548, 1.1175062656402588, 1.1084880828857422, 1.1039016246795654, 1.0984610319137573, 1.0938746929168701, 1.0874567031860352, 1.085211992263794, 1.0777266025543213, 1.072951078414917, 1.069954752922058, 1.069855809211731, 1.061692237854004, 1.0589760541915894, 1.0565439462661743, 1.0486724376678467, 1.0478270053863525, 1.0427263975143433, 1.0403817892074585, 1.0366160869598389, 1.0339199304580688, 1.0305203199386597, 1.03416907787323, 1.029670238494873, 1.0193259716033936, 1.019160270690918, 1.0194610357284546, 1.016461968421936, 1.013818383216858, 1.0163624286651611, 1.0135407447814941, 1.0110902786254883, 1.0109018087387085, 1.0074777603149414, 1.00559401512146, 1.0077147483825684, 1.0056806802749634, 1.0040194988250732, 1.0020290613174438, 1.0056414604187012, 0.9999677538871765, 0.9982336163520813, 0.9992144703865051, 0.9962345957756042, 0.9998652935028076, 0.9961093664169312, 0.9953694343566895, 0.9946233630180359, 0.9951276779174805, 0.9919202327728271], "accuracy": [0.1751471757888794, 0.25820016860961914, 0.32569384574890137, 0.3839360773563385, 0.4306139647960663, 0.4339781403541565, 0.40075692534446716, 0.40475189685821533, 0.4074852764606476, 0.41148024797439575, 0.41358283162117004, 0.417367547750473, 0.4161059856414795, 0.42073169350624084, 0.42031118273735046, 0.4209419786930084, 0.424726665019989, 0.4287216067314148, 0.4339781403541565, 0.4413372576236725, 0.44932717084884644, 0.45815810561180115, 0.4659377634525299, 0.4732968807220459, 0.47014299035072327, 0.4804457426071167, 0.47960472106933594, 0.4819175899028778, 0.4753994941711426, 0.49053826928138733, 0.4875946044921875, 0.49201008677482605, 0.49411270022392273, 0.49558451771736145, 0.4985281825065613, 0.5065180659294128, 0.5103027820587158, 0.5077796578407288, 0.5084104537963867, 0.5126156210899353, 0.518502950668335, 0.5176619291305542, 0.5220773816108704, 0.5252313017845154, 0.5258620977401733, 0.5311185717582703, 0.5376366972923279, 0.5628679394721985, 0.582211971282959, 0.5910428762435913, 0.5902018547058105, 0.5958788990974426, 0.5979815125465393, 0.6036585569381714, 0.6055508852005005, 0.6061816811561584, 0.6103869080543518, 0.6126997470855713, 0.6133305430412292, 0.6152228713035583, 0.6175357699394226, 0.6118587255477905, 0.6177459955215454, 0.6223717331886292, 0.618587076663971, 0.6204794049263, 0.6269974708557129, 0.631412923336029, 0.6297308802604675, 0.6291000843048096, 0.6295205950737, 0.6339361071586609, 0.6293103694915771, 0.6295205950737, 0.6377207636833191, 0.632043719291687, 0.6362489461898804, 0.6377207636833191, 0.632043719291687, 0.6333053112030029, 0.6333053112030029, 0.6360386610031128, 0.638982355594635, 0.6404541730880737, 0.6412951946258545, 0.6381412744522095, 0.6339361071586609, 0.6391925811767578, 0.6417157053947449, 0.6373002529144287, 0.6391925811767578, 0.6396130919456482, 0.6408746838569641, 0.6436080932617188, 0.6455004215240479, 0.6465517282485962, 0.6440286040306091, 0.6486543416976929, 0.6461312174797058, 0.6463414430618286], "val_loss": [3.256915330886841, 2.8469295501708984, 2.541280746459961, 2.3124029636383057, 2.1446430683135986, 2.0191397666931152, 1.92904794216156, 1.8605577945709229, 1.8083820343017578, 1.7721726894378662, 1.7436224222183228, 1.7216160297393799, 1.7048792839050293, 1.6887997388839722, 1.675830364227295, 1.6633862257003784, 1.6538981199264526, 1.6454890966415405, 1.6375850439071655, 1.634334683418274, 1.6299455165863037, 1.6270889043807983, 1.6235405206680298, 1.6227539777755737, 1.6231689453125, 1.6203529834747314, 1.6211656332015991, 1.6241002082824707, 1.6230883598327637, 1.6243438720703125, 1.6260459423065186, 1.6278390884399414, 1.6310216188430786, 1.6273407936096191, 1.6327701807022095, 1.627773642539978, 1.631941795349121, 1.6366114616394043, 1.6366806030273438, 1.6360269784927368, 1.635939121246338, 1.6381547451019287, 1.6383157968521118, 1.6423490047454834, 1.6444299221038818, 1.6470961570739746, 1.652119517326355, 1.6671888828277588, 1.6787426471710205, 1.69429349899292, 1.6958065032958984, 1.6939436197280884, 1.7003775835037231, 1.708870768547058, 1.7171813249588013, 1.7310376167297363, 1.7216436862945557, 1.7202699184417725, 1.7284955978393555, 1.7412559986114502, 1.7441157102584839, 1.7415069341659546, 1.7386791706085205, 1.7586373090744019, 1.762226939201355, 1.7745683193206787, 1.7562130689620972, 1.76100754737854, 1.772435188293457, 1.787557601928711, 1.7857493162155151, 1.779861330986023, 1.7945959568023682, 1.7923624515533447, 1.7987464666366577, 1.8187819719314575, 1.8061504364013672, 1.8083657026290894, 1.8139725923538208, 1.8191338777542114, 1.834177851676941, 1.8224951028823853, 1.824885368347168, 1.8306410312652588, 1.8324118852615356, 1.8249574899673462, 1.8374574184417725, 1.8390612602233887, 1.8461289405822754, 1.8648000955581665, 1.8633416891098022, 1.8416740894317627, 1.8634241819381714, 1.861153483390808, 1.864970326423645, 1.8681293725967407, 1.8666601181030273, 1.8760985136032104, 1.8678908348083496, 1.8847600221633911],