{"loss": [4.721826553344727, 4.310734272003174, 3.8441250324249268, 3.312558889389038, 2.8173954486846924, 2.4515488147735596, 2.1974475383758545, 2.0188100337982178, 1.8801031112670898, 1.766793966293335, 1.6676527261734009, 1.5813007354736328, 1.5113881826400757, 1.4558429718017578, 1.4110581874847412, 1.3715190887451172, 1.3382402658462524, 1.30777907371521, 1.2806415557861328, 1.254607081413269, 1.231530785560608, 1.2083992958068848, 1.1875226497650146, 1.1677898168563843, 1.148838758468628, 1.130373239517212, 1.1102715730667114, 1.0924873352050781, 1.0752677917480469, 1.057706594467163, 1.0408470630645752, 1.0237817764282227, 1.0078275203704834, 0.9917629361152649, 0.9766236543655396, 0.9633144736289978, 0.9511764645576477, 0.940129816532135, 0.9290797114372253, 0.9193779230117798, 0.9097164869308472, 0.9007068276405334, 0.8919620513916016, 0.8833619952201843, 0.87449049949646, 0.8667271137237549, 0.8592787981033325, 0.8502094745635986, 0.8432422876358032, 0.8366850018501282, 0.8304256200790405, 0.8248209953308105, 0.8187740445137024, 0.813356339931488, 0.808225691318512, 0.8029434680938721, 0.7979270219802856, 0.7931863069534302, 0.788952112197876, 0.7841407656669617, 0.7796146273612976, 0.7751718163490295, 0.7710707783699036, 0.767133355140686, 0.7630789875984192, 0.759296715259552, 0.7552708983421326, 0.7516633868217468, 0.7485352158546448, 0.7450054883956909, 0.7418447732925415, 0.7384259700775146, 0.7357988953590393, 0.7331424951553345, 0.7298885583877563, 0.7269089818000793, 0.7239238619804382, 0.721413254737854, 0.7187357544898987, 0.7161872386932373, 0.7131927609443665, 0.7102335095405579, 0.7081552743911743, 0.7054100036621094, 0.7031672596931458, 0.7013075351715088, 0.6988187432289124, 0.6969098448753357, 0.6944618225097656, 0.692554771900177, 0.6902557015419006, 0.6885349750518799, 0.6864295601844788, 0.6843369007110596, 0.6830012202262878, 0.6810464262962341, 0.6791782379150391, 0.6776809692382812, 0.6760707497596741, 0.674441397190094], "accuracy": [0.20037807524204254, 0.3289225101470947, 0.39487501978874207, 0.41041797399520874, 0.4135685861110687, 0.44990548491477966, 0.5099769234657288, 0.5322411060333252, 0.5500945448875427, 0.5658475160598755, 0.5790800452232361, 0.5927326083183289, 0.5979835987091064, 0.6061751842498779, 0.6110060811042786, 0.6183574795722961, 0.6221382021903992, 0.6250787377357483, 0.6254988312721252, 0.6311699151992798, 0.6339004635810852, 0.6357908248901367, 0.6397815346717834, 0.6435622572898865, 0.649233341217041, 0.6500735282897949, 0.653434157371521, 0.655114471912384, 0.6574249267578125, 0.6597353219985962, 0.6637260913848877, 0.6651963591575623, 0.6679269075393677, 0.6717076301574707, 0.6752783060073853, 0.6773787140846252, 0.6824196577072144, 0.6847301125526428, 0.6876706480979919, 0.688930869102478, 0.6912413239479065, 0.6920815110206604, 0.6958622336387634, 0.6939718723297119, 0.6996429562568665, 0.6998529434204102, 0.7025834918022156, 0.704893946647644, 0.7065742611885071, 0.7114051580429077, 0.7124553918838501, 0.7124553918838501, 0.7143457531929016, 0.7179164290428162, 0.7206469178199768, 0.7219071388244629, 0.7227473258972168, 0.7252678275108337, 0.7279983162879944, 0.7298886775970459, 0.7303087711334229, 0.7319890856742859, 0.7357698082923889, 0.7342995405197144, 0.737450122833252, 0.7389203906059265, 0.7397605776786804, 0.7439613342285156, 0.745011568069458, 0.7452216148376465, 0.744591474533081, 0.7477420568466187, 0.7479521036148071, 0.7479521036148071, 0.7498424649238586, 0.7506826519966125, 0.7515227794647217, 0.7517328262329102, 0.7513127326965332, 0.7519428730010986, 0.7527830004692078, 0.7529930472373962, 0.7565637230873108, 0.7538332343101501, 0.7561436891555786, 0.7553035020828247, 0.7559336423873901, 0.7576139569282532, 0.7574039101600647, 0.7580340504646301, 0.7582440376281738, 0.7574039101600647, 0.7601343989372253, 0.7601343989372253, 0.7611846327781677, 0.7611846327781677, 0.7605544924736023, 0.7616047263145447, 0.7613946795463562, 0.7616047263145447], "val_loss": [4.5575151443481445, 4.168933868408203, 3.723728656768799, 3.2620882987976074, 2.9131693840026855, 2.6595120429992676, 2.4975390434265137, 2.380147933959961, 2.2897257804870605, 2.214827537536621, 2.157686471939087, 2.1056768894195557, 2.056732654571533, 2.0239076614379883, 1.9855701923370361, 1.9555500745773315, 1.9358608722686768, 1.9153462648391724, 1.8897862434387207, 1.868417501449585, 1.8564127683639526, 1.8418891429901123, 1.8340489864349365, 1.8166674375534058, 1.8084044456481934, 1.7882866859436035, 1.7819931507110596, 1.7697253227233887, 1.7503973245620728, 1.7316960096359253, 1.7244714498519897, 1.7080270051956177, 1.6922540664672852, 1.6912413835525513, 1.6755702495574951, 1.6614422798156738, 1.6536065340042114, 1.6436189413070679, 1.6386617422103882, 1.6264970302581787, 1.6268165111541748, 1.6148260831832886, 1.6045128107070923, 1.5958417654037476, 1.59615159034729, 1.5783458948135376, 1.5820577144622803, 1.5859215259552002, 1.5778447389602661, 1.5746681690216064, 1.5702590942382812, 1.5648934841156006, 1.562466025352478, 1.5678175687789917, 1.5575634241104126, 1.557875394821167, 1.5669276714324951, 1.5588321685791016, 1.5584763288497925, 1.5537158250808716, 1.553821325302124, 1.5524787902832031, 1.5541647672653198, 1.5538212060928345, 1.5472275018692017, 1.5590360164642334, 1.5638682842254639, 1.5522897243499756, 1.5613347291946411, 1.5589598417282104, 1.566681146621704, 1.5587470531463623, 1.5595264434814453, 1.567412257194519, 1.561815619468689, 1.56122624874115, 1.5662270784378052, 1.5616368055343628, 1.5585572719573975, 1.5634714365005493, 1.5614643096923828, 1.5603272914886475, 1.5654162168502808, 1.5570828914642334, 1.558803677558899, 1.5724083185195923, 1.5638738870620728, 1.566107153892517, 1.565777063369751, 1.5692214965820312, 1.5696946382522583, 1.5750150680541992, 1.5750287771224976, 1.5835657119750977, 1.573845624923706, 1.583200454711914, 1.576831340789795, 1.5788644552230835, 1.5794899463653564, 1.5842974185943604],