{"loss": [2.8654727935791016, 2.6056807041168213, 2.406524181365967, 2.2500557899475098, 2.122372627258301, 2.0171546936035156, 1.9302775859832764, 1.8571927547454834, 1.79493248462677, 1.741037368774414, 1.697380781173706, 1.6601569652557373, 1.6269912719726562, 1.599460244178772, 1.5753487348556519, 1.552212119102478, 1.5305601358413696, 1.511124849319458, 1.4964109659194946, 1.4830046892166138, 1.4717127084732056, 1.4614328145980835, 1.452828288078308, 1.4446462392807007, 1.4370664358139038, 1.430184006690979, 1.4244964122772217, 1.4186327457427979, 1.4139900207519531, 1.4089316129684448, 1.4044495820999146, 1.4006061553955078, 1.3968126773834229, 1.3936504125595093, 1.3902814388275146, 1.3862625360488892, 1.3836435079574585, 1.3811382055282593, 1.378169298171997, 1.3768845796585083, 1.3745275735855103, 1.3718955516815186, 1.3698413372039795, 1.368037462234497, 1.366188406944275, 1.3647397756576538, 1.3624895811080933, 1.3609590530395508, 1.3596731424331665, 1.358662486076355, 1.3573415279388428, 1.3561697006225586, 1.354727864265442, 1.3534297943115234, 1.3526049852371216, 1.3495291471481323, 1.3476390838623047, 1.3462461233139038, 1.3454737663269043, 1.344388723373413, 1.3442103862762451, 1.3415231704711914, 1.3397681713104248, 1.3388952016830444, 1.3378000259399414, 1.3369477987289429, 1.3372715711593628, 1.3358687162399292, 1.3353455066680908, 1.3340439796447754, 1.3339885473251343, 1.3332864046096802, 1.3325672149658203, 1.3320777416229248, 1.332093596458435, 1.330972671508789, 1.33054518699646, 1.3299463987350464, 1.3297405242919922, 1.3296918869018555, 1.3291345834732056, 1.3284012079238892, 1.3280144929885864, 1.3273955583572388, 1.3273671865463257, 1.327420711517334, 1.3265645503997803, 1.3259069919586182, 1.3257285356521606, 1.325247883796692, 1.3253487348556519, 1.3247121572494507, 1.3244696855545044, 1.3242336511611938, 1.3238322734832764, 1.3233612775802612, 1.323164463043213, 1.3230366706848145, 1.3226829767227173, 1.3220170736312866], "accuracy": [0.2324947565793991, 0.3060796558856964, 0.3528302013874054, 0.41111111640930176, 0.43941301107406616, 0.4587002098560333, 0.46960169076919556, 0.448427677154541, 0.42431867122650146, 0.4194968640804291, 0.41635221242904663, 0.41551363468170166, 0.4190775752067566, 0.4197064936161041, 0.42075473070144653, 0.4194968640804291, 0.4205450713634491, 0.4209643602371216, 0.42075473070144653, 0.423060804605484, 0.4220125675201416, 0.42138364911079407, 0.4220125675201416, 0.42410901188850403, 0.42410901188850403, 0.4253668785095215, 0.42578616738319397, 0.4253668785095215, 0.4253668785095215, 0.42578616738319397, 0.42515721917152405, 0.4264150857925415, 0.42662474513053894, 0.4264150857925415, 0.4264150857925415, 0.4270440340042114, 0.42578616738319397, 0.428721159696579, 0.4264150857925415, 0.42410901188850403, 0.42809224128723145, 0.4289308190345764, 0.4278826117515564, 0.42851153016090393, 0.4278826117515564, 0.4264150857925415, 0.4272536635398865, 0.4278826117515564, 0.42767295241355896, 0.4283019006252289, 0.4289308190345764, 0.4289308190345764, 0.4303983151912689, 0.4297693967819214, 0.4318658411502838, 0.43060797452926636, 0.4308176040649414, 0.4318658411502838, 0.4308176040649414, 0.4322851300239563, 0.43144655227661133, 0.43584907054901123, 0.43501049280166626, 0.43626832962036133, 0.43689727783203125, 0.43542978167533875, 0.43626832962036133, 0.4381551444530487, 0.43584907054901123, 0.43626832962036133, 0.4371069073677063, 0.4366876184940338, 0.43584907054901123, 0.4375261962413788, 0.4392033517360687, 0.4381551444530487, 0.43836477398872375, 0.4389937222003937, 0.4381551444530487, 0.43689727783203125, 0.4392033517360687, 0.4389937222003937, 0.43836477398872375, 0.4396226406097412, 0.43941301107406616, 0.44025155901908875, 0.43983229994773865, 0.4396226406097412, 0.44088050723075867, 0.4410901367664337, 0.4425576627254486, 0.4433962404727936, 0.44067084789276123, 0.4440251588821411, 0.44234800338745117, 0.4429769515991211, 0.4438154995441437, 0.44318658113479614, 0.44234800338745117, 0.448427677154541], "val_loss": [2.853755474090576, 2.6542208194732666, 2.5001094341278076, 2.3696258068084717, 2.2641661167144775, 2.1757054328918457, 2.099452018737793, 2.0362260341644287, 1.98091721534729, 1.936671495437622, 1.8995925188064575, 1.8661479949951172, 1.8382437229156494, 1.8160325288772583, 1.795244812965393, 1.7777810096740723, 1.7637224197387695, 1.7519415616989136, 1.743180751800537, 1.7340357303619385, 1.7252188920974731, 1.7171878814697266, 1.7130835056304932, 1.7083344459533691, 1.705698013305664, 1.7021578550338745, 1.699548602104187, 1.6981736421585083, 1.6941906213760376, 1.6931865215301514, 1.6903157234191895, 1.690461277961731, 1.6889207363128662, 1.6912741661071777, 1.6868771314620972, 1.6875782012939453, 1.6853485107421875, 1.6849071979522705, 1.6842917203903198, 1.6838796138763428, 1.684118628501892, 1.685703158378601, 1.6847535371780396, 1.6848833560943604, 1.6839174032211304, 1.68915855884552, 1.6876742839813232, 1.6878165006637573, 1.6879563331604004, 1.6896027326583862, 1.6910861730575562, 1.6915011405944824, 1.6911684274673462, 1.6940046548843384, 1.6939806938171387, 1.6925185918807983, 1.6926816701889038, 1.6938302516937256, 1.6957120895385742, 1.697605013847351, 1.6977128982543945, 1.6984446048736572, 1.699349045753479, 1.7003953456878662, 1.6997650861740112, 1.699459195137024, 1.7015714645385742, 1.7028180360794067, 1.7036932706832886, 1.7034050226211548, 1.7048356533050537, 1.7064518928527832, 1.7053858041763306, 1.7064708471298218, 1.7088056802749634, 1.709242820739746, 1.7091165781021118, 1.7095510959625244, 1.7104434967041016, 1.709951400756836, 1.7114894390106201, 1.7117146253585815, 1.7139341831207275, 1.7139441967010498, 1.714139461517334, 1.7152456045150757, 1.7142952680587769, 1.7169548273086548, 1.7188822031021118, 1.716846227645874, 1.7160412073135376, 1.7191684246063232, 1.7188317775726318, 1.720018982887268, 1.7215360403060913, 1.722530484199524, 1.722450613975525, 1.7228977680206299, 1.7261968851089478, 1.724776029586792],