{"loss": [3.7254562377929688, 2.847405433654785, 2.161396026611328, 1.7214664220809937, 1.47850501537323, 1.3428913354873657, 1.258431315422058, 1.1999858617782593, 1.1541211605072021, 1.1163277626037598, 1.0842258930206299, 1.0544146299362183, 1.0269713401794434, 0.99867844581604, 0.9710272550582886, 0.9450585246086121, 0.9201812744140625, 0.8957993984222412, 0.872477114200592, 0.8493544459342957, 0.8256360292434692, 0.8027830719947815, 0.7807648777961731, 0.7588225603103638, 0.7372220754623413, 0.718864917755127, 0.7011451125144958, 0.6866564750671387, 0.6733132004737854, 0.661167562007904, 0.6508529186248779, 0.6401082873344421, 0.6326205134391785, 0.6235162615776062, 0.6144519448280334, 0.60630863904953, 0.5979794263839722, 0.590497612953186, 0.5843006372451782, 0.5782619714736938, 0.5718934535980225, 0.5652987360954285, 0.5602454543113708, 0.5560596585273743, 0.5480383038520813, 0.543449878692627, 0.5377670526504517, 0.5364020466804504, 0.5304733514785767, 0.5257183313369751, 0.5238037705421448, 0.5185204744338989, 0.5155006647109985, 0.5103816986083984, 0.5075075030326843, 0.5039843320846558, 0.5040547251701355, 0.4980575144290924, 0.496498167514801, 0.4933987855911255, 0.49069470167160034, 0.48765328526496887, 0.4915839433670044, 0.483307421207428, 0.4825657606124878, 0.47892647981643677, 0.47827935218811035, 0.474407821893692, 0.4715399146080017, 0.47701990604400635, 0.46870550513267517, 0.4665699899196625, 0.46952947974205017, 0.46323567628860474, 0.4625530242919922, 0.45972225069999695, 0.4604252576828003, 0.46473610401153564, 0.455319344997406, 0.4549787938594818, 0.45447176694869995, 0.4511125683784485, 0.45001479983329773, 0.4487318992614746, 0.44875138998031616, 0.4457596242427826, 0.44489189982414246, 0.44307267665863037, 0.442068487405777, 0.440094530582428, 0.43893760442733765, 0.4395328164100647, 0.43643611669540405, 0.4349006712436676, 0.4348680078983307, 0.43548229336738586, 0.4319888651371002, 0.43059781193733215, 0.4290899932384491, 0.4276668429374695], "accuracy": [0.2601557672023773, 0.39149653911590576, 0.4426436424255371, 0.48726582527160645, 0.5165228247642517, 0.530204176902771, 0.5360976457595825, 0.5398863554000854, 0.5525152683258057, 0.5628288984298706, 0.5704062581062317, 0.5794569849967957, 0.5944011807441711, 0.6042938232421875, 0.6154493689537048, 0.6263944506645203, 0.6377604603767395, 0.647232174873352, 0.6590191721916199, 0.6735424399375916, 0.6855399012565613, 0.6998526453971863, 0.7107977271080017, 0.7187960147857666, 0.729741096496582, 0.7383708953857422, 0.7467901706695557, 0.7484740018844604, 0.7537360787391663, 0.7533150911331177, 0.7625762820243835, 0.7629972696304321, 0.764470636844635, 0.7691012620925903, 0.7705746293067932, 0.7743632793426514, 0.7775205373764038, 0.7806777358055115, 0.7874131798744202, 0.7872027158737183, 0.790149450302124, 0.7926751971244812, 0.7975162863731384, 0.7994106411933899, 0.8042517304420471, 0.8042517304420471, 0.8063565492630005, 0.8055146336555481, 0.8118290901184082, 0.8116186261177063, 0.8084613680839539, 0.8139339089393616, 0.8156177401542664, 0.815828263759613, 0.8179330825805664, 0.8215112686157227, 0.8181435465812683, 0.8231950998306274, 0.8213008046150208, 0.823616087436676, 0.8240370154380798, 0.8282467126846313, 0.822563648223877, 0.8280361890792847, 0.8250894546508789, 0.8303515315055847, 0.8324563503265381, 0.8318248987197876, 0.8330877423286438, 0.8259313702583313, 0.830141007900238, 0.8320353627204895, 0.8278257250785828, 0.8343506455421448, 0.8360345363616943, 0.8362450003623962, 0.8345611691474915, 0.8341401815414429, 0.8396127223968506, 0.8385602831840515, 0.8375079035758972, 0.8375079035758972, 0.8387708067893982, 0.8372974395751953, 0.8398231863975525, 0.8396127223968506, 0.8421384692192078, 0.8400336503982544, 0.841507077217102, 0.8396127223968506, 0.8431909084320068, 0.8410860896110535, 0.8440328240394592, 0.8425594568252563, 0.8444538116455078, 0.8402441740036011, 0.8450852632522583, 0.8434013724327087, 0.8452957272529602, 0.8461376428604126], "val_loss": [3.3309578895568848, 2.592679023742676, 2.0718884468078613, 1.749796986579895, 1.581964135169983, 1.4904956817626953, 1.4492651224136353, 1.427452564239502, 1.4140636920928955, 1.4053348302841187, 1.4084111452102661, 1.4040237665176392, 1.4093959331512451, 1.401307225227356, 1.397928237915039, 1.394261360168457, 1.3946528434753418, 1.3917261362075806, 1.391079068183899, 1.3873604536056519, 1.3809608221054077, 1.3833248615264893, 1.3833434581756592, 1.3826181888580322, 1.3898110389709473, 1.3953871726989746, 1.4051505327224731, 1.4183039665222168, 1.4226319789886475, 1.4372481107711792, 1.4542332887649536, 1.4652259349822998, 1.4706696271896362, 1.469626545906067, 1.4680503606796265, 1.4744759798049927, 1.476981520652771, 1.4830487966537476, 1.481871485710144, 1.4878463745117188, 1.4925137758255005, 1.498031735420227, 1.493376612663269, 1.5034639835357666, 1.4950248003005981, 1.5043184757232666, 1.5140725374221802, 1.5004501342773438, 1.5138293504714966, 1.526884913444519, 1.5336980819702148, 1.5408920049667358, 1.5454553365707397, 1.5473802089691162, 1.5595574378967285, 1.5657449960708618, 1.5589200258255005, 1.5638139247894287, 1.5621778964996338, 1.577541470527649, 1.5884037017822266, 1.5986720323562622, 1.6051651239395142, 1.606513261795044, 1.605898380279541, 1.6096997261047363, 1.6091731786727905, 1.609553337097168, 1.6099692583084106, 1.6080570220947266, 1.6129413843154907, 1.6154582500457764, 1.611627221107483, 1.6046420335769653, 1.6142243146896362, 1.6115679740905762, 1.6131815910339355, 1.6037373542785645, 1.6135743856430054, 1.6174209117889404, 1.621246337890625, 1.622720718383789, 1.6207466125488281, 1.6314852237701416, 1.6335060596466064, 1.6257164478302002, 1.6289445161819458, 1.628652572631836, 1.6346368789672852, 1.6330270767211914, 1.6306731700897217, 1.6364458799362183, 1.6309189796447754, 1.6355712413787842, 1.6374311447143555, 1.642380714416504, 1.6374763250350952, 1.6365625858306885, 1.6406304836273193, 1.6437798738479614],