{"loss": [5.414233684539795, 5.043910980224609, 4.638617992401123, 4.1404829025268555, 3.569542407989502, 3.0971076488494873, 2.7062466144561768, 2.4245758056640625, 2.229846954345703, 2.0810539722442627, 1.9640936851501465, 1.8669602870941162, 1.77908194065094, 1.6998308897018433, 1.6313589811325073, 1.5722219944000244, 1.5195393562316895, 1.472844123840332, 1.4318186044692993, 1.3953354358673096, 1.3613390922546387, 1.3320648670196533, 1.3064897060394287, 1.2824026346206665, 1.2595901489257812, 1.237521767616272, 1.21684992313385, 1.195536494255066, 1.1747562885284424, 1.1548115015029907, 1.1344345808029175, 1.1138039827346802, 1.0935287475585938, 1.073886752128601, 1.0546101331710815, 1.036116600036621, 1.0191751718521118, 1.0017855167388916, 0.9859033226966858, 0.9712195992469788, 0.9567006826400757, 0.9441903233528137, 0.9322827458381653, 0.9209724068641663, 0.9110319018363953, 0.9012480974197388, 0.8924898505210876, 0.8831351399421692, 0.874270498752594, 0.8651885390281677, 0.8568064570426941, 0.8488293886184692, 0.8418909907341003, 0.8347945809364319, 0.8286259770393372, 0.8220451474189758, 0.8164227604866028, 0.8104209899902344, 0.8051022887229919, 0.7998301982879639, 0.7945631742477417, 0.7888054847717285, 0.7835979461669922, 0.7789721488952637, 0.774468183517456, 0.7709414958953857, 0.7666758298873901, 0.7630176544189453, 0.7594311237335205, 0.7557343244552612, 0.7521893382072449, 0.7485977411270142, 0.7449451684951782, 0.7413449883460999, 0.7380556464195251, 0.7346296310424805, 0.7317578792572021, 0.7287172675132751, 0.72608482837677, 0.7233270406723022, 0.7207261323928833, 0.7181256413459778, 0.7150819301605225, 0.7128627300262451, 0.7100812792778015, 0.7079561352729797, 0.7055841684341431, 0.7033488154411316, 0.7013506889343262, 0.6994373798370361, 0.69777512550354, 0.6953291893005371, 0.6932120323181152, 0.6915161609649658, 0.6893745064735413, 0.6879760026931763, 0.6856781244277954, 0.6836690902709961, 0.6820259094238281, 0.6802798509597778], "accuracy": [0.20457887649536133, 0.29804661870002747, 0.3560176491737366, 0.4167191684246063, 0.40201637148857117, 0.4068472981452942, 0.4494853913784027, 0.518378496170044, 0.5353917479515076, 0.5461037755012512, 0.5645872950553894, 0.5710985064506531, 0.5784499049186707, 0.5887418389320374, 0.5948330163955688, 0.6017643213272095, 0.605334997177124, 0.6122663021087646, 0.6198277473449707, 0.6231883764266968, 0.6290695071220398, 0.6313799619674683, 0.6334803700447083, 0.6357908248901367, 0.6383112668991089, 0.6412518620491028, 0.6448225378990173, 0.6490232944488525, 0.6504936218261719, 0.6542742848396301, 0.6588951945304871, 0.6603654623031616, 0.6635160446166992, 0.6651963591575623, 0.6698172688484192, 0.6735979914665222, 0.6752783060073853, 0.6773787140846252, 0.6811594367027283, 0.6838899254798889, 0.6853601932525635, 0.6906112432479858, 0.692711591720581, 0.6954421401023865, 0.699012815952301, 0.7002730369567871, 0.7042638063430786, 0.7074143886566162, 0.7114051580429077, 0.7118252515792847, 0.7145557403564453, 0.7143457531929016, 0.7166561484336853, 0.7200167775154114, 0.7214871048927307, 0.7231674194335938, 0.7246376872062683, 0.7292585372924805, 0.7298886775970459, 0.7313589453697205, 0.7334593534469604, 0.7361899018287659, 0.7368199825286865, 0.7382902503013611, 0.7399705648422241, 0.7403906583786011, 0.7389203906059265, 0.7439613342285156, 0.7439613342285156, 0.7441713809967041, 0.7460617423057556, 0.7475320100784302, 0.7479521036148071, 0.7485822439193726, 0.748792290687561, 0.7498424649238586, 0.7502625584602356, 0.7511026859283447, 0.7536231875419617, 0.7540432810783386, 0.7546733617782593, 0.7557235956192017, 0.7555135488510132, 0.7578240036964417, 0.7580340504646301, 0.7574039101600647, 0.7590842247009277, 0.7586641311645508, 0.7607645392417908, 0.7603444457054138, 0.7605544924736023, 0.7630749940872192, 0.7607645392417908, 0.7624448537826538, 0.7613946795463562, 0.7637050747871399, 0.7645452618598938, 0.7634950876235962, 0.7664356231689453, 0.7664356231689453], "val_loss": [5.261399745941162, 4.930429458618164, 4.506814002990723, 4.037478446960449, 3.6010732650756836, 3.272080183029175, 2.9620158672332764, 2.7858564853668213, 2.664980888366699, 2.5594427585601807, 2.474459171295166, 2.4062538146972656, 2.3470351696014404, 2.2985775470733643, 2.2580831050872803, 2.2192931175231934, 2.189319610595703, 2.1589527130126953, 2.1329057216644287, 2.1067075729370117, 2.086982488632202, 2.0586307048797607, 2.0466911792755127, 2.0258119106292725, 2.0098073482513428, 1.9902222156524658, 1.9808344841003418, 1.9591504335403442, 1.9441592693328857, 1.9240576028823853, 1.9118846654891968, 1.8898944854736328, 1.8700034618377686, 1.8551300764083862, 1.8383629322052002, 1.8223735094070435, 1.8038008213043213, 1.7893999814987183, 1.776700735092163, 1.7612113952636719, 1.7493723630905151, 1.7358207702636719, 1.7203211784362793, 1.714845061302185, 1.7046666145324707, 1.6796549558639526, 1.6779931783676147, 1.6676561832427979, 1.658506155014038, 1.6481237411499023, 1.641432762145996, 1.6332590579986572, 1.6287273168563843, 1.6196374893188477, 1.6095200777053833, 1.6089409589767456, 1.6035616397857666, 1.6064645051956177, 1.5949993133544922, 1.5945175886154175, 1.594702124595642, 1.5916048288345337, 1.5898457765579224, 1.5892994403839111, 1.591879963874817, 1.5865771770477295, 1.583111047744751, 1.5835559368133545, 1.5853952169418335, 1.593297004699707, 1.5840513706207275, 1.5817209482192993, 1.5868338346481323, 1.5872645378112793, 1.583876132965088, 1.584969401359558, 1.583459734916687, 1.5897367000579834, 1.5913150310516357, 1.5948618650436401, 1.5939661264419556, 1.5907248258590698, 1.5911180973052979, 1.595796823501587, 1.5980647802352905, 1.5913007259368896, 1.5974302291870117, 1.597515344619751, 1.59213387966156, 1.596050500869751, 1.598713755607605, 1.598796010017395, 1.6025898456573486, 1.6021168231964111, 1.6076596975326538, 1.6090582609176636, 1.600953459739685, 1.6035579442977905, 1.6033636331558228, 1.6005829572677612],