{"loss": [2.5475730895996094, 2.058213949203491, 1.73679780960083, 1.5414962768554688, 1.4240111112594604, 1.3505860567092896, 1.2985233068466187, 1.2589857578277588, 1.2255979776382446, 1.19692862033844, 1.172642707824707, 1.1510931253433228, 1.1326165199279785, 1.1154465675354004, 1.0997412204742432, 1.0852746963500977, 1.0719622373580933, 1.0590652227401733, 1.0465954542160034, 1.0350425243377686, 1.0240426063537598, 1.0135092735290527, 1.0025323629379272, 0.9923620820045471, 0.9823068380355835, 0.97325599193573, 0.9632202386856079, 0.9535549879074097, 0.9438372850418091, 0.9340763688087463, 0.9244630932807922, 0.9145681858062744, 0.9054898023605347, 0.8964356184005737, 0.8876768946647644, 0.8785489797592163, 0.8711526393890381, 0.8631294965744019, 0.8557602763175964, 0.8488355875015259, 0.8419451713562012, 0.8348610997200012, 0.8284448385238647, 0.8223299980163574, 0.8169581890106201, 0.8121881484985352, 0.8065321445465088, 0.8018843531608582, 0.7974469065666199, 0.7923967838287354, 0.7884441614151001, 0.783609926700592, 0.7801060080528259, 0.7764158248901367, 0.7720111608505249, 0.7679064273834229, 0.7655114531517029, 0.7615828514099121, 0.7590014338493347, 0.7549485564231873, 0.7523579597473145, 0.7503129243850708, 0.7460081577301025, 0.7426937222480774, 0.7400064468383789, 0.737305223941803, 0.7340914011001587, 0.7314501404762268, 0.729300320148468, 0.7257980704307556, 0.7236694097518921, 0.7212711572647095, 0.7190693616867065, 0.7160530686378479, 0.7144208550453186, 0.7112507224082947, 0.7094079852104187, 0.7068524360656738, 0.7049331068992615, 0.7026663422584534, 0.7001047730445862, 0.6982593536376953, 0.6963959336280823, 0.6940311789512634, 0.6910527944564819, 0.6901031136512756, 0.6879061460494995, 0.6855268478393555, 0.683674156665802, 0.6831062436103821, 0.6792879104614258, 0.6781051158905029, 0.6766833662986755, 0.6736506819725037, 0.6724753379821777, 0.671062171459198, 0.6691612005233765, 0.6672898530960083, 0.6652349233627319, 0.6633884310722351], "accuracy": [0.2513638138771057, 0.4003356993198395, 0.4433487057685852, 0.4269827902317047, 0.4326479136943817, 0.44104069471359253, 0.45153167843818665, 0.4672681391239166, 0.502517819404602, 0.5287452936172485, 0.5407049655914307, 0.5518254041671753, 0.5574905872344971, 0.5677717328071594, 0.5723877549171448, 0.5782626867294312, 0.584557294845581, 0.5895929336547852, 0.5942089557647705, 0.6040704846382141, 0.6084766983985901, 0.6112043857574463, 0.6193873286247253, 0.6265211701393127, 0.6281997561454773, 0.6332353949546814, 0.6416282057762146, 0.6422576308250427, 0.650020956993103, 0.653168261051178, 0.657574474811554, 0.6605119705200195, 0.6617708802223206, 0.6676458120346069, 0.6682752966880798, 0.6707931160926819, 0.6760386228561401, 0.6775073409080505, 0.6804448366165161, 0.6817037463188171, 0.6840117573738098, 0.6892572641372681, 0.6903063654899597, 0.6919848918914795, 0.6928241848945618, 0.6972303986549377, 0.6980696320533752, 0.6999580264091492, 0.7045740485191345, 0.7068820595741272, 0.7068820595741272, 0.7075115442276001, 0.7110784649848938, 0.7112882733345032, 0.7135962843894958, 0.7146453857421875, 0.7142257690429688, 0.7152748703956604, 0.716323971748352, 0.7180024981498718, 0.7186319828033447, 0.7173730731010437, 0.7224087119102478, 0.7236676216125488, 0.7221989035606384, 0.7259756326675415, 0.726395308971405, 0.7280738353729248, 0.727654218673706, 0.7316408157348633, 0.7322702407836914, 0.7335291504859924, 0.7341586351394653, 0.7324800491333008, 0.7343684434890747, 0.7373059391975403, 0.7360469698905945, 0.7362568378448486, 0.7375157475471497, 0.7398237586021423, 0.7410826683044434, 0.7440201640129089, 0.7419219613075256, 0.743390679359436, 0.7425513863563538, 0.7429710626602173, 0.7456986904144287, 0.7459084987640381, 0.7475870847702026, 0.7467477917671204, 0.7461183667182922, 0.7471674084663391, 0.7511540055274963, 0.7528325915336609, 0.7503147125244141, 0.7515736222267151, 0.7532522082328796, 0.7524129152297974, 0.7538816332817078, 0.7572387456893921], "val_loss": [2.326106548309326, 1.9531937837600708, 1.7217211723327637, 1.5868198871612549, 1.508015513420105, 1.4569783210754395, 1.4233072996139526, 1.3958213329315186, 1.3768715858459473, 1.361358880996704, 1.3503743410110474, 1.3400936126708984, 1.3306835889816284, 1.3271504640579224, 1.321345567703247, 1.313515305519104, 1.3093971014022827, 1.306654930114746, 1.3013052940368652, 1.2995275259017944, 1.2969235181808472, 1.2893677949905396, 1.2880033254623413, 1.2839049100875854, 1.2853901386260986, 1.2807884216308594, 1.2819017171859741, 1.2765077352523804, 1.2792307138442993, 1.2822989225387573, 1.2866624593734741, 1.2908397912979126, 1.2872564792633057, 1.2963844537734985, 1.2978867292404175, 1.2943352460861206, 1.302570104598999, 1.3057059049606323, 1.315056324005127, 1.3221497535705566, 1.3304612636566162, 1.3406453132629395, 1.347351312637329, 1.3520058393478394, 1.3585747480392456, 1.3581385612487793, 1.3709393739700317, 1.3710016012191772, 1.377872347831726, 1.3817607164382935, 1.3903279304504395, 1.396945595741272, 1.3996433019638062, 1.3971989154815674, 1.4102064371109009, 1.4123668670654297, 1.4173272848129272, 1.4107692241668701, 1.4188176393508911, 1.4174591302871704, 1.4230595827102661, 1.4300614595413208, 1.4292536973953247, 1.4353361129760742, 1.4362424612045288, 1.4395935535430908, 1.4397891759872437, 1.4389983415603638, 1.4430993795394897, 1.4499523639678955, 1.4563885927200317, 1.456463098526001, 1.457464337348938, 1.4571865797042847, 1.4553239345550537, 1.4598441123962402, 1.4731098413467407, 1.4691698551177979, 1.47572922706604, 1.4765256643295288, 1.4837546348571777, 1.4873653650283813, 1.483307957649231, 1.4829299449920654, 1.4859670400619507, 1.4838848114013672, 1.4832713603973389, 1.4919744729995728, 1.4959608316421509, 1.4988927841186523, 1.483419418334961, 1.4991596937179565, 1.4989906549453735, 1.4979077577590942, 1.5081231594085693, 1.504328727722168, 1.5076082944869995, 1.5080360174179077, 1.4987021684646606, 1.51242995262146],