{"loss": [4.059752464294434, 3.462097644805908, 2.965350389480591, 2.555121660232544, 2.2296812534332275, 1.9843323230743408, 1.8099035024642944, 1.6911215782165527, 1.6112991571426392, 1.5582952499389648, 1.5182998180389404, 1.4851930141448975, 1.4601328372955322, 1.4393398761749268, 1.421775221824646, 1.4056954383850098, 1.390852689743042, 1.3764700889587402, 1.3633875846862793, 1.3508787155151367, 1.339509129524231, 1.3294451236724854, 1.3195598125457764, 1.312017798423767, 1.3031009435653687, 1.2938660383224487, 1.2863683700561523, 1.2807025909423828, 1.2742552757263184, 1.2689473628997803, 1.263927698135376, 1.2593708038330078, 1.2531384229660034, 1.2488046884536743, 1.2430087327957153, 1.2373876571655273, 1.2317583560943604, 1.2255151271820068, 1.2165868282318115, 1.2071934938430786, 1.19636869430542, 1.1823607683181763, 1.167626976966858, 1.147556185722351, 1.1333892345428467, 1.1186076402664185, 1.1065927743911743, 1.0954997539520264, 1.0804098844528198, 1.0699453353881836, 1.0624438524246216, 1.0535852909088135, 1.0455844402313232, 1.038972020149231, 1.0344520807266235, 1.0279523134231567, 1.019150733947754, 1.01994788646698, 1.0143650770187378, 1.0126140117645264, 1.0102993249893188, 1.0035372972488403, 1.0055780410766602, 0.9995335936546326, 1.0065287351608276, 0.9923412799835205, 0.9880375862121582, 0.9914638996124268, 1.0092898607254028, 0.9927440881729126, 0.9870953559875488, 0.9924656748771667, 0.9754710793495178, 0.9716266393661499, 0.9723340272903442, 0.9642746448516846, 0.9950608611106873, 0.9878476858139038, 0.9640613198280334, 0.959449827671051, 0.9598392248153687, 0.9605221748352051, 0.9554221034049988, 0.9603990316390991, 0.9557626843452454, 0.9548384547233582, 0.9496532678604126, 0.9659913182258606, 0.9552819728851318, 0.9620675444602966, 0.9701834917068481, 0.9661515951156616, 0.9655390977859497, 0.9420109391212463, 0.9463369250297546, 0.936543881893158, 0.9330326318740845, 0.953635573387146, 0.9603089690208435, 0.9480661153793335], "accuracy": [0.1441555768251419, 0.21686747670173645, 0.29845699667930603, 0.3705347776412964, 0.4235890805721283, 0.45761996507644653, 0.45127880573272705, 0.4166138172149658, 0.4187275469303131, 0.420841246843338, 0.42041853070259094, 0.42274361848831177, 0.4242232143878937, 0.4263369143009186, 0.4278165400028229, 0.4278165400028229, 0.4314098358154297, 0.4373282492160797, 0.44261255860328674, 0.45635172724723816, 0.4724159836769104, 0.47622066736221313, 0.4819277226924896, 0.483830064535141, 0.4846755564212799, 0.48509830236434937, 0.48636651039123535, 0.48700064420700073, 0.489748477935791, 0.4886915981769562, 0.49143943190574646, 0.49799197912216187, 0.4984147250652313, 0.5011625289916992, 0.5022193789482117, 0.5070809721946716, 0.5087719559669495, 0.5085605382919312, 0.5161699652671814, 0.5222997069358826, 0.5284295082092285, 0.5364616513252258, 0.5434368848800659, 0.55400550365448, 0.5537941455841064, 0.5679560303688049, 0.5734516978263855, 0.5808497071266174, 0.587613582611084, 0.5920524001121521, 0.6019868850708008, 0.6066370606422424, 0.6146692037582397, 0.6184738874435425, 0.6191080212593079, 0.6231240630149841, 0.6265060305595398, 0.6286197304725647, 0.624815046787262, 0.6243923306465149, 0.6275628805160522, 0.631367564201355, 0.6286197304725647, 0.6334812641143799, 0.6267173886299133, 0.6336926817893982, 0.6347495317459106, 0.6374973654747009, 0.6229127049446106, 0.6345381736755371, 0.6284083724021912, 0.6307334303855896, 0.6387655735015869, 0.6425702571868896, 0.6372860074043274, 0.6448953747749329, 0.6320016980171204, 0.6330585479736328, 0.6381314992904663, 0.6421475410461426, 0.6417247653007507, 0.6448953747749329, 0.6457408666610718, 0.6459522247314453, 0.6461635828018188, 0.6482773423194885, 0.6478545665740967, 0.6406679153442383, 0.6476432085037231, 0.6400338411331177, 0.6393997073173523, 0.6453180909156799, 0.6415134072303772, 0.6550412178039551, 0.6533502340316772, 0.6584231853485107, 0.6569435596466064, 0.6569435596466064, 0.6442612409591675, 0.6565208435058594], "val_loss": [3.846510171890259, 3.3297595977783203, 2.902322769165039, 2.5588765144348145, 2.29516339302063, 2.1023340225219727, 1.9655264616012573, 1.8725500106811523, 1.8094816207885742, 1.7625267505645752, 1.7313569784164429, 1.7058993577957153, 1.6864423751831055, 1.6691316366195679, 1.6566503047943115, 1.646166443824768, 1.6361639499664307, 1.6254874467849731, 1.621995210647583, 1.6173919439315796, 1.6134165525436401, 1.6147934198379517, 1.6149476766586304, 1.6179624795913696, 1.6149476766586304, 1.6155035495758057, 1.6211960315704346, 1.6177682876586914, 1.6235648393630981, 1.625313639640808, 1.624032735824585, 1.6275641918182373, 1.6227974891662598, 1.627868413925171, 1.6264092922210693, 1.6270047426223755, 1.6300231218338013, 1.632811427116394, 1.6443426609039307, 1.6414332389831543, 1.6504243612289429, 1.6496526002883911, 1.6688003540039062, 1.6765507459640503, 1.6948686838150024, 1.6972254514694214, 1.7102234363555908, 1.7135584354400635, 1.7311906814575195, 1.7330975532531738, 1.7443758249282837, 1.746321678161621, 1.7464148998260498, 1.7623566389083862, 1.7618685960769653, 1.7540507316589355, 1.7606083154678345, 1.7733169794082642, 1.7968684434890747, 1.78293776512146, 1.7983242273330688, 1.8032490015029907, 1.7984551191329956, 1.8014309406280518, 1.8048603534698486, 1.8035858869552612, 1.8275853395462036, 1.8292094469070435, 1.8203760385513306, 1.81456458568573, 1.8176922798156738, 1.8233883380889893, 1.8214892148971558, 1.8119970560073853, 1.8170045614242554, 1.8244283199310303, 1.8398792743682861, 1.8329737186431885, 1.8395369052886963, 1.822555661201477, 1.815535068511963, 1.8471014499664307, 1.8319242000579834, 1.8218189477920532, 1.8267663717269897, 1.8411294221878052, 1.8395851850509644, 1.8311561346054077, 1.8333717584609985, 1.8422322273254395, 1.8666168451309204, 1.8414273262023926, 1.8572949171066284, 1.8407392501831055, 1.8553178310394287, 1.8434163331985474, 1.84587562084198, 1.8530083894729614, 1.8505079746246338, 1.8444093465805054],