{"loss": [5.074281692504883, 3.9925715923309326, 3.0390632152557373, 2.3184802532196045, 1.8300713300704956, 1.5434064865112305, 1.3765426874160767, 1.2738977670669556, 1.2074434757232666, 1.1599091291427612, 1.1234807968139648, 1.093719244003296, 1.068429946899414, 1.0451833009719849, 1.0238105058670044, 1.0037546157836914, 0.9843961000442505, 0.9673367142677307, 0.9492982625961304, 0.9318897128105164, 0.9139952063560486, 0.8974343538284302, 0.8824790716171265, 0.8666703701019287, 0.8520293235778809, 0.8364439010620117, 0.8222031593322754, 0.8088592290878296, 0.7958395481109619, 0.7839124202728271, 0.7721642255783081, 0.7614865303039551, 0.751358687877655, 0.7421975135803223, 0.7326052784919739, 0.7245948910713196, 0.7160365581512451, 0.7084766030311584, 0.7007372975349426, 0.6944345831871033, 0.686488926410675, 0.6813926696777344, 0.6748157739639282, 0.6696274876594543, 0.6639442443847656, 0.659343421459198, 0.6555817723274231, 0.6510520577430725, 0.6484760046005249, 0.6436265110969543, 0.6403855681419373, 0.6365443468093872, 0.6326870918273926, 0.6314318180084229, 0.6271857023239136, 0.6220290064811707, 0.6185290217399597, 0.615321159362793, 0.6109179854393005, 0.6093477606773376, 0.6064891815185547, 0.6015545129776001, 0.5992130637168884, 0.5959678888320923, 0.5911885499954224, 0.5899485349655151, 0.5857681632041931, 0.5822099447250366, 0.5782408714294434, 0.5742425918579102, 0.5715250372886658, 0.568599283695221, 0.5666894316673279, 0.5607727766036987, 0.559100329875946, 0.5573450326919556, 0.5563281178474426, 0.5514249801635742, 0.5498958230018616, 0.545749843120575, 0.5451363325119019, 0.5407354235649109, 0.5384231209754944, 0.5358842611312866, 0.5346421003341675, 0.5321202874183655, 0.5298283100128174, 0.5269979238510132, 0.5241192579269409, 0.5240440368652344, 0.5197039842605591, 0.5160254240036011, 0.515964686870575, 0.5131828188896179, 0.5104730129241943, 0.5087102055549622, 0.5081704258918762, 0.5038208961486816, 0.5001999139785767, 0.50234454870224], "accuracy": [0.30014702677726746, 0.3946649730205536, 0.4394034743309021, 0.4553665220737457, 0.4812014400959015, 0.5278303027153015, 0.5629069805145264, 0.5748792290687561, 0.5837008953094482, 0.5927326083183289, 0.5965133309364319, 0.605755090713501, 0.6141566634178162, 0.6202478408813477, 0.6284394264221191, 0.6362108588218689, 0.6420919895172119, 0.647553026676178, 0.651333749294281, 0.6578450202941895, 0.6633060574531555, 0.6700273156166077, 0.6738080382347107, 0.6851502060890198, 0.6906112432479858, 0.695652186870575, 0.7002730369567871, 0.7034236788749695, 0.7097248435020447, 0.7120352983474731, 0.7181264162063599, 0.7204368710517883, 0.7250577807426453, 0.7242175936698914, 0.7307288646697998, 0.7355597615242004, 0.7397605776786804, 0.741230845451355, 0.7464818358421326, 0.7492123246192932, 0.7534131407737732, 0.7546733617782593, 0.7555135488510132, 0.7618147730827332, 0.7599244117736816, 0.7607645392417908, 0.7666456699371338, 0.7666456699371338, 0.7674857974052429, 0.7687460780143738, 0.7714765667915344, 0.7754673361778259, 0.7742071151733398, 0.7752572894096375, 0.778827965259552, 0.779248058795929, 0.7807183265686035, 0.780508279800415, 0.780508279800415, 0.780928373336792, 0.7807183265686035, 0.7842890024185181, 0.7859693169593811, 0.785129189491272, 0.7899600863456726, 0.788909912109375, 0.790590226650238, 0.7941609025001526, 0.7947909832000732, 0.7979416251182556, 0.7977315783500671, 0.7989917993545532, 0.7973114848136902, 0.8015123009681702, 0.8052930235862732, 0.8034026622772217, 0.8021423816680908, 0.8073934316635132, 0.8076034188270569, 0.8073934316635132, 0.8084436058998108, 0.8111740946769714, 0.8120142817497253, 0.8126444220542908, 0.8132745027542114, 0.8151648640632629, 0.8147448301315308, 0.8139046430587769, 0.8166351318359375, 0.8174753189086914, 0.8199958205223083, 0.8204158544540405, 0.8229363560676575, 0.822726309299469, 0.8208359479904175, 0.8254568576812744, 0.8258768916130066, 0.8281873464584351, 0.8292375802993774, 0.8292375802993774], "val_loss": [4.548829555511475, 3.5414507389068604, 2.7802090644836426, 2.234325885772705, 1.8914401531219482, 1.6924710273742676, 1.5748622417449951, 1.5021541118621826, 1.4568028450012207, 1.4255051612854004, 1.4002468585968018, 1.3813722133636475, 1.3666107654571533, 1.3564680814743042, 1.344145655632019, 1.3383119106292725, 1.3336734771728516, 1.3407002687454224, 1.3337070941925049, 1.3359042406082153, 1.3278577327728271, 1.321972370147705, 1.3236762285232544, 1.3272862434387207, 1.3329386711120605, 1.3289951086044312, 1.32894766330719, 1.3321996927261353, 1.3356819152832031, 1.3412803411483765, 1.343401551246643, 1.3466397523880005, 1.3562941551208496, 1.3654178380966187, 1.3623313903808594, 1.3638668060302734, 1.3563796281814575, 1.3614342212677002, 1.3691956996917725, 1.3656506538391113, 1.3825803995132446, 1.3834149837493896, 1.3883285522460938, 1.397330641746521, 1.4084758758544922, 1.3979336023330688, 1.4031896591186523, 1.4156605005264282, 1.4126803874969482, 1.4217373132705688, 1.4165973663330078, 1.4145267009735107, 1.4103024005889893, 1.4238018989562988, 1.4288103580474854, 1.4444154500961304, 1.4347302913665771, 1.4426627159118652, 1.4469668865203857, 1.4605696201324463, 1.460797905921936, 1.4761122465133667, 1.471764326095581, 1.4888561964035034, 1.4854093790054321, 1.4948925971984863, 1.5140938758850098, 1.5015769004821777, 1.5239787101745605, 1.5283879041671753, 1.5433855056762695, 1.56905996799469, 1.5566837787628174, 1.5805705785751343, 1.605561375617981, 1.5987968444824219, 1.6162713766098022, 1.610355257987976, 1.6237967014312744, 1.6276334524154663, 1.6499239206314087, 1.6417911052703857, 1.6539154052734375, 1.643165111541748, 1.6524215936660767, 1.6385952234268188, 1.6627254486083984, 1.6442580223083496, 1.650571346282959, 1.669626235961914, 1.6925145387649536, 1.6951541900634766, 1.6903586387634277, 1.7033591270446777, 1.7022327184677124, 1.7059500217437744, 1.7033500671386719, 1.7107224464416504, 1.7142373323440552, 1.724265456199646],