{"loss": [3.3712239265441895, 3.0835156440734863, 2.814283609390259, 2.5768702030181885, 2.365445137023926, 2.1815059185028076, 2.0276267528533936, 1.9028469324111938, 1.8042722940444946, 1.7257624864578247, 1.6622735261917114, 1.6117868423461914, 1.5694936513900757, 1.5327693223953247, 1.500659465789795, 1.47194242477417, 1.4460970163345337, 1.422284483909607, 1.399327278137207, 1.378051996231079, 1.3580697774887085, 1.3390920162200928, 1.3217748403549194, 1.305712342262268, 1.2906467914581299, 1.2764132022857666, 1.263323187828064, 1.251081109046936, 1.2392292022705078, 1.2281073331832886, 1.217469334602356, 1.2071409225463867, 1.1971803903579712, 1.1880823373794556, 1.1791378259658813, 1.170959711074829, 1.1635282039642334, 1.1564222574234009, 1.1495109796524048, 1.1433123350143433, 1.1374738216400146, 1.1318258047103882, 1.1265177726745605, 1.1213266849517822, 1.1165095567703247, 1.1119364500045776, 1.1074920892715454, 1.1029596328735352, 1.0988831520080566, 1.0948013067245483, 1.090793490409851, 1.0868631601333618, 1.0831913948059082, 1.0799181461334229, 1.0764448642730713, 1.073163390159607, 1.0700733661651611, 1.0669679641723633, 1.0640887022018433, 1.0611528158187866, 1.058430790901184, 1.0558791160583496, 1.0532327890396118, 1.0509061813354492, 1.0483852624893188, 1.046085238456726, 1.0436630249023438, 1.0413051843643188, 1.0390472412109375, 1.0368751287460327, 1.0345643758773804, 1.0323716402053833, 1.0301064252853394, 1.027974247932434, 1.0257692337036133, 1.0235832929611206, 1.021437168121338, 1.0195871591567993, 1.0176464319229126, 1.0158613920211792, 1.0141081809997559, 1.0123863220214844, 1.0107213258743286, 1.0089956521987915, 1.0074394941329956, 1.0056955814361572, 1.0041638612747192, 1.002617359161377, 1.000950813293457, 0.999387800693512, 0.9979535937309265, 0.9965121746063232, 0.9948210120201111, 0.9936519265174866, 0.9922878742218018, 0.9909036159515381, 0.9896121621131897, 0.9884543418884277, 0.9872607588768005, 0.9858345985412598], "accuracy": [0.20197147130966187, 0.2820889353752136, 0.3429110646247864, 0.3970218002796173, 0.4274328947067261, 0.4523909389972687, 0.4689597189426422, 0.48615771532058716, 0.4930788576602936, 0.49895134568214417, 0.5037751793861389, 0.506921112537384, 0.5109060406684875, 0.5140520334243774, 0.5203439593315125, 0.526216447353363, 0.5297818779945374, 0.5348154306411743, 0.538171112537384, 0.5415268540382385, 0.5436241626739502, 0.5486577153205872, 0.5497063994407654, 0.5543204545974731, 0.5551593899726868, 0.5614513158798218, 0.5599831938743591, 0.5610318779945374, 0.5639681220054626, 0.5673238039016724, 0.5677433013916016, 0.567533552646637, 0.5719379186630249, 0.5769714713096619, 0.5752936005592346, 0.5790687799453735, 0.5792785286903381, 0.5826342105865479, 0.5838926434516907, 0.5815855860710144, 0.586828887462616, 0.5851510167121887, 0.5878775119781494, 0.5864093899726868, 0.5895553827285767, 0.5895553827285767, 0.5906040072441101, 0.5908137559890747, 0.5912331938743591, 0.592491626739502, 0.593120813369751, 0.5929110646247864, 0.5954278707504272, 0.5945889353752136, 0.5971056818962097, 0.5964764952659607, 0.5981543660163879, 0.5968959927558899, 0.5981543660163879, 0.6023489832878113, 0.5989933013916016, 0.6019295454025269, 0.6021392345428467, 0.600671112537384, 0.6023489832878113, 0.6019295454025269, 0.6031879186630249, 0.605075478553772, 0.6031879186630249, 0.6040268540382385, 0.6052852272987366, 0.6057047247886658, 0.6052852272987366, 0.6063339114189148, 0.6084312200546265, 0.6103187799453735, 0.6111577153205872, 0.6113674640655518, 0.6117869019508362, 0.6122063994407654, 0.6115771532058716, 0.6132550239562988, 0.6140939593315125, 0.6130452752113342, 0.6168204545974731, 0.6161912679672241, 0.6161912679672241, 0.6176593899726868, 0.6176593899726868, 0.6168204545974731, 0.6205956339836121, 0.618708074092865, 0.618708074092865, 0.6201761960983276, 0.6195470094680786, 0.6214345693588257, 0.6205956339836121, 0.6210150718688965, 0.6214345693588257, 0.6210150718688965], "val_loss": [3.2408881187438965, 2.988271474838257, 2.761319875717163, 2.5575270652770996, 2.3783252239227295, 2.2284140586853027, 2.1080942153930664, 2.014911413192749, 1.9435691833496094, 1.8886739015579224, 1.8445018529891968, 1.8086918592453003, 1.778477668762207, 1.7522146701812744, 1.730046033859253, 1.7084660530090332, 1.6895610094070435, 1.6717194318771362, 1.6554336547851562, 1.6401318311691284, 1.6260225772857666, 1.6129366159439087, 1.600442886352539, 1.590295433998108, 1.5786364078521729, 1.569151520729065, 1.5595226287841797, 1.5495325326919556, 1.5424926280975342, 1.535559058189392, 1.5296661853790283, 1.5233304500579834, 1.5170419216156006, 1.51225745677948, 1.5088509321212769, 1.5049606561660767, 1.502136468887329, 1.4980331659317017, 1.4949722290039062, 1.4922112226486206, 1.4888736009597778, 1.4842205047607422, 1.482416033744812, 1.4782207012176514, 1.4753397703170776, 1.4725741147994995, 1.4711296558380127, 1.4685605764389038, 1.4662706851959229, 1.4639971256256104, 1.4622527360916138, 1.4594646692276, 1.458482265472412, 1.456711769104004, 1.454662799835205, 1.4533175230026245, 1.4522387981414795, 1.4500616788864136, 1.4499180316925049, 1.450332522392273, 1.4496698379516602, 1.4502363204956055, 1.4515430927276611, 1.4509449005126953, 1.4505772590637207, 1.4487969875335693, 1.4483141899108887, 1.4484425783157349, 1.447774052619934, 1.4473531246185303, 1.4490976333618164, 1.4485195875167847, 1.447808027267456, 1.4488983154296875, 1.4497767686843872, 1.4490687847137451, 1.4481867551803589, 1.448357105255127, 1.4484963417053223, 1.4476016759872437, 1.4473381042480469, 1.4465324878692627, 1.4489907026290894, 1.4462201595306396, 1.447039246559143, 1.4461103677749634, 1.44475519657135, 1.4457526206970215, 1.4463322162628174, 1.4447026252746582, 1.4465991258621216, 1.447311520576477, 1.4457389116287231, 1.4439245462417603, 1.444415807723999, 1.4438024759292603, 1.4439462423324585, 1.4441735744476318, 1.4426268339157104, 1.4427721500396729],