{"loss": [4.026828765869141, 3.568002700805664, 2.9409542083740234, 2.3161418437957764, 1.7766282558441162, 1.425005555152893, 1.228901743888855, 1.0805102586746216, 0.9781935214996338, 0.9076648950576782, 0.854466438293457, 0.807776153087616, 0.7722256183624268, 0.7429631948471069, 0.7192820310592651, 0.697940468788147, 0.6766171455383301, 0.6595635414123535, 0.6431224942207336, 0.6274675130844116, 0.6149568557739258, 0.6026051640510559, 0.5934047698974609, 0.5831626057624817, 0.573225736618042, 0.5652779340744019, 0.5572817921638489, 0.5502983331680298, 0.543919563293457, 0.5373923778533936, 0.5319649577140808, 0.5264014601707458, 0.5196727514266968, 0.5157126188278198, 0.5094965696334839, 0.5048032999038696, 0.5006255507469177, 0.49489399790763855, 0.4907301366329193, 0.48612117767333984, 0.4814872741699219, 0.47734254598617554, 0.4722720682621002, 0.46829909086227417, 0.4631788730621338, 0.459247350692749, 0.45597392320632935, 0.45131275057792664, 0.4481727182865143, 0.443520188331604, 0.44092100858688354, 0.43695154786109924, 0.4339640140533447, 0.4304594397544861, 0.4262535870075226, 0.42392051219940186, 0.42089417576789856, 0.41707053780555725, 0.41404837369918823, 0.4115065634250641, 0.4079354405403137, 0.40455174446105957, 0.40229764580726624, 0.3993615508079529, 0.3958803415298462, 0.39422664046287537, 0.3901898264884949, 0.3879742920398712, 0.38483574986457825, 0.3822426497936249, 0.378848671913147, 0.37743645906448364, 0.3739607036113739, 0.3717997670173645, 0.36808979511260986, 0.3671182692050934, 0.3646635115146637, 0.3608633875846863, 0.3596540689468384, 0.3570832908153534, 0.3546707034111023, 0.3530089557170868, 0.34971264004707336, 0.3470127582550049, 0.34522348642349243, 0.34268680214881897, 0.34102681279182434, 0.33950817584991455, 0.33736565709114075, 0.33542701601982117, 0.3323986232280731, 0.3308181166648865, 0.32957714796066284, 0.3267979919910431, 0.32508549094200134, 0.32355251908302307, 0.321982741355896, 0.3193729519844055, 0.31690675020217896, 0.316358745098114], "accuracy": [0.1978440135717392, 0.3225533664226532, 0.4128091335296631, 0.464595228433609, 0.5457620024681091, 0.6049460768699646, 0.6330585479736328, 0.6584231853485107, 0.6717395782470703, 0.6820967793464661, 0.7017543911933899, 0.7226802110671997, 0.7290213704109192, 0.7410695552825928, 0.7427605390548706, 0.751215398311615, 0.7550200819969177, 0.7603043913841248, 0.7641090750694275, 0.7689706087112427, 0.7719298005104065, 0.7767913937568665, 0.7791164517402649, 0.7839780449867249, 0.7844007611274719, 0.7850348949432373, 0.7913760542869568, 0.7909532785415649, 0.7979285717010498, 0.8008877635002136, 0.8000422716140747, 0.8021559715270996, 0.802790105342865, 0.8030014634132385, 0.8106108903884888, 0.8072289228439331, 0.8084971308708191, 0.8103994727134705, 0.8106108903884888, 0.813358724117279, 0.815472424030304, 0.814626932144165, 0.8184316158294678, 0.8209680914878845, 0.820756733417511, 0.8241386413574219, 0.8290002346038818, 0.8268864750862122, 0.8290002346038818, 0.8309025764465332, 0.8349186182022095, 0.8353413939476013, 0.835129976272583, 0.8323821425437927, 0.8342844843864441, 0.8380892276763916, 0.8397801518440247, 0.8402029275894165, 0.8408370614051819, 0.8418939113616943, 0.8433734774589539, 0.8435848951339722, 0.8459099531173706, 0.8461213111877441, 0.8495032787322998, 0.8497146368026733, 0.8518283367156982, 0.8533079624176025, 0.853096604347229, 0.854364812374115, 0.8552103042602539, 0.8560557961463928, 0.8564785718917847, 0.8590149879455566, 0.8600718379020691, 0.860917329788208, 0.8626083135604858, 0.8651447892189026, 0.8655675053596497, 0.8672584891319275, 0.8668357729911804, 0.8683153390884399, 0.8712745904922485, 0.8721200823783875, 0.8702177405357361, 0.8767702579498291, 0.8755019903182983, 0.8742337822914124, 0.8797294497489929, 0.8771929740905762, 0.88015216588974, 0.8803635835647583, 0.878883957862854, 0.8828999996185303, 0.8820545077323914, 0.8833227753639221, 0.8833227753639221, 0.8820545077323914, 0.8871274590492249, 0.8845909833908081], "val_loss": [3.8582141399383545, 3.4020042419433594, 2.850398063659668, 2.4906349182128906, 2.180143356323242, 2.031494140625, 1.9098902940750122, 1.8074023723602295, 1.7465808391571045, 1.7163926362991333, 1.6926218271255493, 1.6570625305175781, 1.6448414325714111, 1.6375154256820679, 1.6289795637130737, 1.6318365335464478, 1.6367653608322144, 1.6380493640899658, 1.6362226009368896, 1.6381633281707764, 1.647426724433899, 1.6543809175491333, 1.6522105932235718, 1.6569223403930664, 1.6620539426803589, 1.6604639291763306, 1.6643805503845215, 1.6681439876556396, 1.6728264093399048, 1.6708523035049438, 1.675032377243042, 1.6715397834777832, 1.6624343395233154, 1.657541275024414, 1.6470210552215576, 1.6549813747406006, 1.6432645320892334, 1.6490658521652222, 1.6481636762619019, 1.642365574836731, 1.6379179954528809, 1.6323766708374023, 1.628264307975769, 1.6309109926223755, 1.6219109296798706, 1.611161231994629, 1.6172605752944946, 1.6102659702301025, 1.6030429601669312, 1.5995079278945923, 1.5973811149597168, 1.5942801237106323, 1.5910202264785767, 1.5955429077148438, 1.5823737382888794, 1.5901960134506226, 1.588058590888977, 1.5776885747909546, 1.585978388786316, 1.5932741165161133, 1.590315341949463, 1.5847691297531128, 1.5861759185791016, 1.5927379131317139, 1.5748522281646729, 1.587875247001648, 1.5857259035110474, 1.5931323766708374, 1.59229576587677, 1.5851489305496216, 1.5899276733398438, 1.5925242900848389, 1.607332706451416, 1.5980417728424072, 1.5962324142456055, 1.604259729385376, 1.603027582168579, 1.6046521663665771, 1.61011803150177, 1.6157563924789429, 1.618139386177063, 1.6092884540557861, 1.6190232038497925, 1.6182500123977661, 1.621589183807373, 1.6326887607574463, 1.6348536014556885, 1.6369978189468384, 1.64150071144104, 1.6525547504425049, 1.6546646356582642, 1.6462466716766357, 1.6501702070236206, 1.6569468975067139, 1.6590572595596313, 1.672031283378601, 1.6674511432647705, 1.685848593711853, 1.6796717643737793, 1.6892770528793335],