{"loss": [2.705913543701172, 2.4539802074432373, 2.2398667335510254, 2.05220365524292, 1.8916317224502563, 1.76436185836792, 1.668487310409546, 1.5968170166015625, 1.5416960716247559, 1.4983898401260376, 1.4624443054199219, 1.4323146343231201, 1.4058380126953125, 1.382224440574646, 1.3607962131500244, 1.340972900390625, 1.322657585144043, 1.3050328493118286, 1.2884809970855713, 1.2728322744369507, 1.2583023309707642, 1.2449333667755127, 1.2322643995285034, 1.2205078601837158, 1.2100064754486084, 1.2003588676452637, 1.1913228034973145, 1.183153510093689, 1.175245761871338, 1.167875051498413, 1.1606392860412598, 1.1540074348449707, 1.1476020812988281, 1.1416815519332886, 1.135748028755188, 1.1300984621047974, 1.1246592998504639, 1.119189977645874, 1.1138678789138794, 1.108728289604187, 1.1039854288101196, 1.0993783473968506, 1.095279335975647, 1.0909748077392578, 1.087058663368225, 1.082139253616333, 1.0769964456558228, 1.0725493431091309, 1.0687230825424194, 1.0652490854263306, 1.0616343021392822, 1.0582518577575684, 1.0547301769256592, 1.051323413848877, 1.0482367277145386, 1.0451993942260742, 1.0421385765075684, 1.0392591953277588, 1.0363540649414062, 1.0335783958435059, 1.0306384563446045, 1.0280009508132935, 1.025230050086975, 1.022714376449585, 1.0202704668045044, 1.0176221132278442, 1.0153125524520874, 1.012804388999939, 1.010424017906189, 1.0081764459609985, 1.006095290184021, 1.0037509202957153, 1.0014766454696655, 0.9992935061454773, 0.9974104166030884, 0.9949899911880493, 0.9929988980293274, 0.9910683631896973, 0.9890719652175903, 0.9872118830680847, 0.98514723777771, 0.9835010766983032, 0.9815324544906616, 0.9795598983764648, 0.9777815937995911, 0.9759188890457153, 0.9741649031639099, 0.9722729325294495, 0.9705194234848022, 0.9689185619354248, 0.9671536684036255, 0.9655328392982483, 0.9636734127998352, 0.961824893951416, 0.9601319432258606, 0.9584496021270752, 0.9570150971412659, 0.9553539156913757, 0.9536279439926147, 0.9519932866096497], "accuracy": [0.19337248802185059, 0.31732383370399475, 0.4087667763233185, 0.4557466506958008, 0.4779781997203827, 0.48636746406555176, 0.4934983253479004, 0.4907718002796173, 0.4897231459617615, 0.49559563398361206, 0.4991610646247864, 0.5092281699180603, 0.5159395933151245, 0.5207633972167969, 0.5211828947067261, 0.5268456339836121, 0.5295721292495728, 0.5335570573806763, 0.5367029905319214, 0.5390100479125977, 0.5413171052932739, 0.5417366027832031, 0.5473993420600891, 0.5482382774353027, 0.5488674640655518, 0.5513842105865479, 0.5532718300819397, 0.5547399520874023, 0.5576761960983276, 0.5604026913642883, 0.5614513158798218, 0.5662751793861389, 0.5673238039016724, 0.5702600479125977, 0.5755033493041992, 0.5773909687995911, 0.5801174640655518, 0.5811660885810852, 0.5820050239562988, 0.5841023325920105, 0.5897650718688965, 0.5908137559890747, 0.5893456339836121, 0.5922818779945374, 0.5933305621147156, 0.5947986841201782, 0.5983641147613525, 0.5996224880218506, 0.5985738039016724, 0.6027684807777405, 0.6025587320327759, 0.6052852272987366, 0.6075922846794128, 0.6080117225646973, 0.6078020334243774, 0.6101090312004089, 0.6111577153205872, 0.6096895933151245, 0.6126258373260498, 0.6126258373260498, 0.6157718300819397, 0.6128355860710144, 0.6164010167121887, 0.6178691387176514, 0.6195470094680786, 0.6201761960983276, 0.6229026913642883, 0.6195470094680786, 0.6218540072441101, 0.6241610646247864, 0.6241610646247864, 0.6247902512550354, 0.6273070573806763, 0.6279362440109253, 0.6283556818962097, 0.6283556818962097, 0.6287751793861389, 0.6294043660163879, 0.6298238039016724, 0.630662739276886, 0.6317114233970642, 0.6315016746520996, 0.6323406100273132, 0.6333892345428467, 0.6344379186630249, 0.6342281699180603, 0.6335989832878113, 0.6354866027832031, 0.6350671052932739, 0.6367449760437012, 0.6354866027832031, 0.6394714713096619, 0.6371644139289856, 0.6394714713096619, 0.6413590312004089, 0.6417785286903381, 0.6434563994407654, 0.6436660885810852, 0.644924521446228, 0.6445050239562988], "val_loss": [2.609802007675171, 2.4066264629364014, 2.2269227504730225, 2.0706264972686768, 1.948796272277832, 1.8622844219207764, 1.7991005182266235, 1.752832293510437, 1.717978835105896, 1.6896088123321533, 1.6656615734100342, 1.6451115608215332, 1.6264697313308716, 1.610690951347351, 1.5959904193878174, 1.583927869796753, 1.5723832845687866, 1.561361312866211, 1.5513094663619995, 1.5410493612289429, 1.5330135822296143, 1.5254625082015991, 1.51763117313385, 1.511115312576294, 1.5048801898956299, 1.499416708946228, 1.4953978061676025, 1.49097740650177, 1.4871445894241333, 1.4828686714172363, 1.4804542064666748, 1.4762670993804932, 1.4745267629623413, 1.4720252752304077, 1.4704883098602295, 1.4688303470611572, 1.4670352935791016, 1.4665794372558594, 1.4639160633087158, 1.4612187147140503, 1.4609229564666748, 1.459780216217041, 1.4597914218902588, 1.458683967590332, 1.4575741291046143, 1.4580358266830444, 1.458998441696167, 1.4588247537612915, 1.4587547779083252, 1.4597123861312866, 1.4600605964660645, 1.4597848653793335, 1.460087537765503, 1.460810661315918, 1.4613398313522339, 1.4600967168807983, 1.461784839630127, 1.4618407487869263, 1.4612177610397339, 1.46173894405365, 1.461568832397461, 1.4620064496994019, 1.4620987176895142, 1.4613642692565918, 1.4612873792648315, 1.4612442255020142, 1.461713194847107, 1.4613587856292725, 1.4605233669281006, 1.461608648300171, 1.4617128372192383, 1.4620468616485596, 1.4626917839050293, 1.4628089666366577, 1.4626355171203613, 1.4625372886657715, 1.4620065689086914, 1.4614832401275635, 1.4623477458953857, 1.4624884128570557, 1.4618630409240723, 1.4615492820739746, 1.4624648094177246, 1.4627364873886108, 1.4622933864593506, 1.462592601776123, 1.4623442888259888, 1.462278962135315, 1.4621459245681763, 1.4625202417373657, 1.4625906944274902, 1.4638557434082031, 1.4637905359268188, 1.4634500741958618, 1.463478684425354, 1.4647364616394043, 1.4657033681869507, 1.4643346071243286, 1.4651888608932495, 1.465710997581482],