{"loss": [4.022294044494629, 3.571465253829956, 3.006821632385254, 2.4118082523345947, 1.9263787269592285, 1.6179991960525513, 1.4340933561325073, 1.312525987625122, 1.2271620035171509, 1.161711573600769, 1.1104381084442139, 1.0697649717330933, 1.0363786220550537, 1.0060008764266968, 0.9794785976409912, 0.9552704095840454, 0.9322342276573181, 0.9119877815246582, 0.8909226059913635, 0.8702306747436523, 0.8515877723693848, 0.8314666152000427, 0.8146258592605591, 0.7977219223976135, 0.7820764780044556, 0.7674713730812073, 0.7548072934150696, 0.742416262626648, 0.7310320734977722, 0.7195186018943787, 0.7087351083755493, 0.6983709335327148, 0.6886680722236633, 0.6798371076583862, 0.671467125415802, 0.6642968058586121, 0.6562792658805847, 0.6495751738548279, 0.6421880125999451, 0.6352401375770569, 0.6285858750343323, 0.6218101382255554, 0.6154892444610596, 0.6098231077194214, 0.6032429933547974, 0.5980023145675659, 0.5922842621803284, 0.5868443250656128, 0.5815163254737854, 0.5770435929298401, 0.5719164609909058, 0.567517876625061, 0.5628883838653564, 0.5583704113960266, 0.5541601777076721, 0.5492366552352905, 0.5453701019287109, 0.5409371852874756, 0.5373212695121765, 0.534262478351593, 0.5299732685089111, 0.5265198945999146, 0.5226752758026123, 0.5192549228668213, 0.5160860419273376, 0.5124977827072144, 0.509319543838501, 0.5058066248893738, 0.5028124451637268, 0.49987533688545227, 0.49685418605804443, 0.4938335418701172, 0.4912954568862915, 0.4884923994541168, 0.4861297309398651, 0.48200803995132446, 0.47882378101348877, 0.4762885570526123, 0.4743252098560333, 0.4710497260093689, 0.4691999852657318, 0.467623233795166, 0.4642176628112793, 0.46244385838508606, 0.46041637659072876, 0.45766592025756836, 0.4556748867034912, 0.45267432928085327, 0.4517802596092224, 0.4496499001979828, 0.447366863489151, 0.44583237171173096, 0.4432549476623535, 0.4417906403541565, 0.43963029980659485, 0.43786099553108215, 0.43625086545944214, 0.4340812563896179, 0.4328267574310303, 0.43036001920700073], "accuracy": [0.2532098591327667, 0.3691854476928711, 0.4211744964122772, 0.49421173334121704, 0.568932831287384, 0.6011366248130798, 0.6198695302009583, 0.6268153786659241, 0.6356556415557861, 0.6419700980186462, 0.6505998969078064, 0.6531256437301636, 0.6600715517997742, 0.6674384474754333, 0.6714376211166382, 0.6800673604011536, 0.6855399012565613, 0.6901704668998718, 0.6943801045417786, 0.7013260126113892, 0.7059566378593445, 0.7124815583229065, 0.7152178287506104, 0.7187960147857666, 0.722163736820221, 0.7255314588546753, 0.7286887168884277, 0.7350031733512878, 0.7366870045661926, 0.7392128109931946, 0.7444748282432556, 0.7453168034553528, 0.7518417239189148, 0.7589980959892273, 0.7581561803817749, 0.7615239024162292, 0.765733540058136, 0.766996443271637, 0.7682592868804932, 0.7686802744865417, 0.7752051949501038, 0.7779414653778076, 0.781309187412262, 0.7832035422325134, 0.7865712642669678, 0.7876236438751221, 0.7922542691230774, 0.7920438051223755, 0.7958324551582336, 0.7960429191589355, 0.7962534427642822, 0.8015154600143433, 0.8048831820487976, 0.8053041696548462, 0.8076194524765015, 0.8097242712974548, 0.8128814697265625, 0.8133024573326111, 0.8141443729400635, 0.813512921333313, 0.8177225589752197, 0.8187749981880188, 0.8196169137954712, 0.8213008046150208, 0.8217217326164246, 0.822563648223877, 0.8252999186515808, 0.824878990650177, 0.8269838094711304, 0.8250894546508789, 0.8271942734718323, 0.8299305438995361, 0.8290886282920837, 0.8307724595069885, 0.8324563503265381, 0.8322458267211914, 0.8309829235076904, 0.833929717540741, 0.8343506455421448, 0.8343506455421448, 0.8362450003623962, 0.8364554643630981, 0.8372974395751953, 0.839191734790802, 0.8408756256103516, 0.840454638004303, 0.839191734790802, 0.840454638004303, 0.8429804444313049, 0.8425594568252563, 0.8406651020050049, 0.8450852632522583, 0.8436118960380554, 0.8461376428604126, 0.8463481664657593, 0.8450852632522583, 0.846979558467865, 0.8490843772888184, 0.846979558467865, 0.8488739132881165], "val_loss": [3.844740629196167, 3.4087722301483154, 2.8986730575561523, 2.483736276626587, 2.250391721725464, 2.135500907897949, 2.0538763999938965, 1.9844093322753906, 1.9193100929260254, 1.8739017248153687, 1.8364925384521484, 1.8075729608535767, 1.7755640745162964, 1.7528891563415527, 1.7280347347259521, 1.7071213722229004, 1.6838834285736084, 1.6670804023742676, 1.6483129262924194, 1.632419466972351, 1.6098113059997559, 1.5886980295181274, 1.5728635787963867, 1.557511806488037, 1.5470341444015503, 1.5382252931594849, 1.532606840133667, 1.5220710039138794, 1.5144877433776855, 1.5086702108383179, 1.500789761543274, 1.4884917736053467, 1.4804250001907349, 1.4772671461105347, 1.4758614301681519, 1.4709358215332031, 1.4688024520874023, 1.4673359394073486, 1.4636350870132446, 1.4655845165252686, 1.46465003490448, 1.466022253036499, 1.465538740158081, 1.465356707572937, 1.4697340726852417, 1.4686871767044067, 1.4708513021469116, 1.4765534400939941, 1.4779318571090698, 1.480599284172058, 1.4851384162902832, 1.4910705089569092, 1.4980813264846802, 1.4953181743621826, 1.5036853551864624, 1.5119640827178955, 1.509881615638733, 1.5191619396209717, 1.5251597166061401, 1.5303972959518433, 1.538490653038025, 1.5452783107757568, 1.548909306526184, 1.5579077005386353, 1.5630719661712646, 1.5777159929275513, 1.5795103311538696, 1.58823823928833, 1.6012275218963623, 1.6060749292373657, 1.631247878074646, 1.6276103258132935, 1.642951250076294, 1.6377129554748535, 1.6537233591079712, 1.655543565750122, 1.663861870765686, 1.6782596111297607, 1.6880409717559814, 1.6918315887451172, 1.7052490711212158, 1.6985068321228027, 1.7295005321502686, 1.7254908084869385, 1.7395977973937988, 1.7476496696472168, 1.7569453716278076, 1.777117371559143, 1.7790151834487915, 1.7925729751586914, 1.807968020439148, 1.8149577379226685, 1.820385217666626, 1.8325114250183105, 1.832434058189392, 1.8485968112945557, 1.8480043411254883, 1.867269515991211, 1.868219256401062, 1.8882008790969849],