{"loss": [1.9602699279785156, 1.6784130334854126, 1.4949226379394531, 1.3785409927368164, 1.2933872938156128, 1.2176289558410645, 1.148819088935852, 1.0928614139556885, 1.0461347103118896, 1.0070137977600098, 0.9712399244308472, 0.9379609227180481, 0.9084823131561279, 0.8801971077919006, 0.8529031276702881, 0.827386200428009, 0.8025204539299011, 0.777947187423706, 0.755255937576294, 0.7339237928390503, 0.7135719656944275, 0.696160078048706, 0.6779094338417053, 0.6612277030944824, 0.6449921131134033, 0.6309047341346741, 0.6171787977218628, 0.6053169965744019, 0.5934295654296875, 0.5841001868247986, 0.5740965008735657, 0.5645738244056702, 0.5560649037361145, 0.5481646060943604, 0.5389997363090515, 0.5317964553833008, 0.5241891145706177, 0.5180225968360901, 0.5117959380149841, 0.5059517621994019, 0.501570463180542, 0.49633195996284485, 0.49404263496398926, 0.4882284998893738, 0.48271483182907104, 0.47842836380004883, 0.475166916847229, 0.4722418189048767, 0.4742528796195984, 0.46525704860687256, 0.46278518438339233, 0.4598970413208008, 0.45668166875839233, 0.45481550693511963, 0.4521982967853546, 0.44929245114326477, 0.44660550355911255, 0.44389858841896057, 0.442218542098999, 0.4381476938724518, 0.43654367327690125, 0.43585747480392456, 0.44121986627578735, 0.4293636083602905, 0.42642465233802795, 0.42571303248405457, 0.42330336570739746, 0.4218950867652893, 0.4201509356498718, 0.4180900454521179, 0.4161551296710968, 0.41698819398880005, 0.41369619965553284, 0.4137496054172516, 0.41147464513778687, 0.40959835052490234, 0.40921300649642944, 0.41724520921707153, 0.4075370728969574, 0.40409398078918457, 0.40292271971702576, 0.400901198387146, 0.3998328447341919, 0.3981500267982483, 0.3978676199913025, 0.3967772424221039, 0.3967435657978058, 0.3957310914993286, 0.4017353951931, 0.3903866410255432, 0.39092040061950684, 0.38943058252334595, 0.38833123445510864, 0.3869769871234894, 0.3897542655467987, 0.3837016522884369, 0.3859555125236511, 0.3836648762226105, 0.4250846803188324, 0.392355352640152], "accuracy": [0.318960040807724, 0.4149228632450104, 0.4352145493030548, 0.44705137610435486, 0.45973366498947144, 0.4882688522338867, 0.5203973650932312, 0.555273711681366, 0.5675333142280579, 0.5852885246276855, 0.6013527512550354, 0.616148829460144, 0.6417247653007507, 0.649756908416748, 0.66899174451828, 0.6808285713195801, 0.6922426819801331, 0.7040794491767883, 0.7148594260215759, 0.7252166271209717, 0.7351511120796204, 0.7362079620361328, 0.7476220726966858, 0.7510040402412415, 0.7573451995849609, 0.7613612413406372, 0.7651659250259399, 0.7706615924835205, 0.7729867100715637, 0.7791164517402649, 0.7795392274856567, 0.7852462530136108, 0.7850348949432373, 0.7917987704277039, 0.7915874123573303, 0.7943352460861206, 0.796237587928772, 0.8008877635002136, 0.8019446134567261, 0.8044810891151428, 0.8051152229309082, 0.8074402809143066, 0.8089199066162109, 0.8091312646865845, 0.8150496482849121, 0.8152610659599304, 0.8180088996887207, 0.8190657496452332, 0.8142041563987732, 0.8182202577590942, 0.8190657496452332, 0.8218135833740234, 0.8205453157424927, 0.8241386413574219, 0.822024941444397, 0.8264637589454651, 0.8264637589454651, 0.8264637589454651, 0.827309250831604, 0.8256182670593262, 0.827309250831604, 0.8268864750862122, 0.8239272832870483, 0.8317480683326721, 0.8317480683326721, 0.82857745885849, 0.8334389925003052, 0.8359754681587219, 0.8321707844734192, 0.8340731263160706, 0.8353413939476013, 0.8347072601318359, 0.8370323181152344, 0.8349186182022095, 0.8378778100013733, 0.8418939113616943, 0.84041428565979, 0.832593560218811, 0.8385119438171387, 0.839991569519043, 0.8397801518440247, 0.839991569519043, 0.8437962532043457, 0.8429507613182068, 0.8427394032478333, 0.8442189693450928, 0.8433734774589539, 0.8433734774589539, 0.8408370614051819, 0.8452758193016052, 0.8450644612312317, 0.8461213111877441, 0.8471781611442566, 0.8486577868461609, 0.847812294960022, 0.8497146368026733, 0.8480236530303955, 0.8497146368026733, 0.8266751170158386, 0.8408370614051819], "val_loss": [1.8601007461547852, 1.66171395778656, 1.5397597551345825, 1.463880181312561, 1.4020456075668335, 1.355298638343811, 1.3345810174942017, 1.322381615638733, 1.3086198568344116, 1.3066883087158203, 1.3085219860076904, 1.313552975654602, 1.3221988677978516, 1.336431860923767, 1.3390759229660034, 1.352835774421692, 1.3582587242126465, 1.3639423847198486, 1.3681814670562744, 1.3725076913833618, 1.3715300559997559, 1.384928584098816, 1.3877664804458618, 1.3811477422714233, 1.3923134803771973, 1.3952610492706299, 1.4053852558135986, 1.4131479263305664, 1.412765622138977, 1.4290107488632202, 1.4388573169708252, 1.4609761238098145, 1.4669891595840454, 1.4768301248550415, 1.4858839511871338, 1.5065865516662598, 1.5150368213653564, 1.5300869941711426, 1.5299469232559204, 1.5273832082748413, 1.544015645980835, 1.538499116897583, 1.5357022285461426, 1.5569010972976685, 1.5684359073638916, 1.5738426446914673, 1.5841795206069946, 1.592384696006775, 1.595346450805664, 1.597276210784912, 1.6124638319015503, 1.638244867324829, 1.6565355062484741, 1.652001976966858, 1.6761871576309204, 1.7022645473480225, 1.715886116027832, 1.722682237625122, 1.7345904111862183, 1.7489665746688843, 1.7679165601730347, 1.7585262060165405, 1.7516206502914429, 1.756417989730835, 1.7738158702850342, 1.7636463642120361, 1.7619202136993408, 1.766863226890564, 1.7874350547790527, 1.7733628749847412, 1.7953134775161743, 1.7852896451950073, 1.8004294633865356, 1.79745614528656, 1.797080159187317, 1.8092375993728638, 1.7897930145263672, 1.7802462577819824, 1.7935837507247925, 1.7990601062774658, 1.8073925971984863, 1.8089818954467773, 1.8102220296859741, 1.817322850227356, 1.832042932510376, 1.8312774896621704, 1.8362871408462524, 1.8356000185012817, 1.811149001121521, 1.8297990560531616, 1.835047960281372, 1.8420109748840332, 1.8392798900604248, 1.83437180519104, 1.8375803232192993, 1.841690182685852, 1.8267778158187866, 1.8356300592422485, 1.8214291334152222, 1.8255383968353271],