{"loss": [5.423577785491943, 5.035159111022949, 4.529740810394287, 3.851271390914917, 3.0370898246765137, 2.281688928604126, 1.8106032609939575, 1.5362951755523682, 1.3282718658447266, 1.185131311416626, 1.0808444023132324, 1.016465425491333, 0.9674641489982605, 0.9288389086723328, 0.8987427949905396, 0.8718962073326111, 0.8493455052375793, 0.8275517821311951, 0.8086607456207275, 0.789103090763092, 0.7723214030265808, 0.7558529376983643, 0.7409806847572327, 0.726837158203125, 0.7115727066993713, 0.696017861366272, 0.6831200122833252, 0.6711301803588867, 0.6583194136619568, 0.6488511562347412, 0.6375901103019714, 0.62838214635849, 0.617887020111084, 0.6096410155296326, 0.6009299159049988, 0.5935763716697693, 0.5853818655014038, 0.5781359076499939, 0.5723878741264343, 0.5660704374313354, 0.559324324131012, 0.5535824298858643, 0.5488190054893494, 0.5425550937652588, 0.5355225205421448, 0.5313113331794739, 0.5258340239524841, 0.5205568075180054, 0.5156700611114502, 0.5124306082725525, 0.5088067650794983, 0.5019079446792603, 0.4969767928123474, 0.49248531460762024, 0.48750975728034973, 0.48361730575561523, 0.47877076268196106, 0.47759515047073364, 0.4722866117954254, 0.46910932660102844, 0.46400904655456543, 0.4601621925830841, 0.456298828125, 0.4530049264431, 0.44997796416282654, 0.4459174573421478, 0.44284018874168396, 0.4403803050518036, 0.43753668665885925, 0.433658629655838, 0.43086695671081543, 0.4291488528251648, 0.42560672760009766, 0.4221101999282837, 0.42108020186424255, 0.41733312606811523, 0.4116724133491516, 0.40997031331062317, 0.40677332878112793, 0.4048202931880951, 0.40172573924064636, 0.3989696204662323, 0.3984302282333374, 0.3946394622325897, 0.3930746614933014, 0.38959142565727234, 0.3885635435581207, 0.3852172791957855, 0.38398897647857666, 0.3818387985229492, 0.37939131259918213, 0.37767690420150757, 0.37443920969963074, 0.3732976019382477, 0.37185138463974, 0.3686095178127289, 0.36673685908317566, 0.36521443724632263, 0.3629019260406494, 0.36027535796165466], "accuracy": [0.20608751475811005, 0.3597548007965088, 0.41471147537231445, 0.465229332447052, 0.510251522064209, 0.5521031618118286, 0.5933206677436829, 0.6195307374000549, 0.6455295085906982, 0.6569435596466064, 0.6761783957481384, 0.6850560307502747, 0.6971042156219482, 0.7059818506240845, 0.7129570841789246, 0.7163390517234802, 0.7245825529098511, 0.726696252822876, 0.7309237122535706, 0.7366307377815247, 0.7455083727836609, 0.745085597038269, 0.747199296951294, 0.7545973658561707, 0.7581906318664551, 0.759036123752594, 0.7634749412536621, 0.7693933844566345, 0.7689706087112427, 0.7710843086242676, 0.7751004099845886, 0.7778482437133789, 0.7793278098106384, 0.7824984192848206, 0.7841894030570984, 0.7879940867424011, 0.790107786655426, 0.7905305624008179, 0.7934897541999817, 0.797505795955658, 0.7994081377983093, 0.8002536296844482, 0.8002536296844482, 0.8076516389846802, 0.8061720728874207, 0.8074402809143066, 0.8106108903884888, 0.8108222484588623, 0.8120904564857483, 0.813358724117279, 0.8150496482849121, 0.8182202577590942, 0.8152610659599304, 0.8169519901275635, 0.8167406320571899, 0.8188543915748596, 0.8209680914878845, 0.8226590752601624, 0.822024941444397, 0.8279433250427246, 0.8258296251296997, 0.8298457264900208, 0.8296343088150024, 0.8302684426307678, 0.8359754681587219, 0.8349186182022095, 0.835129976272583, 0.8378778100013733, 0.8361868262290955, 0.8387233018875122, 0.8421052694320679, 0.8389346599578857, 0.8418939113616943, 0.8442189693450928, 0.8429507613182068, 0.8448531031608582, 0.8461213111877441, 0.8473895788192749, 0.8482350707054138, 0.8505601286888123, 0.8505601286888123, 0.8492919206619263, 0.8522511124610901, 0.8511942625045776, 0.8516169786453247, 0.8518283367156982, 0.8556330800056458, 0.854364812374115, 0.8552103042602539, 0.8562671542167664, 0.8579581379890442, 0.8558444380760193, 0.8575354218482971, 0.858380913734436, 0.8588036298751831, 0.860917329788208, 0.8598604798316956, 0.8642992973327637, 0.8628196716308594, 0.8632424473762512], "val_loss": [5.275186538696289, 4.907979965209961, 4.469695091247559, 3.8754775524139404, 3.343111038208008, 2.9338467121124268, 2.7429425716400146, 2.595593214035034, 2.485081911087036, 2.413567543029785, 2.3680100440979004, 2.3285775184631348, 2.3134679794311523, 2.2923991680145264, 2.2794649600982666, 2.2661995887756348, 2.2685608863830566, 2.2437524795532227, 2.235527515411377, 2.227566719055176, 2.2114932537078857, 2.1914496421813965, 2.1804964542388916, 2.1603317260742188, 2.1477668285369873, 2.126012086868286, 2.1261744499206543, 2.1072170734405518, 2.0950927734375, 2.07792329788208, 2.074054718017578, 2.0653865337371826, 2.0570077896118164, 2.0424296855926514, 2.0298218727111816, 2.0276873111724854, 1.9981424808502197, 1.9958724975585938, 1.9754040241241455, 1.9748365879058838, 1.9644067287445068, 1.9734073877334595, 1.9505267143249512, 1.9500436782836914, 1.959198236465454, 1.9388083219528198, 1.9324748516082764, 1.9269566535949707, 1.9114243984222412, 1.8984545469284058, 1.92372465133667, 1.8992975950241089, 1.9068191051483154, 1.906613826751709, 1.9105738401412964, 1.8886990547180176, 1.8846925497055054, 1.8858979940414429, 1.8834596872329712, 1.8741471767425537, 1.8656755685806274, 1.8670462369918823, 1.8701205253601074, 1.851098895072937, 1.8575224876403809, 1.835248589515686, 1.8390867710113525, 1.830248236656189, 1.8319944143295288, 1.8368810415267944, 1.8186442852020264, 1.8090717792510986, 1.8115968704223633, 1.8078988790512085, 1.7915594577789307, 1.7928657531738281, 1.7882728576660156, 1.781252384185791, 1.7817972898483276, 1.7776448726654053, 1.7733036279678345, 1.7690129280090332, 1.7727168798446655, 1.777806043624878, 1.770013689994812, 1.7743208408355713, 1.7755637168884277, 1.7709320783615112, 1.7798038721084595, 1.7529573440551758, 1.7588104009628296, 1.7724292278289795, 1.771758794784546, 1.7650991678237915, 1.772218942642212, 1.773047685623169, 1.770803689956665, 1.7769064903259277, 1.7850401401519775, 1.8031307458877563],