{"loss": [5.324389934539795, 4.649389743804932, 4.05150032043457, 3.505276679992676, 3.0047545433044434, 2.554277181625366, 2.1852095127105713, 1.9228839874267578, 1.7548816204071045, 1.6496299505233765, 1.5840203762054443, 1.5401197671890259, 1.5067119598388672, 1.482905387878418, 1.4631917476654053, 1.445335030555725, 1.4310388565063477, 1.4150201082229614, 1.4009195566177368, 1.3878388404846191, 1.376507043838501, 1.36665940284729, 1.3569037914276123, 1.3489100933074951, 1.3416473865509033, 1.3343099355697632, 1.3272852897644043, 1.3210731744766235, 1.3156485557556152, 1.3107142448425293, 1.3058695793151855, 1.3016036748886108, 1.2974321842193604, 1.2927883863449097, 1.2897820472717285, 1.2860562801361084, 1.282697319984436, 1.279139518737793, 1.276305079460144, 1.273257851600647, 1.2702008485794067, 1.2659063339233398, 1.2629969120025635, 1.260069727897644, 1.2564036846160889, 1.2534856796264648, 1.2506036758422852, 1.247552752494812, 1.2434718608856201, 1.2404637336730957, 1.2372022867202759, 1.233837604522705, 1.2300376892089844, 1.2272088527679443, 1.2240029573440552, 1.220882773399353, 1.2176666259765625, 1.2147867679595947, 1.211483359336853, 1.207097053527832, 1.2037608623504639, 1.2003647089004517, 1.1976455450057983, 1.1936739683151245, 1.1905810832977295, 1.1878538131713867, 1.1847630739212036, 1.1806402206420898, 1.1762140989303589, 1.1738163232803345, 1.1680235862731934, 1.1635292768478394, 1.1615544557571411, 1.1576344966888428, 1.1528698205947876, 1.1483436822891235, 1.1451431512832642, 1.1412783861160278, 1.1371265649795532, 1.1324684619903564, 1.1295392513275146, 1.1261067390441895, 1.1217970848083496, 1.1189202070236206, 1.1151280403137207, 1.1117587089538574, 1.1093330383300781, 1.1065688133239746, 1.102634310722351, 1.0989832878112793, 1.0972307920455933, 1.0932339429855347, 1.0896797180175781, 1.087070107460022, 1.0832148790359497, 1.081269383430481, 1.0781654119491577, 1.075888991355896, 1.0724269151687622, 1.06974196434021], "accuracy": [0.1699538379907608, 0.2394041121006012, 0.2870331406593323, 0.33382290601730347, 0.3646663725376129, 0.3944607675075531, 0.42950063943862915, 0.46433067321777344, 0.4616030156612396, 0.41754090785980225, 0.41754090785980225, 0.41670164465904236, 0.41733109951019287, 0.41670164465904236, 0.4183802008628845, 0.4192194640636444, 0.4236256778240204, 0.4299202561378479, 0.4355854094028473, 0.44313889741897583, 0.45362988114356995, 0.46223247051239014, 0.4781787693500519, 0.48111623525619507, 0.48405370116233826, 0.4913974106311798, 0.49328577518463135, 0.4970625340938568, 0.4985312521457672, 0.49748215079307556, 0.5020982027053833, 0.5020982027053833, 0.506924033164978, 0.5073437094688416, 0.511330246925354, 0.5104909539222717, 0.5148971676826477, 0.5146873593330383, 0.512589156627655, 0.518254280090332, 0.5224506855010986, 0.5211917757987976, 0.5207721590995789, 0.5224506855010986, 0.5255979895591736, 0.5264372825622559, 0.5272765159606934, 0.5302140116691589, 0.5335711240768433, 0.5358791351318359, 0.5335711240768433, 0.5360889434814453, 0.5388166308403015, 0.5392362475395203, 0.5457406640052795, 0.5455308556556702, 0.5465799570083618, 0.5495173931121826, 0.5516155958175659, 0.5549727082252502, 0.5562316179275513, 0.5572807192802429, 0.5629458427429199, 0.5612673163414001, 0.5639949440956116, 0.5663029551506042, 0.5648342370986938, 0.5749055743217468, 0.5713386535644531, 0.5738564729690552, 0.5774233937263489, 0.5851867198944092, 0.5809903740882874, 0.5853965878486633, 0.5841376185417175, 0.5862358212471008, 0.592110812664032, 0.592110812664032, 0.5927402377128601, 0.6000839471817017, 0.5981955528259277, 0.6000839471817017, 0.5994544625282288, 0.6005035638809204, 0.6009231805801392, 0.6042802929878235, 0.6032311916351318, 0.6067981719970703, 0.6070079803466797, 0.609106183052063, 0.6099454760551453, 0.6107847094535828, 0.6166597008705139, 0.6137222051620483, 0.6158204078674316, 0.6170793175697327, 0.6170793175697327, 0.6183382272720337, 0.619177520275116, 0.6200168132781982], "val_loss": [5.056426525115967, 4.471147537231445, 3.9400124549865723, 3.455125570297241, 3.0150740146636963, 2.6307625770568848, 2.3386828899383545, 2.140617609024048, 2.0132524967193604, 1.9315311908721924, 1.8791606426239014, 1.841973066329956, 1.811062216758728, 1.7880326509475708, 1.7676799297332764, 1.7498016357421875, 1.734086036682129, 1.717400074005127, 1.7054481506347656, 1.6946241855621338, 1.6863105297088623, 1.6791157722473145, 1.6742808818817139, 1.6690599918365479, 1.6674340963363647, 1.662683129310608, 1.662155032157898, 1.6617459058761597, 1.6609405279159546, 1.6608000993728638, 1.6617968082427979, 1.6589341163635254, 1.6591241359710693, 1.665046215057373, 1.6618564128875732, 1.664472222328186, 1.6644024848937988, 1.6656203269958496, 1.6752744913101196, 1.6729217767715454, 1.669386386871338, 1.6699328422546387, 1.6711251735687256, 1.6719566583633423, 1.6772416830062866, 1.6790590286254883, 1.677725076675415, 1.6754335165023804, 1.6836265325546265, 1.6828410625457764, 1.6873000860214233, 1.687551498413086, 1.6952333450317383, 1.6950418949127197, 1.6954408884048462, 1.7050244808197021, 1.7039581537246704, 1.7046371698379517, 1.7079590559005737, 1.708222508430481, 1.707876443862915, 1.7145516872406006, 1.7113696336746216, 1.7100542783737183, 1.7182739973068237, 1.720362663269043, 1.7186462879180908, 1.7201956510543823, 1.722899079322815, 1.7335013151168823, 1.7342079877853394, 1.731535792350769, 1.7451727390289307, 1.7530648708343506, 1.752369999885559, 1.7624183893203735, 1.7646725177764893, 1.7665109634399414, 1.7707916498184204, 1.7742661237716675, 1.7743918895721436, 1.7872352600097656, 1.7883747816085815, 1.8005273342132568, 1.8080092668533325, 1.8072422742843628, 1.8220388889312744, 1.8288555145263672, 1.8195650577545166, 1.828187108039856, 1.8275086879730225, 1.831702709197998, 1.8423054218292236, 1.8499808311462402, 1.8552155494689941, 1.8615164756774902, 1.8680877685546875, 1.8715612888336182, 1.8823803663253784, 1.8801238536834717],