{"loss": [2.6454052925109863, 2.259082078933716, 1.930084228515625, 1.6858994960784912, 1.5171066522598267, 1.3996598720550537, 1.3152505159378052, 1.253543496131897, 1.2063223123550415, 1.1664015054702759, 1.1332467794418335, 1.1039644479751587, 1.0791614055633545, 1.0576099157333374, 1.0368432998657227, 1.0168592929840088, 0.9983274936676025, 0.9804362654685974, 0.9650840163230896, 0.9503985047340393, 0.9367251992225647, 0.9228401780128479, 0.9102277159690857, 0.8978149890899658, 0.8868100047111511, 0.8762608766555786, 0.8657169342041016, 0.8565911054611206, 0.8480250239372253, 0.8399895429611206, 0.8318660259246826, 0.8241127729415894, 0.8171881437301636, 0.8110179901123047, 0.8042644262313843, 0.7980708479881287, 0.7923746109008789, 0.7871382832527161, 0.7819968461990356, 0.7767816781997681, 0.7717399001121521, 0.7675195336341858, 0.7627949118614197, 0.757498562335968, 0.7532594203948975, 0.7490993738174438, 0.7448404431343079, 0.7393592596054077, 0.7350559830665588, 0.7307948470115662, 0.726922333240509, 0.7226227521896362, 0.7186754941940308, 0.7147131562232971, 0.7105029225349426, 0.707074761390686, 0.7030820846557617, 0.7002744674682617, 0.6958921551704407, 0.6927627921104431, 0.6896939873695374, 0.6859988570213318, 0.6830335855484009, 0.6800931692123413, 0.6783803105354309, 0.6746724247932434, 0.6713290214538574, 0.669013261795044, 0.6664488315582275, 0.6633937358856201, 0.6607909798622131, 0.65757817029953, 0.6562543511390686, 0.6537675261497498, 0.6513226628303528, 0.6490168571472168, 0.6464162468910217, 0.6452770829200745, 0.6431812047958374, 0.6393117904663086, 0.6370364427566528, 0.634884774684906, 0.633131742477417, 0.6307107210159302, 0.6300045251846313, 0.6279451251029968, 0.6259411573410034, 0.624495804309845, 0.6229227781295776, 0.6213622093200684, 0.619786262512207, 0.6184918880462646, 0.6170285940170288, 0.6152048110961914, 0.6140268445014954, 0.6133520007133484, 0.61113041639328, 0.6106393337249756, 0.6082070469856262, 0.6069906949996948], "accuracy": [0.2642301917076111, 0.4057970941066742, 0.46019744873046875, 0.49884477257728577, 0.5471539497375488, 0.5654274225234985, 0.5782398581504822, 0.5837008953094482, 0.5988237857818604, 0.6082755923271179, 0.6145767569541931, 0.6231883764266968, 0.6299096941947937, 0.6353707313537598, 0.6412518620491028, 0.647132933139801, 0.653854250907898, 0.657634973526001, 0.6607855558395386, 0.6662465929985046, 0.6681369543075562, 0.6723377704620361, 0.6773787140846252, 0.6832598447799683, 0.6887208819389343, 0.688930869102478, 0.6958622336387634, 0.6981726288795471, 0.7009031772613525, 0.7053139805793762, 0.7074143886566162, 0.7099348902702332, 0.7132955193519592, 0.7145557403564453, 0.7126653790473938, 0.7162361145019531, 0.7174963355064392, 0.7181264162063599, 0.7195967435836792, 0.7189666032791138, 0.7235874533653259, 0.7263180017471313, 0.7282083630561829, 0.7286284565925598, 0.7321991324424744, 0.7326192259788513, 0.7347195744514465, 0.737450122833252, 0.741230845451355, 0.7393404841423035, 0.7452216148376465, 0.7456416487693787, 0.7479521036148071, 0.7492123246192932, 0.7511026859283447, 0.7525730133056641, 0.7546733617782593, 0.7555135488510132, 0.7574039101600647, 0.7559336423873901, 0.7574039101600647, 0.7588741779327393, 0.7578240036964417, 0.7616047263145447, 0.7599244117736816, 0.7628649473190308, 0.7632850408554077, 0.7660155296325684, 0.7670657634735107, 0.7651754021644592, 0.7683259844779968, 0.7668557167053223, 0.7668557167053223, 0.7695862054824829, 0.7702163457870483, 0.7706364393234253, 0.7700062990188599, 0.7714765667915344, 0.7727368474006653, 0.7716866135597229, 0.7725268006324768, 0.7737870216369629, 0.7731568813323975, 0.775047242641449, 0.7731568813323975, 0.771266520023346, 0.7744171619415283, 0.7737870216369629, 0.7742071151733398, 0.7773576974868774, 0.776727557182312, 0.7754673361778259, 0.7765175104141235, 0.778407871723175, 0.776727557182312, 0.7786179184913635, 0.7796681523323059, 0.7798781991004944, 0.780508279800415, 0.7819785475730896], "val_loss": [2.5063796043395996, 2.175955295562744, 1.9378114938735962, 1.785510778427124, 1.6898431777954102, 1.6269090175628662, 1.5751477479934692, 1.5410634279251099, 1.51055109500885, 1.4914538860321045, 1.481526494026184, 1.4706687927246094, 1.458804726600647, 1.4488475322723389, 1.4372527599334717, 1.4326499700546265, 1.4277981519699097, 1.417099952697754, 1.414993166923523, 1.4132022857666016, 1.4101593494415283, 1.4066108465194702, 1.4081305265426636, 1.4088890552520752, 1.408954381942749, 1.4089455604553223, 1.4116724729537964, 1.411699652671814, 1.4090721607208252, 1.4135475158691406, 1.4213007688522339, 1.4218003749847412, 1.4299492835998535, 1.4351584911346436, 1.4321337938308716, 1.4359757900238037, 1.447191596031189, 1.4512273073196411, 1.4448959827423096, 1.4506491422653198, 1.451945185661316, 1.4559504985809326, 1.4559597969055176, 1.4572582244873047, 1.463539958000183, 1.4714767932891846, 1.4734675884246826, 1.4900083541870117, 1.4947737455368042, 1.4962965250015259, 1.5102499723434448, 1.5105812549591064, 1.519301176071167, 1.5223478078842163, 1.5272128582000732, 1.5367637872695923, 1.5417215824127197, 1.538713812828064, 1.5448155403137207, 1.5572445392608643, 1.560738205909729, 1.5602519512176514, 1.5663810968399048, 1.5642669200897217, 1.575608730316162, 1.581296682357788, 1.5806257724761963, 1.5852067470550537, 1.5810418128967285, 1.5923161506652832, 1.6006965637207031, 1.6013374328613281, 1.6033145189285278, 1.6158915758132935, 1.6195367574691772, 1.6138797998428345, 1.631290078163147, 1.62333083152771, 1.6370269060134888, 1.6307722330093384, 1.6389901638031006, 1.6376172304153442, 1.653005838394165, 1.6635311841964722, 1.6586737632751465, 1.6575422286987305, 1.670617699623108, 1.66098952293396, 1.672977089881897, 1.6765447854995728, 1.683907389640808, 1.6947507858276367, 1.6944226026535034, 1.7018665075302124, 1.708991527557373, 1.7084622383117676, 1.7128301858901978, 1.7207592725753784, 1.7161096334457397, 1.7382153272628784],