{"loss": [4.048947811126709, 3.7613840103149414, 3.4747121334075928, 3.188749074935913, 2.9112794399261475, 2.6657800674438477, 2.465357542037964, 2.300546169281006, 2.1636393070220947, 2.048330307006836, 1.9528141021728516, 1.8732836246490479, 1.8074897527694702, 1.7521675825119019, 1.7050663232803345, 1.6643548011779785, 1.6286215782165527, 1.596471905708313, 1.567524790763855, 1.5405330657958984, 1.5151180028915405, 1.4912077188491821, 1.4683257341384888, 1.4465446472167969, 1.4255956411361694, 1.4049887657165527, 1.3855842351913452, 1.366694688796997, 1.3497514724731445, 1.3342565298080444, 1.3193973302841187, 1.3053721189498901, 1.2922483682632446, 1.2797048091888428, 1.2681522369384766, 1.2573660612106323, 1.2469391822814941, 1.2372136116027832, 1.2279434204101562, 1.2191016674041748, 1.2106534242630005, 1.202599287033081, 1.1947187185287476, 1.1869226694107056, 1.1790915727615356, 1.1711245775222778, 1.1625665426254272, 1.1547924280166626, 1.1479662656784058, 1.1412510871887207, 1.1352084875106812, 1.1290708780288696, 1.1232807636260986, 1.117931842803955, 1.1126958131790161, 1.1079211235046387, 1.103346586227417, 1.098697304725647, 1.0944924354553223, 1.090402364730835, 1.0863896608352661, 1.082563877105713, 1.0787057876586914, 1.0749387741088867, 1.0716298818588257, 1.068130373954773, 1.0650746822357178, 1.0620508193969727, 1.059300422668457, 1.0562514066696167, 1.0535835027694702, 1.050884485244751, 1.04833984375, 1.045998215675354, 1.0436917543411255, 1.041331171989441, 1.039025068283081, 1.0370194911956787, 1.0350861549377441, 1.0330064296722412, 1.0310734510421753, 1.0292383432388306, 1.0273939371109009, 1.025558352470398, 1.0238559246063232, 1.022242546081543, 1.0204566717147827, 1.0189419984817505, 1.0171757936477661, 1.015753984451294, 1.0142027139663696, 1.0125399827957153, 1.01112699508667, 1.0095610618591309, 1.0082334280014038, 1.0065946578979492, 1.0054506063461304, 1.0038588047027588, 1.0026379823684692, 1.0011776685714722], "accuracy": [0.18015938997268677, 0.294043630361557, 0.34375, 0.3659815490245819, 0.38317951560020447, 0.3963926136493683, 0.4091862440109253, 0.4309983253479004, 0.4471476376056671, 0.46161913871765137, 0.4754614233970642, 0.48930367827415466, 0.5027264952659607, 0.5096476674079895, 0.5123741626739502, 0.5180369019508362, 0.5222315192222595, 0.5257970094680786, 0.5266358852386475, 0.5310402512550354, 0.5346056818962097, 0.5356543660163879, 0.5394295454025269, 0.5396392345428467, 0.5427852272987366, 0.5436241626739502, 0.5450922846794128, 0.5484479665756226, 0.551174521446228, 0.5530620813369751, 0.555578887462616, 0.5572566986083984, 0.5570470094680786, 0.5608221292495728, 0.5614513158798218, 0.5639681220054626, 0.5645973086357117, 0.5669043660163879, 0.5677433013916016, 0.5704697966575623, 0.5721476674079895, 0.5742449760437012, 0.5752936005592346, 0.5773909687995911, 0.5776006579399109, 0.5809563994407654, 0.5799077153205872, 0.583053708076477, 0.5832633972167969, 0.5834731459617615, 0.5872483253479004, 0.588087260723114, 0.5897650718688965, 0.5893456339836121, 0.5914429426193237, 0.5906040072441101, 0.5964764952659607, 0.5945889353752136, 0.5960570573806763, 0.5979446172714233, 0.5977349281311035, 0.5992029905319214, 0.6027684807777405, 0.6019295454025269, 0.6019295454025269, 0.6048657894134521, 0.6040268540382385, 0.6057047247886658, 0.605075478553772, 0.6065436005592346, 0.6071728467941284, 0.6069630980491638, 0.6075922846794128, 0.6084312200546265, 0.6071728467941284, 0.6101090312004089, 0.6103187799453735, 0.6113674640655518, 0.6098993420600891, 0.6090604066848755, 0.6109479665756226, 0.6107382774353027, 0.6096895933151245, 0.6107382774353027, 0.6122063994407654, 0.6128355860710144, 0.613674521446228, 0.6140939593315125, 0.6147231459617615, 0.6153523325920105, 0.6159815192222595, 0.6176593899726868, 0.6176593899726868, 0.618078887462616, 0.6176593899726868, 0.6184983253479004, 0.6208053827285767, 0.6197566986083984, 0.6205956339836121, 0.6214345693588257], "val_loss": [3.9332265853881836, 3.6665687561035156, 3.4055380821228027, 3.1469907760620117, 2.914883852005005, 2.7211718559265137, 2.565537452697754, 2.4361701011657715, 2.327194929122925, 2.237703800201416, 2.1632657051086426, 2.1022634506225586, 2.05188250541687, 2.009763240814209, 1.9742412567138672, 1.9431308507919312, 1.913845419883728, 1.8891057968139648, 1.8660955429077148, 1.8459211587905884, 1.8258087635040283, 1.807149052619934, 1.7889591455459595, 1.7709661722183228, 1.7523829936981201, 1.7348964214324951, 1.718918800354004, 1.7035164833068848, 1.689389944076538, 1.6754227876663208, 1.6615709066390991, 1.6486207246780396, 1.6369062662124634, 1.624414086341858, 1.613336443901062, 1.601556658744812, 1.5915813446044922, 1.5826120376586914, 1.574283480644226, 1.5668346881866455, 1.5597550868988037, 1.5526431798934937, 1.5456684827804565, 1.540921688079834, 1.5360798835754395, 1.532119870185852, 1.5277988910675049, 1.524813175201416, 1.5237504243850708, 1.5238598585128784, 1.527633547782898, 1.5279958248138428, 1.5271623134613037, 1.5260578393936157, 1.5264970064163208, 1.5252141952514648, 1.524526596069336, 1.5225411653518677, 1.5215126276016235, 1.521125078201294, 1.5199915170669556, 1.5184022188186646, 1.517154335975647, 1.5160282850265503, 1.5149942636489868, 1.5162205696105957, 1.514730453491211, 1.5144789218902588, 1.5143100023269653, 1.512832522392273, 1.5124735832214355, 1.5138764381408691, 1.5122686624526978, 1.5113483667373657, 1.5112011432647705, 1.5100245475769043, 1.510400414466858, 1.5089061260223389, 1.508087396621704, 1.5073426961898804, 1.508115530014038, 1.507964849472046, 1.5071581602096558, 1.5071626901626587, 1.5069787502288818, 1.5054957866668701, 1.5047986507415771, 1.5050969123840332, 1.5044856071472168, 1.5045180320739746, 1.5049322843551636, 1.504730463027954, 1.5046449899673462, 1.5056262016296387, 1.50581693649292, 1.504970669746399, 1.5057905912399292, 1.50442636013031, 1.504633903503418, 1.5043426752090454],