{"loss": [4.714423656463623, 4.279582977294922, 3.7182111740112305, 3.0181427001953125, 2.3963449001312256, 1.9105761051177979, 1.4893244504928589, 1.2558531761169434, 1.1074777841567993, 1.0165308713912964, 0.9568677544593811, 0.9113856554031372, 0.8754194378852844, 0.8433817028999329, 0.8175941109657288, 0.7936756014823914, 0.7715731263160706, 0.7505608201026917, 0.7331175804138184, 0.7175155878067017, 0.6985055804252625, 0.6838080286979675, 0.671450138092041, 0.6581277847290039, 0.6477174162864685, 0.638596773147583, 0.6288137435913086, 0.6219291090965271, 0.6128407716751099, 0.6043556928634644, 0.5969721674919128, 0.5883649587631226, 0.5820802450180054, 0.5758406519889832, 0.5692721009254456, 0.5657584071159363, 0.557977020740509, 0.5533897876739502, 0.5483655333518982, 0.5435277819633484, 0.5379588007926941, 0.5323948860168457, 0.5278385281562805, 0.5232610106468201, 0.5175210237503052, 0.5136186480522156, 0.5088849067687988, 0.503246009349823, 0.49760520458221436, 0.493628591299057, 0.4887777268886566, 0.48549702763557434, 0.48072361946105957, 0.47702279686927795, 0.4725452959537506, 0.46826067566871643, 0.46432384848594666, 0.46088528633117676, 0.4583593010902405, 0.45421504974365234, 0.4499012231826782, 0.44692808389663696, 0.444216787815094, 0.44155192375183105, 0.43706971406936646, 0.43293672800064087, 0.4309811592102051, 0.4278484582901001, 0.42433473467826843, 0.42237910628318787, 0.4190545380115509, 0.4166673421859741, 0.4135609567165375, 0.4124642312526703, 0.4085855185985565, 0.40582045912742615, 0.40466636419296265, 0.40074458718299866, 0.3980575501918793, 0.3967384994029999, 0.394948273897171, 0.3923349976539612, 0.38880959153175354, 0.387224942445755, 0.3845469355583191, 0.3821680247783661, 0.375708669424057, 0.37277400493621826, 0.37125858664512634, 0.368566632270813, 0.36745038628578186, 0.3646945357322693, 0.363061785697937, 0.35986432433128357, 0.35643506050109863, 0.3505854904651642, 0.34865835309028625, 0.34595921635627747, 0.34335383772850037, 0.34285542368888855], "accuracy": [0.20418515801429749, 0.3901923596858978, 0.4495878219604492, 0.4546607434749603, 0.4996829330921173, 0.5470302104949951, 0.5912069082260132, 0.6279856562614441, 0.6525047421455383, 0.6759670376777649, 0.6897062063217163, 0.6985837817192078, 0.7064045667648315, 0.7148594260215759, 0.7186641097068787, 0.7245825529098511, 0.7309237122535706, 0.7328260540962219, 0.7370534539222717, 0.7438173890113831, 0.7535404562950134, 0.7556542158126831, 0.7584020495414734, 0.7658000588417053, 0.7683364748954773, 0.7693933844566345, 0.7723525762557983, 0.7731980681419373, 0.7780596017837524, 0.7795392274856567, 0.7816529273986816, 0.7877827286720276, 0.7886282205581665, 0.7932783961296082, 0.789685070514679, 0.7915874123573303, 0.7960262298583984, 0.7960262298583984, 0.7977172136306763, 0.7941238880157471, 0.7987740635871887, 0.804058313369751, 0.8025787472724915, 0.8034242391586304, 0.8065947890281677, 0.8070175647735596, 0.808074414730072, 0.8103994727134705, 0.8171634078025818, 0.8163179159164429, 0.8190657496452332, 0.8213908076286316, 0.8247727751731873, 0.823293149471283, 0.8262524008750916, 0.8266751170158386, 0.8262524008750916, 0.8294229507446289, 0.8298457264900208, 0.8315366506576538, 0.8336504101753235, 0.8334389925003052, 0.8332276344299316, 0.8370323181152344, 0.8378778100013733, 0.8374550938606262, 0.8389346599578857, 0.839991569519043, 0.8423166275024414, 0.841259777545929, 0.8433734774589539, 0.8437962532043457, 0.8421052694320679, 0.8444303274154663, 0.8454872369766235, 0.8476009368896484, 0.8446417450904846, 0.8495032787322998, 0.8501374125480652, 0.8518283367156982, 0.8533079624176025, 0.8558444380760193, 0.8556330800056458, 0.8575354218482971, 0.8573240041732788, 0.8604946136474609, 0.8613401055335999, 0.8645106554031372, 0.8628196716308594, 0.8666244149208069, 0.8642992973327637, 0.8672584891319275, 0.8678926229476929, 0.8695836067199707, 0.8706404566764832, 0.873599648475647, 0.8731769323348999, 0.8752906322479248, 0.8786725997924805, 0.8759247660636902], "val_loss": [4.5500969886779785, 4.134852886199951, 3.6079959869384766, 3.095874309539795, 2.7698442935943604, 2.4489145278930664, 2.2822513580322266, 2.1630873680114746, 2.1041476726531982, 2.049534559249878, 2.014043092727661, 1.9934260845184326, 1.97096586227417, 1.9556095600128174, 1.9354989528656006, 1.9387309551239014, 1.9155210256576538, 1.9239883422851562, 1.9123821258544922, 1.8987669944763184, 1.893558144569397, 1.883259892463684, 1.8908973932266235, 1.8697985410690308, 1.8774025440216064, 1.8649181127548218, 1.8688321113586426, 1.8585164546966553, 1.8534139394760132, 1.8493735790252686, 1.8410927057266235, 1.8569873571395874, 1.871957540512085, 1.8691911697387695, 1.8633049726486206, 1.8587172031402588, 1.8810123205184937, 1.8632895946502686, 1.8776161670684814, 1.864067554473877, 1.868321418762207, 1.8745701313018799, 1.8593460321426392, 1.861814022064209, 1.8835560083389282, 1.8632493019104004, 1.8875871896743774, 1.868072509765625, 1.8642171621322632, 1.8754035234451294, 1.871842861175537, 1.8709592819213867, 1.8424453735351562, 1.871901273727417, 1.8809460401535034, 1.8642696142196655, 1.8578717708587646, 1.867051601409912, 1.849703073501587, 1.8363823890686035, 1.8725730180740356, 1.858494758605957, 1.868154764175415, 1.8699346780776978, 1.8866908550262451, 1.8320162296295166, 1.8643618822097778, 1.8586678504943848, 1.8796613216400146, 1.8698333501815796, 1.848839521408081, 1.8832647800445557, 1.8710269927978516, 1.8605395555496216, 1.8649791479110718, 1.848326325416565, 1.8532453775405884, 1.8763225078582764, 1.86586594581604, 1.8229743242263794, 1.8483781814575195, 1.8169833421707153, 1.8354698419570923, 1.8355164527893066, 1.8236311674118042, 1.81063711643219, 1.822300672531128, 1.7900054454803467, 1.83854341506958, 1.8102375268936157, 1.8128302097320557, 1.8095489740371704, 1.8073493242263794, 1.8240861892700195, 1.863494873046875, 1.8383243083953857, 1.8370921611785889, 1.8626654148101807, 1.8502534627914429, 1.8768270015716553],