{"loss": [4.040562152862549, 3.5740408897399902, 2.9392762184143066, 2.2459664344787598, 1.614904761314392, 1.2596582174301147, 1.07485830783844, 0.9749388098716736, 0.8962870836257935, 0.828047513961792, 0.7839142680168152, 0.7455294132232666, 0.7228500843048096, 0.6958948969841003, 0.6773781180381775, 0.6585923433303833, 0.6420719623565674, 0.6280208230018616, 0.6168771982192993, 0.60359787940979, 0.5968635678291321, 0.5831975936889648, 0.5750514268875122, 0.5640920996665955, 0.5592367053031921, 0.5471475124359131, 0.5383742451667786, 0.5311540365219116, 0.523568332195282, 0.5161561965942383, 0.5131341814994812, 0.5038549900054932, 0.49904218316078186, 0.4939548969268799, 0.48667699098587036, 0.4878418445587158, 0.47798314690589905, 0.4746042788028717, 0.4708203375339508, 0.4664435088634491], "accuracy": [0.22055953741073608, 0.37670788168907166, 0.45846888422966003, 0.5105183124542236, 0.593146800994873, 0.6291477084159851, 0.6688354015350342, 0.6950770020484924, 0.7167642712593079, 0.7373671531677246, 0.7453914284706116, 0.7538495063781738, 0.757319450378418, 0.7640424966812134, 0.7688137292861938, 0.773151159286499, 0.7807416915893555, 0.7822598218917847, 0.7846454381942749, 0.7896335124969482, 0.7924528121948242, 0.7946215867996216, 0.7941877841949463, 0.8002602458000183, 0.8032964468002319, 0.8080676794052124, 0.8080676794052124, 0.8098026514053345, 0.8143569827079773, 0.8134894967079163, 0.8150075674057007, 0.817176342010498, 0.819128155708313, 0.8165256977081299, 0.8215137720108032, 0.8180438280105591, 0.8215137720108032, 0.8215137720108032, 0.8230319023132324, 0.8256343603134155], "val_loss": [3.827218532562256, 3.382330894470215, 2.8515496253967285, 2.4243247509002686, 2.1635162830352783, 2.0498757362365723, 1.9930957555770874, 1.9625005722045898, 1.9500640630722046, 1.9467371702194214, 1.9380643367767334, 1.9270102977752686, 1.9262586832046509, 1.9147182703018188, 1.9332274198532104, 1.9313478469848633, 1.9163299798965454, 1.9097613096237183, 1.910376787185669, 1.9120322465896606, 1.889655351638794, 1.857930302619934, 1.8779265880584717, 1.8916919231414795, 1.869006872177124, 1.85807466506958, 1.8526549339294434, 1.8476635217666626, 1.8571820259094238, 1.8450900316238403, 1.8300566673278809, 1.828207015991211, 1.8269414901733398, 1.8074653148651123, 1.805631160736084, 1.8023419380187988, 1.7735103368759155, 1.7617911100387573, 1.783935546875, 1.7657184600830078], "val_accuracy": [0.3004513084888458, 0.3391360342502594, 0.40618956089019775, 0.4616376459598541, 0.5035461187362671, 0.5003224015235901, 0.4919406771659851, 0.4829142391681671, 0.4719535708427429, 0.4706640839576721, 0.4635718762874603, 0.4674403667449951, 0.4667956233024597, 0.4667956233024597, 0.4609929025173187, 0.4545454680919647, 0.4545454680919647, 0.4571244418621063, 0.4571244418621063, 0.4545454680919647, 0.4571244418621063, 0.4642166197299957, 0.4603481590747833, 0.4558349549770355, 0.4590586721897125, 0.4622823894023895, 0.4597034156322479, 0.4642166197299957, 0.4590586721897125, 0.4622823894023895, 0.4661508798599243, 0.4732430577278137, 0.4725983142852783, 0.4738878011703491, 0.4732430577278137, 0.4745325744152069, 0.4796905219554901, 0.4771115481853485, 0.4719535708427429, 0.4784010350704193], "training_time": 3102.8213787078857, "output_time": 0.12367472648620606}