{"loss": [4.6826629638671875, 4.032013416290283, 3.468210458755493, 2.975931167602539, 2.5503997802734375, 2.2015388011932373, 1.9416755437850952, 1.7688939571380615, 1.6585297584533691, 1.5888696908950806, 1.5407801866531372, 1.5072054862976074, 1.4799749851226807, 1.4588099718093872, 1.440263271331787, 1.4245282411575317, 1.4085814952850342, 1.3938957452774048, 1.380396842956543, 1.3692010641098022, 1.3572381734848022, 1.3472480773925781, 1.338287353515625, 1.3302395343780518, 1.3223576545715332, 1.3163478374481201, 1.3102704286575317, 1.3050445318222046, 1.2997750043869019, 1.2958004474639893, 1.2913978099822998, 1.2871698141098022, 1.283017635345459, 1.2798430919647217, 1.274998426437378, 1.2718923091888428, 1.267319679260254, 1.263049602508545, 1.2588635683059692, 1.2544684410095215, 1.2503993511199951, 1.245929479598999, 1.2410916090011597, 1.2358098030090332, 1.2308094501495361, 1.2255185842514038, 1.2183797359466553, 1.2113380432128906, 1.2040996551513672, 1.1960875988006592, 1.1849803924560547, 1.1759203672409058, 1.165205478668213, 1.1565747261047363, 1.1495319604873657, 1.141932725906372, 1.1410635709762573, 1.1334160566329956, 1.1293953657150269, 1.124902606010437, 1.120214819908142, 1.1170780658721924, 1.1133657693862915, 1.106734037399292, 1.105272650718689, 1.1022917032241821, 1.0991278886795044, 1.091999888420105, 1.090636134147644, 1.0890382528305054, 1.0806026458740234, 1.0800940990447998, 1.077467441558838, 1.0715402364730835, 1.0702284574508667, 1.066271424293518, 1.0703459978103638, 1.0656917095184326, 1.0616317987442017, 1.0625280141830444, 1.0605117082595825, 1.0544103384017944, 1.0566558837890625, 1.0464906692504883, 1.04258394241333, 1.0413075685501099, 1.0403600931167603, 1.0388180017471313, 1.0339654684066772, 1.0360749959945679, 1.0276070833206177, 1.0323896408081055, 1.030163049697876, 1.0265592336654663, 1.0217821598052979, 1.020754098892212, 1.0176960229873657, 1.0153871774673462, 1.0144509077072144, 1.009317398071289], "accuracy": [0.15668977797031403, 0.21991178393363953, 0.2638101279735565, 0.31842049956321716, 0.3780718445777893, 0.4383533000946045, 0.4711195230484009, 0.43583279848098755, 0.4160890579223633, 0.41440874338150024, 0.41629910469055176, 0.4169292151927948, 0.41965973377227783, 0.4211300015449524, 0.42344045639038086, 0.42638102173805237, 0.43373242020606995, 0.4478050768375397, 0.4568367898464203, 0.46754884719848633, 0.4780508279800415, 0.4801512360572815, 0.48561227321624756, 0.4872925877571106, 0.48876285552978516, 0.4870825409889221, 0.4893929958343506, 0.48855283856391907, 0.4883427917957306, 0.4902331531047821, 0.4914933741092682, 0.4923335313796997, 0.4942238926887512, 0.4933837354183197, 0.5011551976203918, 0.49884477257728577, 0.4994749128818512, 0.5015752911567688, 0.5064061880111694, 0.5087166428565979, 0.5089266896247864, 0.5112371444702148, 0.5114471912384033, 0.5166981816291809, 0.518378496170044, 0.5229993462562561, 0.5250997543334961, 0.5330812931060791, 0.5391724705696106, 0.5419029593467712, 0.5555555820465088, 0.566057562828064, 0.5738290548324585, 0.5767695903778076, 0.5763494968414307, 0.5807603597640991, 0.5834908485412598, 0.5803402662277222, 0.5864314436912537, 0.5889518857002258, 0.5895820260047913, 0.5931527018547058, 0.5935727953910828, 0.6013442277908325, 0.5950430631637573, 0.5981936454772949, 0.6005041003227234, 0.6009241938591003, 0.607855498790741, 0.6076454520225525, 0.609535813331604, 0.612056314945221, 0.607855498790741, 0.613316535949707, 0.613736629486084, 0.6170972585678101, 0.61919766664505, 0.6202478408813477, 0.6242386102676392, 0.617517352104187, 0.6231883764266968, 0.6271791458129883, 0.6265490651130676, 0.6347405910491943, 0.6360008120536804, 0.6412518620491028, 0.6376811861991882, 0.6385213136672974, 0.6427221298217773, 0.6420919895172119, 0.6431422233581543, 0.6450325846672058, 0.6446124911308289, 0.6462928056716919, 0.6469228863716125, 0.6483932137489319, 0.650913655757904, 0.6540642976760864, 0.651333749294281, 0.6563746929168701], "val_loss": [4.431471347808838, 3.880048990249634, 3.401113748550415, 2.980450391769409, 2.6216928958892822, 2.3366596698760986, 2.1325442790985107, 1.9934566020965576, 1.9079898595809937, 1.853662133216858, 1.8163456916809082, 1.7904843091964722, 1.7698252201080322, 1.7530808448791504, 1.7389826774597168, 1.7213720083236694, 1.7106672525405884, 1.7035853862762451, 1.6940876245498657, 1.6891329288482666, 1.683414101600647, 1.680817723274231, 1.680585265159607, 1.6759382486343384, 1.6746182441711426, 1.6749975681304932, 1.6764166355133057, 1.673812747001648, 1.6697970628738403, 1.6702784299850464, 1.6735820770263672, 1.6722136735916138, 1.6724042892456055, 1.670125126838684, 1.6730822324752808, 1.6698541641235352, 1.673880696296692, 1.6733547449111938, 1.6743390560150146, 1.676003336906433, 1.676596760749817, 1.676303505897522, 1.6769851446151733, 1.6816176176071167, 1.6774142980575562, 1.6780283451080322, 1.682295560836792, 1.6788336038589478, 1.6939332485198975, 1.6966660022735596, 1.692335844039917, 1.7007992267608643, 1.7127856016159058, 1.7069193124771118, 1.7102036476135254, 1.7136716842651367, 1.7182668447494507, 1.7206623554229736, 1.7198530435562134, 1.7245064973831177, 1.7322461605072021, 1.7296414375305176, 1.735645055770874, 1.7438918352127075, 1.7622789144515991, 1.7582180500030518, 1.7765142917633057, 1.7686469554901123, 1.7871830463409424, 1.7945551872253418, 1.7918431758880615, 1.797128438949585, 1.8119616508483887, 1.8164308071136475, 1.8203942775726318, 1.8178082704544067, 1.8332971334457397, 1.8518831729888916, 1.8466776609420776, 1.8512787818908691, 1.8543447256088257, 1.8537492752075195, 1.85142183303833, 1.8670973777770996, 1.861899495124817, 1.870715856552124, 1.8680211305618286, 1.872147798538208, 1.865625023841858, 1.8705238103866577, 1.8676881790161133, 1.884772539138794, 1.8897621631622314, 1.8915612697601318, 1.8915271759033203, 1.8946456909179688, 1.9044870138168335, 1.8936402797698975, 1.8917148113250732, 1.9083043336868286],