{"loss": [1.1232749223709106, 0.8018803000450134, 0.6563392281532288, 0.5402126908302307, 0.4167487919330597, 0.3162928819656372, 0.267610102891922, 0.2337065190076828, 0.20935259759426117, 0.18530772626399994, 0.1735026091337204, 0.16261117160320282, 0.15308210253715515, 0.14496074616909027, 0.13999466598033905, 0.13155987858772278, 0.12642094492912292, 0.1251669079065323, 0.11810269206762314, 0.11250407248735428, 0.10630741715431213, 0.1073877364397049, 0.10087643563747406, 0.09688513725996017, 0.09334000945091248, 0.09305500984191895, 0.08534150570631027, 0.08517876267433167, 0.08427485823631287, 0.08379121124744415, 0.07457627356052399, 0.07303833216428757, 0.0728568509221077, 0.06952907145023346, 0.06802893429994583, 0.06287511438131332, 0.06174037605524063, 0.06569630652666092, 0.06016701087355614, 0.06493663042783737, 0.06337648630142212, 0.053504493087530136, 0.05783744901418686, 0.05508704483509064, 0.05443517118692398, 0.05008315667510033, 0.05290622264146805, 0.05129482224583626, 0.05065813288092613, 0.04616309329867363, 0.04456153139472008, 0.04324640706181526, 0.049113400280475616, 0.04391373321413994, 0.04059514403343201, 0.044691551476716995, 0.03906210511922836, 0.03887098282575607, 0.03842296451330185, 0.04227731004357338, 0.03590087965130806, 0.03593382239341736, 0.03680821880698204, 0.036032382398843765, 0.04048372432589531, 0.039071422070264816, 0.03396345302462578, 0.033827293664216995, 0.029834870249032974, 0.03177425637841225, 0.035770297050476074, 0.03062552772462368, 0.028649846091866493, 0.028467386960983276, 0.029595522210001945, 0.041383519768714905, 0.029847413301467896, 0.025964900851249695, 0.0262454766780138, 0.026905899867415428, 0.026747312396764755, 0.025547688826918602, 0.026957720518112183, 0.03323986381292343, 0.03241052106022835, 0.023467855527997017, 0.021966971457004547, 0.021371740847826004, 0.01964840292930603, 0.025403840467333794, 0.020980283617973328, 0.019739016890525818, 0.020670002326369286, 0.022919686511158943, 0.02172958478331566, 0.01613723300397396, 0.01820010505616665, 0.017388109117746353, 0.027409717440605164, 0.01787731796503067], "accuracy": [0.5302419066429138, 0.7032257914543152, 0.7719758152961731, 0.8201612830162048, 0.8707661032676697, 0.9056451320648193, 0.9191532135009766, 0.9306451678276062, 0.9360886812210083, 0.944556474685669, 0.9471774101257324, 0.9485887289047241, 0.9502016305923462, 0.9536290168762207, 0.956250011920929, 0.9590725898742676, 0.96088707447052, 0.9594758152961731, 0.9627016186714172, 0.9643145203590393, 0.9659274220466614, 0.9647177457809448, 0.9653225541114807, 0.9691532254219055, 0.9691532254219055, 0.9697580933570862, 0.9713709950447083, 0.9705645442008972, 0.9697580933570862, 0.9711693525314331, 0.9750000238418579, 0.9760080575942993, 0.9752016067504883, 0.9762097001075745, 0.9786290526390076, 0.9792338609695435, 0.9784274101257324, 0.977419376373291, 0.9778226017951965, 0.9800403118133545, 0.9788306355476379, 0.9816532135009766, 0.9802419543266296, 0.9816532135009766, 0.9794355034828186, 0.9850806593894958, 0.9816532135009766, 0.9832661151885986, 0.9824596643447876, 0.9854838848114014, 0.987500011920929, 0.9877015948295593, 0.9838709831237793, 0.9854838848114014, 0.9866935610771179, 0.9854838848114014, 0.9887096881866455, 0.989112913608551, 0.9889112710952759, 0.9868951439857483, 0.9897177219390869, 0.9897177219390869, 0.9889112710952759, 0.9901209473609924, 0.9858871102333069, 0.9879032373428345, 0.990524172782898, 0.9899193644523621, 0.9915322661399841, 0.9911290407180786, 0.98830646276474, 0.9901209473609924, 0.9923387169837952, 0.9923387169837952, 0.9915322661399841, 0.9864919185638428, 0.9915322661399841, 0.9933467507362366, 0.9933467507362366, 0.9925402998924255, 0.99213707447052, 0.9939516186714172, 0.9917338490486145, 0.9911290407180786, 0.9901209473609924, 0.9945564270019531, 0.9947580695152283, 0.9953628778457642, 0.9963709712028503, 0.9931451678276062, 0.9945564270019531, 0.9953628778457642, 0.9945564270019531, 0.9945564270019531, 0.9941532015800476, 0.9979838728904724, 0.9949596524238586, 0.9965725541114807, 0.9915322661399841, 0.9971774220466614], "val_loss": [0.9189921617507935, 0.7698630094528198, 0.6811325550079346, 0.6082021594047546, 0.5391608476638794, 0.5526266098022461, 0.5080000758171082, 0.5151532292366028, 0.4802342653274536, 0.5079917907714844, 0.49832847714424133, 0.507034420967102, 0.4945034384727478, 0.5332439541816711, 0.5092036724090576, 0.5532684326171875, 0.5316412448883057, 0.5041211247444153, 0.49983757734298706, 0.5373429656028748, 0.5457406044006348, 0.5530145168304443, 0.6196314692497253, 0.49679845571517944, 0.5690896511077881, 0.5175371766090393, 0.5290190577507019, 0.532250702381134, 0.5846870541572571, 0.5243300199508667, 0.5784124135971069, 0.5794064998626709, 0.5404843091964722, 0.5675827860832214, 0.6120657920837402, 0.595546305179596, 0.6474443674087524, 0.6033912897109985, 0.6291600465774536, 0.6698611378669739, 0.5701906085014343, 0.649075984954834, 0.6138736605644226, 0.7074470520019531, 0.64444500207901, 0.6639131903648376, 0.6986488103866577, 0.6812192797660828, 0.7618144154548645, 0.710109531879425, 0.7015305757522583, 0.8008493781089783, 0.7053848505020142, 0.6929692029953003, 0.6388938426971436, 0.6918020248413086, 0.7398475408554077, 0.7341645956039429, 0.7192468047142029, 0.7084075212478638, 0.7559787631034851, 0.7092385292053223, 0.7157065868377686, 0.818755030632019, 0.8319458961486816, 0.743675172328949, 0.7291253209114075, 0.7680426836013794, 0.8648756742477417, 0.7871249914169312, 0.9664674997329712, 0.8019616007804871, 0.7662838101387024, 0.8044739365577698, 0.8244849443435669, 0.7103145122528076, 0.8157578706741333, 0.8460463881492615, 0.8671475052833557, 0.8746473789215088, 0.957543671131134, 0.8196029663085938, 0.8921608328819275, 0.8770134449005127, 0.7887756824493408, 0.8260791301727295, 0.8685920834541321, 0.9048941135406494, 0.9153304696083069, 0.9445586204528809, 0.9247475862503052, 0.9375432133674622, 0.8720192909240723, 0.9099509119987488, 0.9193500876426697, 0.9483278393745422, 0.9680925011634827, 0.9487535953521729, 0.8676027655601501, 0.8925650119781494],