{"loss": [1.1250438690185547, 0.8122498393058777, 0.6712601184844971, 0.5691904425621033, 0.4696808159351349, 0.371354877948761, 0.2911028265953064, 0.24772436916828156, 0.2169940322637558, 0.19346365332603455, 0.17765827476978302, 0.16697634756565094, 0.15380476415157318, 0.14455918967723846, 0.13133293390274048, 0.1261100322008133, 0.1295788288116455, 0.11507819592952728, 0.10969545692205429, 0.10561024397611618, 0.09951918572187424, 0.0942590981721878, 0.09214893728494644, 0.09180550277233124, 0.08497687429189682, 0.08974753320217133, 0.07663750648498535, 0.07553280144929886, 0.07555451989173889, 0.07122869044542313, 0.06888986378908157, 0.07543111592531204, 0.06916593760251999, 0.0652008205652237, 0.06159321218729019, 0.060715749859809875, 0.059745967388153076, 0.05946457386016846, 0.05685151368379593, 0.05141204968094826, 0.0527413971722126, 0.053837262094020844, 0.051435135304927826, 0.0508478507399559, 0.04708115756511688, 0.04853392019867897, 0.047550417482852936, 0.04523608461022377, 0.044261157512664795, 0.0480855293571949, 0.04188436269760132, 0.04148755222558975, 0.056510213762521744, 0.03895925357937813, 0.037362027913331985, 0.04282287508249283, 0.04676588997244835, 0.03505069762468338, 0.035211801528930664, 0.03519240394234657, 0.03591439872980118, 0.037485018372535706, 0.03449654206633568, 0.03269018605351448, 0.03380340337753296, 0.030666694045066833, 0.031353335827589035, 0.030690550804138184, 0.027941174805164337, 0.0292002335190773, 0.03665944188833237, 0.03378582373261452, 0.026904789730906487, 0.02397691085934639, 0.026485338807106018, 0.025508210062980652, 0.02678545005619526, 0.02460063248872757, 0.02161545306444168, 0.02394879423081875, 0.03516673669219017, 0.02471562847495079, 0.02260472998023033, 0.02170368656516075, 0.03710038214921951, 0.029559200629591942, 0.019836697727441788, 0.01893080770969391, 0.01813761331140995, 0.01966443657875061, 0.01736832782626152, 0.01937364600598812, 0.016735240817070007, 0.019368818029761314, 0.03476814180612564, 0.020098598673939705, 0.01704585924744606, 0.01802268624305725, 0.02108658105134964, 0.015920668840408325], "accuracy": [0.5277108550071716, 0.6965863704681396, 0.7710843086242676, 0.8092369437217712, 0.8542168736457825, 0.88895583152771, 0.916265070438385, 0.9259036183357239, 0.9325301051139832, 0.9371485710144043, 0.9441767334938049, 0.9435743093490601, 0.949999988079071, 0.9530120491981506, 0.9582329392433167, 0.9572288990020752, 0.9586345553398132, 0.9622489809989929, 0.9626505970954895, 0.9654618501663208, 0.9664658904075623, 0.9700803160667419, 0.9684739112854004, 0.9700803160667419, 0.9712851643562317, 0.9694778919219971, 0.9746987819671631, 0.9746987819671631, 0.9744979739189148, 0.9767068028450012, 0.9785140752792358, 0.9763052463531494, 0.9785140752792358, 0.9803212881088257, 0.9799196720123291, 0.9807229042053223, 0.9803212881088257, 0.9799196720123291, 0.9811245203018188, 0.9849397540092468, 0.9821285009384155, 0.9839357137680054, 0.9837349653244019, 0.9829317331314087, 0.9863454103469849, 0.9845381379127502, 0.9841365218162537, 0.9849397540092468, 0.9859437942504883, 0.9845381379127502, 0.9873493909835815, 0.9879518151283264, 0.9815260767936707, 0.9891566038131714, 0.9879518151283264, 0.9853413701057434, 0.9829317331314087, 0.9885542392730713, 0.9893574118614197, 0.988353431224823, 0.9897590279579163, 0.9871485829353333, 0.9887550473213196, 0.9907630681991577, 0.989558219909668, 0.9911646842956543, 0.9917670488357544, 0.9911646842956543, 0.9915662407875061, 0.9907630681991577, 0.9879518151283264, 0.9915662407875061, 0.9927710890769958, 0.9941766858100891, 0.9919678568840027, 0.9923694729804993, 0.9929718971252441, 0.993574321269989, 0.9933735132217407, 0.9945783019065857, 0.9875501990318298, 0.9931727051734924, 0.9927710890769958, 0.9941766858100891, 0.9881526231765747, 0.9903614521026611, 0.9951807260513306, 0.9955823421478271, 0.9957831501960754, 0.994779109954834, 0.9957831501960754, 0.9951807260513306, 0.9959839582443237, 0.994779109954834, 0.9897590279579163, 0.9955823421478271, 0.996184766292572, 0.9953815340995789, 0.9943774938583374, 0.9965863227844238], "val_loss": [0.9218726754188538, 0.7775142788887024, 0.6956964135169983, 0.6239553093910217, 0.5328884124755859, 0.47524160146713257, 0.4708336889743805, 0.4394490122795105, 0.43152815103530884, 0.45288777351379395, 0.43021127581596375, 0.44157421588897705, 0.4388941526412964, 0.4404505789279938, 0.4580971896648407, 0.46178552508354187, 0.4846954643726349, 0.46483704447746277, 0.4858681261539459, 0.5252902507781982, 0.48007580637931824, 0.48564413189888, 0.4918275773525238, 0.511125385761261, 0.5205212831497192, 0.5097122192382812, 0.5261757969856262, 0.5436321496963501, 0.5464398860931396, 0.5388951301574707, 0.59566730260849, 0.6307057738304138, 0.5588975548744202, 0.5742235779762268, 0.5919592380523682, 0.5773370265960693, 0.5737357139587402, 0.567813515663147, 0.582858145236969, 0.6103466153144836, 0.6351217031478882, 0.6392136216163635, 0.6207964420318604, 0.6105453968048096, 0.6119353175163269, 0.6398458480834961, 0.6610212922096252, 0.6379918456077576, 0.6967771053314209, 0.6850740909576416, 0.6686318516731262, 0.6604078412055969, 0.630010724067688, 0.6308244466781616, 0.6840819716453552, 0.6661816239356995, 0.6424145102500916, 0.65403151512146, 0.7065016627311707, 0.6975321173667908, 0.6782945394515991, 0.6868599653244019, 0.7076700329780579, 0.6659327149391174, 0.7069414854049683, 0.7411677241325378, 0.7462673187255859, 0.7309474945068359, 0.7583672404289246, 0.7535362839698792, 0.7647773027420044, 0.7487326860427856, 0.7651277184486389, 0.7668713927268982, 0.7770837545394897, 0.7613703608512878, 0.7959612607955933, 0.7817358374595642, 0.8100518584251404, 0.7654165625572205, 0.7991098165512085, 0.7666923999786377, 0.7829667925834656, 0.8211480975151062, 0.8744041323661804, 0.7478049397468567, 0.7716557383537292, 0.8043068051338196, 0.8048754334449768, 0.8431944847106934, 0.8544104099273682, 0.8512454032897949, 0.8808218240737915, 0.8869251608848572, 0.8083348274230957, 0.8262664675712585, 0.8633515238761902, 0.8567213416099548, 0.838068962097168, 0.8621696829795837],