{"loss": [1.4592825174331665, 1.2691247463226318, 1.1523804664611816, 1.0737248659133911, 1.0164985656738281, 0.9731341600418091, 0.936967134475708, 0.9062710404396057, 0.8816403150558472, 0.8555920124053955, 0.8343064785003662, 0.8141268491744995, 0.7960968017578125, 0.7793999910354614, 0.7638139128684998, 0.7486118078231812, 0.7314883470535278, 0.7194912433624268, 0.702569842338562, 0.687345027923584, 0.6714759469032288, 0.6565995216369629, 0.6431577205657959, 0.6330050826072693, 0.6203708052635193, 0.6101106405258179, 0.600556492805481, 0.5918864011764526, 0.5827452540397644, 0.5748443007469177, 0.5719820857048035, 0.5595061779022217, 0.5553374886512756, 0.5474197268486023, 0.5435757040977478, 0.5369921326637268, 0.5320778489112854, 0.5254052877426147, 0.5185497403144836, 0.5154744386672974, 0.513300895690918, 0.5054537653923035, 0.5007762312889099, 0.4970398545265198, 0.49298232793807983, 0.48841145634651184, 0.48515814542770386, 0.4817879796028137, 0.47942665219306946, 0.47249704599380493, 0.4695356488227844, 0.469258576631546, 0.46255025267601013, 0.4597734808921814, 0.4558347761631012, 0.4564571976661682, 0.4478159248828888, 0.44592761993408203, 0.4437428116798401, 0.440845251083374, 0.4381416141986847, 0.43739378452301025, 0.4301602244377136, 0.4300740659236908, 0.42608046531677246, 0.4248104691505432, 0.4227699339389801, 0.4184935986995697, 0.41741400957107544, 0.4176482558250427, 0.411318838596344, 0.4096274673938751, 0.4066188633441925, 0.4023813307285309, 0.40240734815597534, 0.3998091220855713, 0.398029625415802, 0.3954828083515167, 0.39441609382629395, 0.38960179686546326, 0.3891303539276123, 0.38699260354042053, 0.3874349594116211, 0.3849446177482605, 0.3819780945777893, 0.38076508045196533, 0.37700143456459045, 0.3777967393398285, 0.37444940209388733, 0.37251409888267517, 0.37280499935150146, 0.37067553400993347, 0.36944225430488586, 0.36688268184661865, 0.3620298206806183, 0.36342746019363403, 0.3593386113643646, 0.35762861371040344, 0.35845527052879333, 0.354599267244339], "accuracy": [0.4220220148563385, 0.49949949979782104, 0.5231231451034546, 0.5405405163764954, 0.5557557344436646, 0.569369375705719, 0.5873873829841614, 0.5963963866233826, 0.6070070266723633, 0.614814817905426, 0.6300300359725952, 0.6452452540397644, 0.6514514684677124, 0.6692692637443542, 0.6752752661705017, 0.690890908241272, 0.70050048828125, 0.7057057023048401, 0.7117117047309875, 0.7199199199676514, 0.7299299240112305, 0.7345345616340637, 0.7465465664863586, 0.7491491436958313, 0.7555555701255798, 0.7625625729560852, 0.7663663625717163, 0.7717717885971069, 0.7767767906188965, 0.7785785794258118, 0.7831831574440002, 0.7873873710632324, 0.7881881594657898, 0.7899900078773499, 0.7955955862998962, 0.7995995879173279, 0.7961962223052979, 0.8004003763198853, 0.8090090155601501, 0.8060060143470764, 0.8072072267532349, 0.8112112283706665, 0.816216230392456, 0.8170170187950134, 0.8194194436073303, 0.8204204440116882, 0.8184184432029724, 0.8254254460334778, 0.8254254460334778, 0.8264264464378357, 0.8298298120498657, 0.8248248100280762, 0.8314314484596252, 0.8306306600570679, 0.8336336612701416, 0.8342342376708984, 0.8374374508857727, 0.834434449672699, 0.8366366624832153, 0.834434449672699, 0.840640664100647, 0.8394394516944885, 0.8410410284996033, 0.8430430293083191, 0.8458458185195923, 0.8462462425231934, 0.8480480313301086, 0.8462462425231934, 0.8494494557380676, 0.845445454120636, 0.8500500321388245, 0.8490490317344666, 0.8522522449493408, 0.855055034160614, 0.8572572469711304, 0.8536536693572998, 0.8536536693572998, 0.8568568825721741, 0.8580580353736877, 0.8574574589729309, 0.8596596717834473, 0.8608608841896057, 0.8600600361824036, 0.8608608841896057, 0.8572572469711304, 0.8614614605903625, 0.8654654622077942, 0.8610610365867615, 0.8636636734008789, 0.861261248588562, 0.8634634613990784, 0.8668668866157532, 0.8632632493972778, 0.866066038608551, 0.868868887424469, 0.8690690398216248, 0.8692692518234253, 0.8702702522277832, 0.8670670390129089, 0.8690690398216248], "val_loss": [1.3408714532852173, 1.2070609331130981, 1.1234439611434937, 1.0681227445602417, 1.0280107259750366, 0.9967950582504272, 0.9734664559364319, 0.9521884918212891, 0.9328911900520325, 0.9212735295295715, 0.9146618247032166, 0.9011772274971008, 0.89165198802948, 0.8830844759941101, 0.8747649788856506, 0.8689422607421875, 0.8621687889099121, 0.8548431992530823, 0.8459757566452026, 0.8356082439422607, 0.8329842686653137, 0.8230752944946289, 0.806942343711853, 0.805415689945221, 0.8010079264640808, 0.7937857508659363, 0.7918297052383423, 0.7831727266311646, 0.7800004482269287, 0.775093674659729, 0.7662850618362427, 0.776416540145874, 0.7565471529960632, 0.7536128163337708, 0.7537752985954285, 0.7511053681373596, 0.7426391243934631, 0.756155252456665, 0.7410786747932434, 0.7369451522827148, 0.7321200370788574, 0.7362122535705566, 0.7437580227851868, 0.7344421744346619, 0.7381070256233215, 0.7345569133758545, 0.7285475134849548, 0.7312135100364685, 0.721957802772522, 0.7237387895584106, 0.7274721264839172, 0.7259440422058105, 0.7353317141532898, 0.7295169234275818, 0.7265377044677734, 0.7184923887252808, 0.728962242603302, 0.7210929989814758, 0.7337321639060974, 0.7228171825408936, 0.7274525165557861, 0.7250492572784424, 0.7364866733551025, 0.7241957783699036, 0.7155230641365051, 0.7202979326248169, 0.7230056524276733, 0.7272263765335083, 0.7342684268951416, 0.7198969721794128, 0.7188807129859924, 0.7168124914169312, 0.7190682888031006, 0.7363936901092529, 0.714418888092041, 0.7264801263809204, 0.7176229953765869, 0.7212784290313721, 0.7165055274963379, 0.7274299263954163, 0.722376823425293, 0.716962456703186, 0.7292438745498657, 0.7209494709968567, 0.7193995714187622, 0.7234476804733276, 0.7138936519622803, 0.7083056569099426, 0.7190247178077698, 0.7182960510253906, 0.7276124954223633, 0.7117787003517151, 0.7068107724189758, 0.7088924050331116, 0.7128615975379944, 0.7094002962112427, 0.7062867283821106, 0.7012384533882141, 0.7038050889968872, 0.7057012319564819],