{"loss": [0.6818867325782776, 0.3424205780029297, 0.21402674913406372, 0.1721407026052475, 0.12856604158878326, 0.10948490351438522, 0.09793401509523392, 0.0826985314488411, 0.07441173493862152, 0.06698101758956909, 0.0680585578083992, 0.06441687047481537, 0.050083085894584656, 0.05263938754796982, 0.04712100699543953, 0.04699527099728584, 0.04404998943209648, 0.04576635733246803, 0.03992067277431488, 0.035610418766736984, 0.03869149833917618, 0.029363058507442474, 0.024824684485793114, 0.032511357218027115, 0.024088405072689056, 0.019639164209365845, 0.01395527645945549, 0.02257968671619892, 0.028346890583634377, 0.04245731979608536, 0.019583728164434433, 0.010120905004441738, 0.010210470296442509, 0.008672515861690044, 0.004753293935209513, 0.004266154021024704, 0.0027765901759266853, 0.0012143205385655165, 0.001095230458304286, 0.0007159105152823031, 0.0005077597452327609, 0.00041486823465675116, 0.00034762866562232375, 0.00030920011340640485, 0.00026121444534510374, 0.00023666203196626157, 0.0001977237407118082, 0.00017404630489181727, 0.0001586621074238792, 0.00014072927297092974, 0.00012444275489542633, 0.00011387075937818736, 0.00010172279144171625, 9.184237569570541e-05, 8.206420170608908e-05, 7.267507317010313e-05, 6.639114144491032e-05, 6.114730786066502e-05, 5.426388815976679e-05, 5.011703979107551e-05, 4.518773130257614e-05, 4.098594581591897e-05, 3.7090641853865236e-05, 3.4048738598357886e-05, 3.0978477298049256e-05, 2.8057926101610065e-05, 2.5030840333784e-05, 2.2835298295831308e-05, 2.0950283214915544e-05, 1.8884997189161368e-05, 1.7490472600911744e-05, 1.5880530554568395e-05, 1.464562774344813e-05, 1.3176917491364293e-05, 1.1955238733207807e-05, 1.1095651643699966e-05, 9.89124509942485e-06, 9.360584044770803e-06, 8.34016282169614e-06, 7.792286851326935e-06, 7.133949566195952e-06, 6.497851700260071e-06, 5.765340574725997e-06, 5.239846359472722e-06, 5.235728167463094e-06, 0.12672844529151917, 0.0838579460978508, 0.03317571058869362, 0.018764028325676918, 0.009899809956550598, 0.011805112473666668, 0.0068189483135938644, 0.025373585522174835, 0.010208586230874062, 0.0036688726395368576, 0.0017263343324884772, 0.0011072547640651464, 0.0008679355378262699, 0.0004689628549385816, 0.000381612655473873], "accuracy": [0.7201604843139648, 0.8720160722732544, 0.9259779453277588, 0.9390170574188232, 0.956068217754364, 0.9586760401725769, 0.9630892872810364, 0.9711133241653442, 0.9713139533996582, 0.973319947719574, 0.9753260016441345, 0.9749248027801514, 0.9823470115661621, 0.9789367914199829, 0.9829488396644592, 0.9835506677627563, 0.9837512373924255, 0.9815446138381958, 0.9829488396644592, 0.9855566620826721, 0.9867602586746216, 0.9905717372894287, 0.9905717372894287, 0.988164484500885, 0.9909729361534119, 0.9931795597076416, 0.9965897798538208, 0.9933801293373108, 0.9897692799568176, 0.9853560924530029, 0.9933801293373108, 0.996990978717804, 0.9961885809898376, 0.9971915483474731, 0.9987964034080505, 0.9989969730377197, 0.9991976022720337, 1.0, 1.0, 1.0, 1.0, 1.0, 1.0, 1.0, 1.0, 1.0, 1.0, 1.0, 1.0, 1.0, 1.0, 1.0, 1.0, 1.0, 1.0, 1.0, 1.0, 1.0, 1.0, 1.0, 1.0, 1.0, 1.0, 1.0, 1.0, 1.0, 1.0, 1.0, 1.0, 1.0, 1.0, 1.0, 1.0, 1.0, 1.0, 1.0, 1.0, 1.0, 1.0, 1.0, 1.0, 1.0, 1.0, 1.0, 1.0, 0.9622868895530701, 0.9701103568077087, 0.9887663125991821, 0.9945837259292603, 0.9965897798538208, 0.99679034948349, 0.9977933764457703, 0.9933801293373108, 0.9973921775817871, 0.9991976022720337, 1.0, 1.0, 0.999799370765686, 1.0, 1.0], "val_loss": [0.597557544708252, 0.46136701107025146, 0.45587268471717834, 0.4816775918006897, 0.39715683460235596, 0.39389941096305847, 0.4010494649410248, 0.4611068069934845, 0.3977707624435425, 0.5020647644996643, 0.45748183131217957, 0.4336199462413788, 0.4134460389614105, 0.4121873080730438, 0.42800548672676086, 0.4720456302165985, 0.5370469093322754, 0.4757818877696991, 0.47872909903526306, 0.44149118661880493, 0.4432806670665741, 0.4794657826423645, 0.5448237061500549, 0.47031596302986145, 0.5267809629440308, 0.5202591419219971, 0.538207471370697, 0.5213630795478821, 0.533420205116272, 0.5067098736763, 0.46725088357925415, 0.5330500602722168, 0.5610819458961487, 0.5186234712600708, 0.5439534783363342, 0.536983847618103, 0.5575926899909973, 0.5662249326705933, 0.5847630500793457, 0.594762921333313, 0.6090782880783081, 0.6222760081291199, 0.6324436664581299, 0.6405840516090393, 0.6569128632545471, 0.6647967100143433, 0.6766197681427002, 0.6870157122612, 0.6968931555747986, 0.7047575116157532, 0.7135688662528992, 0.7247019410133362, 0.7330844402313232, 0.7440354228019714, 0.7516319155693054, 0.7597950100898743, 0.7724053263664246, 0.7789614200592041, 0.7860152125358582, 0.799444317817688, 0.8062295317649841, 0.8142135739326477, 0.8226717114448547, 0.8320143818855286, 0.8416411280632019, 0.8495607972145081, 0.8555766940116882, 0.8674026131629944, 0.8764010667800903, 0.8827611804008484, 0.8910601735115051, 0.8995295166969299, 0.9053011536598206, 0.9177424907684326, 0.924580991268158, 0.9376731514930725, 0.9388505220413208, 0.9492420554161072, 0.9562575221061707, 0.9709358811378479, 0.9700027704238892, 0.9826374650001526, 0.9883823394775391, 0.9969729781150818, 0.9996500015258789, 0.4581841230392456, 0.3874093294143677, 0.45074158906936646, 0.4731537997722626, 0.5066673755645752, 0.5043281316757202, 0.5435593128204346, 0.4622863233089447, 0.4896891415119171, 0.5152294635772705, 0.5171291828155518, 0.536255955696106, 0.5423704385757446, 0.5529061555862427, 0.5613154172897339], "val_accuracy": [0.7572718262672424, 0.8393179774284363, 0.841524600982666, 0.8427281975746155, 0.8700100183486938, 0.8708124160766602, 0.8714142441749573, 0.8533600568771362, 0.879237711429596, 0.8591775298118591, 0.858575701713562, 0.8627883791923523, 0.8812437057495117, 0.8772317171096802, 0.8794383406639099, 0.8653962016105652, 0.8615847826004028, 0.8726178407669067, 0.8762286901473999, 0.8806419372558594, 0.8812437057495117, 0.8774322867393494, 0.8690069913864136, 0.8726178407669067, 0.8659979701042175, 0.8770310878753662, 0.8742226958274841, 0.8750250935554504, 0.8694082498550415, 0.8696088194847107, 0.8816449642181396, 0.8772317171096802, 0.8742226958274841, 0.8856569528579712, 0.8836509585380554, 0.8858575820922852, 0.8840521574020386, 0.8848545551300049, 0.8836509585380554, 0.8836509585380554, 0.882246732711792, 0.8826479315757751, 0.8828485608100891, 0.8828485608100891, 0.8818455338478088, 0.8808425068855286, 0.8804413080215454, 0.879237711429596, 0.879037082195282, 0.8784353137016296, 0.8778334856033325, 0.8776329159736633, 0.8770310878753662, 0.8766298890113831, 0.8762286901473999, 0.8766298890113831, 0.8750250935554504, 0.8754262924194336, 0.8754262924194336, 0.8740220665931702, 0.8752256631851196, 0.8748244643211365, 0.8744232654571533, 0.8744232654571533, 0.873420238494873, 0.8730190396308899, 0.8726178407669067, 0.8722166419029236, 0.8724172711372375, 0.8714142441749573, 0.8722166419029236, 0.8702106475830078, 0.870411217212677, 0.8694082498550415, 0.8696088194847107, 0.8692076206207275, 0.8690069913864136, 0.8686057925224304, 0.8690069913864136, 0.8678033947944641, 0.8690069913864136, 0.8684052228927612, 0.8684052228927612, 0.8680040240287781, 0.8692076206207275, 0.8728184700012207, 0.8968906998634338, 0.8830491304397583, 0.8802407383918762, 0.8810431361198425, 0.8850551843643188, 0.8794383406639099, 0.8892678022384644, 0.885255753993988, 0.8806419372558594, 0.8876630067825317, 0.8874623775482178, 0.8862587809562683, 0.8860581517219543, 0.8870611786842346], "training_time": 204.93739461898804, "output_time": 0.08265199661254882}