{"loss": [1.2582188844680786, 1.0526584386825562, 0.9802516102790833, 0.9328559041023254, 0.8983189463615417, 0.8673039078712463, 0.8397515416145325, 0.8144960999488831, 0.7916980981826782, 0.7712794542312622, 0.7535474300384521, 0.7364914417266846, 0.7210601568222046, 0.704849362373352, 0.6916942000389099, 0.6762508153915405, 0.6665652394294739, 0.6538609266281128, 0.6430824398994446, 0.6311414241790771, 0.6252080202102661, 0.6148024201393127, 0.606109619140625, 0.598322331905365, 0.5907531380653381, 0.5828755497932434, 0.5770610570907593, 0.5696558952331543, 0.563335657119751, 0.5575206875801086, 0.5538058876991272, 0.5477800369262695, 0.5427558422088623, 0.536662757396698, 0.5331445932388306, 0.5277882814407349, 0.5252201557159424, 0.5189003348350525, 0.516122043132782, 0.5115892887115479, 0.5072371959686279, 0.5042381286621094, 0.5005893707275391, 0.4951235353946686, 0.49308332800865173, 0.4908789396286011, 0.4872119426727295, 0.4818360507488251, 0.47862356901168823, 0.4758809804916382, 0.4724251925945282, 0.4716436564922333, 0.4693435728549957, 0.4658051133155823, 0.4630716145038605, 0.4595455229282379, 0.4592873156070709, 0.4543607532978058, 0.4504462480545044, 0.45352062582969666, 0.4458814263343811, 0.4448118209838867, 0.44074708223342896, 0.44199836254119873, 0.43962177634239197, 0.43723490834236145, 0.4344153106212616, 0.4322032034397125, 0.43259769678115845, 0.4306836426258087, 0.4270848333835602, 0.4256720542907715, 0.4216381907463074, 0.4210270643234253, 0.4191651940345764, 0.4152666926383972, 0.4166254997253418, 0.41480502486228943, 0.4177824854850769, 0.4089275002479553, 0.4077529013156891, 0.40744540095329285, 0.4046991765499115, 0.40350234508514404, 0.39979588985443115, 0.40081077814102173, 0.39923256635665894, 0.396119087934494, 0.3950464129447937, 0.39553356170654297, 0.39395666122436523, 0.39351770281791687, 0.390413373708725, 0.39049622416496277, 0.3876044750213623, 0.385781854391098, 0.3870331048965454, 0.384775310754776, 0.38112926483154297, 0.38021668791770935], "accuracy": [0.4678935706615448, 0.537907600402832, 0.5547109246253967, 0.5757151246070862, 0.5939188003540039, 0.6079216003417969, 0.6261252164840698, 0.6385276913642883, 0.6561312079429626, 0.6691338419914246, 0.6755350828170776, 0.6819363832473755, 0.6941388249397278, 0.7035406827926636, 0.7077415585517883, 0.7155430912971497, 0.7197439670562744, 0.7271454334259033, 0.7317463755607605, 0.7463492751121521, 0.7449489831924438, 0.7503500580787659, 0.7535507082939148, 0.754951000213623, 0.7583516836166382, 0.7649530172348022, 0.7651530504226685, 0.7667533755302429, 0.7707541584968567, 0.7707541584968567, 0.7745549082756042, 0.7765552997589111, 0.7787557244300842, 0.784156858921051, 0.7879576086997986, 0.7861572504043579, 0.7873574495315552, 0.7905580997467041, 0.793758749961853, 0.7961592078208923, 0.7957591414451599, 0.7955591082572937, 0.799159824848175, 0.8055611252784729, 0.8015602827072144, 0.8085616827011108, 0.8063612580299377, 0.8047609329223633, 0.8083616495132446, 0.8105621337890625, 0.813162624835968, 0.8153630495071411, 0.8169633746147156, 0.8161632418632507, 0.8161632418632507, 0.8179636001586914, 0.8163632750511169, 0.8205640912055969, 0.822964608669281, 0.8231646418571472, 0.8247649669647217, 0.8261652588844299, 0.8301660418510437, 0.825965166091919, 0.8303660750389099, 0.8313663005828857, 0.8279656171798706, 0.8327665328979492, 0.8363672494888306, 0.8327665328979492, 0.8353670835494995, 0.833766758441925, 0.8377675414085388, 0.8355671167373657, 0.8383677005767822, 0.8383677005767822, 0.8391678333282471, 0.8383677005767822, 0.8359671831130981, 0.8441688418388367, 0.8421684503555298, 0.8439688086509705, 0.843568742275238, 0.8405681252479553, 0.8461692333221436, 0.8415682911872864, 0.8491698503494263, 0.8497699499130249, 0.8443688750267029, 0.8467693328857422, 0.847769558429718, 0.8463692665100098, 0.8515703082084656, 0.8521704077720642, 0.8569713830947876, 0.8537707328796387, 0.8513702750205994, 0.8515703082084656, 0.8545709252357483, 0.8527705669403076], "val_loss": [1.1073496341705322, 1.0127750635147095, 0.9654465317726135, 0.9290125370025635, 0.9075892567634583, 0.8866323828697205, 0.868100106716156, 0.854949414730072, 0.8370599746704102, 0.8214331269264221, 0.809341311454773, 0.8041001558303833, 0.7908621430397034, 0.7810892462730408, 0.7677592039108276, 0.7610583901405334, 0.7547913789749146, 0.7475301623344421, 0.7379973530769348, 0.7367627024650574, 0.7344327569007874, 0.7216911315917969, 0.7186403870582581, 0.7182615995407104, 0.7154360413551331, 0.712841272354126, 0.7044851183891296, 0.7020501494407654, 0.703959584236145, 0.6958220601081848, 0.6950152516365051, 0.6919295787811279, 0.688692033290863, 0.6958014369010925, 0.6903389096260071, 0.6889820694923401, 0.6813638210296631, 0.6949524879455566, 0.6860355734825134, 0.6809736490249634, 0.6882084012031555, 0.6774522066116333, 0.6767979860305786, 0.6781827807426453, 0.6804012656211853, 0.673715353012085, 0.6828446984291077, 0.6805346608161926, 0.6801232099533081, 0.6675145030021667, 0.6703771352767944, 0.6798370480537415, 0.6675611138343811, 0.6707369089126587, 0.668204665184021, 0.6704316139221191, 0.6671056747436523, 0.6768012046813965, 0.6751230955123901, 0.6725230813026428, 0.6628594994544983, 0.6685910820960999, 0.672482967376709, 0.6763766407966614, 0.6774670481681824, 0.6763513684272766, 0.6673589944839478, 0.6725983023643494, 0.6686057448387146, 0.6635756492614746, 0.6677585244178772, 0.6724430918693542, 0.6683942079544067, 0.6747178435325623, 0.6625252366065979, 0.6646788716316223, 0.6770574450492859, 0.670488178730011, 0.6737880110740662, 0.666064441204071, 0.67063969373703, 0.6759718060493469, 0.6800417900085449, 0.6751100420951843, 0.6722546815872192, 0.6709753274917603, 0.6724002361297607, 0.6615630984306335, 0.6737196445465088, 0.6715304255485535, 0.6712363362312317, 0.6876891255378723, 0.669413685798645, 0.6646163463592529, 0.6761953830718994, 0.6689342260360718, 0.6809918284416199, 0.6715931296348572, 0.6787946224212646, 0.6898618936538696],