{"loss": [1.0315184593200684, 0.6897217035293579, 0.5101118683815002, 0.3647748529911041, 0.27406296133995056, 0.22183406352996826, 0.19192668795585632, 0.1680886149406433, 0.14744140207767487, 0.13750915229320526, 0.12494916468858719, 0.11567012965679169, 0.09931639581918716, 0.09500183165073395, 0.08558625727891922, 0.08522344380617142, 0.08101889491081238, 0.07745026797056198, 0.07127026468515396, 0.06613679230213165, 0.06316687166690826, 0.06679850816726685, 0.057734545320272446, 0.06345093995332718, 0.05321814492344856, 0.05005685240030289, 0.04963013529777527, 0.04471272602677345, 0.04108738526701927, 0.04367350786924362, 0.04026589170098305, 0.03585471957921982, 0.035001181066036224, 0.03351365774869919, 0.04824186488986015, 0.03272825852036476, 0.03125463053584099, 0.031286269426345825, 0.032838158309459686, 0.028491651639342308, 0.03105313889682293, 0.024567950516939163, 0.024899009615182877, 0.039025891572237015, 0.022921379655599594, 0.018948985263705254, 0.02231385000050068, 0.018342621624469757, 0.02180912159383297, 0.02060403861105442, 0.016882803291082382, 0.0160097386687994, 0.019389187917113304, 0.020143380388617516, 0.027459073811769485, 0.03217192366719246, 0.011561820283532143, 0.009944812394678593, 0.011901658028364182, 0.013365211896598339, 0.01564069464802742, 0.019254330545663834, 0.01602780818939209, 0.00816839374601841, 0.007374920882284641, 0.009475234895944595, 0.016306547448039055, 0.01947767660021782, 0.014687745831906796, 0.011776331812143326, 0.005891346372663975, 0.0045853364281356335, 0.00521170673891902, 0.009216779842972755, 0.022398823872208595, 0.03250797837972641, 0.015899667516350746, 0.008107257075607777, 0.006133672781288624, 0.005969109944999218, 0.0034506411757320166, 0.0032461469527333975, 0.0025373990647494793, 0.0023248407524079084, 0.002744611818343401, 0.01668381318449974, 0.026234189048409462, 0.01704310066998005, 0.016243141144514084, 0.009623444639146328, 0.003272326895967126, 0.0027886624448001385, 0.0021031578071415424, 0.0019682180136442184, 0.001935101579874754, 0.0016861292533576488, 0.001696575665846467, 0.0016524968668818474, 0.0014444179832935333, 0.0020350797567516565], "accuracy": [0.5847542881965637, 0.7418254613876343, 0.8270812630653381, 0.8856569528579712, 0.9149448275566101, 0.9309929609298706, 0.9366098046302795, 0.9436308741569519, 0.9502507448196411, 0.9526579976081848, 0.9546639919281006, 0.9606820344924927, 0.9691073298454285, 0.9689067006111145, 0.9699097275733948, 0.9697090983390808, 0.9711133241653442, 0.970912754535675, 0.9749248027801514, 0.9759277701377869, 0.9789367914199829, 0.9759277701377869, 0.9797391891479492, 0.9789367914199829, 0.98274827003479, 0.9829488396644592, 0.9829488396644592, 0.985155463218689, 0.9861584901809692, 0.9853560924530029, 0.9885656833648682, 0.9889668822288513, 0.9875627160072327, 0.9899699091911316, 0.9843530654907227, 0.9903711080551147, 0.9903711080551147, 0.9919759035110474, 0.9901705384254456, 0.9919759035110474, 0.9903711080551147, 0.9933801293373108, 0.9921765327453613, 0.988365113735199, 0.9931795597076416, 0.9955867528915405, 0.9935807585716248, 0.9941825270652771, 0.9931795597076416, 0.9933801293373108, 0.9961885809898376, 0.9957873821258545, 0.9945837259292603, 0.9935807585716248, 0.9907723069190979, 0.9905717372894287, 0.9979940056800842, 0.9987964034080505, 0.9979940056800842, 0.9963891506195068, 0.9961885809898376, 0.9947843551635742, 0.9959879517555237, 0.9987964034080505, 0.9987964034080505, 0.9977933764457703, 0.9953861832618713, 0.9941825270652771, 0.9957873821258545, 0.996990978717804, 0.9995988011360168, 0.999799370765686, 0.9993981719017029, 0.9973921775817871, 0.9943831562995911, 0.988164484500885, 0.9957873821258545, 0.9975928068161011, 0.9981945753097534, 0.9987964034080505, 1.0, 0.9995988011360168, 1.0, 0.999799370765686, 1.0, 0.9935807585716248, 0.9897692799568176, 0.9945837259292603, 0.9951855540275574, 0.9981945753097534, 0.999799370765686, 1.0, 1.0, 1.0, 1.0, 1.0, 1.0, 1.0, 1.0, 0.9995988011360168], "val_loss": [0.8273811936378479, 0.6695172190666199, 0.5486999154090881, 0.4614882171154022, 0.4013635218143463, 0.39276430010795593, 0.38141530752182007, 0.39172476530075073, 0.4253709018230438, 0.3988064229488373, 0.3958985507488251, 0.39682456851005554, 0.43637847900390625, 0.438082754611969, 0.42475777864456177, 0.42846015095710754, 0.5000916123390198, 0.4684164822101593, 0.47059953212738037, 0.4622426927089691, 0.47117170691490173, 0.4750157296657562, 0.47173061966896057, 0.4743296205997467, 0.5000588893890381, 0.48870018124580383, 0.4986788034439087, 0.5003402829170227, 0.5153061151504517, 0.511428713798523, 0.5228083729743958, 0.5673119425773621, 0.5240193009376526, 0.5650339722633362, 0.5343741774559021, 0.5733742117881775, 0.5932303071022034, 0.5740404725074768, 0.563854992389679, 0.5942321419715881, 0.5619964003562927, 0.5794551372528076, 0.6162606477737427, 0.5539263486862183, 0.5526410937309265, 0.6011716723442078, 0.5950471758842468, 0.6508132815361023, 0.5814716219902039, 0.6192057132720947, 0.6204155683517456, 0.6492071151733398, 0.6757157444953918, 0.622987687587738, 0.6313057541847229, 0.6219290494918823, 0.6503496170043945, 0.6702797412872314, 0.6629244089126587, 0.6761674284934998, 0.7577425241470337, 0.6697296500205994, 0.6851115226745605, 0.6951616406440735, 0.6998891830444336, 0.7137160301208496, 0.6817880868911743, 0.7156357169151306, 0.6689282059669495, 0.7069610357284546, 0.7143527269363403, 0.7489557266235352, 0.7395987510681152, 0.7531977295875549, 0.7407823204994202, 0.7388013005256653, 0.7482381463050842, 0.7413162589073181, 0.7246636748313904, 0.7320075035095215, 0.73616623878479, 0.7663268446922302, 0.7720102667808533, 0.8030897974967957, 0.8044942021369934, 0.8480101227760315, 0.7754542231559753, 0.8269456028938293, 0.751229465007782, 0.7762145400047302, 0.7929797172546387, 0.7886149287223816, 0.8049105405807495, 0.8082468509674072, 0.8204591274261475, 0.8158170580863953, 0.8442320823669434, 0.852016031742096, 0.8670096397399902, 0.9443245530128479],