{"loss": [0.9007419943809509, 0.49264219403266907, 0.3012748062610626, 0.21044552326202393, 0.16485023498535156, 0.13833309710025787, 0.12201930582523346, 0.10509387403726578, 0.09229379147291183, 0.0886959433555603, 0.07721482962369919, 0.07484494149684906, 0.06431525200605392, 0.059695225208997726, 0.05313476547598839, 0.060761258006095886, 0.05467163771390915, 0.052487749606370926, 0.04196528345346451, 0.0384363979101181, 0.03782544285058975, 0.03606194630265236, 0.035091910511255264, 0.032435253262519836, 0.02592066116631031, 0.03198704123497009, 0.030053501948714256, 0.02699047513306141, 0.025056105107069016, 0.018778689205646515, 0.02450018748641014, 0.018908336758613586, 0.02932026982307434, 0.022857334464788437, 0.01768084056675434, 0.018485335633158684, 0.015437600202858448, 0.010087434202432632, 0.008216400630772114, 0.017772259190678596, 0.020767847076058388, 0.016547780483961105, 0.009144526906311512, 0.007151343859732151, 0.005905261728912592, 0.00456265639513731, 0.008458170108497143, 0.018957680091261864, 0.02272156812250614, 0.012481704354286194, 0.006574538536369801, 0.02544403448700905, 0.020844902843236923, 0.006352339405566454, 0.0031203192193061113, 0.0022528390400111675, 0.0017613369273021817, 0.0015658392803743482, 0.0016431657131761312, 0.0022592635359615088, 0.001414999831467867, 0.0011510438052937388, 0.0010217169765383005, 0.0008785099489614367, 0.0008445303537882864, 0.0007707884651608765, 0.0007331128581427038, 0.0006656829500570893, 0.042869869619607925, 0.05112389847636223, 0.014336252585053444, 0.010679219849407673, 0.008969984017312527, 0.005199872422963381, 0.0038051027804613113, 0.001446056179702282, 0.0011009619338437915, 0.0009646897087804973, 0.000862772052641958, 0.0007788703078404069, 0.0007043157238513231, 0.0006547198281623423, 0.000603682710789144, 0.0005470605683512986, 0.0005170083022676408, 0.00047545405686832964, 0.00044658343540504575, 0.0004255166568327695, 0.0003873318783007562, 0.0003580824995879084, 0.00032792732235975564, 0.00031052593840286136, 0.0002908057940658182, 0.0002738616312853992, 0.0002551916113588959, 0.00023649769718758762, 0.0002168140490539372, 0.0001947761484188959, 0.00018815122894011438, 0.00018421426648274064], "accuracy": [0.6335005164146423, 0.814643919467926, 0.9025075435638428, 0.9271815419197083, 0.9436308741569519, 0.9522567987442017, 0.9590772390365601, 0.9626880884170532, 0.967903733253479, 0.9685055017471313, 0.9713139533996582, 0.9749248027801514, 0.9761283993721008, 0.9813440442085266, 0.9825476408004761, 0.9787362217903137, 0.981945812702179, 0.9823470115661621, 0.9859578609466553, 0.9875627160072327, 0.988164484500885, 0.9875627160072327, 0.9885656833648682, 0.9909729361534119, 0.991374135017395, 0.9899699091911316, 0.9897692799568176, 0.9903711080551147, 0.9915747046470642, 0.9949849843978882, 0.9929789304733276, 0.9945837259292603, 0.9907723069190979, 0.9925777316093445, 0.9949849843978882, 0.9953861832618713, 0.9955867528915405, 0.9983952045440674, 0.9987964034080505, 0.9955867528915405, 0.9945837259292603, 0.9951855540275574, 0.9983952045440674, 0.9987964034080505, 0.9989969730377197, 0.9995988011360168, 0.9981945753097534, 0.9929789304733276, 0.9925777316093445, 0.996990978717804, 0.9987964034080505, 0.9919759035110474, 0.9941825270652771, 0.9993981719017029, 0.999799370765686, 1.0, 1.0, 1.0, 1.0, 0.9995988011360168, 1.0, 1.0, 1.0, 1.0, 1.0, 1.0, 1.0, 1.0, 0.9849548935890198, 0.98274827003479, 0.9959879517555237, 0.996990978717804, 0.9971915483474731, 0.9987964034080505, 0.9993981719017029, 1.0, 1.0, 1.0, 1.0, 1.0, 1.0, 1.0, 1.0, 1.0, 1.0, 1.0, 1.0, 1.0, 1.0, 1.0, 1.0, 1.0, 1.0, 1.0, 1.0, 1.0, 1.0, 1.0, 1.0, 1.0], "val_loss": [0.7058634161949158, 0.5279287099838257, 0.44078168272972107, 0.42557480931282043, 0.3857634365558624, 0.41139599680900574, 0.3920343816280365, 0.3848472535610199, 0.3835868835449219, 0.4204893410205841, 0.4148743450641632, 0.3967042863368988, 0.40070047974586487, 0.4596673846244812, 0.4612521529197693, 0.40406888723373413, 0.43430906534194946, 0.40318071842193604, 0.4381440281867981, 0.460986465215683, 0.48410892486572266, 0.5413527488708496, 0.4831255376338959, 0.4994869828224182, 0.5036944150924683, 0.503912627696991, 0.5170533657073975, 0.5631349086761475, 0.5713583827018738, 0.6235852837562561, 0.6004366278648376, 0.7204070091247559, 0.5586768388748169, 0.5286080837249756, 0.5604537725448608, 0.568347692489624, 0.5921058654785156, 0.6013363003730774, 0.5931649804115295, 0.6276660561561584, 0.614122748374939, 0.5752188563346863, 0.6562042832374573, 0.638131856918335, 0.6385496854782104, 0.6251991987228394, 0.6442817449569702, 0.7063373923301697, 0.634730339050293, 0.7004324793815613, 0.8200822472572327, 0.9668267369270325, 0.6479805707931519, 0.6390398144721985, 0.6679226756095886, 0.6743984818458557, 0.6826589107513428, 0.7009099125862122, 0.7056539058685303, 0.7194069027900696, 0.7302125692367554, 0.7347002625465393, 0.7457377910614014, 0.750704824924469, 0.7521600723266602, 0.7719954252243042, 0.7783045768737793, 0.7914146184921265, 0.7085868716239929, 0.6308460831642151, 0.7261491417884827, 0.6795674562454224, 0.7057222127914429, 0.7128990888595581, 0.7065953016281128, 0.7306627631187439, 0.7377210855484009, 0.7546519637107849, 0.7578904628753662, 0.7681310772895813, 0.7774396538734436, 0.7852439880371094, 0.7961122989654541, 0.795784056186676, 0.8073698878288269, 0.814612090587616, 0.8259552121162415, 0.8340699076652527, 0.8426647186279297, 0.8494757413864136, 0.8549036979675293, 0.8576902747154236, 0.8700448870658875, 0.8764662146568298, 0.8851286172866821, 0.8856863379478455, 0.9011300206184387, 0.911131739616394, 0.9163601398468018, 0.9224708080291748], "val_accuracy": [0.717552661895752, 0.8024072051048279, 0.8409227728843689, 0.8521564602851868, 0.8661985993385315, 0.8627883791923523, 0.8744232654571533, 0.8786358833312988, 0.8794383406639099, 0.873620867729187, 0.8748244643211365, 0.8760280609130859, 0.8858575820922852, 0.8740220665931702, 0.8720160722732544, 0.8872618079185486, 0.8826479315757751, 0.8870611786842346, 0.8830491304397583, 0.8820461630821228, 0.8764292597770691, 0.8615847826004028, 0.8774322867393494, 0.879237711429596, 0.8770310878753662, 0.8808425068855286, 0.8828485608100891, 0.8758274912834167, 0.8746238946914673, 0.8668004274368286, 0.8702106475830078, 0.8513540625572205, 0.8754262924194336, 0.8842527866363525, 0.8794383406639099, 0.8772317171096802, 0.8756268620491028, 0.8760280609130859, 0.8752256631851196, 0.8738214373588562, 0.8724172711372375, 0.8784353137016296, 0.8680040240287781, 0.8728184700012207, 0.8758274912834167, 0.8772317171096802, 0.8730190396308899, 0.8744232654571533, 0.8778334856033325, 0.8657974004745483, 0.8571715354919434, 0.8224673867225647, 0.8748244643211365, 0.8818455338478088, 0.8780341148376465, 0.8776329159736633, 0.8782346844673157, 0.8784353137016296, 0.8750250935554504, 0.8754262924194336, 0.876830518245697, 0.8776329159736633, 0.8742226958274841, 0.8762286901473999, 0.8758274912834167, 0.8738214373588562, 0.8746238946914673, 0.8738214373588562, 0.8629889488220215, 0.8794383406639099, 0.8682045936584473, 0.8760280609130859, 0.8760280609130859, 0.8758274912834167, 0.8760280609130859, 0.8746238946914673, 0.8748244643211365, 0.873620867729187, 0.873420238494873, 0.8730190396308899, 0.8732196688652039, 0.8732196688652039, 0.8720160722732544, 0.8732196688652039, 0.8716148734092712, 0.8720160722732544, 0.8724172711372375, 0.8700100183486938, 0.8702106475830078, 0.8712136149406433, 0.870611846446991, 0.870411217212677, 0.8700100183486938, 0.8696088194847107, 0.8688064217567444, 0.8696088194847107, 0.8690069913864136, 0.8692076206207275, 0.8688064217567444, 0.8688064217567444], "training_time": 152.89142036437988, "output_time": 0.07055671215057373}