{"loss": [1.0148825645446777, 0.7751412391662598, 0.6851635575294495, 0.6187825202941895, 0.5650961399078369, 0.5280423164367676, 0.48098257184028625, 0.44275179505348206, 0.42560335993766785, 0.3857286870479584, 0.3714810013771057, 0.34828105568885803, 0.33117079734802246, 0.3079269826412201, 0.30872225761413574, 0.289399653673172, 0.2666809856891632, 0.26610761880874634, 0.2516477406024933, 0.2302652895450592, 0.227558895945549, 0.21580232679843903, 0.20965376496315002, 0.20163953304290771, 0.1954897940158844, 0.19198358058929443, 0.1710873395204544, 0.1675361543893814, 0.16671402752399445, 0.17237508296966553, 0.1503628045320511, 0.14637666940689087, 0.14286592602729797, 0.1287454515695572, 0.13038548827171326, 0.12413380295038223, 0.119356669485569, 0.11489536613225937, 0.10747885704040527, 0.11483310908079147, 0.11373692750930786, 0.0997501090168953, 0.09835464507341385, 0.08418742567300797, 0.08581171929836273, 0.08974514901638031, 0.08660083264112473, 0.08051856607198715, 0.09242507070302963, 0.07870729267597198, 0.06755539774894714, 0.06829488277435303, 0.07088887691497803, 0.06960870325565338, 0.06121254712343216, 0.052515909075737, 0.048741087317466736, 0.06658296287059784, 0.060987457633018494, 0.044711023569107056, 0.056782066822052, 0.05136967822909355, 0.052873704582452774, 0.05913746729493141, 0.054084017872810364, 0.04632895812392235, 0.03367460519075394, 0.028680142015218735, 0.03428584709763527, 0.03219691291451454, 0.03609331324696541, 0.03671633079648018, 0.024580398574471474, 0.064778171479702, 0.06847656518220901, 0.03259870782494545, 0.02341955155134201, 0.015146762132644653, 0.01634254865348339, 0.02622140571475029, 0.023956283926963806, 0.024480072781443596, 0.027724614366889, 0.04242919012904167, 0.06177482008934021, 0.025732291862368584, 0.015192361548542976, 0.026076283305883408, 0.014246748760342598, 0.013735761865973473, 0.058005593717098236, 0.023449571803212166, 0.01498328521847725, 0.016354039311408997, 0.01374196819961071, 0.01634163409471512, 0.03868906572461128, 0.05033297464251518, 0.021869150921702385, 0.006539823953062296], "accuracy": [0.5697418451309204, 0.6704022288322449, 0.7088252902030945, 0.7454472780227661, 0.7676606178283691, 0.7846708297729492, 0.8126876354217529, 0.8308985233306885, 0.8339003324508667, 0.853912353515625, 0.8585150837898254, 0.8727236390113831, 0.8749249577522278, 0.8851310610771179, 0.8871322870254517, 0.8947368264198303, 0.9009405374526978, 0.898539125919342, 0.9087452292442322, 0.9149489402770996, 0.9157494306564331, 0.9229537844657898, 0.9233540296554565, 0.9273564219474792, 0.9271562695503235, 0.9291574954986572, 0.9421653151512146, 0.9417650699615479, 0.9425655603408813, 0.9383630156517029, 0.946567952632904, 0.95017009973526, 0.9495697617530823, 0.9571743011474609, 0.9563738107681274, 0.9575745463371277, 0.9579747915267944, 0.9635781645774841, 0.9639784097671509, 0.9581748843193054, 0.9597758650779724, 0.9683810472488403, 0.9697818756103516, 0.9753852486610413, 0.974184513092041, 0.9701821208000183, 0.970782458782196, 0.9745847582817078, 0.9683810472488403, 0.977586567401886, 0.9783870577812195, 0.9767860770225525, 0.977786660194397, 0.9787872433662415, 0.9823894500732422, 0.9851911067962646, 0.9855913519859314, 0.975985586643219, 0.980988621711731, 0.9893936514854431, 0.9811887145042419, 0.9849910140037537, 0.9851911067962646, 0.9789873957633972, 0.9825895428657532, 0.9865919351577759, 0.9929957985877991, 0.9943966269493103, 0.9911947250366211, 0.9919952154159546, 0.9903942346572876, 0.9903942346572876, 0.9945967793464661, 0.977586567401886, 0.9773864150047302, 0.9907944798469543, 0.9941965341567993, 0.9979987740516663, 0.9973984360694885, 0.9931958913803101, 0.9935961365699768, 0.9931958913803101, 0.9929957985877991, 0.9863918423652649, 0.9791874885559082, 0.9931958913803101, 0.9967980980873108, 0.9943966269493103, 0.9969981908798218, 0.9969981908798218, 0.9811887145042419, 0.994796872138977, 0.9961977005004883, 0.9959976077079773, 0.9957974553108215, 0.9961977005004883, 0.9869921803474426, 0.9841905236244202, 0.9945967793464661, 0.999799907207489], "val_loss": [0.8751728534698486, 0.7889964580535889, 0.7685975432395935, 0.7694265246391296, 0.6965243816375732, 0.6809121966362, 0.6641880869865417, 0.7042306661605835, 0.6916497945785522, 0.6434583067893982, 0.6296393275260925, 0.6393136382102966, 0.635662853717804, 0.7147777676582336, 0.6814177632331848, 0.6380050182342529, 0.6226407289505005, 0.6230112314224243, 0.597438633441925, 0.6466965675354004, 0.6136666536331177, 0.6418806314468384, 0.6113104224205017, 0.6681753993034363, 0.6556705832481384, 0.6337389945983887, 0.6536155343055725, 0.6373318433761597, 0.6752439737319946, 0.6779844760894775, 0.6602806448936462, 0.6711058020591736, 0.6686221361160278, 0.6941726803779602, 0.6580694317817688, 0.717138409614563, 0.7171686887741089, 0.7361955642700195, 0.7679295539855957, 0.709177553653717, 0.7128453254699707, 0.7157683372497559, 0.7310845255851746, 0.7375677227973938, 0.7646971940994263, 0.8303037285804749, 0.782153844833374, 0.8006525635719299, 0.802974283695221, 0.7762991189956665, 0.7765074372291565, 0.808111310005188, 0.8008621335029602, 0.8146918416023254, 0.7963670492172241, 0.8735687732696533, 0.820975661277771, 0.8092333674430847, 0.832298219203949, 0.8329365849494934, 0.8371590375900269, 0.876639187335968, 0.9410915970802307, 0.8959656953811646, 0.8591625690460205, 0.9001232981681824, 0.879336953163147, 0.8998002409934998, 0.9171304702758789, 0.9455215930938721, 0.9268374443054199, 0.9594357013702393, 0.9621989727020264, 1.1043304204940796, 0.9214790463447571, 0.9386097192764282, 0.9636486768722534, 0.975990355014801, 1.007094383239746, 0.9923601746559143, 1.0187541246414185, 1.0004161596298218, 1.0004695653915405, 1.0604870319366455, 1.0473963022232056, 1.0215590000152588, 1.0209767818450928, 1.0340162515640259, 1.0229814052581787, 1.0373892784118652, 1.0695858001708984, 1.028066635131836, 1.0700781345367432, 1.0282708406448364, 1.0621190071105957, 1.0635830163955688, 1.1629396677017212, 1.0784265995025635, 1.0272527933120728, 1.0611990690231323],