{"loss": [0.6522154211997986, 0.2022373229265213, 0.151122584939003, 0.1219867616891861, 0.10996957868337631, 0.09331860393285751, 0.08278578519821167, 0.07051806151866913, 0.06840460747480392, 0.05624731630086899, 0.05960886552929878, 0.053986575454473495, 0.055433668196201324, 0.04223940894007683, 0.04240494221448898, 0.046216655522584915, 0.02916576713323593, 0.02808539569377899, 0.02556120604276657, 0.023133238777518272, 0.025551745668053627, 0.02108485996723175, 0.014841452240943909, 0.017435578629374504, 0.024104095995426178, 0.028628433123230934, 0.030605731531977654, 0.015309560112655163, 0.010961225256323814, 0.004472455475479364, 0.004437712952494621, 0.0051340702921152115, 0.00688248360529542, 0.006574896164238453, 0.0030020722188055515, 0.0015983727062121034, 0.008294997736811638, 0.03354572132229805, 0.060412321239709854, 0.024165289476513863, 0.012244131416082382, 0.007983029820024967, 0.00428699841722846, 0.0017133145593106747, 0.0011796572944149375, 0.0008269901154562831, 0.0006600632332265377, 0.000575327081605792, 0.0005718093016184866, 0.0004810196696780622, 0.00038288047653622925, 0.00034335118834860623, 0.0003029347280971706, 0.0002690692199394107, 0.0002445292193442583, 0.0002221365866716951, 0.0002869806776288897, 0.09281949698925018, 0.05833926796913147, 0.027739472687244415, 0.014701461419463158, 0.006585769355297089, 0.00511216139420867, 0.004965520463883877, 0.005182705353945494, 0.005224559921771288, 0.009761265479028225, 0.011971184983849525, 0.015469135716557503, 0.015523853711783886, 0.004199632443487644, 0.005155868362635374, 0.0016962932422757149, 0.0005325097590684891, 0.00043505741632543504, 0.00036834817728959024, 0.0003175049787387252, 0.0002765327808447182, 0.000253739592153579, 0.00022337176778819412, 0.00020097885862924159, 0.0001818284799810499, 0.0001653119979891926, 0.00015052327944431454, 0.0001386939693475142, 0.00012628341210074723, 0.0001153090997831896, 0.00010646691953297704, 9.526374196866527e-05, 8.807778067421168e-05, 8.151552901836112e-05, 7.488848495995626e-05, 6.857964035589248e-05, 6.416012183763087e-05, 5.762908040196635e-05, 5.317115210345946e-05, 5.1276470912853256e-05, 6.146387750050053e-05, 0.04212997108697891, 0.07336095720529556], "accuracy": [0.7292338609695435, 0.9278225898742676, 0.9429435729980469, 0.9536290168762207, 0.9586693644523621, 0.9655241966247559, 0.9671370983123779, 0.9725806713104248, 0.9731854796409607, 0.9780241847038269, 0.9770161509513855, 0.9784274101257324, 0.9788306355476379, 0.9828628897666931, 0.9822580814361572, 0.9808467626571655, 0.989112913608551, 0.9907258152961731, 0.9925402998924255, 0.9927419424057007, 0.9923387169837952, 0.9923387169837952, 0.9949596524238586, 0.9941532015800476, 0.9895161390304565, 0.9885080456733704, 0.9893144965171814, 0.9957661032676697, 0.9959677457809448, 0.9989919066429138, 0.999193549156189, 0.9987903237342834, 0.9975806474685669, 0.9983870983123779, 0.9993951320648193, 0.9997983574867249, 0.9979838728904724, 0.9872983694076538, 0.9792338609695435, 0.9923387169837952, 0.9955645203590393, 0.9973790049552917, 0.9987903237342834, 0.9997983574867249, 1.0, 1.0, 1.0, 1.0, 1.0, 1.0, 1.0, 1.0, 1.0, 1.0, 1.0, 1.0, 1.0, 0.9743951559066772, 0.9788306355476379, 0.9887096881866455, 0.9951612949371338, 0.9977822303771973, 0.9987903237342834, 0.9987903237342834, 0.9987903237342834, 0.9983870983123779, 0.9963709712028503, 0.9957661032676697, 0.9949596524238586, 0.9955645203590393, 0.9985886812210083, 0.999193549156189, 0.9997983574867249, 1.0, 1.0, 1.0, 1.0, 1.0, 1.0, 1.0, 1.0, 1.0, 1.0, 1.0, 1.0, 1.0, 1.0, 1.0, 1.0, 1.0, 1.0, 1.0, 1.0, 1.0, 1.0, 1.0, 1.0, 1.0, 0.9868951439857483, 0.9735887050628662], "val_loss": [0.44837522506713867, 0.3961283266544342, 0.37511470913887024, 0.37426307797431946, 0.3968793451786041, 0.43795278668403625, 0.4210813343524933, 0.367052286863327, 0.4816625714302063, 0.45667335391044617, 0.4586012363433838, 0.39370644092559814, 0.41762080788612366, 0.44562575221061707, 0.46887388825416565, 0.4866321086883545, 0.6093254685401917, 0.5395923256874084, 0.5863125920295715, 0.6250615119934082, 0.5366064310073853, 0.5163562893867493, 0.5194557309150696, 0.7724558711051941, 0.6298602223396301, 0.6973996758460999, 0.7632076144218445, 0.5361846089363098, 0.546218991279602, 0.6152459383010864, 0.5780003666877747, 0.5858850479125977, 0.6254374980926514, 0.6743007302284241, 0.647830605506897, 0.6508722901344299, 0.6666233539581299, 0.6606958508491516, 0.48777279257774353, 0.5157580375671387, 0.5876922607421875, 0.5624145269393921, 0.578554093837738, 0.6015088558197021, 0.5828455090522766, 0.5838829874992371, 0.5942766666412354, 0.6045315861701965, 0.609316349029541, 0.6074070334434509, 0.6218422651290894, 0.6300264000892639, 0.6374527215957642, 0.6523221135139465, 0.6500598788261414, 0.6654815077781677, 0.6982756853103638, 0.5687775015830994, 0.5025456547737122, 0.5666736960411072, 0.45233267545700073, 0.4660970866680145, 0.5013735294342041, 0.5312541127204895, 0.5313902497291565, 0.6601651310920715, 0.5072957873344421, 0.4473743140697479, 0.45001092553138733, 0.45255354046821594, 0.4760773181915283, 0.48165661096572876, 0.48235371708869934, 0.4856955111026764, 0.49213236570358276, 0.4957375228404999, 0.5004348158836365, 0.5082409381866455, 0.5107617378234863, 0.5162568688392639, 0.5171205401420593, 0.5240442752838135, 0.5298460125923157, 0.5327823162078857, 0.5366065502166748, 0.5410785675048828, 0.5474168658256531, 0.5531724095344543, 0.5562406182289124, 0.5598946809768677, 0.5628629922866821, 0.5670991539955139, 0.5764755606651306, 0.5791277289390564, 0.5840647220611572, 0.589867889881134, 0.6010294556617737, 0.6033051609992981, 0.6171237826347351, 0.5781275033950806], "val_accuracy": [0.8389112949371338, 0.8647177219390869, 0.8715725541114807, 0.8796371221542358, 0.8701612949371338, 0.8864919543266296, 0.8883064389228821, 0.8877016305923462, 0.8814516067504883, 0.8798387050628662, 0.8699596524238586, 0.8846774101257324, 0.887499988079071, 0.8856855034828186, 0.8927419185638428, 0.8786290287971497, 0.8647177219390869, 0.875806450843811, 0.8645161390304565, 0.866330623626709, 0.8852822780609131, 0.885887086391449, 0.8981854915618896, 0.85161292552948, 0.8701612949371338, 0.8713709712028503, 0.852419376373291, 0.8903225660324097, 0.887499988079071, 0.8810483813285828, 0.8907257914543152, 0.8879032135009766, 0.884475827217102, 0.8774193525314331, 0.8854838609695435, 0.8834677338600159, 0.8774193525314331, 0.8739919066429138, 0.8933467864990234, 0.8872984051704407, 0.8887096643447876, 0.8862903118133545, 0.8921371102333069, 0.8917338848114014, 0.8947580456733704, 0.8965725898742676, 0.8959677219390869, 0.8949596881866455, 0.8959677219390869, 0.8969758152961731, 0.8961693644523621, 0.8963709473609924, 0.8959677219390869, 0.8939515948295593, 0.8943548202514648, 0.893750011920929, 0.8895161151885986, 0.8776209950447083, 0.8860887289047241, 0.8754032254219055, 0.8973790407180786, 0.9006048440933228, 0.897580623626709, 0.8925403356552124, 0.8925403356552124, 0.8705645203590393, 0.8921371102333069, 0.9072580933570862, 0.9068548679351807, 0.9016128778457642, 0.899193525314331, 0.90625, 0.90625, 0.905443549156189, 0.9044354557991028, 0.9040322303771973, 0.9030241966247559, 0.9030241966247559, 0.9030241966247559, 0.9032257795333862, 0.9026209712028503, 0.9024193286895752, 0.9028225541114807, 0.9028225541114807, 0.9020161032676697, 0.9020161032676697, 0.9024193286895752, 0.9014112949371338, 0.9014112949371338, 0.9016128778457642, 0.9014112949371338, 0.9014112949371338, 0.9012096524238586, 0.9004032015800476, 0.8999999761581421, 0.9002016186714172, 0.8993951678276062, 0.9004032015800476, 0.8631048202514648, 0.8731854557991028], "training_time": 188.76755833625793, "output_time": 0.07685635089874268}