{"loss": [1.188170075416565, 0.9689743518829346, 0.8870857954025269, 0.8300250768661499, 0.7895693778991699, 0.7535672187805176, 0.7197796106338501, 0.6919784545898438, 0.6639353632926941, 0.6443573236465454, 0.6251259446144104, 0.6082989573478699, 0.5911940336227417, 0.5740519762039185, 0.5608788132667542, 0.5457679629325867, 0.539324939250946, 0.5254475474357605, 0.517136812210083, 0.5049031376838684, 0.5001041889190674, 0.49027878046035767, 0.4809778928756714, 0.4752514362335205, 0.4676893353462219, 0.458943635225296, 0.45414429903030396, 0.44325754046440125, 0.44046449661254883, 0.4333285093307495, 0.42652857303619385, 0.42194825410842896, 0.4176041781902313, 0.4101201593875885, 0.40655478835105896, 0.4010328948497772, 0.3974282741546631, 0.3922407329082489, 0.38993504643440247, 0.38115954399108887, 0.3773047924041748, 0.3730619251728058, 0.369961678981781, 0.36312559247016907, 0.3609364926815033, 0.3594229817390442, 0.35534176230430603, 0.3494334816932678, 0.346158891916275, 0.34292423725128174, 0.33921775221824646, 0.3356207013130188, 0.3339238166809082, 0.32907459139823914, 0.3279842138290405, 0.32456961274147034, 0.32410863041877747, 0.3194410502910614, 0.31177666783332825, 0.31743839383125305, 0.3107588589191437, 0.30312246084213257, 0.3005650043487549, 0.30225422978401184, 0.2982935309410095, 0.2995852530002594, 0.2938280999660492, 0.2902584373950958, 0.2941555976867676, 0.2885676622390747, 0.28418487310409546, 0.28558260202407837, 0.2806617319583893, 0.28094592690467834, 0.2749098837375641, 0.27297019958496094, 0.2731699049472809, 0.2687695622444153, 0.27673888206481934, 0.2658599615097046, 0.26367121934890747, 0.26321157813072205, 0.2583669126033783, 0.25661471486091614, 0.25255486369132996, 0.25577661395072937, 0.25202807784080505, 0.2502999007701874, 0.24842898547649384, 0.24763303995132446, 0.24593202769756317, 0.24206742644309998, 0.24488241970539093, 0.24788163602352142, 0.23750175535678864, 0.23546142876148224, 0.23848024010658264, 0.23334874212741852, 0.2321881800889969, 0.23055577278137207], "accuracy": [0.49629926681518555, 0.5681136250495911, 0.5935186743736267, 0.6189237833023071, 0.6423284411430359, 0.6689338088035583, 0.6831366419792175, 0.7057411670684814, 0.7241448163986206, 0.7319464087486267, 0.7457491755485535, 0.7507501244544983, 0.762352466583252, 0.7703540921211243, 0.7767553329467773, 0.7827565670013428, 0.78395676612854, 0.7921584248542786, 0.7965593338012695, 0.8005601167678833, 0.8031606078147888, 0.8033607006072998, 0.8105621337890625, 0.8087617754936218, 0.8163632750511169, 0.8197639584541321, 0.8255650997161865, 0.8301660418510437, 0.8323664665222168, 0.8311662077903748, 0.8357671499252319, 0.8361672163009644, 0.8419684171676636, 0.8445689082145691, 0.8437687754631042, 0.8467693328857422, 0.8483696579933167, 0.8487697243690491, 0.851970374584198, 0.8579716086387634, 0.857571542263031, 0.8625724911689758, 0.8621724247932434, 0.8677735328674316, 0.8649730086326599, 0.8649730086326599, 0.8673734664916992, 0.8657731413841248, 0.8729745745658875, 0.871374249458313, 0.8729745745658875, 0.8773754835128784, 0.8767753839492798, 0.8809762001037598, 0.8847769498825073, 0.8789758086204529, 0.8829765915870667, 0.8847769498825073, 0.8863772749900818, 0.8837767839431763, 0.8845769166946411, 0.8921784162521362, 0.8907781839370728, 0.8885776996612549, 0.8947789669036865, 0.8893778920173645, 0.8899779915809631, 0.897379457950592, 0.8897779583930969, 0.8975794911384583, 0.900580108165741, 0.8941788077354431, 0.8989797830581665, 0.8983796834945679, 0.900580108165741, 0.9027805328369141, 0.9011802077293396, 0.9043808579444885, 0.9001800417900085, 0.9081816077232361, 0.9011802077293396, 0.9097819328308105, 0.9087817668914795, 0.9115822911262512, 0.9123824834823608, 0.9081816077232361, 0.9129825830459595, 0.9135827422142029, 0.9145829081535339, 0.912582516670227, 0.9145829081535339, 0.9129825830459595, 0.9099820256233215, 0.9117823839187622, 0.916783332824707, 0.9151830077171326, 0.9159832000732422, 0.9189838171005249, 0.916983425617218, 0.921184241771698], "val_loss": [1.0383654832839966, 0.9448318481445312, 0.9033470749855042, 0.8581881523132324, 0.8373339772224426, 0.8142148852348328, 0.7861855626106262, 0.776371419429779, 0.7574284672737122, 0.7375040054321289, 0.7282518148422241, 0.7295127511024475, 0.7131497859954834, 0.6981667280197144, 0.6915663480758667, 0.6870002746582031, 0.6895760297775269, 0.6755706071853638, 0.6759759187698364, 0.6734367609024048, 0.6733803749084473, 0.6581144332885742, 0.6728217601776123, 0.6666678786277771, 0.6610646843910217, 0.6658594608306885, 0.6538763046264648, 0.6567526459693909, 0.6527901887893677, 0.6502600908279419, 0.6467786431312561, 0.6481242775917053, 0.6419060230255127, 0.6516131162643433, 0.6430714130401611, 0.6540380716323853, 0.6439419984817505, 0.6552957892417908, 0.6414152979850769, 0.6486974954605103, 0.6430342197418213, 0.6419558525085449, 0.6400007009506226, 0.648688018321991, 0.6406262516975403, 0.6563604474067688, 0.6471623778343201, 0.6445704698562622, 0.6704334616661072, 0.640438437461853, 0.6395864486694336, 0.6502817869186401, 0.6398313045501709, 0.6359397172927856, 0.6484149098396301, 0.6460695266723633, 0.6350005865097046, 0.6449863910675049, 0.649899959564209, 0.6492826342582703, 0.6478769183158875, 0.6520620584487915, 0.6547139286994934, 0.6531657576560974, 0.6542171835899353, 0.6506391167640686, 0.6429551839828491, 0.6597714424133301, 0.6453614234924316, 0.6519544720649719, 0.6572422385215759, 0.648206889629364, 0.6493251919746399, 0.6571996808052063, 0.6565099358558655, 0.6544255614280701, 0.65042644739151, 0.6595001816749573, 0.6728144288063049, 0.6580104827880859, 0.6663331985473633, 0.6764816045761108, 0.6703557968139648, 0.669756293296814, 0.6754425764083862, 0.688461184501648, 0.680401086807251, 0.6622375845909119, 0.6773578524589539, 0.6673538684844971, 0.6751473546028137, 0.679943323135376, 0.6868653297424316, 0.6676535606384277, 0.677824854850769, 0.6753567457199097, 0.6885943412780762, 0.6886609792709351, 0.6949722170829773, 0.7149425745010376],