{"loss": [1.1167341470718384, 0.7969476580619812, 0.6976269483566284, 0.5851023197174072, 0.5270988941192627, 0.8500503897666931, 0.6279630661010742, 0.5477471351623535, 0.4276614785194397, 0.41024336218833923, 0.5053470730781555, 0.34613725543022156, 0.36265429854393005, 0.26603198051452637, 0.23099832236766815, 0.1985989212989807, 0.20751340687274933, 0.16914646327495575, 0.17890280485153198, 0.203802689909935, 0.15585602819919586, 0.1699998676776886, 0.19067580997943878, 0.189144104719162, 0.1342095136642456, 0.12672419846057892, 0.3057309687137604, 0.2970970869064331, 0.3115676939487457, 0.15558502078056335, 0.13072288036346436, 0.12541228532791138, 0.11364631354808807, 0.11749663949012756, 0.152319997549057, 0.11832157522439957, 0.10738580673933029, 0.10752435773611069, 0.10060074180364609, 0.6529874801635742, 0.35734960436820984, 0.27523118257522583, 0.2168927788734436, 0.18683911859989166, 0.27500420808792114, 0.18204493820667267, 0.14939242601394653, 0.14090994000434875, 0.2559855282306671, 0.2847301661968231, 0.3405373692512512, 0.2805663049221039, 0.16169720888137817, 0.13889984786510468, 0.12886817753314972, 0.2866244912147522, 0.1460184007883072, 0.12098976969718933, 0.11164036393165588, 0.10688447952270508, 0.11304796487092972, 0.10572688281536102, 0.12075044214725494, 0.11905305832624435, 0.5770316123962402, 0.20016193389892578, 0.4706021845340729, 0.7310131788253784, 0.36533108353614807, 0.2165387123823166, 0.15879158675670624, 0.1392013132572174, 0.12719868123531342, 0.11454006284475327, 0.10808748006820679, 0.10550546646118164, 0.10528834164142609, 0.1362486332654953, 0.11763957887887955, 0.09644339233636856, 0.11271224170923233, 0.09486858546733856, 0.08644349873065948, 0.1592322140932083, 0.08966201543807983, 0.0858134999871254, 0.08554233610630035, 0.11020287871360779, 0.0850788950920105, 0.13933156430721283, 0.10533425211906433, 0.14803144335746765, 0.19610613584518433, 0.2832005023956299, 0.09218654781579971, 0.08302533626556396, 0.07774797827005386, 0.0750613585114479, 0.07181991636753082, 0.08398258686065674], "accuracy": [0.5260080695152283, 0.688306450843811, 0.7350806593894958, 0.788306474685669, 0.8167338967323303, 0.6614919304847717, 0.7568548321723938, 0.7872983813285828, 0.8427419066429138, 0.8566532135009766, 0.8066532015800476, 0.8816532492637634, 0.8721774220466614, 0.9159274101257324, 0.9229838848114014, 0.9360886812210083, 0.9332661032676697, 0.94536292552948, 0.9419354796409607, 0.9318548440933228, 0.9524193406105042, 0.9457661509513855, 0.9379032254219055, 0.9330645203590393, 0.957862913608551, 0.9568548202514648, 0.9131048321723938, 0.8995967507362366, 0.8961693644523621, 0.9473790526390076, 0.9584677219390869, 0.9590725898742676, 0.9649193286895752, 0.9633064270019531, 0.9510080814361572, 0.9631048440933228, 0.9641128778457642, 0.9643145203590393, 0.9637096524238586, 0.7679435610771179, 0.8637096881866455, 0.9020161032676697, 0.9254032373428345, 0.9372983574867249, 0.905443549156189, 0.9375, 0.9510080814361572, 0.9536290168762207, 0.9205645322799683, 0.9050403237342834, 0.9052419066429138, 0.9050403237342834, 0.9457661509513855, 0.9526209831237793, 0.956250011920929, 0.9044354557991028, 0.9512096643447876, 0.9584677219390869, 0.9629032015800476, 0.9645161032676697, 0.9614919424057007, 0.9649193286895752, 0.959274172782898, 0.961693525314331, 0.8306451439857483, 0.9330645203590393, 0.8780242204666138, 0.7453628778457642, 0.8620967864990234, 0.9243951439857483, 0.944556474685669, 0.9516128897666931, 0.9558467864990234, 0.9604838490486145, 0.9639112949371338, 0.9659274220466614, 0.9665322303771973, 0.9542338848114014, 0.96088707447052, 0.9655241966247559, 0.9633064270019531, 0.967943549156189, 0.969556450843811, 0.9493951797485352, 0.9717742204666138, 0.9735887050628662, 0.9709677696228027, 0.9622983932495117, 0.9717742204666138, 0.9576612710952759, 0.9637096524238586, 0.9497984051704407, 0.9387096762657166, 0.9026209712028503, 0.969556450843811, 0.9731854796409607, 0.9739919304847717, 0.9733871221542358, 0.9780241847038269, 0.9715725779533386], "val_loss": [0.9536373019218445, 0.806723415851593, 0.7771316766738892, 0.813622772693634, 1.6284255981445312, 0.8665318489074707, 0.7670790553092957, 0.663586437702179, 0.6616626977920532, 0.8265514969825745, 0.6281739473342896, 0.608778178691864, 0.6635284423828125, 0.6355069279670715, 0.6377748847007751, 0.6667079925537109, 0.6646381616592407, 0.6809767484664917, 0.7320091724395752, 0.6619787812232971, 0.671718955039978, 0.7214147448539734, 0.7833589911460876, 0.7019230723381042, 0.7341505885124207, 0.7375319600105286, 1.0712414979934692, 0.8368208408355713, 0.6663174033164978, 0.6341305375099182, 0.6672077775001526, 0.6758238077163696, 0.75837641954422, 0.7183582186698914, 0.7778336405754089, 0.6922726631164551, 0.7723785638809204, 0.6677728891372681, 0.7329221367835999, 0.756593644618988, 0.7959286570549011, 0.7055514454841614, 0.7367437481880188, 0.7315717339515686, 0.5865739583969116, 0.5729348659515381, 0.5698331594467163, 0.571537971496582, 1.3035385608673096, 0.5621857047080994, 1.1241055727005005, 0.5954884886741638, 0.5731557607650757, 0.6140510439872742, 0.5930557250976562, 0.5202915072441101, 0.5689474940299988, 0.5936803817749023, 0.5999805927276611, 0.6413383483886719, 0.6300504803657532, 0.6386675238609314, 0.5948297381401062, 2.2549996376037598, 0.7393990755081177, 0.6746824979782104, 1.8458173274993896, 0.8300302028656006, 0.7160218358039856, 0.6168885231018066, 0.6217178702354431, 0.6385324597358704, 0.637761116027832, 0.6659759283065796, 0.6655039191246033, 0.6658688187599182, 0.7394315004348755, 0.6020803451538086, 0.5801059603691101, 0.617041826248169, 0.5462923049926758, 0.616338312625885, 0.6542643904685974, 0.5896016955375671, 0.5901442170143127, 0.6157548427581787, 0.7424411177635193, 0.600230872631073, 0.6013556718826294, 0.761302649974823, 0.6604344248771667, 0.6303277015686035, 1.9174308776855469, 0.5720416903495789, 0.5602171421051025, 0.56220543384552, 0.5723018646240234, 0.5992627739906311, 0.5452082753181458, 0.5950732827186584],