{"loss": [0.7167277932167053, 0.3387061655521393, 0.20476914942264557, 0.1486363559961319, 0.1116701140999794, 0.09728433936834335, 0.08835206925868988, 0.07787232846021652, 0.06489782780408859, 0.06767143309116364, 0.05923457071185112, 0.04865778237581253, 0.052256714552640915, 0.04087679460644722, 0.036674145609140396, 0.06260351091623306, 0.03495446965098381, 0.02982167899608612, 0.023864375427365303, 0.019990257918834686, 0.04416314885020256, 0.02250540629029274, 0.014368205331265926, 0.009779089130461216, 0.011864966712892056, 0.01911807619035244, 0.03589891269803047, 0.016482165083289146, 0.012503363192081451, 0.005458890926092863, 0.008835267275571823, 0.006188598461449146, 0.006493592634797096, 0.021972142159938812, 0.00837600789964199, 0.005461400840431452, 0.00953872874379158, 0.012861770577728748, 0.040077805519104004, 0.030980410054326057, 0.012047630734741688, 0.00384134310297668, 0.0019333352101966739, 0.000628441630396992, 0.0005228340160101652, 0.00044001039350405335, 0.0003850335197057575, 0.00033539411379024386, 0.00030036535463295877, 0.0002670982794370502, 0.00024009787011891603, 0.00021633344294968992, 0.00019601277017500252, 0.00017704903439152986, 0.00016088045958895236, 0.00014489443856291473, 0.0001330600498476997, 0.00012164266809122637, 0.00011071530025219545, 0.00010062941873911768, 9.249990398529917e-05, 8.403210085816681e-05, 7.724578608758748e-05, 7.099160575307906e-05, 6.486262282123789e-05, 5.964124284218997e-05, 5.460917600430548e-05, 5.004216291126795e-05, 4.57225542049855e-05, 4.228824400343001e-05, 3.845895116683096e-05, 3.54334079020191e-05, 3.267814827268012e-05, 2.9785716833430342e-05, 2.736177521001082e-05, 2.518533801776357e-05, 2.3133863578550518e-05, 2.1340352759580128e-05, 1.949524630617816e-05, 1.7946424122783355e-05, 1.6376778148696758e-05, 1.5163309399213176e-05, 1.3957484043203294e-05, 1.274686110264156e-05, 1.1751499187084846e-05, 1.0781664968817495e-05, 9.931646673067007e-06, 9.141829650616273e-06, 8.338969564647414e-06, 7.662657480977941e-06, 7.047686722216895e-06, 6.446535280701937e-06, 5.953837899141945e-06, 5.494935521710431e-06, 5.057750968262553e-06, 4.633163371181581e-06, 4.270438239473151e-06, 3.886693775712047e-06, 3.569663476810092e-06, 3.2741324957896722e-06], "accuracy": [0.7113339900970459, 0.8774322867393494, 0.9251755475997925, 0.9450350999832153, 0.9602808356285095, 0.9650952816009521, 0.9683049321174622, 0.970912754535675, 0.9757272005081177, 0.9745235443115234, 0.9753260016441345, 0.9815446138381958, 0.9821464419364929, 0.9855566620826721, 0.9873620867729187, 0.9777331948280334, 0.988164484500885, 0.9885656833648682, 0.9917753338813782, 0.9925777316093445, 0.9871614575386047, 0.9929789304733276, 0.9955867528915405, 0.9975928068161011, 0.9963891506195068, 0.9941825270652771, 0.9869608879089355, 0.9953861832618713, 0.9947843551635742, 0.9989969730377197, 0.9975928068161011, 0.9985957741737366, 0.9981945753097534, 0.9943831562995911, 0.9981945753097534, 0.9985957741737366, 0.9975928068161011, 0.9959879517555237, 0.9861584901809692, 0.988365113735199, 0.9959879517555237, 0.9989969730377197, 0.9995988011360168, 1.0, 1.0, 1.0, 1.0, 1.0, 1.0, 1.0, 1.0, 1.0, 1.0, 1.0, 1.0, 1.0, 1.0, 1.0, 1.0, 1.0, 1.0, 1.0, 1.0, 1.0, 1.0, 1.0, 1.0, 1.0, 1.0, 1.0, 1.0, 1.0, 1.0, 1.0, 1.0, 1.0, 1.0, 1.0, 1.0, 1.0, 1.0, 1.0, 1.0, 1.0, 1.0, 1.0, 1.0, 1.0, 1.0, 1.0, 1.0, 1.0, 1.0, 1.0, 1.0, 1.0, 1.0, 1.0, 1.0, 1.0], "val_loss": [0.57939213514328, 0.46426427364349365, 0.5000662803649902, 0.4467528462409973, 0.39765363931655884, 0.39369913935661316, 0.4164360761642456, 0.4142124056816101, 0.44441699981689453, 0.4287911653518677, 0.42914289236068726, 0.4705233871936798, 0.4117409884929657, 0.436468243598938, 0.5017330050468445, 0.4311339259147644, 0.4710712134838104, 0.45696204900741577, 0.5051056742668152, 0.5299055576324463, 0.5382375717163086, 0.5470698475837708, 0.5080423951148987, 0.5505920648574829, 0.5360115170478821, 0.5437592267990112, 0.48493871092796326, 0.4973468780517578, 0.48418641090393066, 0.4902473986148834, 0.5044798254966736, 0.5213149785995483, 0.5489442944526672, 0.4740857481956482, 0.5045151114463806, 0.5455307960510254, 0.6116405129432678, 0.5525774955749512, 0.5007352232933044, 0.5454654693603516, 0.5479326248168945, 0.5183190107345581, 0.5227675437927246, 0.5363870859146118, 0.5445539951324463, 0.5534626841545105, 0.5590277314186096, 0.5685096979141235, 0.5752516984939575, 0.582265317440033, 0.5886448621749878, 0.5947994589805603, 0.602000892162323, 0.6077910661697388, 0.6151263117790222, 0.6212583780288696, 0.6283233761787415, 0.6333605051040649, 0.6377721428871155, 0.6462146639823914, 0.6514368057250977, 0.6572248339653015, 0.6652171611785889, 0.669377326965332, 0.6747905611991882, 0.6795763969421387, 0.6871187686920166, 0.6930678486824036, 0.6989620327949524, 0.705665111541748, 0.710318386554718, 0.7153656482696533, 0.7222966551780701, 0.7290228009223938, 0.7339184284210205, 0.7388438582420349, 0.7434588074684143, 0.7493081092834473, 0.7556203007698059, 0.7627596259117126, 0.7656946182250977, 0.7747511267662048, 0.7793891429901123, 0.7873703241348267, 0.7925522327423096, 0.7973676919937134, 0.802274227142334, 0.8082666397094727, 0.8166210651397705, 0.8236274123191833, 0.8290473222732544, 0.836042582988739, 0.8404356837272644, 0.8466611504554749, 0.8535345196723938, 0.8566610813140869, 0.8675748109817505, 0.8745712637901306, 0.8807175159454346, 0.8846281170845032], "val_accuracy": [0.7773320078849792, 0.8377131223678589, 0.838114321231842, 0.849949836730957, 0.8752256631851196, 0.8804413080215454, 0.8788365125656128, 0.885456383228302, 0.8752256631851196, 0.8820461630821228, 0.8772317171096802, 0.8732196688652039, 0.8900701999664307, 0.8860581517219543, 0.8748244643211365, 0.8832497596740723, 0.8826479315757751, 0.8870611786842346, 0.8834503293037415, 0.8766298890113831, 0.8702106475830078, 0.876830518245697, 0.8866599798202515, 0.8860581517219543, 0.8802407383918762, 0.8862587809562683, 0.8930792212486267, 0.8916749954223633, 0.8914744257926941, 0.8996990919113159, 0.8924774527549744, 0.8960882425308228, 0.8946840763092041, 0.9001002907752991, 0.8984954953193665, 0.8962888717651367, 0.8804413080215454, 0.8870611786842346, 0.8900701999664307, 0.8806419372558594, 0.8888666033744812, 0.8990972638130188, 0.8986960649490356, 0.897291898727417, 0.8974924683570862, 0.8968906998634338, 0.897291898727417, 0.8974924683570862, 0.897291898727417, 0.897091269493103, 0.8962888717651367, 0.8966900706291199, 0.8966900706291199, 0.8966900706291199, 0.8958876729011536, 0.8960882425308228, 0.8948846459388733, 0.8948846459388733, 0.8952858448028564, 0.8946840763092041, 0.8932798504829407, 0.894282877445221, 0.8930792212486267, 0.8932798504829407, 0.8930792212486267, 0.8928786516189575, 0.8928786516189575, 0.8920762538909912, 0.890872597694397, 0.8906720280647278, 0.8904713988304138, 0.8912737965583801, 0.8904713988304138, 0.8894684314727783, 0.8904713988304138, 0.8896690011024475, 0.8904713988304138, 0.8898696303367615, 0.8896690011024475, 0.8892678022384644, 0.8886659741401672, 0.8878635764122009, 0.8876630067825317, 0.8876630067825317, 0.8876630067825317, 0.8876630067825317, 0.8874623775482178, 0.8874623775482178, 0.8866599798202515, 0.8868606090545654, 0.8864593505859375, 0.8862587809562683, 0.8860581517219543, 0.885255753993988, 0.885255753993988, 0.8856569528579712, 0.8856569528579712, 0.8862587809562683, 0.885456383228302, 0.8862587809562683], "training_time": 162.3987967967987, "output_time": 0.08045096397399902}