{"loss": [1.4585421085357666, 1.2679951190948486, 1.1631523370742798, 1.096192717552185, 1.05318021774292, 1.0223040580749512, 0.9978130459785461, 0.9811971187591553, 0.9644841551780701, 0.9534808993339539, 0.9413765668869019, 0.9291257262229919, 0.9181846976280212, 0.9100873470306396, 0.8988558053970337, 0.8910454511642456, 0.8825947046279907, 0.8748247027397156, 0.8671776056289673, 0.8603900671005249, 0.8542186617851257, 0.8503190875053406, 0.8434819579124451, 0.8392970561981201, 0.8326046466827393, 0.8302231431007385, 0.8248158693313599, 0.8241435885429382, 0.8162168264389038, 0.8176130056381226, 0.8112971782684326, 0.8081456422805786, 0.8049972653388977, 0.8055183291435242, 0.7999410033226013, 0.7965242266654968, 0.7939344048500061, 0.7930657863616943, 0.7929986119270325, 0.7898456454277039, 0.7887195944786072, 0.7843855023384094, 0.7843312621116638, 0.7789008617401123, 0.7804899215698242, 0.7765989899635315, 0.7769127488136292, 0.7722047567367554, 0.771091878414154, 0.7685726284980774, 0.7655856013298035, 0.7647294402122498, 0.76385897397995, 0.7614647746086121, 0.7621695399284363, 0.759468674659729, 0.7570287585258484, 0.7574682235717773, 0.7561521530151367, 0.7517573833465576, 0.7526844143867493, 0.7486570477485657, 0.749157726764679, 0.7484976649284363, 0.7474979162216187, 0.7488401532173157, 0.7435954809188843, 0.7423589825630188, 0.7411690950393677, 0.7429538369178772, 0.7416511178016663, 0.7394046187400818, 0.7381238341331482, 0.737524688243866, 0.7384399175643921, 0.7331387400627136, 0.733364462852478, 0.7335118651390076, 0.7333517074584961, 0.7352158427238464, 0.7305470108985901, 0.7339383959770203, 0.7278038859367371, 0.7258769273757935, 0.7247787714004517, 0.7231065034866333, 0.7232910394668579, 0.7235057353973389, 0.724753737449646, 0.7216551303863525, 0.7199755311012268, 0.720725953578949, 0.7209421396255493, 0.7172978520393372, 0.7171308994293213, 0.7158523201942444, 0.7168523073196411, 0.7141995429992676, 0.715735912322998, 0.712555468082428], "accuracy": [0.3990394175052643, 0.4926956295967102, 0.5169101357460022, 0.5279167294502258, 0.5385231375694275, 0.5557334423065186, 0.5621373057365417, 0.5679407715797424, 0.5729437470436096, 0.5781468749046326, 0.5901541113853455, 0.5911546945571899, 0.5987592339515686, 0.6037622690200806, 0.6059635877609253, 0.6179707646369934, 0.6201720833778381, 0.6235741376876831, 0.6269761919975281, 0.6281769275665283, 0.6293776035308838, 0.6331799030303955, 0.637582540512085, 0.637582540512085, 0.6463878154754639, 0.6405843496322632, 0.6471883058547974, 0.6491895318031311, 0.6541925072669983, 0.6475885510444641, 0.6553932428359985, 0.6559935808181763, 0.6527916789054871, 0.6525915265083313, 0.6569942235946655, 0.6593956351280212, 0.65799480676651, 0.65799480676651, 0.661396861076355, 0.6637982726097107, 0.6668000817298889, 0.6688013076782227, 0.6645987629890442, 0.6728036999702454, 0.6718030571937561, 0.6726035475730896, 0.6754052639007568, 0.6726035475730896, 0.6744046211242676, 0.6764058470726013, 0.680408239364624, 0.682009220123291, 0.683810293674469, 0.6794076561927795, 0.6784070730209351, 0.6828097105026245, 0.6798079013824463, 0.6812087297439575, 0.6832099556922913, 0.6850110292434692, 0.683810293674469, 0.6844106316566467, 0.6824094653129578, 0.687412440776825, 0.68401038646698, 0.682209312915802, 0.6860116124153137, 0.6878126859664917, 0.6888132691383362, 0.6860116124153137, 0.6908144950866699, 0.6894136667251587, 0.6912147402763367, 0.6876125931739807, 0.6916149854660034, 0.6946167945861816, 0.6928156614303589, 0.6920152306556702, 0.6928156614303589, 0.6918150782585144, 0.6942165493965149, 0.6904142498970032, 0.6950170397758484, 0.6974184513092041, 0.6942165493965149, 0.6984190344810486, 0.6960176229476929, 0.6982189416885376, 0.6984190344810486, 0.6994196772575378, 0.6954172253608704, 0.7016209959983826, 0.7000200152397156, 0.6990194320678711, 0.7008205056190491, 0.7004202604293823, 0.7020212411880493, 0.7070242166519165, 0.7024214267730713, 0.7064238786697388], "val_loss": [1.3449430465698242, 1.2221606969833374, 1.1385111808776855, 1.0858243703842163, 1.0537402629852295, 1.0298336744308472, 1.014752745628357, 0.9953994750976562, 0.9885051250457764, 0.9799364805221558, 0.970930814743042, 0.9675501585006714, 0.958513081073761, 0.9484506249427795, 0.9507300853729248, 0.9485206007957458, 0.9384265542030334, 0.9343647360801697, 0.9259634017944336, 0.9240341782569885, 0.9221624732017517, 0.9142535328865051, 0.9139001965522766, 0.908701479434967, 0.9128044247627258, 0.9081110954284668, 0.9128637313842773, 0.9042251706123352, 0.900999903678894, 0.9008047580718994, 0.8965372443199158, 0.907157301902771, 0.8980193734169006, 0.8865749835968018, 0.8883473873138428, 0.8859981298446655, 0.8877880573272705, 0.8848113417625427, 0.8884645104408264, 0.8928151726722717, 0.887197732925415, 0.8821211457252502, 0.8836886286735535, 0.8817002177238464, 0.8771079778671265, 0.8808526396751404, 0.878608226776123, 0.8661689162254333, 0.884261429309845, 0.8692940473556519, 0.8711689114570618, 0.8654463887214661, 0.8701416850090027, 0.8656414747238159, 0.8623629212379456, 0.8647090792655945, 0.8634465932846069, 0.8649678826332092, 0.8664378523826599, 0.854704737663269, 0.8559380769729614, 0.8565804362297058, 0.8690513372421265, 0.8524603843688965, 0.8576026558876038, 0.8524516224861145, 0.8582465648651123, 0.8524525761604309, 0.8536603450775146, 0.8572006225585938, 0.853082537651062, 0.8536528944969177, 0.8514938354492188, 0.8651521801948547, 0.8462957739830017, 0.8465251922607422, 0.8480077385902405, 0.8525703549385071, 0.8492758870124817, 0.8481630086898804, 0.8692570328712463, 0.8454718589782715, 0.853460431098938, 0.8513354063034058, 0.8539739847183228, 0.8444545269012451, 0.852319598197937, 0.84632807970047, 0.8431312441825867, 0.8577919006347656, 0.8469081521034241, 0.8498052954673767, 0.8658010363578796, 0.8389186859130859, 0.8380909562110901, 0.872800350189209, 0.8419535160064697, 0.8488283157348633, 0.8564353585243225, 0.8421456217765808], "val_accuracy": [0.4636782109737396, 0.4952971637248993, 0.512107253074646, 0.532719612121582, 0.5317190289497375, 0.5455273389816284, 0.5367220044136047, 0.5467280149459839, 0.5581348538398743, 0.5651390552520752, 0.5613368153572083, 0.5685411095619202, 0.5697418451309204, 0.580748438835144, 0.5809485912322998, 0.5757454633712769, 0.5883530378341675, 0.5919551849365234, 0.5925555229187012, 0.5985591411590576, 0.5995597243309021, 0.6039623618125916, 0.606563925743103, 0.606563925743103, 0.6055633425712585, 0.6051630973815918, 0.6079647541046143, 0.6129677891731262, 0.6203722357749939, 0.6219731569290161, 0.6175705194473267, 0.6161696910858154, 0.6205723285675049, 0.6237742900848389, 0.6281769275665283, 0.6271762847900391, 0.6269761919975281, 0.6247748732566833, 0.6267760396003723, 0.6273764371871948, 0.6295777559280396, 0.6329798102378845, 0.628977358341217, 0.6317790746688843, 0.6367820501327515, 0.6345807313919067, 0.6367820501327515, 0.6429858207702637, 0.6325795650482178, 0.6405843496322632, 0.6379827857017517, 0.6443866491317749, 0.6455873250961304, 0.6415849328041077, 0.6487892866134644, 0.6497898697853088, 0.6365819573402405, 0.6431859135627747, 0.6507904529571533, 0.654392659664154, 0.6513908505439758, 0.6531919240951538, 0.6415849328041077, 0.6523914337158203, 0.6517910957336426, 0.6503902077674866, 0.6541925072669983, 0.6535921692848206, 0.654392659664154, 0.6527916789054871, 0.6575945615768433, 0.654592752456665, 0.6595957279205322, 0.6511906981468201, 0.6573944091796875, 0.659795880317688, 0.6627976894378662, 0.656393826007843, 0.6565939784049988, 0.659995973110199, 0.6463878154754639, 0.6589953899383545, 0.654592752456665, 0.6539924144744873, 0.656393826007843, 0.6637982726097107, 0.654392659664154, 0.6653992533683777, 0.6605963706970215, 0.6525915265083313, 0.6621972918510437, 0.656193733215332, 0.6507904529571533, 0.6655993461608887, 0.6651991009712219, 0.6501901149749756, 0.6625975370407104, 0.663197934627533, 0.6557934880256653, 0.6605963706970215],