{"loss": [1.4556366205215454, 1.2373875379562378, 1.14727783203125, 1.0946048498153687, 1.0516891479492188, 1.017150640487671, 0.9904589056968689, 0.9672764539718628, 0.9506073594093323, 0.9354445338249207, 0.92377769947052, 0.9101620316505432, 0.9035794138908386, 0.8924028873443604, 0.8803877234458923, 0.8752391934394836, 0.8658197522163391, 0.859304666519165, 0.8475370407104492, 0.8437936902046204, 0.8399897813796997, 0.8307772874832153, 0.8248149752616882, 0.8157303929328918, 0.8084267377853394, 0.8052251935005188, 0.7947564125061035, 0.7883812189102173, 0.7871765494346619, 0.7763376832008362, 0.7689394354820251, 0.7653013467788696, 0.754701554775238, 0.7553544640541077, 0.7479713559150696, 0.7378724813461304, 0.7359650135040283, 0.7291978001594543, 0.7233075499534607, 0.7185967564582825, 0.7114875912666321, 0.7159553170204163, 0.708636462688446, 0.7132853865623474, 0.7061333060264587, 0.6953094005584717, 0.6956632137298584, 0.6998340487480164, 0.6937175393104553, 0.692294716835022, 0.6963522434234619, 0.6835522651672363, 0.6880171895027161, 0.680635392665863, 0.6769803762435913, 0.6752614378929138, 0.6748299598693848, 0.6947029232978821, 0.669360876083374, 0.6658950448036194, 0.6708915829658508, 0.6586044430732727, 0.6668945550918579, 0.657760739326477, 0.6568285226821899, 0.6549215316772461, 0.6469911336898804, 0.650109589099884, 0.6447513699531555, 0.6643699407577515, 0.6751390099525452, 0.6435059309005737, 0.6384612321853638, 0.6347693204879761, 0.6516584753990173, 0.6379553079605103, 0.6491451263427734, 0.6308554410934448, 0.6319049596786499, 0.6308222413063049, 0.6326134204864502, 0.6471819281578064, 0.6447461247444153, 0.6278504729270935, 0.6234398484230042, 0.6543200612068176, 0.6363458037376404, 0.6312680244445801, 0.6408264636993408, 0.6209627389907837, 0.649904191493988, 0.626079797744751, 0.6264210939407349, 0.643464982509613, 0.6363968849182129, 0.6301791667938232, 0.6230457425117493, 0.617274284362793, 0.6169137954711914, 0.6175575852394104], "accuracy": [0.38756269216537476, 0.5043129324913025, 0.5348044037818909, 0.5500501394271851, 0.5566700100898743, 0.5723169445991516, 0.5781344175338745, 0.5925777554512024, 0.5981945991516113, 0.6076228618621826, 0.6078234910964966, 0.6162487268447876, 0.6210631728172302, 0.626278817653656, 0.6316950917243958, 0.6371113061904907, 0.6377131342887878, 0.6419257521629333, 0.6509528756141663, 0.6505516767501831, 0.6515546441078186, 0.6577733159065247, 0.6549649238586426, 0.664794385433197, 0.6657974123954773, 0.6722166538238525, 0.6718154549598694, 0.6798394918441772, 0.6754263043403625, 0.6832497715950012, 0.6844533681869507, 0.6904714107513428, 0.6906720399856567, 0.6858575940132141, 0.6986960768699646, 0.700300931930542, 0.6958876848220825, 0.7005015015602112, 0.7041123509407043, 0.7065195441246033, 0.7085255980491638, 0.7085255980491638, 0.7171514630317688, 0.7115346193313599, 0.7157472372055054, 0.7213640809059143, 0.7193580865859985, 0.7191574573516846, 0.7219659090042114, 0.7183550596237183, 0.7169508337974548, 0.7209628820419312, 0.7249749302864075, 0.7251754999160767, 0.7289869785308838, 0.7283851504325867, 0.7295887470245361, 0.7223671078681946, 0.7338014245033264, 0.7311936020851135, 0.7336007952690125, 0.7370110154151917, 0.7336007952690125, 0.7368104457855225, 0.7376128435134888, 0.7448344826698303, 0.7400200366973877, 0.7382146716117859, 0.7466399073600769, 0.7402206659317017, 0.7305917739868164, 0.7422266602516174, 0.7446339130401611, 0.747241735458374, 0.7416248917579651, 0.7464393377304077, 0.7454363107681274, 0.7508525848388672, 0.7474423050880432, 0.7478435039520264, 0.7456369400024414, 0.7404212355613708, 0.7452356815338135, 0.7498495578765869, 0.7486459612846375, 0.7382146716117859, 0.7502507567405701, 0.749648928642273, 0.7392176389694214, 0.7490471601486206, 0.7478435039520264, 0.7482447624206543, 0.7456369400024414, 0.7398194670677185, 0.7424272894859314, 0.7460381388664246, 0.7482447624206543, 0.7510531544685364, 0.7518555521965027, 0.7482447624206543], "val_loss": [1.3282147645950317, 1.1942481994628906, 1.1314688920974731, 1.0828986167907715, 1.052455186843872, 1.022813081741333, 1.005082368850708, 0.9930374026298523, 0.9733873605728149, 0.9606819748878479, 0.9582460522651672, 0.9495896697044373, 0.9326781034469604, 0.9244883060455322, 0.928446888923645, 0.9169473052024841, 0.9094563126564026, 0.9100269675254822, 0.8986421227455139, 0.9034098386764526, 0.8898147344589233, 0.8876197934150696, 0.8824875950813293, 0.8851134181022644, 0.891226589679718, 0.8811172842979431, 0.8722653388977051, 0.8838700652122498, 0.8971573710441589, 0.8886723518371582, 0.8835561275482178, 0.9073439240455627, 0.8783727288246155, 0.875356137752533, 0.8847662210464478, 0.8842612504959106, 0.8780177235603333, 0.8794577121734619, 0.8647941946983337, 0.8706540465354919, 0.8982710838317871, 0.8807220458984375, 0.9226542115211487, 0.9749327301979065, 0.8729410171508789, 0.8767130374908447, 0.8784990906715393, 0.871731698513031, 0.866561770439148, 0.9623140692710876, 0.8823133707046509, 0.8612157702445984, 0.860284686088562, 0.8609033226966858, 0.8659371733665466, 0.868989884853363, 0.893290638923645, 0.8640328049659729, 0.8724181056022644, 0.8597215414047241, 0.8624792098999023, 0.9216158986091614, 0.8850929737091064, 0.8640235066413879, 0.8739249110221863, 0.8720133900642395, 0.8585281372070312, 0.8817139863967896, 0.8595961928367615, 0.9143955111503601, 0.8860006928443909, 0.876503050327301, 0.8837739825248718, 0.8654347658157349, 0.866218090057373, 0.8847283124923706, 0.8581308126449585, 0.8736063838005066, 0.8619903922080994, 0.8989745378494263, 0.9022566676139832, 0.8622104525566101, 0.926490306854248, 0.8749316334724426, 0.8605947494506836, 0.8650282621383667, 0.9163023233413696, 0.9563924074172974, 0.8641305565834045, 0.8627430200576782, 0.9026572108268738, 0.8581612706184387, 0.895313560962677, 0.8586964011192322, 0.8592472672462463, 0.9064639210700989, 0.8669863939285278, 0.8543534874916077, 0.9219090938568115, 0.8504943251609802], "val_accuracy": [0.4706118404865265, 0.5133399963378906, 0.532196581363678, 0.555867612361908, 0.5662989020347595, 0.5717151165008545, 0.5839518308639526, 0.5921765565872192, 0.5993981957435608, 0.6010029911994934, 0.5989969968795776, 0.617853581905365, 0.617652952671051, 0.6238716244697571, 0.6164493560791016, 0.6222668290138245, 0.6324974894523621, 0.6300902962684631, 0.6359077095985413, 0.632698118686676, 0.6427282094955444, 0.6401203870773315, 0.641323983669281, 0.6431294083595276, 0.649749219417572, 0.6357071399688721, 0.6483450531959534, 0.6475426554679871, 0.6433299779891968, 0.6511534452438354, 0.6461384296417236, 0.6403209567070007, 0.6431294083595276, 0.652958869934082, 0.6501504778862, 0.6483450531959534, 0.6535606980323792, 0.6469408273696899, 0.6613841652870178, 0.6631895899772644, 0.652958869934082, 0.664794385433197, 0.6397191286087036, 0.6186559796333313, 0.6625877618789673, 0.664794385433197, 0.6651955842971802, 0.6613841652870178, 0.6605817675590515, 0.6130391359329224, 0.6575727462768555, 0.664794385433197, 0.6686058044433594, 0.664794385433197, 0.6651955842971802, 0.6678034067153931, 0.6623871326446533, 0.6682046055793762, 0.6607823371887207, 0.6694082021713257, 0.6651955842971802, 0.6557673215866089, 0.6569709181785583, 0.6688064336776733, 0.6659979820251465, 0.6668003797531128, 0.6692076325416565, 0.6670010089874268, 0.6726178526878357, 0.6575727462768555, 0.6589769124984741, 0.664794385433197, 0.6645937561988831, 0.6706118583679199, 0.6694082021713257, 0.6623871326446533, 0.6748244762420654, 0.6682046055793762, 0.6780341267585754, 0.664794385433197, 0.6627883911132812, 0.6762287020683289, 0.6501504778862, 0.6714142560958862, 0.6810431480407715, 0.682046115398407, 0.6637913584709167, 0.6455366015434265, 0.6758275032043457, 0.6846539378166199, 0.653159499168396, 0.6816449165344238, 0.6714142560958862, 0.6858575940132141, 0.6744232773780823, 0.6623871326446533, 0.6802407503128052, 0.6810431480407715, 0.6393179297447205, 0.6830491423606873],