{"loss": [0.9336675405502319, 0.582976758480072, 0.42228299379348755, 0.3093189597129822, 0.23362648487091064, 0.19104990363121033, 0.1650441735982895, 0.14047592878341675, 0.1271887719631195, 0.11790882796049118, 0.10521936416625977, 0.09145934134721756, 0.0918121486902237, 0.07520829141139984, 0.07402727007865906, 0.06866135448217392, 0.060149699449539185, 0.05156303197145462, 0.05336668714880943, 0.053316980600357056, 0.0508137010037899, 0.03811762481927872, 0.047004226595163345, 0.0469328910112381, 0.0321594774723053, 0.03451592102646828, 0.026494042947888374, 0.02728218585252762, 0.026510216295719147, 0.02819121815264225, 0.029791608452796936, 0.023611152544617653, 0.016378965228796005, 0.016123969107866287, 0.017697658389806747, 0.04962069168686867, 0.02341102808713913, 0.017389079555869102, 0.02455245330929756, 0.018308917060494423, 0.011967826634645462, 0.014639871194958687, 0.010318974032998085, 0.008110210299491882, 0.010849078185856342, 0.03672458231449127, 0.01794222742319107, 0.01229780912399292, 0.007265274412930012, 0.005485939793288708, 0.003920526243746281, 0.0035563665442168713, 0.019212858751416206, 0.030301019549369812, 0.028236452490091324, 0.008172581903636456, 0.0042065465822815895, 0.0033986654598265886, 0.002640074584633112, 0.0023568817414343357, 0.002065327949821949, 0.0020240808371454477, 0.0018962206086143851, 0.001549444510601461, 0.0015927645144984126, 0.0018752109026536345, 0.004449500702321529, 0.07565543055534363, 0.021836671978235245, 0.005430308170616627, 0.002691505942493677, 0.002107505686581135, 0.0018202768405899405, 0.0016596383647993207, 0.001373499515466392, 0.0012229504063725471, 0.001185734523460269, 0.0010841931216418743, 0.0009550973773002625, 0.0009085266501642764, 0.0007922389777377248, 0.0008689018432050943, 0.0006602781941182911, 0.0006370347109623253, 0.0005559708806686103, 0.0005774291348643601, 0.0004916691104881465, 0.00043351296335458755, 0.0004373666597530246, 0.0004005887603852898, 0.0004638186364900321, 0.0003628330014180392, 0.00030419431277550757, 0.0002876772196032107, 0.10182885825634003, 0.03040851652622223, 0.010855385102331638, 0.009314913302659988, 0.005111738573759794, 0.0017528953030705452], "accuracy": [0.6142284274101257, 0.7739478945732117, 0.8440881967544556, 0.8973947763442993, 0.9198396801948547, 0.9360721707344055, 0.9412825703620911, 0.9525049924850464, 0.9579158425331116, 0.962124228477478, 0.9653306603431702, 0.9683367013931274, 0.9659318923950195, 0.973547101020813, 0.9743487238883972, 0.9783567190170288, 0.9813627004623413, 0.9855711460113525, 0.9839679598808289, 0.9823647141456604, 0.9833667278289795, 0.9879759550094604, 0.9833667278289795, 0.9851703643798828, 0.9913827776908875, 0.989779531955719, 0.9925851821899414, 0.9917835593223572, 0.993186354637146, 0.990981936454773, 0.990981936454773, 0.9937875866889954, 0.9957915544509888, 0.996593177318573, 0.995390772819519, 0.9839679598808289, 0.993186354637146, 0.9955911636352539, 0.991983950138092, 0.9939879775047302, 0.997795581817627, 0.9955911636352539, 0.9979959726333618, 0.9989979863166809, 0.9973948001861572, 0.9887775778770447, 0.9955911636352539, 0.997795581817627, 0.9991983771324158, 0.9993987679481506, 0.9997996091842651, 0.9995992183685303, 0.9935871958732605, 0.9901803731918335, 0.988577127456665, 0.9983968138694763, 0.9995992183685303, 0.9995992183685303, 0.9997996091842651, 0.9997996091842651, 0.9997996091842651, 0.9997996091842651, 1.0, 1.0, 0.9997996091842651, 0.9997996091842651, 0.9989979863166809, 0.9765530824661255, 0.9921843409538269, 0.9995992183685303, 0.9997996091842651, 1.0, 0.9997996091842651, 1.0, 1.0, 1.0, 1.0, 1.0, 1.0, 1.0, 1.0, 1.0, 1.0, 1.0, 1.0, 1.0, 1.0, 1.0, 1.0, 1.0, 1.0, 1.0, 1.0, 1.0, 0.9713426828384399, 0.9891783595085144, 0.9975951910018921, 0.9973948001861572, 0.9991983771324158, 1.0], "val_loss": [0.7582239508628845, 0.6091362833976746, 0.522652804851532, 0.4415445029735565, 0.48397865891456604, 0.428127259016037, 0.41290441155433655, 0.4420320689678192, 0.4523324966430664, 0.4593105614185333, 0.44718021154403687, 0.4438265562057495, 0.45413845777511597, 0.48031479120254517, 0.4936586618423462, 0.5337625741958618, 0.5536619424819946, 0.5708104372024536, 0.5228195190429688, 0.5913656949996948, 0.5461317300796509, 0.5521895289421082, 0.6615110039710999, 0.5701864957809448, 0.5915409922599792, 0.578484058380127, 0.572041928768158, 0.5862206816673279, 0.5977517366409302, 0.6497869491577148, 0.5979485511779785, 0.6072811484336853, 0.6328041553497314, 0.6392865180969238, 0.6957946419715881, 0.6191744208335876, 0.641655683517456, 0.6610567569732666, 0.6637877225875854, 0.6833460927009583, 0.695071816444397, 0.6687678694725037, 0.6498811841011047, 0.7027198076248169, 0.6957039833068848, 0.6946506500244141, 0.6273775100708008, 0.6635437607765198, 0.6798292398452759, 0.675706148147583, 0.6827060580253601, 0.7036114931106567, 0.7898436784744263, 0.7575411796569824, 0.6335870623588562, 0.6798069477081299, 0.6736102104187012, 0.7004719376564026, 0.7053368091583252, 0.7168086171150208, 0.7224094867706299, 0.7385730147361755, 0.729430079460144, 0.7508348226547241, 0.766735851764679, 0.7875103950500488, 0.7758802175521851, 0.7806693911552429, 0.725063681602478, 0.7200427055358887, 0.7061768770217896, 0.72461998462677, 0.7312135696411133, 0.7248882055282593, 0.7360173463821411, 0.7419106960296631, 0.7606745362281799, 0.7609102725982666, 0.7699421644210815, 0.7805395722389221, 0.7859143018722534, 0.7869745492935181, 0.79556804895401, 0.8077967166900635, 0.8098835349082947, 0.8176835775375366, 0.8289687037467957, 0.8289030194282532, 0.8465819358825684, 0.8475344181060791, 0.8447021245956421, 0.8577930331230164, 0.8706783652305603, 0.8808529376983643, 0.72502201795578, 0.7382533550262451, 0.7485019564628601, 0.7545881867408752, 0.7594311237335205, 0.780403196811676], "val_accuracy": [0.6913827657699585, 0.7496994137763977, 0.802204430103302, 0.8390781283378601, 0.8232464790344238, 0.8515030145645142, 0.8621242642402649, 0.8571142554283142, 0.8535070419311523, 0.8583166599273682, 0.8589178323745728, 0.8673346638679504, 0.8643286824226379, 0.8559118509292603, 0.8685370683670044, 0.8567134141921997, 0.8513026237487793, 0.8549098372459412, 0.8605210185050964, 0.8440881967544556, 0.8583166599273682, 0.8575150370597839, 0.8386773467063904, 0.8575150370597839, 0.8513026237487793, 0.8577154278755188, 0.8669338822364807, 0.8661322593688965, 0.8605210185050964, 0.8515030145645142, 0.8661322593688965, 0.8671342730522156, 0.8649298548698425, 0.8641282320022583, 0.8555110096931458, 0.8633266687393188, 0.86192387342453, 0.8613226413726807, 0.8559118509292603, 0.8589178323745728, 0.858517050743103, 0.8673346638679504, 0.871342658996582, 0.8623246550559998, 0.8643286824226379, 0.86192387342453, 0.8737474679946899, 0.8715431094169617, 0.8707414865493774, 0.8709418773651123, 0.8731462955474854, 0.8731462955474854, 0.8539078235626221, 0.8575150370597839, 0.881563127040863, 0.8721442818641663, 0.8733466863632202, 0.8743487000465393, 0.8739479184150696, 0.8743487000465393, 0.8741483092308044, 0.8731462955474854, 0.8757514953613281, 0.8731462955474854, 0.8743487000465393, 0.871342658996582, 0.8647294640541077, 0.852905809879303, 0.8635270595550537, 0.8693386912345886, 0.8741483092308044, 0.871342658996582, 0.8721442818641663, 0.8743487000465393, 0.8751503229141235, 0.8749498724937439, 0.8731462955474854, 0.8755511045455933, 0.874749481678009, 0.8741483092308044, 0.8735470771789551, 0.8741483092308044, 0.8749498724937439, 0.8743487000465393, 0.8751503229141235, 0.8741483092308044, 0.8745490908622742, 0.8751503229141235, 0.8739479184150696, 0.8737474679946899, 0.8751503229141235, 0.8745490908622742, 0.8749498724937439, 0.8741483092308044, 0.8653306365013123, 0.8711422681808472, 0.8697394728660583, 0.8735470771789551, 0.874749481678009, 0.8749498724937439], "training_time": 153.35040092468262, "output_time": 0.08370034694671631}