{"loss": [1.394600749015808, 1.1652300357818604, 1.0279731750488281, 0.9259163737297058, 0.8436294198036194, 0.7681736350059509, 0.7092516422271729, 0.6629878282546997, 0.6186714768409729, 0.5843743681907654, 0.550574004650116, 0.5253089666366577, 0.5046793818473816, 0.49004802107810974, 0.46550774574279785, 0.449075847864151, 0.4404395520687103, 0.4184693396091461, 0.4053035080432892, 0.3932393491268158, 0.3838304281234741, 0.3708924949169159, 0.3652268946170807, 0.36517640948295593, 0.3494449257850647, 0.3445606529712677, 0.33863162994384766, 0.3331053853034973, 0.3295285999774933, 0.32100820541381836, 0.3137170076370239, 0.30698224902153015, 0.3078674077987671, 0.30486026406288147, 0.2986195385456085, 0.29478856921195984, 0.29116344451904297, 0.28763821721076965, 0.2851641774177551, 0.28208011388778687, 0.2816239595413208, 0.27758854627609253, 0.26964980363845825, 0.26661229133605957, 0.26317915320396423, 0.2613016664981842, 0.2591415047645569, 0.267234742641449, 0.25745198130607605, 0.2523044943809509, 0.2515590786933899, 0.24577778577804565, 0.24226415157318115, 0.24677889049053192, 0.23663079738616943, 0.23350459337234497, 0.24075962603092194, 0.26072171330451965, 0.2293853610754013, 0.23012833297252655, 0.22446006536483765, 0.2343994379043579, 0.22840982675552368, 0.21851755678653717, 0.2216997593641281, 0.21417513489723206, 0.2514042854309082, 0.21416431665420532, 0.21308846771717072, 0.21613316237926483, 0.2104080319404602, 0.2068738341331482, 0.21887743473052979, 0.2006298452615738, 0.20468206703662872, 0.20996959507465363, 0.20268523693084717, 0.19812363386154175, 0.19688387215137482, 0.19542273879051208, 0.2034742534160614, 0.1955638825893402, 0.19271428883075714, 0.20557542145252228, 0.19156619906425476, 0.21294744312763214, 0.19433645904064178, 0.18878377974033356, 0.1872851550579071, 0.19433212280273438, 0.1902105063199997, 0.18355172872543335, 0.18632563948631287, 0.19180826842784882, 0.18418610095977783, 0.18616482615470886, 0.18266692757606506, 0.1888013780117035, 0.17799027264118195, 0.18688347935676575], "accuracy": [0.503815233707428, 0.6329317092895508, 0.6489959955215454, 0.6855421662330627, 0.7148594260215759, 0.747389554977417, 0.7640562057495117, 0.7855421900749207, 0.8024096488952637, 0.8136546015739441, 0.8208835124969482, 0.8293172717094421, 0.8321285247802734, 0.837751030921936, 0.8475903868675232, 0.8544176816940308, 0.8502008318901062, 0.8624498248100281, 0.8678714632987976, 0.8728915452957153, 0.8712851405143738, 0.8779116272926331, 0.8789156675338745, 0.8777108192443848, 0.8859437704086304, 0.8865461945533752, 0.8851405382156372, 0.8877509832382202, 0.8869478106498718, 0.8925702571868896, 0.8929718732833862, 0.8955823183059692, 0.894176721572876, 0.8939759135246277, 0.8947791457176208, 0.9004015922546387, 0.9002007842063904, 0.9014056324958801, 0.9030120372772217, 0.9010040163993835, 0.9062249064445496, 0.9054216742515564, 0.9096385836601257, 0.9116466045379639, 0.9116466045379639, 0.9126505851745605, 0.9164658784866333, 0.9156626462936401, 0.9166666865348816, 0.9180722832679749, 0.9172690510749817, 0.9206827282905579, 0.922690749168396, 0.9222891330718994, 0.9228915572166443, 0.9248995780944824, 0.9248995780944824, 0.9170683026313782, 0.9283132553100586, 0.9281124472618103, 0.9248995780944824, 0.9261044263839722, 0.9293172955513, 0.9313253164291382, 0.9275100231170654, 0.9323292970657349, 0.9236947894096375, 0.9313253164291382, 0.9325301051139832, 0.9335341453552246, 0.9339357614517212, 0.9365462064743042, 0.9319277405738831, 0.9391566514968872, 0.936947762966156, 0.9359437823295593, 0.9373493790626526, 0.9377509951591492, 0.9403614401817322, 0.9405622482299805, 0.9355421662330627, 0.9401606321334839, 0.9423694610595703, 0.9361445903778076, 0.9403614401817322, 0.9325301051139832, 0.9399598240852356, 0.942168653011322, 0.9401606321334839, 0.9385542273521423, 0.942168653011322, 0.9431726932525635, 0.9423694610595703, 0.9403614401817322, 0.9445782899856567, 0.9433735013008118, 0.9429718852043152, 0.9403614401817322, 0.9453815221786499, 0.942168653011322], "val_loss": [1.2586450576782227, 1.1002386808395386, 1.0078405141830444, 0.9480435252189636, 0.8818655610084534, 0.8315011262893677, 0.8083458542823792, 0.7629490494728088, 0.7270959615707397, 0.7084376811981201, 0.6810608506202698, 0.6857597231864929, 0.6750757694244385, 0.6210429668426514, 0.6237300038337708, 0.6244306564331055, 0.6012822985649109, 0.6078452467918396, 0.5812162756919861, 0.6105484366416931, 0.5985864400863647, 0.578942060470581, 0.5944576859474182, 0.5625976324081421, 0.598504364490509, 0.5727997422218323, 0.5709307193756104, 0.5815237164497375, 0.6078348755836487, 0.5880552530288696, 0.5779040455818176, 0.6116039752960205, 0.5693786144256592, 0.569724977016449, 0.5729290843009949, 0.5689859986305237, 0.5637940764427185, 0.5692122578620911, 0.5935184955596924, 0.5607602596282959, 0.5905659794807434, 0.5535964965820312, 0.5805855989456177, 0.5558066964149475, 0.5872756838798523, 0.5738669037818909, 0.6015313863754272, 0.5859003663063049, 0.5742388963699341, 0.5943801403045654, 0.5955527424812317, 0.6003272533416748, 0.5973921418190002, 0.5773181319236755, 0.574173092842102, 0.5875124931335449, 0.6257527470588684, 0.5729369521141052, 0.614373505115509, 0.5988302230834961, 0.6226081848144531, 0.6014788746833801, 0.5909820199012756, 0.6237420439720154, 0.6033422946929932, 0.6292167901992798, 0.606925368309021, 0.560932993888855, 0.5903986096382141, 0.5843058824539185, 0.5832895636558533, 0.5813831686973572, 0.619218111038208, 0.6080639958381653, 0.6196165680885315, 0.5821709036827087, 0.5914984345436096, 0.6070220470428467, 0.6153393983840942, 0.6122403144836426, 0.6332474946975708, 0.5986688137054443, 0.6070361733436584, 0.5900737643241882, 0.6150591969490051, 0.6064853072166443, 0.6193774342536926, 0.6196337938308716, 0.6375957727432251, 0.6169191598892212, 0.6231899261474609, 0.6306042075157166, 0.6613286137580872, 0.6483711004257202, 0.6300631165504456, 0.6370337009429932, 0.6478502750396729, 0.6434458494186401, 0.6549172401428223, 0.6332834959030151],