{"loss": [1.2986068725585938, 1.0133405923843384, 0.8783977031707764, 0.7933522462844849, 0.7325285077095032, 0.6832838654518127, 0.6389175653457642, 0.6005472540855408, 0.5668080449104309, 0.5349575877189636, 0.5057087540626526, 0.4831339418888092, 0.4580274820327759, 0.4333434998989105, 0.41286763548851013, 0.39276236295700073, 0.38265305757522583, 0.36050084233283997, 0.3474023938179016, 0.3334520161151886, 0.3197895586490631, 0.3082249164581299, 0.29877158999443054, 0.28831130266189575, 0.2820323705673218, 0.2712383568286896, 0.262582391500473, 0.25542494654655457, 0.24661310017108917, 0.24261291325092316, 0.23411095142364502, 0.2307189255952835, 0.22632266581058502, 0.22242668271064758, 0.21824002265930176, 0.21195070445537567, 0.20451302826404572, 0.20684005320072174, 0.20197847485542297, 0.19629408419132233, 0.18895621597766876, 0.18928928673267365, 0.18623901903629303, 0.18294240534305573, 0.1832878738641739, 0.1745317131280899, 0.17052042484283447, 0.1706748604774475, 0.1641516387462616, 0.1657802015542984, 0.16138841211795807, 0.16106632351875305, 0.16255098581314087, 0.1582418531179428, 0.15529699623584747, 0.1516856998205185, 0.1493157595396042, 0.14858315885066986, 0.14678137004375458, 0.14376091957092285, 0.1393677145242691, 0.1414891481399536, 0.14177989959716797, 0.13586553931236267, 0.135348841547966, 0.13220947980880737, 0.13281482458114624, 0.13152940571308136, 0.12738415598869324, 0.12915855646133423, 0.1227116733789444, 0.13117635250091553, 0.1235862448811531, 0.12433860450983047, 0.12275126576423645, 0.12199482321739197, 0.11914758384227753, 0.11680971831083298, 0.11751314252614975, 0.11359355598688126, 0.11658339947462082, 0.11109013855457306, 0.10937581956386566, 0.10866493731737137, 0.11908496171236038, 0.10815592110157013, 0.10512860119342804, 0.10825753957033157, 0.11600802838802338, 0.10380031168460846, 0.10347666591405869, 0.10327153652906418, 0.0999886617064476, 0.10793206095695496, 0.10421768575906754, 0.0992569699883461, 0.09528155624866486, 0.10179676115512848, 0.10433883219957352, 0.10806726664304733], "accuracy": [0.4753507077693939, 0.6124248504638672, 0.6567134261131287, 0.6933867931365967, 0.7118236422538757, 0.7306613326072693, 0.7513025999069214, 0.768937885761261, 0.7869739532470703, 0.8008015751838684, 0.8156312704086304, 0.8322645425796509, 0.8392785787582397, 0.8549098372459412, 0.8583166599273682, 0.8691383004188538, 0.8697394728660583, 0.8823647499084473, 0.8845691084861755, 0.8893787860870361, 0.8925851583480835, 0.8971943855285645, 0.901202380657196, 0.9030060172080994, 0.9056112170219421, 0.9106212258338928, 0.914829671382904, 0.9198396801948547, 0.9232465028762817, 0.9188376665115356, 0.9264529347419739, 0.9248496890068054, 0.9290581345558167, 0.9304609298706055, 0.9302605390548706, 0.9328657388687134, 0.9352705478668213, 0.9326653480529785, 0.933466911315918, 0.9388777613639832, 0.9394789338111877, 0.9394789338111877, 0.9394789338111877, 0.9418837428092957, 0.9382765293121338, 0.9452905654907227, 0.9462925791740417, 0.9422845840454102, 0.9472945928573608, 0.9452905654907227, 0.9503005743026733, 0.9480962157249451, 0.9466933608055115, 0.9494990110397339, 0.9480962157249451, 0.9484969973564148, 0.9486973881721497, 0.9494990110397339, 0.9503005743026733, 0.9503005743026733, 0.9533066153526306, 0.9515029788017273, 0.9513025879859924, 0.9523046016693115, 0.9555110335350037, 0.9559118151664734, 0.9541082382202148, 0.9559118151664734, 0.9565130472183228, 0.9555110335350037, 0.9585170149803162, 0.9561122059822083, 0.9585170149803162, 0.9577154517173767, 0.9573146104812622, 0.9565130472183228, 0.9591182470321655, 0.9607214331626892, 0.9593186378479004, 0.9601202607154846, 0.9605210423469543, 0.962124228477478, 0.9641282558441162, 0.965531051158905, 0.9595190286636353, 0.9631262421607971, 0.9639278650283813, 0.962124228477478, 0.9595190286636353, 0.9651302695274353, 0.9651302695274353, 0.9649298787117004, 0.9643286466598511, 0.9615230560302734, 0.9619238376617432, 0.9659318923950195, 0.9675350785255432, 0.9635270833969116, 0.9641282558441162, 0.9617234468460083], "val_loss": [1.1216260194778442, 0.959883451461792, 0.87567138671875, 0.8175326585769653, 0.7777793407440186, 0.7420912384986877, 0.7138305902481079, 0.6985985040664673, 0.6685258746147156, 0.651203989982605, 0.6375600695610046, 0.6232231259346008, 0.6164085268974304, 0.6134768128395081, 0.5989930629730225, 0.5961857438087463, 0.5806236863136292, 0.5845730304718018, 0.5884336829185486, 0.5869222283363342, 0.575624942779541, 0.5725981593132019, 0.5739064812660217, 0.5901191830635071, 0.5690211057662964, 0.56993168592453, 0.5739942789077759, 0.5691237449645996, 0.5779219269752502, 0.5878496766090393, 0.5706478953361511, 0.5932369828224182, 0.5941627621650696, 0.5785744786262512, 0.5879510641098022, 0.5871294736862183, 0.592323362827301, 0.6117772459983826, 0.5953705906867981, 0.5993892550468445, 0.6003621220588684, 0.60612553358078, 0.6065379977226257, 0.6199136972427368, 0.612693727016449, 0.6052868366241455, 0.6163633465766907, 0.6192243099212646, 0.6174945831298828, 0.6273725032806396, 0.6364390254020691, 0.6357024312019348, 0.6534973382949829, 0.6336263418197632, 0.6414346694946289, 0.6509673595428467, 0.6676788926124573, 0.6618536710739136, 0.6694254279136658, 0.6548150777816772, 0.6694624423980713, 0.6605437397956848, 0.6471787095069885, 0.6607800722122192, 0.6794495582580566, 0.6802277565002441, 0.69539874792099, 0.6851679682731628, 0.7235047817230225, 0.6876398921012878, 0.6909156441688538, 0.6952527761459351, 0.7144640684127808, 0.6919714212417603, 0.6974031329154968, 0.7016037106513977, 0.7132563591003418, 0.7238199710845947, 0.7084285020828247, 0.7396028637886047, 0.7253881692886353, 0.7193973064422607, 0.7264371514320374, 0.7672560811042786, 0.7458873391151428, 0.7219962477684021, 0.7549204230308533, 0.7554105520248413, 0.7142958641052246, 0.7419973611831665, 0.7693912386894226, 0.7665458917617798, 0.7407551407814026, 0.7531622052192688, 0.7565318942070007, 0.7524057626724243, 0.7926268577575684, 0.7698313593864441, 0.8447309732437134, 0.8123205900192261],