{"loss": [1.2753826379776, 0.9600387811660767, 0.8116274476051331, 0.7080582976341248, 0.6250854730606079, 0.5619952082633972, 0.5105583667755127, 0.46516308188438416, 0.41494473814964294, 0.37797755002975464, 0.3482242822647095, 0.3255181312561035, 0.3113074004650116, 0.2913375496864319, 0.27732792496681213, 0.26446235179901123, 0.25434771180152893, 0.2400664985179901, 0.2324337661266327, 0.22198820114135742, 0.21559421718120575, 0.20572595298290253, 0.20070601999759674, 0.19470743834972382, 0.19401495158672333, 0.18563352525234222, 0.1776694357395172, 0.17396919429302216, 0.17061235010623932, 0.1706399917602539, 0.16252018511295319, 0.16325654089450836, 0.15455086529254913, 0.15149617195129395, 0.15345712006092072, 0.1509374976158142, 0.14460675418376923, 0.14261378347873688, 0.13700057566165924, 0.1366668939590454, 0.13454817235469818, 0.13469481468200684, 0.12771326303482056, 0.1250155121088028, 0.12349141389131546, 0.12245921045541763, 0.12201893329620361, 0.12292291969060898, 0.11605948954820633, 0.11730265617370605, 0.11396496742963791, 0.11186116188764572, 0.11191408336162567, 0.10968661308288574, 0.10934651643037796, 0.10703981667757034, 0.10323482751846313, 0.1014070138335228, 0.1011706218123436, 0.0983898937702179, 0.09975031018257141, 0.10147189348936081, 0.09967394918203354, 0.09766548126935959, 0.09587153047323227, 0.09371079504489899, 0.09204665571451187, 0.09428396075963974, 0.09949346631765366, 0.09734150022268295, 0.08973900228738785, 0.08805159479379654, 0.08553162217140198, 0.0875435546040535, 0.09017648547887802, 0.08364157378673553, 0.08332518488168716, 0.08203012496232986, 0.07874900847673416, 0.08214300125837326, 0.08990076184272766, 0.08146210014820099, 0.07776229083538055, 0.0789911150932312, 0.07342417538166046, 0.07801754772663116, 0.07439588010311127, 0.07553757727146149, 0.07221312075853348, 0.09672003984451294, 0.0731818750500679, 0.07139118015766144, 0.0695575475692749, 0.06876881420612335, 0.07183299213647842, 0.0745924636721611, 0.07070646435022354, 0.06754207611083984, 0.06351811438798904, 0.0744110718369484], "accuracy": [0.4905622601509094, 0.650602400302887, 0.6905622482299805, 0.7381526231765747, 0.7795180678367615, 0.8040160536766052, 0.8263052105903625, 0.8413654565811157, 0.8658634424209595, 0.8738955855369568, 0.8867470026016235, 0.891566276550293, 0.8957831263542175, 0.9036144614219666, 0.904618501663208, 0.9106425642967224, 0.9160642623901367, 0.9192771315574646, 0.9251003861427307, 0.9277108311653137, 0.930522084236145, 0.9337349534034729, 0.933132529258728, 0.9375501871109009, 0.9347389340400696, 0.938353419303894, 0.9411646723747253, 0.9451807141304016, 0.9431726932525635, 0.9427710771560669, 0.9431726932525635, 0.9459839463233948, 0.9483935832977295, 0.9504016041755676, 0.9489960074424744, 0.9481927752494812, 0.9516064524650574, 0.9510040283203125, 0.9540160894393921, 0.9530120491981506, 0.9528112411499023, 0.9522088170051575, 0.9564257264137268, 0.9578313231468201, 0.9588353633880615, 0.9592369198799133, 0.9588353633880615, 0.9584337472915649, 0.9596385359764099, 0.9598393440246582, 0.961044192314148, 0.9612450003623962, 0.9614458084106445, 0.9604417681694031, 0.9630522131919861, 0.9632530212402344, 0.9646586179733276, 0.9672690629959106, 0.9644578099250793, 0.9678714871406555, 0.9684739112854004, 0.9632530212402344, 0.9658634662628174, 0.9680722951889038, 0.9686747193336487, 0.9686747193336487, 0.9664658904075623, 0.9682731032371521, 0.9656626582145691, 0.9660642743110657, 0.9702811241149902, 0.9676706790924072, 0.9708835482597351, 0.97148597240448, 0.968875527381897, 0.9692770838737488, 0.9718875288963318, 0.9720883369445801, 0.9736948013305664, 0.9724899530410767, 0.9718875288963318, 0.97148597240448, 0.9742971658706665, 0.9728915691375732, 0.9730923771858215, 0.9730923771858215, 0.9730923771858215, 0.9728915691375732, 0.9761044383049011, 0.9648594260215759, 0.9744979739189148, 0.9757028222084045, 0.9751003980636597, 0.9767068028450012, 0.9740963578224182, 0.972690761089325, 0.9757028222084045, 0.9781124591827393, 0.9793172478675842, 0.975301206111908], "val_loss": [1.0827829837799072, 0.9130275845527649, 0.8146266937255859, 0.7505818009376526, 0.7026730179786682, 0.6626594066619873, 0.6373245120048523, 0.5947874784469604, 0.5494858026504517, 0.5425137281417847, 0.5083370208740234, 0.5025271773338318, 0.4917396008968353, 0.46431535482406616, 0.4649292826652527, 0.4579225480556488, 0.4411729872226715, 0.4366709887981415, 0.432677686214447, 0.4298073649406433, 0.42664599418640137, 0.4294374883174896, 0.43709060549736023, 0.42778280377388, 0.42677778005599976, 0.43611976504325867, 0.4306405186653137, 0.4505920112133026, 0.4612763524055481, 0.4566625952720642, 0.4622325301170349, 0.453194260597229, 0.47069504857063293, 0.46201765537261963, 0.5739132165908813, 0.45079249143600464, 0.47410544753074646, 0.4631023705005646, 0.4798092246055603, 0.46570464968681335, 0.46841365098953247, 0.46649783849716187, 0.4734113812446594, 0.4680423438549042, 0.4698573648929596, 0.48816198110580444, 0.48459380865097046, 0.47354328632354736, 0.4661751091480255, 0.4964216351509094, 0.4965254068374634, 0.5208678245544434, 0.4756782352924347, 0.4670321047306061, 0.47289082407951355, 0.4754714071750641, 0.49020451307296753, 0.4912576973438263, 0.5008286237716675, 0.495810866355896, 0.4895823895931244, 0.4890349507331848, 0.5129114985466003, 0.4874587655067444, 0.491054892539978, 0.50786954164505, 0.5097464919090271, 0.5067129135131836, 0.581525981426239, 0.5174221992492676, 0.5112766623497009, 0.5197487473487854, 0.5134004950523376, 0.5144654512405396, 0.5237054228782654, 0.51597660779953, 0.5281428098678589, 0.5356725454330444, 0.5441850423812866, 0.5258155465126038, 0.5548526644706726, 0.5697769522666931, 0.5851657390594482, 0.5646417140960693, 0.5484438538551331, 0.5866826176643372, 0.5647736191749573, 0.5899195671081543, 0.6029900908470154, 0.5550576448440552, 0.5138164758682251, 0.5751093029975891, 0.5656129121780396, 0.5445119142532349, 0.585513710975647, 0.5583757162094116, 0.5795972347259521, 0.5527273416519165, 0.5593205094337463, 0.5476025342941284],