{"loss": [1.0945155620574951, 0.7549543976783752, 0.5784258246421814, 0.46383094787597656, 0.4019838273525238, 0.3603620231151581, 0.3296216130256653, 0.3006688356399536, 0.28084418177604675, 0.25778138637542725, 0.2480321079492569, 0.22470688819885254, 0.21644531190395355, 0.19973519444465637, 0.19142484664916992, 0.18498341739177704, 0.169957235455513, 0.16043703258037567, 0.1561892032623291, 0.15190045535564423, 0.1404520869255066, 0.1362970918416977, 0.1266559213399887, 0.12080163508653641, 0.11589346826076508, 0.11224900186061859, 0.11134161800146103, 0.11443254351615906, 0.09991885721683502, 0.096441350877285, 0.09485293179750443, 0.09010853618383408, 0.08820121735334396, 0.086375392973423, 0.08023210614919662, 0.0902317687869072, 0.08173836767673492, 0.07276783138513565, 0.07303877919912338, 0.07255096733570099, 0.06854578852653503, 0.06812208145856857, 0.06459171324968338, 0.07062596827745438, 0.0741482749581337, 0.05868363007903099, 0.056487541645765305, 0.05368008837103844, 0.055293962359428406, 0.050600577145814896, 0.04928484931588173, 0.04782063513994217, 0.06500206142663956, 0.049336791038513184, 0.05937090516090393, 0.04764959216117859, 0.044047579169273376, 0.048357509076595306, 0.04845760390162468, 0.04383682459592819, 0.04145839437842369, 0.04285755380988121, 0.039478547871112823, 0.04024715721607208, 0.04721271991729736, 0.03948309272527695, 0.04564754292368889, 0.044284649193286896, 0.03578679636120796, 0.03693051263689995, 0.04088373854756355, 0.03230204060673714, 0.029104987159371376, 0.02789456583559513, 0.033798519521951675, 0.04347341135144234, 0.03182452544569969, 0.036880072206258774, 0.028159888461232185, 0.04990639165043831, 0.036157429218292236, 0.024751251563429832, 0.02233673259615898, 0.022572627291083336, 0.023883067071437836, 0.03505485877394676, 0.03873620554804802, 0.027963528409600258, 0.020345985889434814, 0.02260490693151951, 0.021069612354040146, 0.02190048061311245, 0.0188235342502594, 0.02105109952390194, 0.020518381148576736, 0.05327263101935387, 0.045194320380687714, 0.02641713246703148, 0.024778665974736214, 0.01755199022591114], "accuracy": [0.5723169445991516, 0.7293881773948669, 0.8058174252510071, 0.8493480682373047, 0.870411217212677, 0.8818455338478088, 0.8948846459388733, 0.902708113193512, 0.9107322096824646, 0.9155466556549072, 0.9203611016273499, 0.9253761172294617, 0.9305917620658875, 0.9329990148544312, 0.9382146596908569, 0.938014030456543, 0.9448345303535461, 0.9476429224014282, 0.9484453201293945, 0.9484453201293945, 0.9552658200263977, 0.9556670188903809, 0.9594784379005432, 0.9626880884170532, 0.9638916850090027, 0.9632898569107056, 0.9642928838729858, 0.9634904861450195, 0.9664995074272156, 0.9697090983390808, 0.9683049321174622, 0.9717151522636414, 0.9719157218933105, 0.9725175499916077, 0.973319947719574, 0.9703109264373779, 0.970912754535675, 0.976529598236084, 0.97632896900177, 0.9777331948280334, 0.9797391891479492, 0.9779338240623474, 0.9797391891479492, 0.9781343936920166, 0.9745235443115234, 0.9817452430725098, 0.9807422161102295, 0.9833500385284424, 0.9831494688987732, 0.9855566620826721, 0.9849548935890198, 0.9837512373924255, 0.9793379902839661, 0.985155463218689, 0.9805416464805603, 0.985155463218689, 0.9873620867729187, 0.9847542643547058, 0.985155463218689, 0.9863590598106384, 0.9869608879089355, 0.9869608879089355, 0.9871614575386047, 0.9879639148712158, 0.9859578609466553, 0.9887663125991821, 0.9859578609466553, 0.9877632856369019, 0.991173505783081, 0.988365113735199, 0.9887663125991821, 0.9903711080551147, 0.9921765327453613, 0.9923771023750305, 0.9901705384254456, 0.9873620867729187, 0.9909729361534119, 0.9893680810928345, 0.9931795597076416, 0.9833500385284424, 0.9879639148712158, 0.993781328201294, 0.9943831562995911, 0.9939819574356079, 0.9939819574356079, 0.9895687103271484, 0.988164484500885, 0.9917753338813782, 0.9955867528915405, 0.9935807585716248, 0.993781328201294, 0.9943831562995911, 0.9965897798538208, 0.9949849843978882, 0.9941825270652771, 0.9815446138381958, 0.9845536351203918, 0.9919759035110474, 0.9941825270652771, 0.9959879517555237], "val_loss": [0.889340877532959, 0.7354483008384705, 0.6425354480743408, 0.6010323166847229, 0.5306951403617859, 0.5195613503456116, 0.4838697612285614, 0.5110605359077454, 0.45772606134414673, 0.48326224088668823, 0.43559688329696655, 0.44437500834465027, 0.43724170327186584, 0.4449808895587921, 0.4636309742927551, 0.456221342086792, 0.4429915249347687, 0.43203458189964294, 0.4556886851787567, 0.42008906602859497, 0.44337278604507446, 0.4285481572151184, 0.4319993555545807, 0.44560953974723816, 0.4371192157268524, 0.4251883625984192, 0.4354712963104248, 0.40715715289115906, 0.4704042673110962, 0.44688430428504944, 0.45441916584968567, 0.46804651618003845, 0.436840295791626, 0.4601549804210663, 0.45192819833755493, 0.451282262802124, 0.49209532141685486, 0.47411155700683594, 0.46821001172065735, 0.479745477437973, 0.48560771346092224, 0.48132777214050293, 0.44605833292007446, 0.46701741218566895, 0.4958454370498657, 0.48316648602485657, 0.488705039024353, 0.5392888188362122, 0.5002413988113403, 0.5255894064903259, 0.5659400224685669, 0.5333994030952454, 0.560145914554596, 0.5075931549072266, 0.511739194393158, 0.5186477303504944, 0.5297207236289978, 0.5170055627822876, 0.521157443523407, 0.5260936617851257, 0.544810950756073, 0.5941441655158997, 0.5407196879386902, 0.518140435218811, 0.5535916090011597, 0.6644235253334045, 0.573056161403656, 0.5464187264442444, 0.5596075057983398, 0.5330296158790588, 0.5631756782531738, 0.5715649127960205, 0.5847830772399902, 0.6355003118515015, 0.6573308706283569, 0.5776135325431824, 0.6107494831085205, 0.6417126655578613, 0.6174155473709106, 0.5996336936950684, 0.6108748316764832, 0.6283352375030518, 0.6177442669868469, 0.6094967126846313, 0.6036338806152344, 0.6265179514884949, 0.5923743844032288, 0.6660501956939697, 0.6318265199661255, 0.6443746089935303, 0.6516021490097046, 0.6421045064926147, 0.6126465797424316, 0.6144143342971802, 0.6754454970359802, 0.7485591769218445, 0.6083467602729797, 0.6618516445159912, 0.6270872950553894, 0.6475332379341125],