{"loss": [1.364617943763733, 1.1558382511138916, 1.0596764087677002, 0.995242714881897, 0.9515318274497986, 0.9177889227867126, 0.8902845978736877, 0.8681803941726685, 0.8493019938468933, 0.8341109752655029, 0.8195766806602478, 0.8064671754837036, 0.79366135597229, 0.7814540863037109, 0.7714645862579346, 0.7605141997337341, 0.7532619833946228, 0.7437942624092102, 0.7347066402435303, 0.7274290323257446, 0.7214494943618774, 0.7121905088424683, 0.7038163542747498, 0.6994174718856812, 0.6918309330940247, 0.6850924491882324, 0.6797825694084167, 0.6726893186569214, 0.6665230393409729, 0.6610704660415649, 0.6572421193122864, 0.6515142321586609, 0.648108959197998, 0.6428787708282471, 0.638573408126831, 0.6329212188720703, 0.6291545629501343, 0.6264805793762207, 0.6203823089599609, 0.6184613108634949, 0.613543689250946, 0.6086627244949341, 0.6051944494247437, 0.6019987463951111, 0.5997232794761658, 0.5947742462158203, 0.5921205282211304, 0.5862728953361511, 0.5852260589599609, 0.5806527733802795, 0.5775819420814514, 0.5750529766082764, 0.574314296245575, 0.5680422782897949, 0.5680174827575684, 0.5636206865310669, 0.5612051486968994, 0.5572174787521362, 0.5556488633155823, 0.556130588054657, 0.5521946549415588, 0.5486303567886353, 0.5469481945037842, 0.5452272891998291, 0.5432784557342529, 0.5413891673088074, 0.5390596389770508, 0.5364266633987427, 0.5371555089950562, 0.5326632857322693, 0.5311111211776733, 0.5280716419219971, 0.5262265801429749, 0.5255138874053955, 0.5245086550712585, 0.520641565322876, 0.5206175446510315, 0.5179378390312195, 0.5195840001106262, 0.5170602798461914, 0.51570725440979, 0.5121970772743225, 0.5095705389976501, 0.5079835057258606, 0.5046374201774597, 0.5064218044281006, 0.5054566860198975, 0.5029661655426025, 0.5013526082038879, 0.5016924142837524, 0.4988746643066406, 0.4985714852809906, 0.4954214096069336, 0.49522483348846436, 0.4932260811328888, 0.48941776156425476, 0.490174800157547, 0.4884744882583618, 0.48853573203086853, 0.4871261417865753], "accuracy": [0.4512902498245239, 0.5099020004272461, 0.5403080582618713, 0.5585116744041443, 0.5769153833389282, 0.591718316078186, 0.5963192582130432, 0.6091217994689941, 0.619723916053772, 0.6233246922492981, 0.6371273994445801, 0.6433286666870117, 0.6531306505203247, 0.6571314334869385, 0.6667333245277405, 0.6723344922065735, 0.6783356666564941, 0.68353670835495, 0.688937783241272, 0.6993398666381836, 0.6973394751548767, 0.7081416249275208, 0.7103420495986938, 0.7171434164047241, 0.7181436419487, 0.7255451083183289, 0.7269454002380371, 0.7285457253456116, 0.7313462495803833, 0.7357471585273743, 0.7415482997894287, 0.742948591709137, 0.744148850440979, 0.7461492419242859, 0.7489497661590576, 0.7515503168106079, 0.749549925327301, 0.7505500912666321, 0.7589517831802368, 0.7571514248847961, 0.7567513585090637, 0.7589517831802368, 0.7619524002075195, 0.7633526921272278, 0.763552725315094, 0.7647529244422913, 0.7713542580604553, 0.7675535082817078, 0.7659531831741333, 0.7749549746513367, 0.7737547755241394, 0.7717543244361877, 0.7755551338195801, 0.7779555916786194, 0.7779555916786194, 0.7801560163497925, 0.7767553329467773, 0.7843568921089172, 0.78395676612854, 0.7837567329406738, 0.7845569252967834, 0.7857571244239807, 0.7835566997528076, 0.7835566997528076, 0.7879576086997986, 0.792558491230011, 0.7913582921028137, 0.7935587167739868, 0.7903580665588379, 0.7919583916664124, 0.7955591082572937, 0.793758749961853, 0.7959591746330261, 0.798159658908844, 0.7921584248542786, 0.8003600835800171, 0.7971594333648682, 0.8005601167678833, 0.7945588827133179, 0.8015602827072144, 0.797959566116333, 0.7977595329284668, 0.8029605746269226, 0.8015602827072144, 0.8063612580299377, 0.8045608997344971, 0.8011602163314819, 0.8045608997344971, 0.8025605082511902, 0.8085616827011108, 0.8053610920906067, 0.8091618418693542, 0.811962366104126, 0.8099619746208191, 0.8123624920845032, 0.8097619414329529, 0.8125625252723694, 0.8085616827011108, 0.8117623329162598, 0.8105621337890625], "val_loss": [1.2254061698913574, 1.1100653409957886, 1.0395967960357666, 0.989579975605011, 0.9597141146659851, 0.9366261959075928, 0.9222681522369385, 0.9059783816337585, 0.8916911482810974, 0.8837266564369202, 0.8745667934417725, 0.8690566420555115, 0.858806848526001, 0.8516809940338135, 0.8471199870109558, 0.8401208519935608, 0.8396605849266052, 0.8331034183502197, 0.8349015712738037, 0.8299084901809692, 0.8251514434814453, 0.8191695213317871, 0.8235144019126892, 0.8124414682388306, 0.8119629621505737, 0.8047304153442383, 0.803415060043335, 0.8110758066177368, 0.7966799139976501, 0.7952766418457031, 0.7966856956481934, 0.790715217590332, 0.7871622443199158, 0.7912105917930603, 0.7845044732093811, 0.7862012982368469, 0.7770587801933289, 0.7913426160812378, 0.7743685245513916, 0.7788125872612, 0.7756961584091187, 0.7708887457847595, 0.7677464485168457, 0.7708542943000793, 0.7657321095466614, 0.765344500541687, 0.7595269680023193, 0.76663738489151, 0.764125645160675, 0.7595638036727905, 0.761920154094696, 0.7576242089271545, 0.7598546147346497, 0.7585399150848389, 0.7520876526832581, 0.7604291439056396, 0.7490964531898499, 0.7527888417243958, 0.7534922361373901, 0.7504278421401978, 0.7423908710479736, 0.7504273653030396, 0.7457345724105835, 0.7512115240097046, 0.7583795785903931, 0.7531922459602356, 0.7508350014686584, 0.7476146817207336, 0.7438241243362427, 0.7407962679862976, 0.7408613562583923, 0.7475027441978455, 0.7443994879722595, 0.7458798289299011, 0.7541823387145996, 0.7438085079193115, 0.7424339056015015, 0.7484871745109558, 0.7494133710861206, 0.7477781176567078, 0.7396954298019409, 0.7428316473960876, 0.7474696636199951, 0.7539120316505432, 0.7411593198776245, 0.7443894147872925, 0.7507790923118591, 0.7423433661460876, 0.7425452470779419, 0.7414966821670532, 0.7410893440246582, 0.7477326393127441, 0.7516436576843262, 0.7425640225410461, 0.7586645483970642, 0.7440105676651001, 0.7400165796279907, 0.7471245527267456, 0.747725784778595, 0.7561500072479248],