{"loss": [1.3277170658111572, 1.0035154819488525, 0.8790299892425537, 0.7818239331245422, 0.7129185199737549, 0.6649025082588196, 0.6193922162055969, 0.5794743895530701, 0.5554239153862, 0.5121487975120544, 0.49257391691207886, 0.46225929260253906, 0.4389839470386505, 0.42332932353019714, 0.38853883743286133, 0.3713104724884033, 0.36973708868026733, 0.3598182797431946, 0.3545353412628174, 0.3228987753391266, 0.3161529302597046, 0.3129594624042511, 0.30082887411117554, 0.3204565942287445, 0.484768807888031, 0.3031120002269745, 0.2789815366268158, 0.28816598653793335, 0.25521889328956604, 0.26561418175697327, 0.2544522285461426, 0.2898198366165161, 0.25516876578330994, 0.24824409186840057, 0.24546679854393005, 0.2329164445400238, 0.2221519500017166, 0.2480514794588089, 0.22609396278858185, 0.22423692047595978, 0.24114547669887543, 0.23649941384792328, 0.22363273799419403, 0.22953753173351288, 0.24686256051063538, 0.23169302940368652, 0.2094632238149643, 0.19965241849422455, 0.20749162137508392, 0.2101881057024002, 0.2359665483236313, 0.19465817511081696, 0.21069997549057007, 0.1885906308889389, 0.18773315846920013, 0.1774897426366806, 0.20423027873039246, 0.35165488719940186, 0.19663450121879578, 0.17687128484249115, 0.17806312441825867, 0.18940991163253784, 0.17075221240520477, 0.16611556708812714, 0.16985610127449036, 0.20132941007614136, 0.1853356510400772, 0.169964000582695, 0.15602782368659973, 0.1771877259016037, 0.15966551005840302, 0.1821722686290741, 0.1616663634777069, 0.15544408559799194, 0.23089201748371124, 0.1513209044933319, 0.16775992512702942, 0.15052586793899536, 0.17457711696624756, 0.15653853118419647, 0.19413088262081146, 0.22571741044521332, 0.1600562483072281, 0.1419883370399475, 0.1534448266029358, 0.18405959010124207, 0.15689484775066376, 0.16457132995128632, 0.15904827415943146, 0.33488544821739197, 0.16762946546077728, 0.15781253576278687, 0.13699591159820557, 0.13248831033706665, 0.1425734907388687, 0.13876007497310638, 0.18613988161087036, 0.27309051156044006, 0.1590755134820938, 0.13408273458480835], "accuracy": [0.4417251646518707, 0.579338014125824, 0.6343029141426086, 0.688264787197113, 0.7215647101402283, 0.7342026233673096, 0.7634904980659485, 0.779538631439209, 0.7877632975578308, 0.8088265061378479, 0.8194583654403687, 0.8357071280479431, 0.847141444683075, 0.8553661108016968, 0.8672016263008118, 0.8742226958274841, 0.8748244643211365, 0.8806419372558594, 0.8776329159736633, 0.893881618976593, 0.8930792212486267, 0.8964894413948059, 0.8998997211456299, 0.8882647752761841, 0.841524600982666, 0.900300920009613, 0.9069207906723022, 0.9045135378837585, 0.914543628692627, 0.9103310108184814, 0.9149448275566101, 0.902708113193512, 0.9111334085464478, 0.912136435508728, 0.9151454567909241, 0.9185556769371033, 0.9259779453277588, 0.9185556769371033, 0.9231694936752319, 0.926178514957428, 0.9169508814811707, 0.9197592735290527, 0.9253761172294617, 0.9223670959472656, 0.914543628692627, 0.9239718914031982, 0.9309929609298706, 0.9321966171264648, 0.9319959878921509, 0.9307923913002014, 0.9211634993553162, 0.9342026114463806, 0.9301905632019043, 0.9360080361366272, 0.9368104338645935, 0.9406218528747559, 0.9327983856201172, 0.8920762538909912, 0.9362086057662964, 0.941023051738739, 0.9416248798370361, 0.935606837272644, 0.9430291056632996, 0.9460381269454956, 0.9426279067993164, 0.9331995844841003, 0.9384152293205261, 0.9470410943031311, 0.9496489763259888, 0.9420260787010193, 0.947442352771759, 0.9394182562828064, 0.9472417235374451, 0.9470410943031311, 0.9269809722900391, 0.9514543414115906, 0.9456369280815125, 0.9522567987442017, 0.9424272775650024, 0.9480441212654114, 0.941023051738739, 0.9283851385116577, 0.946639895439148, 0.9544633626937866, 0.9488465189933777, 0.9436308741569519, 0.947442352771759, 0.9452357292175293, 0.9480441212654114, 0.8984954953193665, 0.9456369280815125, 0.9490471482276917, 0.9574724435806274, 0.9580742120742798, 0.9548646211624146, 0.9552658200263977, 0.9432296752929688, 0.9147442579269409, 0.9488465189933777, 0.9574724435806274], "val_loss": [1.0989599227905273, 0.9557855129241943, 0.8831216096878052, 0.8059076070785522, 0.7665235996246338, 0.7298845052719116, 0.7135880589485168, 0.7193527221679688, 0.7499741315841675, 0.726462185382843, 0.6744306683540344, 0.6738733053207397, 0.6680365204811096, 0.6427753567695618, 0.710046112537384, 0.6455523371696472, 0.6186842918395996, 0.6166093945503235, 0.6203224062919617, 0.6252136826515198, 0.6165662407875061, 0.6091841459274292, 0.6267795562744141, 0.6001187562942505, 0.6368825435638428, 0.6167992353439331, 0.6625917553901672, 0.6089773178100586, 0.6344994306564331, 0.6157428622245789, 0.6115255951881409, 0.6438758373260498, 0.6327264308929443, 0.670875608921051, 0.646831750869751, 0.6443142294883728, 0.6465069651603699, 0.6769229769706726, 0.6319897174835205, 0.6877297759056091, 0.6272212266921997, 0.6421172022819519, 0.6629316210746765, 0.6250001788139343, 0.6266797780990601, 0.6611043810844421, 0.6519202589988708, 0.6533204913139343, 0.6572843790054321, 0.6602104902267456, 0.6638840436935425, 0.6859127879142761, 0.6689575910568237, 0.6950082182884216, 0.6785499453544617, 0.6619027853012085, 0.6779481768608093, 0.7618050575256348, 0.6911874413490295, 0.7160981893539429, 0.7050063014030457, 0.6745491623878479, 0.6809059977531433, 0.6930223107337952, 0.7033895254135132, 0.7579224109649658, 0.6933754682540894, 0.6970174908638, 0.7069755792617798, 0.7230468392372131, 0.7172896862030029, 0.7688283920288086, 0.7170994281768799, 0.7362263798713684, 0.7291826605796814, 0.7186933159828186, 0.7187902331352234, 0.7167119383811951, 0.7627068758010864, 0.7770517468452454, 1.0458236932754517, 0.7267031073570251, 0.7114115953445435, 0.7161675095558167, 0.7416907548904419, 0.7202563285827637, 0.7627610564231873, 0.7517277598381042, 0.7366133332252502, 0.7473580837249756, 0.7794256806373596, 0.7177724838256836, 0.7387930154800415, 0.747294008731842, 0.772062361240387, 0.7420020699501038, 0.9993256330490112, 0.7703641057014465, 0.7412147521972656, 0.7328354120254517],