{"loss": [0.7394227385520935, 0.37012723088264465, 0.22453603148460388, 0.17554281651973724, 0.13493478298187256, 0.11492568254470825, 0.09670837223529816, 0.08969440311193466, 0.07980670034885406, 0.0820610448718071, 0.06990208476781845, 0.05797187238931656, 0.05195455253124237, 0.051865074783563614, 0.06426675617694855, 0.050223931670188904, 0.05040985345840454, 0.0418822206556797, 0.03641073778271675, 0.031078342348337173, 0.03147495910525322, 0.045214951038360596, 0.035231608897447586, 0.02918357029557228, 0.020393839105963707, 0.017644261941313744, 0.026963431388139725, 0.06797271221876144, 0.03482946380972862, 0.027944698929786682, 0.020939592272043228, 0.01819036900997162, 0.018030906096100807, 0.0160616897046566, 0.008105197921395302, 0.00942830741405487, 0.01661890186369419, 0.032970137894153595, 0.02111201547086239, 0.013680508360266685, 0.01106959581375122, 0.009946589358150959, 0.02527572587132454, 0.021583758294582367, 0.006551429163664579, 0.010231689549982548, 0.005204848479479551, 0.00552086578682065, 0.011356516741216183, 0.015146087855100632, 0.015163477510213852, 0.02361297234892845, 0.01705097034573555, 0.010490723885595798, 0.008742181584239006, 0.00381074589677155, 0.0037738110404461622, 0.0014935978688299656, 0.0009205127716995776, 0.0006042346358299255, 0.0005134799866937101, 0.0004470093990676105, 0.000398577016312629, 0.0003576610761228949, 0.0003211432776879519, 0.00028867466608062387, 0.00025841197930276394, 0.00023922270338516682, 0.0002126667241100222, 0.00019589799921959639, 0.0001780632883310318, 0.00016346863412763923, 0.00014806143008172512, 0.00013673776993528008, 0.0001256582181667909, 0.00011577963596209884, 0.0001054234235198237, 9.788796160137281e-05, 8.866051939548925e-05, 8.128828631015494e-05, 7.523886597482488e-05, 6.976503937039524e-05, 6.327119626803324e-05, 5.822932507726364e-05, 5.7278193708043545e-05, 0.10908626765012741, 0.0460372231900692, 0.016598856076598167, 0.006183947436511517, 0.003602990647777915, 0.006288804113864899, 0.0024092020466923714, 0.0030520190484821796, 0.001643443712964654, 0.0008353094453923404, 0.0005973767838440835, 0.00048441835679113865, 0.00041260503348894417, 0.00036390856257639825, 0.0003153787401970476], "accuracy": [0.6992979049682617, 0.8635907769203186, 0.9239718914031982, 0.9348044395446777, 0.9512537717819214, 0.9596790075302124, 0.9667000770568848, 0.9640922546386719, 0.9701103568077087, 0.9673019051551819, 0.9749248027801514, 0.9797391891479492, 0.9845536351203918, 0.9817452430725098, 0.9777331948280334, 0.981945812702179, 0.9825476408004761, 0.9853560924530029, 0.9847542643547058, 0.9879639148712158, 0.9895687103271484, 0.985155463218689, 0.9887663125991821, 0.9899699091911316, 0.9923771023750305, 0.993781328201294, 0.991374135017395, 0.9799398183822632, 0.9893680810928345, 0.9895687103271484, 0.9941825270652771, 0.9943831562995911, 0.9933801293373108, 0.9959879517555237, 0.9985957741737366, 0.996990978717804, 0.9943831562995911, 0.9895687103271484, 0.9931795597076416, 0.9957873821258545, 0.99679034948349, 0.9977933764457703, 0.9925777316093445, 0.9935807585716248, 0.9987964034080505, 0.9959879517555237, 0.9987964034080505, 0.9981945753097534, 0.996990978717804, 0.9963891506195068, 0.9953861832618713, 0.9931795597076416, 0.9935807585716248, 0.996990978717804, 0.9975928068161011, 0.9993981719017029, 0.9991976022720337, 1.0, 1.0, 1.0, 1.0, 1.0, 1.0, 1.0, 1.0, 1.0, 1.0, 1.0, 1.0, 1.0, 1.0, 1.0, 1.0, 1.0, 1.0, 1.0, 1.0, 1.0, 1.0, 1.0, 1.0, 1.0, 1.0, 1.0, 1.0, 0.9636910557746887, 0.9805416464805603, 0.9943831562995911, 0.9989969730377197, 0.9995988011360168, 0.9983952045440674, 0.9995988011360168, 0.9993981719017029, 1.0, 1.0, 1.0, 1.0, 1.0, 1.0, 1.0], "val_loss": [0.6381595730781555, 0.48346057534217834, 0.45980358123779297, 0.44869154691696167, 0.3799525499343872, 0.49460935592651367, 0.43994849920272827, 0.4515576958656311, 0.45061805844306946, 0.4486754238605499, 0.4968779981136322, 0.47616076469421387, 0.4677991569042206, 0.47533082962036133, 0.4907972812652588, 0.5376158952713013, 0.5006962418556213, 0.5178497433662415, 0.5733258128166199, 0.5414957404136658, 0.5496650338172913, 0.4576265811920166, 0.51051265001297, 0.572388231754303, 0.5703673362731934, 0.5832329392433167, 0.6081244945526123, 0.4721607267856598, 0.4910743534564972, 0.4843384623527527, 0.5223545432090759, 0.5553454756736755, 0.5488235354423523, 0.5535728931427002, 0.5506112575531006, 0.6171166896820068, 0.5673576593399048, 0.5183799862861633, 0.5309640765190125, 0.548565149307251, 0.5852900743484497, 0.5830401182174683, 0.5610726475715637, 0.6058725714683533, 0.5664047002792358, 0.6022430062294006, 0.5996367335319519, 0.6107347011566162, 0.6125566959381104, 0.6167206168174744, 0.5300938487052917, 0.5297048091888428, 0.5553711652755737, 0.5827233195304871, 0.5800826549530029, 0.5764415264129639, 0.5879347324371338, 0.5930637717247009, 0.600835382938385, 0.6150983572006226, 0.6253959536552429, 0.6317102313041687, 0.6395969390869141, 0.6452190279960632, 0.6514093279838562, 0.6590471863746643, 0.6668105125427246, 0.6746537089347839, 0.6811400055885315, 0.6881930828094482, 0.692523717880249, 0.6987695693969727, 0.7060369253158569, 0.7130781412124634, 0.7196004986763, 0.728207528591156, 0.7316676378250122, 0.739569902420044, 0.7463396191596985, 0.7565498352050781, 0.7611207962036133, 0.7690125107765198, 0.7759832739830017, 0.7834962606430054, 0.7862557172775269, 0.5204359292984009, 0.483003705739975, 0.5729203820228577, 0.5475999712944031, 0.5718596577644348, 0.5759058594703674, 0.5915798544883728, 0.577137291431427, 0.5994681715965271, 0.6051182150840759, 0.6150074601173401, 0.621673047542572, 0.6323120594024658, 0.6377394199371338, 0.6440300941467285], "val_accuracy": [0.7448344826698303, 0.8254764080047607, 0.8375125527381897, 0.8485456109046936, 0.8712136149406433, 0.8493480682373047, 0.8537612557411194, 0.8563690781593323, 0.8605817556381226, 0.8678033947944641, 0.8533600568771362, 0.8659979701042175, 0.8607823252677917, 0.8609829545021057, 0.8633901476860046, 0.8549649119377136, 0.8635907769203186, 0.8623871803283691, 0.8517552614212036, 0.8613841533660889, 0.8639919757843018, 0.8710130453109741, 0.8605817556381226, 0.8573721051216125, 0.8672016263008118, 0.8688064217567444, 0.8467402458190918, 0.8639919757843018, 0.8728184700012207, 0.8782346844673157, 0.8710130453109741, 0.8716148734092712, 0.8764292597770691, 0.8702106475830078, 0.8780341148376465, 0.8623871803283691, 0.8742226958274841, 0.8774322867393494, 0.8764292597770691, 0.8728184700012207, 0.8716148734092712, 0.8637913465499878, 0.861985981464386, 0.8694082498550415, 0.8794383406639099, 0.8812437057495117, 0.8780341148376465, 0.8758274912834167, 0.8746238946914673, 0.8692076206207275, 0.8794383406639099, 0.8770310878753662, 0.8672016263008118, 0.876830518245697, 0.8786358833312988, 0.8814443349838257, 0.879237711429596, 0.8808425068855286, 0.8806419372558594, 0.8812437057495117, 0.8798395395278931, 0.8808425068855286, 0.8814443349838257, 0.8808425068855286, 0.8818455338478088, 0.8820461630821228, 0.8812437057495117, 0.8804413080215454, 0.8808425068855286, 0.8794383406639099, 0.8816449642181396, 0.8816449642181396, 0.8798395395278931, 0.8802407383918762, 0.8784353137016296, 0.8778334856033325, 0.8794383406639099, 0.879037082195282, 0.8796389102935791, 0.8778334856033325, 0.879037082195282, 0.8770310878753662, 0.8780341148376465, 0.8770310878753662, 0.8774322867393494, 0.8631895780563354, 0.8788365125656128, 0.8714142441749573, 0.879037082195282, 0.8776329159736633, 0.8814443349838257, 0.8780341148376465, 0.8798395395278931, 0.879037082195282, 0.8814443349838257, 0.8796389102935791, 0.8800401091575623, 0.879237711429596, 0.8788365125656128, 0.8782346844673157], "training_time": 206.2087917327881, "output_time": 0.07568960189819336}