{"loss": [1.0059319734573364, 0.7143126726150513, 0.5864879488945007, 0.49351152777671814, 0.4198668897151947, 0.36747950315475464, 0.32413747906684875, 0.29537859559059143, 0.27497950196266174, 0.24289579689502716, 0.23353329300880432, 0.2158905267715454, 0.19115592539310455, 0.17901292443275452, 0.17982980608940125, 0.15703612565994263, 0.15084455907344818, 0.142633855342865, 0.13662642240524292, 0.12692931294441223, 0.13210371136665344, 0.11702033877372742, 0.11225014179944992, 0.10730299353599548, 0.09686706960201263, 0.09145784378051758, 0.08709312975406647, 0.08114025741815567, 0.07368006557226181, 0.07416284829378128, 0.0736546516418457, 0.07747538387775421, 0.07816442847251892, 0.06407143920660019, 0.08821237832307816, 0.06722836196422577, 0.048566896468400955, 0.06272830069065094, 0.048414088785648346, 0.04662136361002922, 0.05753147602081299, 0.061215780675411224, 0.04504035413265228, 0.03909347206354141, 0.04493435472249985, 0.03255235031247139, 0.03594089671969414, 0.06235266476869583, 0.04050607606768608, 0.037698712199926376, 0.032358910888433456, 0.029233314096927643, 0.0433550663292408, 0.03286194056272507, 0.024246424436569214, 0.02712739259004593, 0.02590937726199627, 0.021918796002864838, 0.0363909974694252, 0.035878486931324005, 0.026068899780511856, 0.021161673590540886, 0.01648232527077198, 0.04547632485628128, 0.038935765624046326, 0.0236611757427454, 0.019572844728827477, 0.011784223839640617, 0.038916829973459244, 0.03892473876476288, 0.025510594248771667, 0.01327480934560299, 0.017371969297528267, 0.00942901335656643, 0.010007629171013832, 0.013801517896354198, 0.0337417908012867, 0.025380080565810204, 0.01751474291086197, 0.01477729994803667, 0.008531707338988781, 0.006497275549918413, 0.013983265496790409, 0.04540782794356346, 0.029548708349466324, 0.010130620561540127, 0.009382295422255993, 0.011215661652386189, 0.010278014466166496, 0.013170650228857994, 0.0138089032843709, 0.015318303368985653, 0.007657220587134361, 0.0109293507412076, 0.00705867912620306, 0.011698517948389053, 0.01978313736617565, 0.040008995682001114, 0.07489483803510666, 0.015596899203956127], "accuracy": [0.5667667388916016, 0.6976976990699768, 0.764564573764801, 0.8072072267532349, 0.8410410284996033, 0.862662672996521, 0.8828828930854797, 0.8964964747428894, 0.9013013243675232, 0.9151151180267334, 0.9209209084510803, 0.9199199080467224, 0.9329329133033752, 0.9371371269226074, 0.937337338924408, 0.9457457661628723, 0.9479479193687439, 0.9507507681846619, 0.9513513445854187, 0.9571571350097656, 0.9535535573959351, 0.9595595598220825, 0.9619619846343994, 0.9621621370315552, 0.9679679870605469, 0.9723723530769348, 0.970370352268219, 0.971771776676178, 0.9749749898910522, 0.9735735654830933, 0.9763763546943665, 0.9735735654830933, 0.9715715646743774, 0.9789789915084839, 0.9705705642700195, 0.9747747778892517, 0.9851852059364319, 0.9795795679092407, 0.9831832051277161, 0.9851852059364319, 0.9791792035102844, 0.9775775671005249, 0.9861862063407898, 0.9877877831459045, 0.9833833575248718, 0.9909909963607788, 0.9871872067451477, 0.9785785675048828, 0.9877877831459045, 0.9883883595466614, 0.9895895719528198, 0.990390419960022, 0.9859859943389893, 0.9913914203643799, 0.9933934211730957, 0.9927927851676941, 0.9921922087669373, 0.9947947859764099, 0.9883883595466614, 0.9885885715484619, 0.9925925731658936, 0.9931932091712952, 0.9969969987869263, 0.984184205532074, 0.9861862063407898, 0.9929929971694946, 0.9935935735702515, 0.9983984231948853, 0.9885885715484619, 0.9861862063407898, 0.9917917847633362, 0.9973974227905273, 0.9959959983825684, 0.9987987875938416, 0.9973974227905273, 0.9963964223861694, 0.9899899959564209, 0.9917917847633362, 0.9943944215774536, 0.9949949979782104, 0.9977977871894836, 0.9987987875938416, 0.9961962103843689, 0.984184205532074, 0.9901902079582214, 0.9975975751876831, 0.9971972107887268, 0.9975975751876831, 0.9975975751876831, 0.9963964223861694, 0.9953954219818115, 0.9957957863807678, 0.9977977871894836, 0.9969969987869263, 0.9991992115974426, 0.9959959983825684, 0.993793785572052, 0.9891892075538635, 0.9749749898910522, 0.9953954219818115], "val_loss": [0.8564615249633789, 0.7528685331344604, 0.6448993682861328, 0.6014817357063293, 0.5705232620239258, 0.5706906318664551, 0.5230718851089478, 0.5002050995826721, 0.5429837107658386, 0.5368186235427856, 0.5190669298171997, 0.521314799785614, 0.5072527527809143, 0.5154845714569092, 0.5050331950187683, 0.5200023651123047, 0.5092858672142029, 0.512943685054779, 0.5127801299095154, 0.5430729389190674, 0.544291615486145, 0.5229265093803406, 0.5380831360816956, 0.5607874989509583, 0.5749727487564087, 0.5670365691184998, 0.566110372543335, 0.5785136818885803, 0.571958601474762, 0.599208652973175, 0.606134295463562, 0.6080936193466187, 0.5944101214408875, 0.622215986251831, 0.5775597095489502, 0.5911543369293213, 0.6595249772071838, 0.605800211429596, 0.6695170998573303, 0.687925398349762, 0.6665205955505371, 0.6578900814056396, 0.647997260093689, 0.6154066920280457, 0.6314949989318848, 0.6577342748641968, 0.733158528804779, 0.665657103061676, 0.6352373957633972, 0.668788731098175, 0.6829479932785034, 0.7033999562263489, 0.6792301535606384, 0.6967098116874695, 0.7273772954940796, 0.7062258720397949, 0.7327598929405212, 0.7189936637878418, 0.8048937320709229, 0.7256024479866028, 0.7257584929466248, 0.7228679656982422, 0.7378785014152527, 0.7842599153518677, 0.7495793104171753, 0.7482298612594604, 0.7610750198364258, 0.7513239979743958, 0.8193880915641785, 0.7540178298950195, 0.7925376296043396, 0.7633969187736511, 0.723511278629303, 0.7511723637580872, 0.7655986547470093, 0.7765793204307556, 0.7891010642051697, 0.8005587458610535, 0.8025120496749878, 0.7962024211883545, 0.80485600233078, 0.8058902025222778, 0.7717675566673279, 0.821539580821991, 0.8209348917007446, 0.8497211933135986, 0.8178820610046387, 0.8562475442886353, 0.8227890133857727, 0.8347530364990234, 0.8584019541740417, 0.8452529907226562, 0.8953799605369568, 0.9026304483413696, 0.8628087043762207, 0.8457615971565247, 0.8902114033699036, 1.0880165100097656, 0.8113500475883484, 0.8020637035369873],