{"loss": [0.934912919998169, 0.49618595838546753, 0.32197046279907227, 0.25809329748153687, 0.2132778912782669, 0.1745651662349701, 0.15498147904872894, 0.14289480447769165, 0.12828722596168518, 0.11538498103618622, 0.12130311131477356, 0.09988611936569214, 0.09643571823835373, 0.10953568667173386, 0.08345647901296616, 0.08361441642045975, 0.07518678158521652, 0.07408866286277771, 0.0729198232293129, 0.06601086258888245, 0.06420521438121796, 0.05930843576788902, 0.06411301344633102, 0.05654645711183548, 0.05218559876084328, 0.07336306571960449, 0.056348856538534164, 0.048497945070266724, 0.042726024985313416, 0.04155108332633972, 0.03868634253740311, 0.0474829375743866, 0.03698964789509773, 0.0395919494330883, 0.03997030854225159, 0.03203713148832321, 0.039419226348400116, 0.030374890193343163, 0.02909344621002674, 0.02935897931456566, 0.03333991765975952, 0.0253160297870636, 0.02302156388759613, 0.02276303432881832, 0.0204838365316391, 0.01934954896569252, 0.02243328094482422, 0.022207753732800484, 0.024886492639780045, 0.028699180111289024, 0.021131524816155434, 0.015208682976663113, 0.011777989566326141, 0.014647059142589569, 0.012768629007041454, 0.014806142076849937, 0.018906325101852417, 0.02463345043361187, 0.05442327633500099, 0.023455798625946045, 0.011438998393714428, 0.008658593520522118, 0.016394658014178276, 0.010604425333440304, 0.012427093461155891, 0.007744860369712114, 0.006426863372325897, 0.006485877558588982, 0.005773968994617462, 0.007692352402955294, 0.02525007165968418, 0.04631001502275467, 0.016893403604626656, 0.012041701003909111, 0.0069856224581599236, 0.005339011549949646, 0.004835354629904032, 0.0035599633120000362, 0.004527327138930559, 0.009987522847950459, 0.005532079376280308, 0.009551715105772018, 0.005437839310616255, 0.020166167989373207, 0.03649467974901199, 0.01707429625093937, 0.007260690443217754, 0.004189350176602602, 0.004161484073847532, 0.0029571023769676685, 0.0022780136205255985, 0.002061834093183279, 0.0031140598002821207, 0.003416656516492367, 0.0025993618182837963, 0.003226903732866049, 0.00516901072114706, 0.030292192474007607, 0.05258838087320328, 0.013607058674097061], "accuracy": [0.6451807022094727, 0.8435742855072021, 0.9022088646888733, 0.91746985912323, 0.9297188520431519, 0.9429718852043152, 0.949999988079071, 0.9510040283203125, 0.9578313231468201, 0.9614458084106445, 0.9614458084106445, 0.9652610421180725, 0.9702811241149902, 0.9612450003623962, 0.9730923771858215, 0.9702811241149902, 0.9736948013305664, 0.9738956093788147, 0.9742971658706665, 0.9765059947967529, 0.9765059947967529, 0.9801204800605774, 0.9773092269897461, 0.9815260767936707, 0.9835341572761536, 0.9738956093788147, 0.9813253283500671, 0.9825301170349121, 0.9859437942504883, 0.9867469668388367, 0.9889557957649231, 0.9855421781539917, 0.9871485829353333, 0.9877510070800781, 0.98574298620224, 0.990963876247406, 0.9865461587905884, 0.9905622601509094, 0.9917670488357544, 0.990963876247406, 0.9889557957649231, 0.9933735132217407, 0.9923694729804993, 0.9937751293182373, 0.9949799180030823, 0.9949799180030823, 0.9937751293182373, 0.9925702810287476, 0.9929718971252441, 0.9905622601509094, 0.9925702810287476, 0.997389554977417, 0.9977911710739136, 0.9963855147361755, 0.9975903630256653, 0.9975903630256653, 0.9951807260513306, 0.9915662407875061, 0.983132541179657, 0.9915662407875061, 0.9979919791221619, 0.9991967678070068, 0.9955823421478271, 0.9981927871704102, 0.9967871308326721, 0.9995983839035034, 0.9987951517105103, 0.9993975758552551, 0.9997991919517517, 0.9983935952186584, 0.9917670488357544, 0.9833333492279053, 0.9953815340995789, 0.997389554977417, 0.9991967678070068, 0.9993975758552551, 0.9993975758552551, 1.0, 0.9991967678070068, 0.997389554977417, 0.9993975758552551, 0.9975903630256653, 0.9989959597587585, 0.9941766858100891, 0.9879518151283264, 0.9941766858100891, 0.9985944032669067, 0.9997991919517517, 0.9989959597587585, 0.9997991919517517, 1.0, 1.0, 0.9995983839035034, 0.9993975758552551, 0.9997991919517517, 0.9993975758552551, 0.9983935952186584, 0.9901606440544128, 0.9845381379127502, 0.9967871308326721], "val_loss": [0.7267940044403076, 0.5585629940032959, 0.5091606378555298, 0.47006723284721375, 0.4581596851348877, 0.45284131169319153, 0.45875081419944763, 0.4496099650859833, 0.4677213132381439, 0.4994392991065979, 0.4713723063468933, 0.4643688499927521, 0.5232117176055908, 0.47786736488342285, 0.4783530533313751, 0.5333309769630432, 0.5173473358154297, 0.48549264669418335, 0.5339530110359192, 0.5083367824554443, 0.5611634850502014, 0.5188122391700745, 0.5694396495819092, 0.5466791391372681, 0.5212138891220093, 0.5334640741348267, 0.5270711779594421, 0.5064168572425842, 0.5409826040267944, 0.5437909960746765, 0.55644291639328, 0.5426916480064392, 0.5437142252922058, 0.566612720489502, 0.5658310651779175, 0.646826982498169, 0.5788685083389282, 0.5648410320281982, 0.6550576090812683, 0.6846102476119995, 0.7481129169464111, 0.606700599193573, 0.730438768863678, 0.7092062830924988, 0.6560871601104736, 0.6996314525604248, 0.6679440140724182, 0.6306834816932678, 0.6844381093978882, 0.6458259224891663, 0.6491430401802063, 0.6789242625236511, 0.7610645294189453, 0.7156176567077637, 0.6915432214736938, 0.6881814002990723, 0.7198984622955322, 0.6720379590988159, 0.5626389384269714, 0.6249619126319885, 0.6247427463531494, 0.6267184615135193, 0.6658321619033813, 0.6688631772994995, 0.6707739233970642, 0.7116888761520386, 0.7182221412658691, 0.732752799987793, 0.7505825161933899, 0.7654682397842407, 0.6814464926719666, 0.6856824159622192, 0.6611853241920471, 0.6582873463630676, 0.7078695893287659, 0.7365254759788513, 0.7630789875984192, 0.789029598236084, 0.7999942898750305, 0.7270867824554443, 0.7513607740402222, 0.7850276231765747, 0.7676997184753418, 0.7717576622962952, 0.6188966631889343, 0.6382160186767578, 0.6870095729827881, 0.7076340317726135, 0.7277863621711731, 0.7387682795524597, 0.7504979968070984, 0.7746115922927856, 0.7685982584953308, 0.7770931124687195, 0.7876831293106079, 0.8102402687072754, 0.8622288107872009, 0.8975342512130737, 0.7458941340446472, 0.7445986866950989],