{"loss": [1.4111204147338867, 1.1548218727111816, 1.0551972389221191, 0.999521017074585, 0.9573333263397217, 0.9246158003807068, 0.8984646797180176, 0.8783536553382874, 0.8618844151496887, 0.8420925736427307, 0.8268846869468689, 0.8165237307548523, 0.8001183271408081, 0.7910136580467224, 0.7788028120994568, 0.770999014377594, 0.7567644119262695, 0.7471585273742676, 0.7421767115592957, 0.7347555160522461, 0.7268239855766296, 0.7140226364135742, 0.7060291767120361, 0.7010254859924316, 0.6919412016868591, 0.6855820417404175, 0.6751120686531067, 0.6686379313468933, 0.6558487415313721, 0.6475115418434143, 0.644221842288971, 0.6335892081260681, 0.6290088295936584, 0.6160165071487427, 0.6135345697402954, 0.6083086133003235, 0.5984786748886108, 0.6040871739387512, 0.5857933163642883, 0.585095226764679, 0.5829096436500549, 0.5727033019065857, 0.5722633600234985, 0.567305862903595, 0.5653204917907715, 0.562785804271698, 0.5568357706069946, 0.553754448890686, 0.5508436560630798, 0.5494663119316101, 0.5435035228729248, 0.5478964447975159, 0.5385740995407104, 0.534759521484375, 0.531440019607544, 0.5349941253662109, 0.5259122848510742, 0.5238287448883057, 0.5233892202377319, 0.5176844596862793, 0.5189839005470276, 0.5139294862747192, 0.518392026424408, 0.5165804028511047, 0.507086992263794, 0.5069272518157959, 0.5045042037963867, 0.5089802145957947, 0.5013550519943237, 0.497347891330719, 0.5089724659919739, 0.49864131212234497, 0.49278032779693604, 0.49282318353652954, 0.4899481534957886, 0.4896596372127533, 0.48934927582740784, 0.4941293001174927, 0.49478140473365784, 0.4945995807647705, 0.4835931658744812, 0.48316705226898193, 0.48324114084243774, 0.4871825575828552, 0.4784756898880005, 0.4756194055080414, 0.4690910577774048, 0.48216086626052856, 0.470389187335968, 0.4756787121295929, 0.4687277674674988, 0.4649811089038849, 0.46803155541419983, 0.4826531708240509, 0.4580274224281311, 0.46160659193992615, 0.4624667763710022, 0.4599430561065674, 0.4599095582962036, 0.45935580134391785], "accuracy": [0.4472472369670868, 0.5259259343147278, 0.5485485196113586, 0.5615615844726562, 0.5815815925598145, 0.5967968106269836, 0.6060060262680054, 0.6156156063079834, 0.6264263987541199, 0.637837827205658, 0.6428428292274475, 0.6496496200561523, 0.6670670509338379, 0.6666666865348816, 0.6702702641487122, 0.6778779029846191, 0.6840840578079224, 0.6934934854507446, 0.6918919086456299, 0.6940941214561462, 0.7045044898986816, 0.7087087035179138, 0.7175174951553345, 0.7169169187545776, 0.7219219207763672, 0.7259259223937988, 0.7319319248199463, 0.7395395636558533, 0.7431431412696838, 0.7437437176704407, 0.7475475668907166, 0.7559559345245361, 0.7529529333114624, 0.7633633613586426, 0.7625625729560852, 0.7629629373550415, 0.7711711525917053, 0.7663663625717163, 0.7779780030250549, 0.7773773670196533, 0.7713713645935059, 0.7787787914276123, 0.7809810042381287, 0.7773773670196533, 0.7787787914276123, 0.7829830050468445, 0.781381368637085, 0.7851851582527161, 0.7835835814476013, 0.787587583065033, 0.7869870066642761, 0.7849850058555603, 0.7933933734893799, 0.7953953742980957, 0.7995995879173279, 0.7931932210922241, 0.7991992235183716, 0.7967967987060547, 0.7983983755111694, 0.8008008003234863, 0.8002002239227295, 0.8008008003234863, 0.7981982231140137, 0.803403377532959, 0.804804801940918, 0.8020020127296448, 0.8038038015365601, 0.8020020127296448, 0.8094093799591064, 0.8078078031539917, 0.798999011516571, 0.8132132291793823, 0.8120120167732239, 0.811411440372467, 0.8128128051757812, 0.8130130171775818, 0.8150150179862976, 0.8122122287750244, 0.8106105923652649, 0.8092092275619507, 0.8164164423942566, 0.8144144415855408, 0.817217230796814, 0.8138138055801392, 0.8154154419898987, 0.8204204440116882, 0.8218218088150024, 0.817217230796814, 0.8250250220298767, 0.8214214444160461, 0.8178178071975708, 0.8238238096237183, 0.8192192316055298, 0.8090090155601501, 0.8258258104324341, 0.8248248100280762, 0.8228228092193604, 0.8226225972175598, 0.8242242336273193, 0.823423445224762], "val_loss": [1.222762942314148, 1.0979912281036377, 1.0322742462158203, 0.9959807395935059, 0.969739556312561, 0.951700747013092, 0.9348992705345154, 0.9251550436019897, 0.9040781259536743, 0.9029524922370911, 0.912685215473175, 0.8955063223838806, 0.8778387904167175, 0.8719978928565979, 0.8649945855140686, 0.8601679801940918, 0.857234001159668, 0.8579133749008179, 0.8500834703445435, 0.8420929908752441, 0.8372370600700378, 0.8344056010246277, 0.8296144604682922, 0.8238894939422607, 0.8134531378746033, 0.81914883852005, 0.8040482401847839, 0.803779661655426, 0.7999091148376465, 0.7997986674308777, 0.7907727956771851, 0.7849524617195129, 0.7758452892303467, 0.7777001261711121, 0.7941438555717468, 0.7776850461959839, 0.7777090668678284, 0.7760491967201233, 0.7652639746665955, 0.7674514651298523, 0.7579064965248108, 0.7687495946884155, 0.755771279335022, 0.7692788243293762, 0.761641800403595, 0.7534435987472534, 0.7586467862129211, 0.7507272958755493, 0.7728649973869324, 0.7564019560813904, 0.7453856468200684, 0.7535039186477661, 0.7523857951164246, 0.7611401081085205, 0.7447440028190613, 0.7382435202598572, 0.7484092712402344, 0.7413995265960693, 0.7580401301383972, 0.7600219249725342, 0.7441527247428894, 0.7479806542396545, 0.7489473819732666, 0.7441102862358093, 0.7416447401046753, 0.746740460395813, 0.7561109662055969, 0.7463118433952332, 0.7401189804077148, 0.7704221606254578, 0.7492552399635315, 0.7486996054649353, 0.7499726414680481, 0.7452433109283447, 0.7543510794639587, 0.7690508365631104, 0.7720239758491516, 0.7553524971008301, 0.7658863067626953, 0.7528790235519409, 0.7588401436805725, 0.7569217085838318, 0.7559356093406677, 0.7472745776176453, 0.7621892690658569, 0.7527653574943542, 0.7709490060806274, 0.7545980215072632, 0.7529608011245728, 0.7575429677963257, 0.7744387984275818, 0.7758666276931763, 0.7776191830635071, 0.7592985033988953, 0.761210024356842, 0.7582089304924011, 0.7785446047782898, 0.773163914680481, 0.7675436735153198, 0.7666680216789246],