{"loss": [0.9862085580825806, 0.7083712816238403, 0.5919374227523804, 0.5036885142326355, 0.4288550317287445, 0.37611448764801025, 0.34281232953071594, 0.3093845248222351, 0.29693904519081116, 0.25335630774497986, 0.24899350106716156, 0.2190641611814499, 0.20542338490486145, 0.19477301836013794, 0.18869124352931976, 0.17465513944625854, 0.14516356587409973, 0.14666450023651123, 0.14380864799022675, 0.13198526203632355, 0.12334007769823074, 0.12538091838359833, 0.11086361110210419, 0.10862141102552414, 0.11128415912389755, 0.08922383189201355, 0.0878337025642395, 0.07816671580076218, 0.07047056406736374, 0.07367848604917526, 0.07322279363870621, 0.06891836225986481, 0.11909928917884827, 0.06711452454328537, 0.10496531426906586, 0.054573457688093185, 0.05157933384180069, 0.04306740686297417, 0.035951342433691025, 0.0410124845802784, 0.04507434740662575, 0.04314175993204117, 0.04003321751952171, 0.06358632445335388, 0.07480250298976898, 0.03334430605173111, 0.033787380903959274, 0.050843194127082825, 0.061611469835042953, 0.026367291808128357, 0.015400017611682415, 0.015630146488547325, 0.017422955483198166, 0.03636005148291588, 0.08854556083679199, 0.07401061803102493, 0.020000925287604332, 0.013524245470762253, 0.01262318529188633, 0.01464079599827528, 0.010278485715389252, 0.019543057307600975, 0.04904773086309433, 0.058121275156736374, 0.020635556429624557, 0.018624529242515564, 0.016469547525048256, 0.014392634853720665, 0.08707394450902939, 0.03906190022826195, 0.0201115645468235, 0.011953931301832199, 0.00874799583107233, 0.012923025526106358, 0.005203897133469582, 0.0025137094780802727, 0.0018641543574631214, 0.0016375482082366943, 0.00145269138738513, 0.001365351490676403, 0.001262183184735477, 0.00113446987234056, 0.10614138096570969, 0.11736520379781723, 0.03834666311740875, 0.009391171857714653, 0.004771328065544367, 0.0031687039881944656, 0.0022028584498912096, 0.0018201698549091816, 0.001682740286923945, 0.0014726034132763743, 0.0013972842134535313, 0.0013072758447378874, 0.022873885929584503, 0.20615644752979279, 0.06274588406085968, 0.017317522317171097, 0.005547457840293646, 0.0026491847820580006], "accuracy": [0.5771771669387817, 0.6962962746620178, 0.7601601481437683, 0.8018018007278442, 0.8416416645050049, 0.8580580353736877, 0.8704704642295837, 0.8862862586975098, 0.8962963223457336, 0.912912905216217, 0.9115115404129028, 0.9235235452651978, 0.9237236976623535, 0.9295295476913452, 0.9353353381156921, 0.9365365505218506, 0.9503503441810608, 0.9489489197731018, 0.9463463425636292, 0.9525525569915771, 0.9595595598220825, 0.9547547698020935, 0.959359347820282, 0.9643643498420715, 0.959359347820282, 0.9687687754631042, 0.9695695638656616, 0.9743743538856506, 0.9783783555030823, 0.9751752018928528, 0.9745745658874512, 0.9781782031059265, 0.9589589834213257, 0.9769769906997681, 0.9631631374359131, 0.9817817807197571, 0.982782781124115, 0.9873873591423035, 0.9915915727615356, 0.9873873591423035, 0.9857857823371887, 0.9865865707397461, 0.9891892075538635, 0.9755755662918091, 0.9749749898910522, 0.9899899959564209, 0.9883883595466614, 0.9845845699310303, 0.9797797799110413, 0.9933934211730957, 0.9973974227905273, 0.9959959983825684, 0.9957957863807678, 0.9887887835502625, 0.9715715646743774, 0.9747747778892517, 0.9955955743789673, 0.9961962103843689, 0.9973974227905273, 0.9961962103843689, 0.9977977871894836, 0.9943944215774536, 0.9845845699310303, 0.9797797799110413, 0.9953954219818115, 0.9959959983825684, 0.9957957863807678, 0.9959959983825684, 0.9671671390533447, 0.9873873591423035, 0.995195209980011, 0.9973974227905273, 0.9983984231948853, 0.9971972107887268, 0.9991992115974426, 1.0, 1.0, 1.0, 1.0, 1.0, 1.0, 1.0, 0.9629629850387573, 0.9587587714195251, 0.9881882071495056, 0.9987987875938416, 0.9993994235992432, 1.0, 1.0, 1.0, 1.0, 1.0, 1.0, 1.0, 0.9931932091712952, 0.9323323369026184, 0.9787787795066833, 0.995195209980011, 0.9993994235992432, 1.0], "val_loss": [0.8399620056152344, 0.7741274237632751, 0.6517316102981567, 0.7259848117828369, 0.6350952982902527, 0.6436592936515808, 0.5814186930656433, 0.656480073928833, 0.6599365472793579, 0.588484525680542, 0.6192008852958679, 0.6224290728569031, 0.5600411295890808, 0.619167685508728, 0.6342320442199707, 0.621328592300415, 0.6538640856742859, 0.613564670085907, 0.6241476535797119, 0.6387453675270081, 0.6644983291625977, 0.6392438411712646, 0.6744781136512756, 0.677320659160614, 0.6899102330207825, 0.6864081025123596, 0.6840212941169739, 0.715890645980835, 0.7634202837944031, 0.7236753106117249, 0.7476941347122192, 0.8509331345558167, 0.7728608250617981, 0.755655825138092, 0.7237980365753174, 0.7754472494125366, 0.7903232574462891, 0.770257830619812, 0.7952312231063843, 0.8511956334114075, 0.81120365858078, 0.86146080493927, 0.8279874324798584, 0.8476831316947937, 0.7866894006729126, 0.8246251940727234, 0.8383352160453796, 0.8299928903579712, 0.8303037285804749, 0.8582522869110107, 0.8379142880439758, 0.8778583407402039, 0.90655118227005, 0.9397271275520325, 0.9249182939529419, 0.8851611614227295, 0.8411524891853333, 0.8737999796867371, 0.9142239093780518, 0.878812313079834, 0.8750402927398682, 0.9143893122673035, 0.879359245300293, 0.9157360196113586, 0.9726987481117249, 0.9378346800804138, 0.9519919157028198, 0.9054029583930969, 1.0199968814849854, 0.9041237235069275, 0.9259405136108398, 0.9343969821929932, 0.9109536409378052, 0.912635862827301, 0.9286481738090515, 0.9169872999191284, 0.9397369027137756, 0.9448516964912415, 0.9493253231048584, 0.9590673446655273, 0.964439332485199, 0.988088071346283, 1.0490862131118774, 0.9979093074798584, 0.912487804889679, 0.8792428970336914, 0.9179821610450745, 0.9180293679237366, 0.9197786450386047, 0.9472932815551758, 0.9470378756523132, 0.9618650078773499, 0.960718035697937, 0.9645204544067383, 1.226388931274414, 1.055031418800354, 0.9455549120903015, 0.8947261571884155, 0.8913723230361938, 0.9078965783119202], "val_accuracy": [0.6352352499961853, 0.6892892718315125, 0.7483483552932739, 0.7175174951553345, 0.7601601481437683, 0.7619619369506836, 0.7951952219009399, 0.774174153804779, 0.7637637853622437, 0.7917917966842651, 0.7849850058555603, 0.7905905842781067, 0.8132132291793823, 0.7951952219009399, 0.7981982231140137, 0.7959960103034973, 0.7961962223052979, 0.8128128051757812, 0.8016015887260437, 0.8064063787460327, 0.8018018007278442, 0.8134134411811829, 0.8100100159645081, 0.8084083795547485, 0.805205225944519, 0.8116115927696228, 0.8102102279663086, 0.8078078031539917, 0.7997997999191284, 0.8104104399681091, 0.8024023771286011, 0.7873873710632324, 0.8020020127296448, 0.804804801940918, 0.817217230796814, 0.8118118047714233, 0.8068068027496338, 0.8156155943870544, 0.8118118047714233, 0.8018018007278442, 0.8128128051757812, 0.7967967987060547, 0.8086085915565491, 0.8042042255401611, 0.8072072267532349, 0.8082082271575928, 0.8086085915565491, 0.8112112283706665, 0.8128128051757812, 0.8076075911521912, 0.8140140175819397, 0.8130130171775818, 0.8080080151557922, 0.8008008003234863, 0.7997997999191284, 0.8044043779373169, 0.8202202320098877, 0.8102102279663086, 0.8132132291793823, 0.8170170187950134, 0.8200200200080872, 0.8108108043670654, 0.8078078031539917, 0.8080080151557922, 0.7993993759155273, 0.8066065907478333, 0.8068068027496338, 0.816216230392456, 0.7889890074729919, 0.8084083795547485, 0.8120120167732239, 0.8122122287750244, 0.8176175951957703, 0.8166165947914124, 0.815815806388855, 0.8200200200080872, 0.8188188076019287, 0.8170170187950134, 0.8182182312011719, 0.8178178071975708, 0.8200200200080872, 0.8168168067932129, 0.7789790034294128, 0.7907907962799072, 0.8106105923652649, 0.8202202320098877, 0.817217230796814, 0.8178178071975708, 0.8192192316055298, 0.8194194436073303, 0.8194194436073303, 0.8198198080062866, 0.8202202320098877, 0.8204204440116882, 0.7667667865753174, 0.7871871590614319, 0.8014013767242432, 0.8208208084106445, 0.8216215968132019, 0.8216215968132019], "training_time": 230.75413846969604,