{"loss": [1.4926679134368896, 1.3449040651321411, 1.2606730461120605, 1.1921128034591675, 1.1385396718978882, 1.094982624053955, 1.059831142425537, 1.0309382677078247, 1.0070440769195557, 0.9858230352401733, 0.9683429598808289, 0.9529862999916077, 0.9382594227790833, 0.9249854683876038, 0.913974404335022, 0.9026347398757935, 0.8923837542533875, 0.8825863003730774, 0.8744913339614868, 0.8666092753410339, 0.8586435914039612, 0.851703941822052, 0.8434723019599915, 0.8376083374023438, 0.8312976956367493, 0.8254114985466003, 0.8194354772567749, 0.8137133121490479, 0.8083339333534241, 0.8039694428443909, 0.7979328036308289, 0.7938047051429749, 0.7890865802764893, 0.784934937953949, 0.7809821367263794, 0.7779040336608887, 0.7741571068763733, 0.7696465849876404, 0.7681499123573303, 0.763892650604248, 0.760240375995636, 0.7581697106361389, 0.7561342120170593, 0.7528839707374573, 0.7511134743690491, 0.7474589347839355, 0.7450657486915588, 0.7414916157722473, 0.7393265962600708, 0.7369890213012695, 0.7350078821182251, 0.7341179847717285, 0.7320272922515869, 0.730292022228241, 0.7290321588516235, 0.7261964082717896, 0.7237086892127991, 0.7218735814094543, 0.7212826609611511, 0.7198912501335144, 0.7180130481719971, 0.7162104845046997, 0.7145930528640747, 0.7140280604362488, 0.7123405337333679, 0.7112982869148254, 0.7099274396896362, 0.7087198495864868, 0.7064712643623352, 0.7043290138244629, 0.7045663595199585, 0.7043312788009644, 0.7013193368911743, 0.7010025978088379, 0.6998390555381775, 0.6998568773269653, 0.6985195875167847, 0.6977010369300842, 0.6975536942481995, 0.6965135931968689, 0.6947197318077087, 0.6945180296897888, 0.6934996247291565, 0.6920095086097717, 0.6905036568641663, 0.690272867679596, 0.6905369162559509, 0.6884632110595703, 0.6874271631240845, 0.6873529553413391, 0.686385452747345, 0.6865105628967285, 0.6844472885131836, 0.6835355162620544, 0.6833211779594421, 0.6816514730453491, 0.6809979677200317, 0.680384635925293, 0.6798045635223389, 0.6794096827507019], "accuracy": [0.3988797664642334, 0.4352870583534241, 0.4484896957874298, 0.48889777064323425, 0.5043008327484131, 0.5131025910377502, 0.5189037919044495, 0.5317063331604004, 0.5391077995300293, 0.5419083833694458, 0.5501100420951843, 0.5535107254981995, 0.5643128752708435, 0.5673134922981262, 0.5699139833450317, 0.5791158080101013, 0.5833166837692261, 0.5943188667297363, 0.5981196165084839, 0.6025205254554749, 0.6027205586433411, 0.6105220913887024, 0.6181236505508423, 0.6185237169265747, 0.6231245994567871, 0.6265252828598022, 0.6261252164840698, 0.6363272666931152, 0.6357271671295166, 0.6371273994445801, 0.6395279169082642, 0.6413282752037048, 0.6431286334991455, 0.6509301662445068, 0.651130199432373, 0.6565313339233398, 0.651130199432373, 0.6577315330505371, 0.6559311747550964, 0.6591318249702454, 0.6613322496414185, 0.6601320505142212, 0.660932183265686, 0.6671334505081177, 0.6621324419975281, 0.6621324419975281, 0.6659331917762756, 0.670734167098999, 0.6699339747428894, 0.6711342334747314, 0.670734167098999, 0.6699339747428894, 0.6703340411186218, 0.6723344922065735, 0.676135241985321, 0.6757351756095886, 0.6751350164413452, 0.6795359253883362, 0.6747349500656128, 0.679135799407959, 0.6771354079246521, 0.6781356334686279, 0.6815363168716431, 0.6795359253883362, 0.6813362836837769, 0.6805360913276672, 0.6823364496231079, 0.6823364496231079, 0.6825364828109741, 0.6897379755973816, 0.6821364164352417, 0.6841368079185486, 0.6843368411064148, 0.6863372921943665, 0.6877375245094299, 0.6891378164291382, 0.6881376504898071, 0.6861371994018555, 0.6841368079185486, 0.6893378496170044, 0.6895378828048706, 0.6875374913215637, 0.6895378828048706, 0.6895378828048706, 0.6897379755973816, 0.6893378496170044, 0.6905381083488464, 0.6923384666442871, 0.6929385662078857, 0.690138041973114, 0.6951390504837036, 0.6891378164291382, 0.6937387585639954, 0.6935387253761292, 0.6945388913154602, 0.6935387253761292, 0.6965392827987671, 0.6961392164230347, 0.6961392164230347, 0.695539116859436], "val_loss": [1.3970988988876343, 1.2953752279281616, 1.2265132665634155, 1.1695725917816162, 1.1258748769760132, 1.0928081274032593, 1.0652812719345093, 1.0455644130706787, 1.025478482246399, 1.0091602802276611, 0.9970992207527161, 0.9845592975616455, 0.9748632311820984, 0.9658150672912598, 0.9561967253684998, 0.9472165703773499, 0.9398534297943115, 0.9336370229721069, 0.9270386099815369, 0.9220016002655029, 0.9222798943519592, 0.9169028401374817, 0.9085187315940857, 0.905568540096283, 0.9019278287887573, 0.89800626039505, 0.8938605189323425, 0.8872018456459045, 0.8847208023071289, 0.8829551935195923, 0.8807339668273926, 0.8802183270454407, 0.8760672211647034, 0.8783707618713379, 0.8714327812194824, 0.8677548766136169, 0.8688148856163025, 0.8649994730949402, 0.863433837890625, 0.861611008644104, 0.8626883625984192, 0.8605806231498718, 0.8668697476387024, 0.8605815172195435, 0.8585097193717957, 0.8543910980224609, 0.8598571419715881, 0.858186662197113, 0.8536508083343506, 0.8560724854469299, 0.8596565127372742, 0.8559357523918152, 0.8522104620933533, 0.8474280834197998, 0.8481332063674927, 0.8507589101791382, 0.8515657186508179, 0.8516597151756287, 0.8523361086845398, 0.8541086316108704, 0.8481637835502625, 0.8589116334915161, 0.8592419624328613, 0.8510076999664307, 0.8521179556846619, 0.8537579774856567, 0.856955885887146, 0.8558287024497986, 0.8573117256164551, 0.8506808876991272, 0.8518117666244507, 0.8507105708122253, 0.8560184836387634, 0.8545050621032715, 0.8539363145828247, 0.848035454750061, 0.8510876297950745, 0.8544881939888, 0.8581282496452332, 0.8529741168022156, 0.8515529036521912, 0.8539174795150757, 0.8520107269287109, 0.8599011898040771, 0.8515552878379822, 0.8529674410820007, 0.8520573377609253, 0.8577501773834229, 0.8494281768798828, 0.8581568598747253, 0.845924437046051, 0.8543322086334229, 0.8518262505531311, 0.8428890109062195, 0.84857577085495, 0.847108781337738, 0.8519362807273865, 0.8547794222831726, 0.8589003682136536, 0.8446109890937805],