{"loss": [1.4043318033218384, 1.2056174278259277, 1.1156854629516602, 1.0503100156784058, 0.9990155100822449, 0.9584189057350159, 0.9252307415008545, 0.8987483382225037, 0.8750180006027222, 0.8561880588531494, 0.8392833471298218, 0.823930025100708, 0.8115865588188171, 0.7985721826553345, 0.7862153053283691, 0.7771932482719421, 0.7660151720046997, 0.7560585737228394, 0.7468737363815308, 0.7384563088417053, 0.7306231260299683, 0.7250354886054993, 0.7155121564865112, 0.7097722291946411, 0.7014334201812744, 0.6953481435775757, 0.6870145201683044, 0.6817705035209656, 0.6761233806610107, 0.6716782450675964, 0.6668261289596558, 0.6604711413383484, 0.6549179553985596, 0.6513673067092896, 0.6518126130104065, 0.6437768936157227, 0.6401134729385376, 0.6378365755081177, 0.6355170011520386, 0.6285036206245422, 0.6251428127288818, 0.6221399307250977, 0.6180086135864258, 0.6140853762626648, 0.6118334531784058, 0.6101542711257935, 0.6060177087783813, 0.6030715703964233, 0.599772036075592, 0.5966120362281799, 0.593170166015625, 0.5913689732551575, 0.5882093906402588, 0.5847665071487427, 0.5831107497215271, 0.578995943069458, 0.5768933296203613, 0.573544442653656, 0.5720575451850891, 0.5683160424232483, 0.565911591053009, 0.5631322264671326, 0.5608713626861572, 0.5572050213813782, 0.5567044615745544, 0.5525296330451965, 0.5519698262214661, 0.5486112236976624, 0.5456594824790955, 0.545750617980957, 0.542458713054657, 0.5390250086784363, 0.5365568399429321, 0.5385069251060486, 0.5353354811668396, 0.5313668847084045, 0.5277721881866455, 0.5277323126792908, 0.5242050886154175, 0.52242112159729, 0.5220297574996948, 0.5198786854743958, 0.518443763256073, 0.5146589279174805, 0.517835795879364, 0.5106923580169678, 0.5074570178985596, 0.5091343522071838, 0.5088703632354736, 0.5055040717124939, 0.5033879280090332, 0.5015499591827393, 0.49974325299263, 0.49813511967658997, 0.4993440806865692, 0.49480509757995605, 0.4963681697845459, 0.493190199136734, 0.4960588216781616, 0.48911887407302856], "accuracy": [0.42505502700805664, 0.5241144895553589, 0.537922739982605, 0.5463277697563171, 0.5579347610473633, 0.5745447278022766, 0.5919551849365234, 0.6075645685195923, 0.6247748732566833, 0.6319791674613953, 0.6435861587524414, 0.6521913409233093, 0.6549929976463318, 0.6587952971458435, 0.6692014932632446, 0.6694016456604004, 0.678607165813446, 0.680208146572113, 0.6866119503974915, 0.6884130239486694, 0.6924154758453369, 0.7010205984115601, 0.7020212411880493, 0.7032219171524048, 0.7086251974105835, 0.711226761341095, 0.7152291536331177, 0.7164298295974731, 0.7192315459251404, 0.7190313935279846, 0.7244346737861633, 0.7280368208885193, 0.732039213180542, 0.733640193939209, 0.731839120388031, 0.7372423410415649, 0.7368420958518982, 0.7430458068847656, 0.7420452237129211, 0.7382429242134094, 0.7466480135917664, 0.7452471256256104, 0.7518510818481445, 0.7478486895561218, 0.756053626537323, 0.7554532885551453, 0.755853533744812, 0.754052460193634, 0.7534520626068115, 0.7562537789344788, 0.7618570923805237, 0.7600560188293457, 0.7666599750518799, 0.7634580731391907, 0.7678607106208801, 0.7710626125335693, 0.7682609558105469, 0.7724635004997253, 0.7752651572227478, 0.776465892791748, 0.7754652500152588, 0.7756654024124146, 0.7822693586349487, 0.7814688682556152, 0.7840704321861267, 0.7842705845832825, 0.7840704321861267, 0.7804682850837708, 0.7932759523391724, 0.7890734672546387, 0.7886732220649719, 0.7914748787879944, 0.7906743884086609, 0.7918751239776611, 0.7944766879081726, 0.7982789874076843, 0.7952771782875061, 0.7984790802001953, 0.7980788350105286, 0.8008805513381958, 0.7992795705795288, 0.8002801537513733, 0.8038823008537292, 0.8028817176818848, 0.802281379699707, 0.8078847527503967, 0.8120872378349304, 0.8070842623710632, 0.809285581111908, 0.8084850907325745, 0.8116869926452637, 0.8130878806114197, 0.8112867474555969, 0.8114868998527527, 0.8110866546630859, 0.8106864094734192, 0.8146888017654419, 0.8166900277137756, 0.8132879734039307, 0.8162897825241089], "val_loss": [1.2807687520980835, 1.1674953699111938, 1.1059918403625488, 1.0514240264892578, 1.0133858919143677, 0.9858177304267883, 0.9639995694160461, 0.9450669288635254, 0.9345219731330872, 0.9259780645370483, 0.9112287759780884, 0.9112587571144104, 0.9010268449783325, 0.8945443630218506, 0.8898565769195557, 0.8844580054283142, 0.8758740425109863, 0.8711134791374207, 0.8666179180145264, 0.8597151637077332, 0.8588903546333313, 0.8506383299827576, 0.8490009903907776, 0.8433204293251038, 0.8469078540802002, 0.8390628099441528, 0.8400567770004272, 0.8386587500572205, 0.8313016295433044, 0.8310109972953796, 0.8263847231864929, 0.8325920104980469, 0.8287789225578308, 0.8318027853965759, 0.8248981833457947, 0.8205351829528809, 0.8220230937004089, 0.82806795835495, 0.8140223026275635, 0.8104979991912842, 0.8164907693862915, 0.8151390552520752, 0.8151809573173523, 0.8128809332847595, 0.8073901534080505, 0.8119218945503235, 0.8220309019088745, 0.8014618158340454, 0.8095500469207764, 0.8048325777053833, 0.8079444766044617, 0.805887758731842, 0.7950015664100647, 0.7935839891433716, 0.7976823449134827, 0.7986039519309998, 0.7902175188064575, 0.8005957007408142, 0.7907458543777466, 0.7881746292114258, 0.7883545756340027, 0.7817279100418091, 0.7856446504592896, 0.7762146592140198, 0.7824813723564148, 0.7854872941970825, 0.7809458374977112, 0.7882538437843323, 0.7773522734642029, 0.7875414490699768, 0.7818118929862976, 0.7844406962394714, 0.7854849696159363, 0.7937533855438232, 0.7748851180076599, 0.7745261192321777, 0.7764424085617065, 0.7785893082618713, 0.7807677388191223, 0.7741823792457581, 0.7789313197135925, 0.771826446056366, 0.7771642208099365, 0.7862849831581116, 0.7867403626441956, 0.7791057229042053, 0.7828459739685059, 0.7787560820579529, 0.7773415446281433, 0.7743551731109619, 0.7953459620475769, 0.7714024782180786, 0.7779073715209961, 0.7756853103637695, 0.7740370631217957, 0.7865017056465149, 0.7732886075973511, 0.7769901752471924, 0.7718102335929871, 0.7780768871307373],