{"loss": [1.0907692909240723, 0.8103691339492798, 0.6927438378334045, 0.6159563660621643, 0.5536420941352844, 0.5055670738220215, 0.45601335167884827, 0.42755842208862305, 0.39405500888824463, 0.36983129382133484, 0.3391686975955963, 0.3182838559150696, 0.293142706155777, 0.2946292459964752, 0.27091512084007263, 0.26016107201576233, 0.23777520656585693, 0.22805143892765045, 0.21812205016613007, 0.21045394241809845, 0.20871129631996155, 0.18899478018283844, 0.2053304761648178, 0.18187618255615234, 0.1746000349521637, 0.16781149804592133, 0.1559572070837021, 0.1471027433872223, 0.14362415671348572, 0.13515476882457733, 0.13046054542064667, 0.13558553159236908, 0.1488523781299591, 0.1205630674958229, 0.22223502397537231, 0.11060036718845367, 0.10180722922086716, 0.10371062904596329, 0.09744098037481308, 0.09804454445838928, 0.09318137168884277, 0.1036037728190422, 0.08439849317073822, 0.09129606187343597, 0.10516735911369324, 0.0724288821220398, 0.08082261681556702, 0.07798465341329575, 0.07925208657979965, 0.07880088686943054, 0.08108516037464142, 0.062415216118097305, 0.06764543801546097, 0.06864265352487564, 0.1261032670736313, 0.0800522044301033, 0.06277448683977127, 0.06095724180340767, 0.06575686484575272, 0.061344314366579056, 0.04335407540202141, 0.053664639592170715, 0.055142760276794434, 0.045689888298511505, 0.049824122339487076, 0.043621525168418884, 0.053966742008924484, 0.055986594408750534, 0.04482743516564369, 0.0407843254506588, 0.036487556993961334, 0.043126873672008514, 0.053123973309993744, 0.04007350653409958, 0.03546464070677757, 0.05039669945836067, 0.04848172515630722, 0.05088229104876518, 0.0406765341758728, 0.026528289541602135, 0.019037120044231415, 0.03427761793136597, 0.05081215128302574, 0.026112893596291542, 0.021755287423729897, 0.02134714461863041, 0.022810673341155052, 0.15541501343250275, 0.05271168425679207, 0.01917451061308384, 0.013338286429643631, 0.013263620436191559, 0.016981231048703194, 0.02169821411371231, 0.017753178253769875, 0.012804110534489155, 0.01941106654703617, 0.03762517496943474, 0.03922053053975105, 0.03248252719640732], "accuracy": [0.5405405163764954, 0.6576576828956604, 0.7109109163284302, 0.7501501441001892, 0.7825825810432434, 0.8076075911521912, 0.826826810836792, 0.8420420289039612, 0.857857882976532, 0.8640640377998352, 0.8790791034698486, 0.8844844698905945, 0.8948948979377747, 0.8920921087265015, 0.9041041135787964, 0.9065064787864685, 0.9171171188354492, 0.9207206964492798, 0.9241241216659546, 0.925325334072113, 0.9285285472869873, 0.9333333373069763, 0.9227226972579956, 0.932532548904419, 0.9397397637367249, 0.9379379153251648, 0.9467467665672302, 0.9489489197731018, 0.9501501321792603, 0.953153133392334, 0.9547547698020935, 0.9515515565872192, 0.9481481313705444, 0.9565565586090088, 0.9257256984710693, 0.9615615606307983, 0.965965986251831, 0.964164137840271, 0.9671671390533447, 0.9683683514595032, 0.9697697758674622, 0.9661661386489868, 0.9727727770805359, 0.9681681394577026, 0.9649649858474731, 0.9787787795066833, 0.9749749898910522, 0.9741742014884949, 0.9755755662918091, 0.9729729890823364, 0.9715715646743774, 0.9793793559074402, 0.9775775671005249, 0.9761762022972107, 0.9569569826126099, 0.973173201084137, 0.9817817807197571, 0.9805805683135986, 0.9791792035102844, 0.9795795679092407, 0.9881882071495056, 0.9837837815284729, 0.981381356716156, 0.9879879951477051, 0.9859859943389893, 0.9883883595466614, 0.982782781124115, 0.9817817807197571, 0.9863863587379456, 0.9899899959564209, 0.9897897839546204, 0.9871872067451477, 0.9821822047233582, 0.987587571144104, 0.9893893599510193, 0.9837837815284729, 0.9849849939346313, 0.9823823571205139, 0.9863863587379456, 0.9931932091712952, 0.9965965747833252, 0.9901902079582214, 0.9845845699310303, 0.9931932091712952, 0.995195209980011, 0.9941942095756531, 0.9935935735702515, 0.9443443417549133, 0.9843843579292297, 0.9965965747833252, 0.998598575592041, 0.9971972107887268, 0.9963964223861694, 0.9941942095756531, 0.9957957863807678, 0.9973974227905273, 0.9953954219818115, 0.987587571144104, 0.9877877831459045, 0.9895895719528198], "val_loss": [0.9202865958213806, 0.8462823033332825, 0.7490079402923584, 0.7415024638175964, 0.696259081363678, 0.6854389905929565, 0.6672601699829102, 0.6622036695480347, 0.7141964435577393, 0.6855206489562988, 0.6665878891944885, 0.6601954698562622, 0.6693410873413086, 0.6491338610649109, 0.6200672388076782, 0.6518190503120422, 0.6487417817115784, 0.6395031809806824, 0.6908361911773682, 0.7187898755073547, 0.6603246927261353, 0.6526839137077332, 0.709036111831665, 0.6851658225059509, 0.7005937695503235, 0.6998083591461182, 0.6870273351669312, 0.7176948189735413, 0.7293387055397034, 0.7652991414070129, 0.7415241599082947, 0.7283682823181152, 0.7301063537597656, 0.8228276968002319, 0.6987019181251526, 0.7138621211051941, 0.7789252400398254, 0.7402139902114868, 0.7571800947189331, 0.7472438216209412, 0.7825948596000671, 0.7720034718513489, 0.78282231092453, 0.8735791444778442, 0.7912114858627319, 0.7911990880966187, 0.8319113850593567, 0.8253660202026367, 0.8323675394058228, 0.8495560884475708, 0.8247185945510864, 0.8504368662834167, 0.8390774726867676, 0.9241253137588501, 0.858299195766449, 0.8543687462806702, 0.8896374106407166, 0.9310750365257263, 0.8803058862686157, 0.8680634498596191, 0.9089374542236328, 1.0028327703475952, 0.9266526103019714, 0.9539222717285156, 0.9789000153541565, 0.9731525182723999, 0.9366862773895264, 0.9584338068962097, 0.9800118207931519, 0.9772814512252808, 0.9541029334068298, 0.9852263331413269, 1.0146172046661377, 1.0220930576324463, 1.0287572145462036, 0.9981781840324402, 0.9972941875457764, 1.0316317081451416, 0.9827658534049988, 1.0056008100509644, 1.0379894971847534, 1.0874427556991577, 1.073512077331543, 1.0614324808120728, 1.0332950353622437, 1.0766056776046753, 1.1090528964996338, 1.01215398311615, 1.0253591537475586, 1.031808614730835, 1.0590415000915527, 1.0968888998031616, 1.099971890449524, 1.0615578889846802, 1.0930787324905396, 1.101990818977356, 1.1747424602508545, 1.1772494316101074, 1.1216201782226562, 1.1765073537826538],