{"loss": [1.4019708633422852, 1.2161047458648682, 1.1299965381622314, 1.064271330833435, 1.0148845911026, 0.9765190482139587, 0.9467279314994812, 0.9229162335395813, 0.9025269746780396, 0.8846648931503296, 0.8673087954521179, 0.8526792526245117, 0.8382083773612976, 0.8235659599304199, 0.8103684186935425, 0.7981864213943481, 0.7874863147735596, 0.7756547927856445, 0.7654659152030945, 0.7552568912506104, 0.7453847527503967, 0.7366464138031006, 0.7273546457290649, 0.7190077900886536, 0.710581362247467, 0.7027313113212585, 0.6950852870941162, 0.6873869299888611, 0.6798810362815857, 0.6732527613639832, 0.6673552393913269, 0.6620590090751648, 0.6563898921012878, 0.6524412035942078, 0.6462863087654114, 0.6421842575073242, 0.6368986368179321, 0.6329128742218018, 0.6298518776893616, 0.6262515187263489, 0.6216531991958618, 0.6191492676734924, 0.6160475611686707, 0.6117854118347168, 0.609950065612793, 0.6065223813056946, 0.6048898696899414, 0.5991044044494629, 0.5980086326599121, 0.5933007597923279, 0.5918805003166199, 0.5898294448852539, 0.5878699421882629, 0.585734486579895, 0.5838800072669983, 0.5790399312973022, 0.5765712857246399, 0.5746659636497498, 0.573071300983429, 0.5730627775192261, 0.5686342716217041, 0.5668635964393616, 0.5651431679725647, 0.5627829432487488, 0.5620660185813904, 0.5599745512008667, 0.5573453903198242, 0.5559614896774292, 0.5548533201217651, 0.5519766211509705, 0.5495814085006714, 0.5495156049728394, 0.5477470755577087, 0.5451149940490723, 0.5443815588951111, 0.5426763296127319, 0.5415800213813782, 0.5400451421737671, 0.538226306438446, 0.5357915163040161, 0.5344028472900391, 0.5328035354614258, 0.530387818813324, 0.529552698135376, 0.5283937454223633, 0.5260635614395142, 0.5248251557350159, 0.5233989953994751, 0.5239046216011047, 0.5221773386001587, 0.5204833149909973, 0.5199106931686401, 0.5191687941551208, 0.5160801410675049, 0.5144842863082886, 0.51353919506073, 0.5125458836555481, 0.5117622017860413, 0.5094700455665588, 0.5097986459732056], "accuracy": [0.45929184556007385, 0.5115023255348206, 0.5283056497573853, 0.5441088080406189, 0.5591118335723877, 0.5729146003723145, 0.5769153833389282, 0.5883176922798157, 0.5979195833206177, 0.6035206913948059, 0.6149230003356934, 0.6165233254432678, 0.6229245662689209, 0.6345269083976746, 0.6439287662506104, 0.6497299671173096, 0.6495299339294434, 0.6613322496414185, 0.6741348505020142, 0.6713342666625977, 0.679135799407959, 0.6899380087852478, 0.6967393755912781, 0.6993398666381836, 0.7069413661956787, 0.710742175579071, 0.7169433832168579, 0.7213442921638489, 0.7271454334259033, 0.7297459244728088, 0.7341468334197998, 0.7341468334197998, 0.7373474836349487, 0.739747941493988, 0.7341468334197998, 0.7419483661651611, 0.7419483661651611, 0.7455490827560425, 0.7459492087364197, 0.7485496997833252, 0.7515503168106079, 0.7533506751060486, 0.7501500248908997, 0.7571514248847961, 0.7555510997772217, 0.7545509338378906, 0.7587517499923706, 0.7595518827438354, 0.7627525329589844, 0.7639527916908264, 0.7667533755302429, 0.7663532495498657, 0.7679535746574402, 0.7695538997650146, 0.7723544836044312, 0.7719544172286987, 0.7757551670074463, 0.7721544504165649, 0.7729545831680298, 0.774354875087738, 0.7747549414634705, 0.7797559499740601, 0.7761552333831787, 0.7835566997528076, 0.7787557244300842, 0.778555691242218, 0.782956600189209, 0.7813562750816345, 0.7849569916725159, 0.7819563746452332, 0.7831566333770752, 0.7853570580482483, 0.7843568921089172, 0.7853570580482483, 0.78395676612854, 0.7873574495315552, 0.7893579006195068, 0.7889577746391296, 0.7893579006195068, 0.7901580333709717, 0.7899580001831055, 0.7939587831497192, 0.7949590086936951, 0.7939587831497192, 0.7935587167739868, 0.7957591414451599, 0.7953590750694275, 0.799159824848175, 0.798159658908844, 0.7989597916603088, 0.798159658908844, 0.7995598912239075, 0.7973594665527344, 0.7999600172042847, 0.8007601499557495, 0.7995598912239075, 0.8015602827072144, 0.803560733795166, 0.8033607006072998, 0.8051610589027405], "val_loss": [1.2759848833084106, 1.1764169931411743, 1.1041717529296875, 1.0513352155685425, 1.014631748199463, 0.9873549938201904, 0.9705891609191895, 0.9517261981964111, 0.9325052499771118, 0.9185796976089478, 0.9070749878883362, 0.898729145526886, 0.890015721321106, 0.8774212598800659, 0.8713376522064209, 0.8653345108032227, 0.8578492999076843, 0.8471056222915649, 0.8468826413154602, 0.8362840414047241, 0.8316423296928406, 0.8214656710624695, 0.818975567817688, 0.8158867955207825, 0.8091712594032288, 0.8034220337867737, 0.8007455468177795, 0.7995325922966003, 0.7894225120544434, 0.7888851761817932, 0.7859864234924316, 0.7825785279273987, 0.7788034081459045, 0.7790533900260925, 0.7734028697013855, 0.7735890746116638, 0.7704377174377441, 0.7760688662528992, 0.7671871781349182, 0.7658211588859558, 0.766853928565979, 0.759033739566803, 0.7601406574249268, 0.760469377040863, 0.7532921433448792, 0.7573250532150269, 0.751069962978363, 0.7573528289794922, 0.7535421848297119, 0.7485623955726624, 0.7515763640403748, 0.7492968440055847, 0.7475566864013672, 0.748920202255249, 0.7444708347320557, 0.7509844899177551, 0.7445628643035889, 0.7455785870552063, 0.7381308078765869, 0.7370163798332214, 0.7349706888198853, 0.745590329170227, 0.734154224395752, 0.7416868805885315, 0.7430998682975769, 0.7348124980926514, 0.7365829944610596, 0.7386327385902405, 0.7412034273147583, 0.7299590706825256, 0.7314825057983398, 0.7321197986602783, 0.727799654006958, 0.7302039861679077, 0.7298328280448914, 0.7293931841850281, 0.7310780882835388, 0.7298424243927002, 0.7268911600112915, 0.7258970737457275, 0.7311437726020813, 0.7277575731277466, 0.7240738272666931, 0.7356322407722473, 0.725041925907135, 0.7293352484703064, 0.724687933921814, 0.7203523516654968, 0.7223935127258301, 0.7255685925483704, 0.722448468208313, 0.7233747243881226, 0.7223831415176392, 0.7185350656509399, 0.7207327485084534, 0.7190613150596619, 0.7309963703155518, 0.7199611067771912, 0.7262890338897705, 0.7239217162132263],