{"loss": [1.012230634689331, 0.6396636366844177, 0.43738189339637756, 0.28838735818862915, 0.2223755419254303, 0.18224656581878662, 0.15863433480262756, 0.14109866321086884, 0.12770339846611023, 0.12465402483940125, 0.1087707132101059, 0.09961658716201782, 0.09476954489946365, 0.08978939801454544, 0.08790884166955948, 0.08677918463945389, 0.07556602358818054, 0.0719311535358429, 0.07793973386287689, 0.06590043008327484, 0.061675865203142166, 0.0556357204914093, 0.05913378298282623, 0.05068051069974899, 0.05031590536236763, 0.05277545005083084, 0.04379694536328316, 0.042253218591213226, 0.04312162846326828, 0.041349273175001144, 0.037748612463474274, 0.04170927777886391, 0.03727533295750618, 0.05418603867292404, 0.058635346591472626, 0.034109313040971756, 0.03065829537808895, 0.029388071969151497, 0.030512552708387375, 0.024328716099262238, 0.02602756954729557, 0.04274307191371918, 0.024884646758437157, 0.02360239438712597, 0.02080068364739418, 0.019833238795399666, 0.028090598061680794, 0.020882336422801018, 0.01825702376663685, 0.019061723724007607, 0.028133459389209747, 0.021029837429523468, 0.016463935375213623, 0.014230023138225079, 0.01680438220500946, 0.013923279009759426, 0.030548010021448135, 0.01621556282043457, 0.011877055279910564, 0.013811166398227215, 0.010832227766513824, 0.011438525281846523, 0.017412180081009865, 0.013840695843100548, 0.02737537957727909, 0.010514943860471249, 0.01037141215056181, 0.0071756476536393166, 0.006312496494501829, 0.007136845961213112, 0.007193433586508036, 0.01027845311909914, 0.036230675876140594, 0.02842434123158455, 0.018424365669488907, 0.008807598613202572, 0.00538433576002717, 0.0044442699290812016, 0.0038869716227054596, 0.004998164717108011, 0.00680767185986042, 0.00818665511906147, 0.006712774746119976, 0.004911819007247686, 0.004563468042761087, 0.006887268275022507, 0.02000032551586628, 0.04442604258656502, 0.00901199970394373, 0.009410924278199673, 0.011046897619962692, 0.003180737840011716, 0.002615929814055562, 0.0023057537619024515, 0.0020298443268984556, 0.0018750642193481326, 0.004045718815177679, 0.0055520059540867805, 0.016358064487576485, 0.03589187189936638], "accuracy": [0.5973895788192749, 0.7698795199394226, 0.8632529973983765, 0.9114457964897156, 0.9303212761878967, 0.9441767334938049, 0.9477911591529846, 0.952610433101654, 0.9586345553398132, 0.9574297070503235, 0.9644578099250793, 0.9666666388511658, 0.9700803160667419, 0.9686747193336487, 0.9696786999702454, 0.9698795080184937, 0.9734939932823181, 0.9757028222084045, 0.9708835482597351, 0.9787148833274841, 0.9787148833274841, 0.9815260767936707, 0.9819276928901672, 0.981726884841919, 0.9835341572761536, 0.9813253283500671, 0.9859437942504883, 0.9861446022987366, 0.9861446022987366, 0.9851405620574951, 0.9889557957649231, 0.9863454103469849, 0.9877510070800781, 0.9811245203018188, 0.9797188639640808, 0.9901606440544128, 0.9897590279579163, 0.990963876247406, 0.989558219909668, 0.9933735132217407, 0.9917670488357544, 0.9855421781539917, 0.9929718971252441, 0.9933735132217407, 0.9943774938583374, 0.9943774938583374, 0.9919678568840027, 0.9941766858100891, 0.9963855147361755, 0.9951807260513306, 0.9907630681991577, 0.994779109954834, 0.9955823421478271, 0.9971887469291687, 0.9965863227844238, 0.9967871308326721, 0.9899598360061646, 0.9959839582443237, 0.9975903630256653, 0.9971887469291687, 0.9983935952186584, 0.997389554977417, 0.994779109954834, 0.9965863227844238, 0.990963876247406, 0.9977911710739136, 0.9971887469291687, 0.9987951517105103, 1.0, 0.9985944032669067, 0.9995983839035034, 0.997389554977417, 0.988353431224823, 0.989558219909668, 0.9941766858100891, 0.9971887469291687, 0.9997991919517517, 0.9995983839035034, 1.0, 0.9995983839035034, 0.9981927871704102, 0.9985944032669067, 0.9983935952186584, 0.9993975758552551, 0.9989959597587585, 0.9985944032669067, 0.9919678568840027, 0.9841365218162537, 0.9981927871704102, 0.997389554977417, 0.9977911710739136, 0.9997991919517517, 1.0, 1.0, 1.0, 1.0, 0.9995983839035034, 0.9983935952186584, 0.9955823421478271, 0.9865461587905884], "val_loss": [0.7881476879119873, 0.6331609487533569, 0.4682893753051758, 0.44686856865882874, 0.3943363428115845, 0.3723301291465759, 0.3618168830871582, 0.37248557806015015, 0.3826281428337097, 0.40064531564712524, 0.3749695420265198, 0.3984575867652893, 0.4070425033569336, 0.4603043496608734, 0.466390460729599, 0.4296487271785736, 0.4445366859436035, 0.4312242567539215, 0.42028969526290894, 0.4277540445327759, 0.46759799122810364, 0.4606611132621765, 0.43887925148010254, 0.43267822265625, 0.6671549677848816, 0.45497071743011475, 0.4948606789112091, 0.4980427920818329, 0.5468963384628296, 0.511356770992279, 0.541823148727417, 0.5229641795158386, 0.4997914135456085, 0.504233181476593, 0.5057987570762634, 0.4998321831226349, 0.5116432309150696, 0.5442926287651062, 0.5234379172325134, 0.5841584801673889, 0.5627267360687256, 0.5215563178062439, 0.5290852785110474, 0.529591977596283, 0.5599544048309326, 0.5964956283569336, 0.6500391364097595, 0.5616904497146606, 0.5951877236366272, 0.5950639843940735, 0.6021660566329956, 0.5915895104408264, 0.5994035005569458, 0.604873538017273, 0.6326307058334351, 0.7084769010543823, 0.6725828051567078, 0.6358227133750916, 0.6454451680183411, 0.6866958141326904, 0.6540151238441467, 0.707031786441803, 0.6610327363014221, 0.7096580862998962, 0.6581243276596069, 0.7105947732925415, 0.6307195425033569, 0.6514126062393188, 0.6560496091842651, 0.6809514164924622, 0.6830368041992188, 0.6906201243400574, 0.6917544603347778, 0.6926411986351013, 0.6831039786338806, 0.6755996346473694, 0.6855028867721558, 0.688987135887146, 0.6966145634651184, 0.7103070020675659, 0.7140859961509705, 0.7535597681999207, 0.7336658239364624, 0.7500413060188293, 0.7884953022003174, 0.8628994226455688, 0.8312355875968933, 0.6970139741897583, 0.6776458024978638, 0.6708084344863892, 0.6787241101264954, 0.6957181096076965, 0.6922569870948792, 0.7014214396476746, 0.7096051573753357, 0.725748598575592, 0.7436494827270508, 0.7651724219322205, 0.7309552431106567, 0.7265827655792236],