{"loss": [0.6284562945365906, 0.24458955228328705, 0.16991442441940308, 0.13116905093193054, 0.11302594840526581, 0.11699914187192917, 0.08828625828027725, 0.0767257958650589, 0.06973636895418167, 0.0658828541636467, 0.06747566908597946, 0.05585718899965286, 0.0574427992105484, 0.04882446303963661, 0.051766425371170044, 0.048794932663440704, 0.05436449497938156, 0.040065210312604904, 0.046942248940467834, 0.03715438395738602, 0.030020860955119133, 0.03182660788297653, 0.027131695300340652, 0.0208717230707407, 0.029021810740232468, 0.0378703847527504, 0.023712797090411186, 0.018614530563354492, 0.018025338649749756, 0.01724344864487648, 0.021983083337545395, 0.04425625130534172, 0.05063724145293236, 0.034583769738674164, 0.015007635578513145, 0.015489703044295311, 0.014532624743878841, 0.01233153510838747, 0.007842290215194225, 0.00933463778346777, 0.010219166986644268, 0.005118451546877623, 0.005414553452283144, 0.04638705030083656, 0.029597923159599304, 0.013456355780363083, 0.0066379364579916, 0.006713975686579943, 0.004793793428689241, 0.004825514275580645, 0.0030972883105278015, 0.0021445464808493853, 0.002756432630121708, 0.009939727373421192, 0.03594803065061569, 0.0359470471739769, 0.013666188344359398, 0.005330684129148722, 0.007800018414855003, 0.004779982380568981, 0.002678929129615426, 0.0015895800897851586, 0.0013798931613564491, 0.002255620900541544, 0.000978750758804381, 0.0021449015475809574, 0.007232088595628738, 0.007939474657177925, 0.02760002389550209, 0.027326706796884537, 0.028914764523506165, 0.011226058006286621, 0.00399421202018857, 0.001977061154320836, 0.0014185602776706219, 0.0009640627540647984, 0.0007642655400559306, 0.00065169099252671, 0.0006143273785710335, 0.0005230196984484792, 0.00047941188677214086, 0.0004317886778153479, 0.0003838067059405148, 0.0003513641422614455, 0.0003347145102452487, 0.0002920500992331654, 0.00028021409525536, 0.010074430145323277, 0.054118432104587555, 0.033975448459386826, 0.01798178441822529, 0.0067940629087388515, 0.00300625991076231, 0.001563473604619503, 0.00107514054980129, 0.0008402546518482268, 0.0007266081520356238, 0.0006878203712403774, 0.0005568846827372909, 0.0004926115507259965], "accuracy": [0.7431451678276062, 0.91411292552948, 0.9421371221542358, 0.948387086391449, 0.9568548202514648, 0.9576612710952759, 0.9671370983123779, 0.9705645442008972, 0.97661292552948, 0.9729838967323303, 0.9741935729980469, 0.9778226017951965, 0.9778226017951965, 0.9830645322799683, 0.9806451797485352, 0.9810484051704407, 0.9810484051704407, 0.9846774339675903, 0.9830645322799683, 0.9866935610771179, 0.9901209473609924, 0.9899193644523621, 0.9903225898742676, 0.9933467507362366, 0.9897177219390869, 0.9858871102333069, 0.991330623626709, 0.9937499761581421, 0.9949596524238586, 0.9943548440933228, 0.992943525314331, 0.9838709831237793, 0.9822580814361572, 0.9885080456733704, 0.9959677457809448, 0.9967741966247559, 0.9951612949371338, 0.9973790049552917, 0.999193549156189, 0.9979838728904724, 0.9967741966247559, 0.9987903237342834, 0.9983870983123779, 0.9848790168762207, 0.98830646276474, 0.9955645203590393, 0.9989919066429138, 0.9987903237342834, 0.9993951320648193, 0.999193549156189, 0.9993951320648193, 0.9995967745780945, 0.9995967745780945, 0.9979838728904724, 0.9860886931419373, 0.9885080456733704, 0.9959677457809448, 0.9993951320648193, 0.9973790049552917, 0.999193549156189, 0.9995967745780945, 0.9997983574867249, 0.9997983574867249, 0.9993951320648193, 1.0, 0.9993951320648193, 0.9971774220466614, 0.9971774220466614, 0.9917338490486145, 0.990524172782898, 0.9899193644523621, 0.9967741966247559, 0.9995967745780945, 1.0, 1.0, 1.0, 1.0, 1.0, 1.0, 1.0, 1.0, 1.0, 1.0, 1.0, 1.0, 1.0, 1.0, 0.9973790049552917, 0.981249988079071, 0.9885080456733704, 0.9935483932495117, 0.9981854557991028, 0.9995967745780945, 1.0, 1.0, 1.0, 1.0, 1.0, 1.0, 1.0], "val_loss": [0.7012714743614197, 0.5307449102401733, 0.5142309069633484, 0.49371829628944397, 0.48240041732788086, 0.46297886967658997, 0.48660340905189514, 0.4712907373905182, 0.5087116956710815, 0.5006574392318726, 0.5878839492797852, 0.4566175043582916, 0.4814285337924957, 0.6354532837867737, 0.5683465600013733, 0.5885491967201233, 0.5590711236000061, 0.5685654878616333, 0.527684211730957, 0.6274684071540833, 0.6630343794822693, 0.6262432336807251, 0.6185386180877686, 0.6766970753669739, 0.6244614720344543, 0.5914769768714905, 0.7962455749511719, 0.7682406306266785, 0.8057421445846558, 0.6556810736656189, 0.7293351292610168, 0.612446129322052, 0.7005915641784668, 0.6841520667076111, 0.7160111665725708, 0.724036455154419, 0.7450208067893982, 0.7474631667137146, 0.7798255681991577, 0.7126834392547607, 0.739601194858551, 0.7645533680915833, 0.8018141984939575, 0.6544280648231506, 0.6199029088020325, 0.6048556566238403, 0.6683477759361267, 0.6767460703849792, 0.683794379234314, 0.725699245929718, 0.692387044429779, 0.7249148488044739, 0.7286460399627686, 0.8349098563194275, 0.7621232271194458, 0.7545564770698547, 0.7748011350631714, 0.7541505098342896, 0.7702158689498901, 0.7940725684165955, 0.7989936470985413, 0.8220987319946289, 0.8093007802963257, 0.8175129294395447, 0.8330455422401428, 0.8397037386894226, 0.8458701968193054, 0.8119245767593384, 0.7717818021774292, 0.6793410778045654, 0.7140079140663147, 0.6483468413352966, 0.7130274772644043, 0.741474986076355, 0.7657192945480347, 0.7713074684143066, 0.7848147749900818, 0.8020608425140381, 0.8187941312789917, 0.8241403102874756, 0.8270830512046814, 0.836157500743866, 0.8536155223846436, 0.8618524074554443, 0.8658875226974487, 0.8761084079742432, 0.8934166431427002, 0.9388369917869568, 0.6560660600662231, 0.6294918060302734, 0.6769605278968811, 0.6766483783721924, 0.7155742049217224, 0.7139801383018494, 0.7282316088676453, 0.738930881023407, 0.7499929070472717, 0.7552505731582642, 0.7609955072402954, 0.7741022109985352], "val_accuracy": [0.7469757795333862, 0.8209677338600159, 0.84375, 0.8574596643447876, 0.84375, 0.8689516186714172, 0.8643144965171814, 0.8665322661399841, 0.8681451678276062, 0.8735886812210083, 0.8502016067504883, 0.875806450843811, 0.8721774220466614, 0.8556451797485352, 0.8695564270019531, 0.8602822422981262, 0.8677419424057007, 0.8530241847038269, 0.8754032254219055, 0.8631048202514648, 0.8651209473609924, 0.8600806593894958, 0.8729838728904724, 0.8687499761581421, 0.867943525314331, 0.8701612949371338, 0.8491935729980469, 0.8528226017951965, 0.8423386812210083, 0.8643144965171814, 0.8598790168762207, 0.8639112710952759, 0.8205645084381104, 0.8600806593894958, 0.8618951439857483, 0.8608871102333069, 0.8667338490486145, 0.8627015948295593, 0.8622983694076538, 0.8657258152961731, 0.8620967864990234, 0.8631048202514648, 0.8616935610771179, 0.86330646276474, 0.8681451678276062, 0.8745967745780945, 0.8711693286895752, 0.8707661032676697, 0.8711693286895752, 0.8661290407180786, 0.8762096762657166, 0.8729838728904724, 0.8695564270019531, 0.8657258152961731, 0.8614919185638428, 0.8639112710952759, 0.8681451678276062, 0.875, 0.8715725541114807, 0.8715725541114807, 0.8717741966247559, 0.8691532015800476, 0.8756048679351807, 0.8727822303771973, 0.8731854557991028, 0.8707661032676697, 0.8689516186714172, 0.8727822303771973, 0.8733870983123779, 0.8778225779533386, 0.8764113187789917, 0.8856855034828186, 0.8810483813285828, 0.8794354796409607, 0.8772177696228027, 0.8766129016876221, 0.8770161271095276, 0.8747983574867249, 0.8743951320648193, 0.8760080933570862, 0.875806450843811, 0.8756048679351807, 0.874193549156189, 0.8737903237342834, 0.8739919066429138, 0.874193549156189, 0.8721774220466614, 0.8491935729980469, 0.8582661151885986, 0.8760080933570862, 0.8826612830162048, 0.8796371221542358, 0.8766129016876221, 0.875806450843811, 0.875806450843811, 0.8762096762657166, 0.875, 0.8770161271095276, 0.8780242204666138, 0.8762096762657166], "training_time": 227.0925624370575, "output_time": 0.07644829750061036}