{"loss": [1.1199984550476074, 0.8512712717056274, 0.7343267798423767, 0.655419647693634, 0.5819336175918579, 0.5228509902954102, 0.4708985984325409, 0.4244946241378784, 0.3861387372016907, 0.3531281054019928, 0.3251473009586334, 0.2967624366283417, 0.27764955163002014, 0.262302964925766, 0.25113892555236816, 0.2339039295911789, 0.2224203497171402, 0.2100023627281189, 0.20136861503124237, 0.19355687499046326, 0.1889188438653946, 0.17263135313987732, 0.16996149718761444, 0.16394688189029694, 0.1574760526418686, 0.14844772219657898, 0.14212025701999664, 0.13528434932231903, 0.13285821676254272, 0.12694495916366577, 0.12619824707508087, 0.11941278725862503, 0.11862125992774963, 0.10905388742685318, 0.12309180200099945, 0.10373169928789139, 0.10164561867713928, 0.0962781310081482, 0.09037967026233673, 0.09718942642211914, 0.08799610286951065, 0.08320846408605576, 0.07948574423789978, 0.08889743685722351, 0.08209783583879471, 0.07245085388422012, 0.07159462571144104, 0.06709758937358856, 0.0675373524427414, 0.060854267328977585, 0.06481002271175385, 0.05667208507657051, 0.05664358288049698, 0.09822285175323486, 0.056317225098609924, 0.053988222032785416, 0.05065513029694557, 0.05261356383562088, 0.058154601603746414, 0.04487437382340431, 0.04054545611143112, 0.045224666595458984, 0.04190480336546898, 0.0759950503706932, 0.04205463081598282, 0.039935264736413956, 0.04658906161785126, 0.03303210064768791, 0.05326687917113304, 0.03383714705705643, 0.038227397948503494, 0.03174208477139473, 0.033279187977313995, 0.029797760769724846, 0.03302772715687752, 0.04441177472472191, 0.037771787494421005, 0.02507162280380726, 0.024128256365656853, 0.023431383073329926, 0.02276071347296238, 0.024776970967650414, 0.060506485402584076, 0.022790681570768356, 0.01977468468248844, 0.017447443678975105, 0.024729859083890915, 0.04230516403913498, 0.024845900014042854, 0.019636746495962143, 0.022670665755867958, 0.02511640451848507, 0.028717508539557457, 0.025547776371240616, 0.01812245137989521, 0.04237532988190651, 0.018607987090945244, 0.01452504564076662, 0.020371215417981148, 0.011229947209358215], "accuracy": [0.5231231451034546, 0.6422422528266907, 0.6968969106674194, 0.7289289236068726, 0.7663663625717163, 0.7977977991104126, 0.8266265988349915, 0.8448448181152344, 0.8684684634208679, 0.8788788914680481, 0.8858858942985535, 0.8980981111526489, 0.9059059023857117, 0.9127126932144165, 0.9157156944274902, 0.9181181192398071, 0.925325334072113, 0.9289289116859436, 0.9337337613105774, 0.935935914516449, 0.9343343377113342, 0.9453453421592712, 0.9433433413505554, 0.9443443417549133, 0.946946918964386, 0.9503503441810608, 0.9527527689933777, 0.9577577710151672, 0.9539539813995361, 0.9575575590133667, 0.9561561346054077, 0.9613613486289978, 0.9635635614395142, 0.9611611366271973, 0.9577577710151672, 0.9675675630569458, 0.9651651382446289, 0.9691691398620605, 0.9727727770805359, 0.9661661386489868, 0.9741742014884949, 0.9733733534812927, 0.9753753542900085, 0.970370352268219, 0.973173201084137, 0.9781782031059265, 0.9763763546943665, 0.9799799919128418, 0.9785785675048828, 0.9821822047233582, 0.9797797799110413, 0.9809809923171997, 0.9817817807197571, 0.9671671390533447, 0.9831832051277161, 0.9845845699310303, 0.9845845699310303, 0.984184205532074, 0.9811812043190002, 0.9865865707397461, 0.9887887835502625, 0.9871872067451477, 0.9881882071495056, 0.9735735654830933, 0.9877877831459045, 0.9883883595466614, 0.9867867827415466, 0.990390419960022, 0.9849849939346313, 0.9891892075538635, 0.9877877831459045, 0.9909909963607788, 0.9911912083625793, 0.9905905723571777, 0.988988995552063, 0.9859859943389893, 0.9871872067451477, 0.9939939975738525, 0.9943944215774536, 0.9939939975738525, 0.9941942095756531, 0.9949949979782104, 0.9811812043190002, 0.9941942095756531, 0.9965965747833252, 0.9957957863807678, 0.9939939975738525, 0.9883883595466614, 0.9927927851676941, 0.9953954219818115, 0.9927927851676941, 0.9931932091712952, 0.9911912083625793, 0.9927927851676941, 0.995195209980011, 0.984184205532074, 0.9965965747833252, 0.9969969987869263, 0.9939939975738525, 0.9987987875938416], "val_loss": [0.953816294670105, 0.8397281765937805, 0.7684116363525391, 0.7192761301994324, 0.6834352612495422, 0.6800298690795898, 0.6510646343231201, 0.6037853360176086, 0.6310538649559021, 0.5771218538284302, 0.5730007886886597, 0.5674811601638794, 0.5600774884223938, 0.5373989343643188, 0.5557129979133606, 0.5666651725769043, 0.5593104958534241, 0.5351595282554626, 0.5533164739608765, 0.5629456043243408, 0.566788911819458, 0.5696924328804016, 0.5793402791023254, 0.5917847752571106, 0.581699788570404, 0.6284481883049011, 0.594968855381012, 0.6199100613594055, 0.6274276971817017, 0.6512563824653625, 0.6357057094573975, 0.6526708006858826, 0.6363146305084229, 0.6620780825614929, 0.6313257217407227, 0.6654407382011414, 0.7195116281509399, 0.6998346447944641, 0.692783772945404, 0.6893893480300903, 0.6796738505363464, 0.6848279237747192, 0.7038602232933044, 0.6780822277069092, 0.719200849533081, 0.7069540619850159, 0.7324839234352112, 0.7250095009803772, 0.7166208624839783, 0.7559170126914978, 0.7746145725250244, 0.7711310386657715, 0.7614873051643372, 0.8040889501571655, 0.794430136680603, 0.7859288454055786, 0.8084964156150818, 0.8015730977058411, 0.803446888923645, 0.7847943902015686, 0.8078948259353638, 0.8455924391746521, 0.8359402418136597, 0.8597073554992676, 0.809334933757782, 0.8462529182434082, 0.8526210784912109, 0.8471493124961853, 0.8923596739768982, 0.8461406826972961, 0.8705700635910034, 0.858684778213501, 0.8704423308372498, 0.8843355178833008, 0.9007400870323181, 0.915653645992279, 0.8813502788543701, 0.9103662371635437, 0.9465369582176208, 0.9278576374053955, 0.9466076493263245, 0.9782534241676331, 0.9567580223083496, 0.957485020160675, 0.9454162120819092, 0.9498443007469177, 0.9277971386909485, 0.9828079342842102, 0.9284281134605408, 1.0226809978485107, 0.9766587018966675, 0.9938626885414124, 0.9968098998069763, 1.0103981494903564, 1.028752326965332, 1.0176665782928467, 1.008095383644104, 1.0266098976135254, 0.9814357161521912, 1.069809913635254],