{"loss": [1.3159562349319458, 0.9993285536766052, 0.8724778890609741, 0.7816222906112671, 0.7300556898117065, 0.66722571849823, 0.6177119016647339, 0.5788998007774353, 0.5600164532661438, 0.5057958960533142, 0.4824240803718567, 0.4744897484779358, 0.4232821464538574, 0.41565847396850586, 0.4001750349998474, 0.3744741380214691, 0.35877981781959534, 0.38380736112594604, 0.3378146290779114, 0.3447195887565613, 0.31071898341178894, 0.3015456199645996, 0.3318997919559479, 0.29392489790916443, 0.280203253030777, 0.3086960017681122, 0.290720671415329, 0.2998759150505066, 0.2904910445213318, 0.2753385603427887, 0.2620052993297577, 0.24663181602954865, 0.23594723641872406, 0.2435559332370758, 0.25975501537323, 0.23072561621665955, 0.2290567308664322, 0.22443276643753052, 0.21433615684509277, 0.24071167409420013, 0.2182067632675171, 0.2155359536409378, 0.19622066617012024, 0.20541509985923767, 0.2047048956155777, 0.3837848901748657, 0.20314399898052216, 0.1997060328722, 0.1953008621931076, 0.18078173696994781, 0.17934103310108185, 0.2007356882095337, 0.19436824321746826, 0.20252786576747894, 0.17795537412166595, 0.1851133406162262, 0.2019501030445099, 0.2733933925628662, 0.18722182512283325, 0.31368279457092285, 0.1821155697107315, 0.1686062067747116, 0.17126499116420746, 0.16366960108280182, 0.15850743651390076, 0.16364338994026184, 0.20713138580322266, 0.19854018092155457, 0.16744861006736755, 0.16646338999271393, 0.16707760095596313, 0.16937533020973206, 0.19722092151641846, 0.21151888370513916, 0.15658122301101685, 0.18439888954162598, 0.159647136926651, 0.1579815000295639, 0.2737894654273987, 0.16491170227527618, 0.1641630083322525, 0.14976845681667328, 0.14259251952171326, 0.14449213445186615, 0.14026033878326416, 0.14090195298194885, 0.14079245924949646, 0.16996754705905914, 0.2661740481853485, 0.31173473596572876, 0.17717115581035614, 0.1517743021249771, 0.14016057550907135, 0.13574771583080292, 0.13925385475158691, 0.13370175659656525, 0.181320458650589, 0.16766677796840668, 0.1359027475118637, 0.14657224714756012], "accuracy": [0.44417670369148254, 0.5831325054168701, 0.6391566395759583, 0.6879518032073975, 0.7098393440246582, 0.7359437942504883, 0.7570281028747559, 0.7801204919815063, 0.7937750816345215, 0.8160642385482788, 0.8279116749763489, 0.8305220603942871, 0.8534136414527893, 0.8592369556427002, 0.863654613494873, 0.87469881772995, 0.8807228803634644, 0.8706827163696289, 0.8853413462638855, 0.8839357495307922, 0.896787166595459, 0.8977911472320557, 0.8857429623603821, 0.9030120372772217, 0.9060240983963013, 0.8957831263542175, 0.904618501663208, 0.9024096131324768, 0.9066265225410461, 0.9090361595153809, 0.9114457964897156, 0.9192771315574646, 0.924096405506134, 0.9198794960975647, 0.9108433723449707, 0.924096405506134, 0.9230923652648926, 0.9265060424804688, 0.930522084236145, 0.9222891330718994, 0.9255020022392273, 0.9309237003326416, 0.9379518032073975, 0.9309237003326416, 0.9321284890174866, 0.8843373656272888, 0.9325301051139832, 0.9343373775482178, 0.9365462064743042, 0.9411646723747253, 0.9401606321334839, 0.933132529258728, 0.9355421662330627, 0.9329317212104797, 0.9405622482299805, 0.9377509951591492, 0.9315261244773865, 0.9126505851745605, 0.9403614401817322, 0.9064257144927979, 0.940963864326477, 0.9435743093490601, 0.9435743093490601, 0.9429718852043152, 0.947389543056488, 0.9445782899856567, 0.9311245083808899, 0.9349397420883179, 0.9463855624198914, 0.9449799060821533, 0.9459839463233948, 0.9411646723747253, 0.9367470145225525, 0.930522084236145, 0.9518072009086609, 0.9363453984260559, 0.9459839463233948, 0.9487951993942261, 0.9152610301971436, 0.9427710771560669, 0.9429718852043152, 0.9502007961273193, 0.952610433101654, 0.9552208781242371, 0.952610433101654, 0.9534136652946472, 0.9560241103172302, 0.9443774819374084, 0.9263052344322205, 0.9062249064445496, 0.9457831382751465, 0.9516064524650574, 0.9556224942207336, 0.9570280909538269, 0.9566265344619751, 0.9570280909538269, 0.9417670965194702, 0.9445782899856567, 0.9566265344619751, 0.9510040283203125], "val_loss": [1.0801665782928467, 0.9608440399169922, 0.8689528703689575, 0.8088127970695496, 0.7703650593757629, 0.7379411458969116, 0.725143313407898, 0.6913050413131714, 0.6794553399085999, 0.6808619499206543, 0.6453986167907715, 0.6706658601760864, 0.6651499271392822, 0.620292067527771, 0.624578058719635, 0.6604521870613098, 0.5827050805091858, 0.605838418006897, 0.605814516544342, 0.57825767993927, 0.599844753742218, 0.5847724080085754, 0.5836858153343201, 0.5688309669494629, 0.6228172779083252, 0.5586313009262085, 0.5900681018829346, 0.6293292045593262, 0.5947054624557495, 0.5774968862533569, 0.5760278105735779, 0.5923689603805542, 0.6472889184951782, 0.63421231508255, 0.5616572499275208, 0.6257129311561584, 0.6245085597038269, 0.6649189591407776, 0.5977305173873901, 0.5858646631240845, 0.6181898713111877, 0.6194536685943604, 0.6396108865737915, 0.5725421905517578, 0.8663052320480347, 0.5942581295967102, 0.5913887619972229, 0.6004177927970886, 0.5704318284988403, 0.6018809080123901, 0.6325374245643616, 0.8722136616706848, 0.6482094526290894, 0.6135078072547913, 0.5807220339775085, 0.5622232556343079, 0.617855966091156, 0.6074532270431519, 0.6095876097679138, 0.6566969752311707, 0.58062344789505, 0.7189479470252991, 0.6092321276664734, 0.5697352886199951, 0.5911116600036621, 0.6237760186195374, 0.7599377632141113, 0.5890719890594482, 0.6099808216094971, 0.5832595229148865, 0.6149849891662598, 0.693056583404541, 0.6123775839805603, 0.5988205671310425, 0.6542220711708069, 0.6308960318565369, 0.5912411212921143, 0.6457338333129883, 0.6148178577423096, 0.6230714917182922, 0.6531873941421509, 0.6221349835395813, 0.6338410973548889, 0.6923401355743408, 0.6661646366119385, 0.666988730430603, 0.647550642490387, 0.6514697670936584, 1.220700740814209, 0.7150959968566895, 0.6180757284164429, 0.6303290724754333, 0.628007173538208, 0.6405603289604187, 0.6481437683105469, 0.652266800403595, 0.7725405693054199, 0.6394748091697693, 0.7122421264648438, 0.6324943900108337],