{"loss": [1.0353238582611084, 0.7656676173210144, 0.6523419618606567, 0.5684741139411926, 0.4945598840713501, 0.44961288571357727, 0.407180517911911, 0.3596448600292206, 0.3541772961616516, 0.31446629762649536, 0.30607840418815613, 0.28812721371650696, 0.26680946350097656, 0.24520432949066162, 0.23746171593666077, 0.22092632949352264, 0.20631025731563568, 0.21004895865917206, 0.20322996377944946, 0.1829107701778412, 0.1768304407596588, 0.1701659858226776, 0.16792339086532593, 0.15482421219348907, 0.15901386737823486, 0.14924634993076324, 0.12760105729103088, 0.12911762297153473, 0.1304105818271637, 0.13187667727470398, 0.11570466309785843, 0.11682073771953583, 0.11108230799436569, 0.10931266099214554, 0.10230205208063126, 0.09210364520549774, 0.08832279592752457, 0.09576580673456192, 0.07753842324018478, 0.09049012511968613, 0.08001788705587387, 0.07696078717708588, 0.07453175634145737, 0.07977727055549622, 0.06831004470586777, 0.06655461341142654, 0.06311473250389099, 0.06047257408499718, 0.07220993936061859, 0.0648198127746582, 0.060728635638952255, 0.05591593310236931, 0.05153340473771095, 0.048880431801080704, 0.05392911657691002, 0.04999743774533272, 0.04567013308405876, 0.05053922161459923, 0.09005342423915863, 0.043010905385017395, 0.05000700429081917, 0.032351065427064896, 0.030233746394515038, 0.044160984456539154, 0.03740134835243225, 0.031764861196279526, 0.03126608207821846, 0.02689206972718239, 0.03314417973160744, 0.03301916643977165, 0.05667911097407341, 0.035476863384246826, 0.02615504525601864, 0.03528647869825363, 0.023851530626416206, 0.04215884208679199, 0.04583170637488365, 0.019458841532468796, 0.015928421169519424, 0.03759477287530899, 0.018310153856873512, 0.018248042091727257, 0.01651371642947197, 0.01598060503602028, 0.016356926411390305, 0.02277555875480175, 0.04974830895662308, 0.038600854575634, 0.021526100113987923, 0.016597384586930275, 0.014778930693864822, 0.014058972708880901, 0.017354371026158333, 0.015619193203747272, 0.013811260461807251, 0.027623070403933525, 0.016936711966991425, 0.03366374596953392, 0.024615386500954628, 0.052474912256002426], "accuracy": [0.537722647190094, 0.6607964634895325, 0.7142285108566284, 0.7570542097091675, 0.7982789874076843, 0.8206924200057983, 0.8399039506912231, 0.8597158193588257, 0.8623173832893372, 0.8835301399230957, 0.8847308158874512, 0.8891334533691406, 0.898739218711853, 0.9061436653137207, 0.9127476215362549, 0.9185511469841003, 0.9217530488967896, 0.9187512397766113, 0.9217530488967896, 0.9337602853775024, 0.9309585690498352, 0.9399639964103699, 0.9319591522216797, 0.9411646723747253, 0.9389633536338806, 0.9419651627540588, 0.9551730751991272, 0.9545727372169495, 0.9513708353042603, 0.9479687809944153, 0.9529717564582825, 0.9567740559577942, 0.9573744535446167, 0.9613768458366394, 0.9617770910263062, 0.9673804044723511, 0.9643786549568176, 0.9657794833183289, 0.972383439540863, 0.9651790857315063, 0.970782458782196, 0.9727836847305298, 0.9737842679023743, 0.972583532333374, 0.977586567401886, 0.9755853414535522, 0.9799879789352417, 0.9797878861427307, 0.9745847582817078, 0.977586567401886, 0.9785871505737305, 0.9829897880554199, 0.9825895428657532, 0.9855913519859314, 0.9827896952629089, 0.9835901260375977, 0.9833900332450867, 0.9831899404525757, 0.9661797285079956, 0.9869921803474426, 0.9833900332450867, 0.9901941418647766, 0.9929957985877991, 0.9833900332450867, 0.9879928231239319, 0.9905943274497986, 0.9895937442779541, 0.9917950630187988, 0.9921953082084656, 0.9903942346572876, 0.9811887145042419, 0.9891934990882874, 0.9913948178291321, 0.9879928231239319, 0.9923954606056213, 0.9849910140037537, 0.9863918423652649, 0.9955973625183105, 0.996597945690155, 0.9893936514854431, 0.9951971173286438, 0.9951971173286438, 0.9957974553108215, 0.9949970245361328, 0.9959976077079773, 0.9929957985877991, 0.9825895428657532, 0.9877926707267761, 0.9931958913803101, 0.9959976077079773, 0.9953972101211548, 0.996397852897644, 0.9945967793464661, 0.9953972101211548, 0.9961977005004883, 0.9917950630187988, 0.9939963817596436, 0.9893936514854431, 0.9925955533981323, 0.9835901260375977], "val_loss": [0.8800637722015381, 0.8234379291534424, 0.7306709885597229, 0.6895497441291809, 0.639108419418335, 0.6433655619621277, 0.6297484040260315, 0.6110904812812805, 0.6109800934791565, 0.6048279404640198, 0.5803150534629822, 0.5839831233024597, 0.5714068412780762, 0.5796035528182983, 0.579774796962738, 0.5904651880264282, 0.5824451446533203, 0.6046518087387085, 0.5908676385879517, 0.5829667448997498, 0.598504364490509, 0.5812731385231018, 0.5782982707023621, 0.6120625734329224, 0.6152228713035583, 0.61020827293396, 0.6324390172958374, 0.6091263890266418, 0.6322885155677795, 0.6477949023246765, 0.6176550388336182, 0.6708731055259705, 0.667164146900177, 0.7037505507469177, 0.6617640256881714, 0.6740272045135498, 0.6812682747840881, 0.7132478356361389, 0.7133030891418457, 0.7035653591156006, 0.6897165775299072, 0.7121851444244385, 0.7134392261505127, 0.723745584487915, 0.7162534594535828, 0.7598104476928711, 0.749915599822998, 0.7395176887512207, 0.7463213205337524, 0.7641130089759827, 0.7887280583381653, 0.748673141002655, 0.7769233584403992, 0.8051157593727112, 0.8858509659767151, 0.8089746236801147, 0.8287451863288879, 0.82059645652771, 0.8142143487930298, 0.810539960861206, 0.801769495010376, 0.8033456802368164, 0.8293958902359009, 0.8143454790115356, 0.8343769907951355, 0.8420925736427307, 0.8392361402511597, 0.8817368745803833, 0.8864933252334595, 0.8576794266700745, 0.8632494807243347, 0.8892484903335571, 0.89234459400177, 0.9137394428253174, 0.8469561338424683, 0.927586019039154, 0.8905649781227112, 0.8966450095176697, 0.9132734537124634, 0.9300363659858704, 0.9164655804634094, 0.9444878697395325, 0.9378963112831116, 0.9243218898773193, 0.9842208027839661, 1.0178377628326416, 0.9916747212409973, 0.955571174621582, 0.9613739848136902, 0.9424327611923218, 0.9397876262664795, 0.9782924652099609, 0.9423937797546387, 0.9490833878517151, 1.006052017211914, 0.9444447755813599, 1.010152816772461, 1.0398694276809692, 0.9876511693000793, 0.924803614616394],