{"loss": [1.2351243495941162, 1.0217297077178955, 0.9036037921905518, 0.8232105374336243, 0.7685624361038208, 0.7258982062339783, 0.6890183687210083, 0.6560335755348206, 0.6270995140075684, 0.6024801135063171, 0.5757601261138916, 0.5585196614265442, 0.531731367111206, 0.5137229561805725, 0.4968969523906708, 0.4793432652950287, 0.4614151418209076, 0.44960111379623413, 0.4356982409954071, 0.41823190450668335, 0.41277143359184265, 0.3961421847343445, 0.3859196603298187, 0.374316543340683, 0.36866292357444763, 0.35757794976234436, 0.34760722517967224, 0.3439127504825592, 0.3328341245651245, 0.3280055820941925, 0.316176176071167, 0.31001293659210205, 0.3029119372367859, 0.30090567469596863, 0.29522109031677246, 0.2886641323566437, 0.2796374559402466, 0.2793877124786377, 0.2801722288131714, 0.27256953716278076, 0.26355135440826416, 0.26113471388816833, 0.2658267915248871, 0.25701403617858887, 0.25032350420951843, 0.2458820790052414, 0.24178892374038696, 0.23848673701286316, 0.24083766341209412, 0.2346479445695877, 0.23163378238677979, 0.23113934695720673, 0.22401118278503418, 0.22283059358596802, 0.2230374813079834, 0.22211818397045135, 0.21878424286842346, 0.21793794631958008, 0.21299897134304047, 0.209845170378685, 0.20836232602596283, 0.20056958496570587, 0.20209971070289612, 0.20526234805583954, 0.19619017839431763, 0.19110222160816193, 0.19203561544418335, 0.19240771234035492, 0.1983255296945572, 0.19028528034687042, 0.18378257751464844, 0.1908380538225174, 0.18254181742668152, 0.1837117224931717, 0.17657935619354248, 0.1764754354953766, 0.1749413013458252, 0.17457731068134308, 0.17160473763942719, 0.17388813197612762, 0.1688641458749771, 0.16901452839374542, 0.16569015383720398, 0.16281288862228394, 0.16327936947345734, 0.16459214687347412, 0.15731866657733917, 0.16393405199050903, 0.15730172395706177, 0.1562051773071289, 0.1536455601453781, 0.15242381393909454, 0.16357135772705078, 0.1478428989648819, 0.1522097885608673, 0.1491723656654358, 0.14586274325847626, 0.15007536113262177, 0.14511346817016602, 0.14051760733127594], "accuracy": [0.4870922565460205, 0.5749449729919434, 0.6251751184463501, 0.6569942235946655, 0.6814088225364685, 0.7014208436012268, 0.7140284180641174, 0.7294376492500305, 0.737042248249054, 0.7536522150039673, 0.7662597298622131, 0.7768661379814148, 0.7936761975288391, 0.8030818700790405, 0.8136882185935974, 0.8204922676086426, 0.8274964690208435, 0.8322993516921997, 0.8411046862602234, 0.8443065881729126, 0.8455073237419128, 0.854112446308136, 0.8543125987052917, 0.8605163097381592, 0.85731440782547, 0.8753252029418945, 0.8759255409240723, 0.8795276880264282, 0.878126859664917, 0.8825294971466064, 0.8885331153869629, 0.8913347721099854, 0.8917350172996521, 0.8931359052658081, 0.8977386355400085, 0.898339033126831, 0.9047428369522095, 0.9007404446601868, 0.9017410278320312, 0.9047428369522095, 0.9047428369522095, 0.9079447388648987, 0.9027416706085205, 0.9097458720207214, 0.9109465479850769, 0.9147488474845886, 0.9121472835540771, 0.9157494306564331, 0.9153491854667664, 0.9135481119155884, 0.9157494306564331, 0.9187512397766113, 0.9181509017944336, 0.9231538772583008, 0.9229537844657898, 0.9171503186225891, 0.922553539276123, 0.9235541224479675, 0.9201520681381226, 0.9233540296554565, 0.924554705619812, 0.931158721446991, 0.9271562695503235, 0.9247548580169678, 0.929757833480835, 0.9323593974113464, 0.931358814239502, 0.9303582310676575, 0.9301580786705017, 0.932959794998169, 0.9327596426010132, 0.931358814239502, 0.9331598877906799, 0.9349609613418579, 0.9399639964103699, 0.9385631084442139, 0.9373624324798584, 0.9403642416000366, 0.9391635060310364, 0.9377626776695251, 0.9387632608413696, 0.9399639964103699, 0.9401640892028809, 0.9421653151512146, 0.9397638440132141, 0.9399639964103699, 0.9405643343925476, 0.9399639964103699, 0.9449669718742371, 0.9437662363052368, 0.9435661435127258, 0.9437662363052368, 0.9427656531333923, 0.9441664814949036, 0.9431658983230591, 0.9511706829071045, 0.948369026184082, 0.9427656531333923, 0.948369026184082, 0.9471682906150818], "val_loss": [1.1241133213043213, 0.9943150281906128, 0.9227463006973267, 0.8688337802886963, 0.8357734084129333, 0.8154476881027222, 0.7773392796516418, 0.791617214679718, 0.7464496493339539, 0.7335347533226013, 0.7318083643913269, 0.727263867855072, 0.7095972895622253, 0.7182635068893433, 0.6995944380760193, 0.7002094984054565, 0.6799494028091431, 0.6761060953140259, 0.6801760196685791, 0.6634318232536316, 0.6468976140022278, 0.6525875926017761, 0.653681755065918, 0.6556042432785034, 0.6311452388763428, 0.6357395052909851, 0.6331535577774048, 0.6358048915863037, 0.6421555280685425, 0.6267327070236206, 0.6263389587402344, 0.6390013694763184, 0.6248699426651001, 0.6275794506072998, 0.6245468258857727, 0.6269665956497192, 0.6359391808509827, 0.6313329339027405, 0.6208724975585938, 0.6345885396003723, 0.6166877746582031, 0.6247619390487671, 0.6327693462371826, 0.6281542181968689, 0.6335721611976624, 0.6219388842582703, 0.6327369213104248, 0.6543529629707336, 0.639565110206604, 0.6159749031066895, 0.6284370422363281, 0.6384338736534119, 0.6350148320198059, 0.641434907913208, 0.6360712051391602, 0.6574393510818481, 0.6365561485290527, 0.6541917324066162, 0.6522084474563599, 0.6284337043762207, 0.6555591225624084, 0.6571018099784851, 0.6426548361778259, 0.6316360235214233, 0.6357713341712952, 0.6518934965133667, 0.6486256718635559, 0.661961555480957, 0.6448367834091187, 0.6570683121681213, 0.667307436466217, 0.6724227666854858, 0.6759535074234009, 0.6732181906700134, 0.6605204343795776, 0.6704666018486023, 0.6690354943275452, 0.6617292165756226, 0.6738181114196777, 0.6775436997413635, 0.6947159767150879, 0.6735686659812927, 0.6850646734237671, 0.6754846572875977, 0.6955251097679138, 0.6832185983657837, 0.6951189637184143, 0.6926027536392212, 0.6839767694473267, 0.6957969069480896, 0.6855689883232117, 0.6755280494689941, 0.6824792623519897, 0.7036292552947998, 0.7139815092086792, 0.7018805742263794, 0.7080840468406677, 0.7115118503570557, 0.7248656749725342, 0.7048713564872742],