{"loss": [1.2525272369384766, 1.01899254322052, 0.8819962739944458, 0.7728626728057861, 0.6902603507041931, 0.6068238019943237, 0.5511190891265869, 0.5106140971183777, 0.47431084513664246, 0.42597833275794983, 0.42798009514808655, 0.3826211094856262, 0.3611971139907837, 0.3496165871620178, 0.3263126313686371, 0.3165596127510071, 0.3020339012145996, 0.28785088658332825, 0.271858274936676, 0.272426575422287, 0.25673598051071167, 0.25765857100486755, 0.2423935979604721, 0.24853096902370453, 0.2327568233013153, 0.22200170159339905, 0.21186496317386627, 0.2206464409828186, 0.20961810648441315, 0.20456944406032562, 0.20790760219097137, 0.18333308398723602, 0.19228069484233856, 0.17957839369773865, 0.18716493248939514, 0.17860382795333862, 0.18704891204833984, 0.1768505573272705, 0.17496278882026672, 0.17479708790779114, 0.170977383852005, 0.16902655363082886, 0.15011459589004517, 0.14507392048835754, 0.14688783884048462, 0.16587533056735992, 0.17960113286972046, 0.17399604618549347, 0.17772310972213745, 0.14560000598430634, 0.1367240846157074, 0.12616075575351715, 0.1289871782064438, 0.13173708319664001, 0.1591862291097641, 0.1697433739900589, 0.15578266978263855, 0.13721685111522675, 0.13228213787078857, 0.122255839407444, 0.12675346434116364, 0.15875019133090973, 0.18347729742527008, 0.14550021290779114, 0.12800128757953644, 0.12681280076503754, 0.11574286222457886, 0.11416278779506683, 0.10760573297739029, 0.1385565847158432, 0.16668619215488434, 0.17831283807754517, 0.13183900713920593, 0.1338602751493454, 0.12953360378742218, 0.12112382799386978, 0.13095900416374207, 0.10815887153148651, 0.12003796547651291, 0.14573098719120026, 0.11849019676446915, 0.10215028375387192, 0.10535715520381927, 0.1486191600561142, 0.23741629719734192, 0.14530496299266815, 0.1150931566953659, 0.10111676156520844, 0.11607161164283752, 0.12300080060958862, 0.13462844491004944, 0.11246342957019806, 0.09787289798259735, 0.12695053219795227, 0.1541992723941803, 0.14851190149784088, 0.12856853008270264, 0.10345857590436935, 0.11934928596019745, 0.11616231501102448], "accuracy": [0.5256048440933228, 0.6364919543266296, 0.69536292552948, 0.7356854677200317, 0.7776209712028503, 0.8127016425132751, 0.8288306593894958, 0.8435483574867249, 0.8512097001075745, 0.8717741966247559, 0.8691532015800476, 0.8838709592819214, 0.8899193406105042, 0.893750011920929, 0.8987902998924255, 0.9048386812210083, 0.9068548679351807, 0.9155241847038269, 0.9155241847038269, 0.9147177338600159, 0.91794353723526, 0.918749988079071, 0.9233871102333069, 0.9183467626571655, 0.925000011920929, 0.9274193644523621, 0.9324596524238586, 0.9268144965171814, 0.9284273982048035, 0.9316532015800476, 0.9308467507362366, 0.9377016425132751, 0.9324596524238586, 0.9407258033752441, 0.9375, 0.9397177696228027, 0.9336693286895752, 0.9415322542190552, 0.9425403475761414, 0.9429435729980469, 0.9435483813285828, 0.9451612830162048, 0.9508064389228821, 0.9550403356552124, 0.9518145322799683, 0.946169376373291, 0.9423387050628662, 0.9429435729980469, 0.9429435729980469, 0.9552419185638428, 0.9568548202514648, 0.960080623626709, 0.9604838490486145, 0.957862913608551, 0.9479838609695435, 0.9455645084381104, 0.9493951797485352, 0.9566532373428345, 0.9586693644523621, 0.9612902998924255, 0.9584677219390869, 0.9457661509513855, 0.9381048679351807, 0.9526209831237793, 0.9574596881866455, 0.959274172782898, 0.9639112949371338, 0.9639112949371338, 0.9653225541114807, 0.9552419185638428, 0.9419354796409607, 0.9395161271095276, 0.9574596881866455, 0.9526209831237793, 0.9552419185638428, 0.9584677219390869, 0.9576612710952759, 0.9633064270019531, 0.960080623626709, 0.9524193406105042, 0.96088707447052, 0.9667338728904724, 0.9655241966247559, 0.9497984051704407, 0.9191532135009766, 0.9504032135009766, 0.9620967507362366, 0.9663306474685669, 0.9610887169837952, 0.959274172782898, 0.9550403356552124, 0.9629032015800476, 0.9667338728904724, 0.95705646276474, 0.948387086391449, 0.9510080814361572, 0.9568548202514648, 0.9643145203590393, 0.9598790407180786, 0.9586693644523621], "val_loss": [1.1825958490371704, 1.079740285873413, 1.0185537338256836, 1.0009748935699463, 0.976666271686554, 0.9712666869163513, 0.9854009747505188, 0.9660763740539551, 0.9943578839302063, 1.0137475728988647, 1.0503919124603271, 1.0177761316299438, 1.0254095792770386, 1.0666714906692505, 1.1073647737503052, 1.0833905935287476, 1.151972770690918, 1.1291513442993164, 1.1234065294265747, 1.1656253337860107, 1.1720091104507446, 1.201852560043335, 1.2420156002044678, 1.1846625804901123, 1.2539371252059937, 1.2623525857925415, 1.2650468349456787, 1.254989743232727, 1.2930930852890015, 1.3196591138839722, 1.379815697669983, 1.3282352685928345, 1.3083750009536743, 1.3668416738510132, 1.4015495777130127, 1.3962302207946777, 1.3700507879257202, 1.4558013677597046, 1.3896158933639526, 1.4301410913467407, 1.450954556465149, 1.4425466060638428, 1.4649418592453003, 1.4452791213989258, 1.5183249711990356, 1.4886337518692017, 1.5073145627975464, 1.4883118867874146, 1.5123008489608765, 1.544605016708374, 1.5064904689788818, 1.5129895210266113, 1.5584160089492798, 1.5777816772460938, 1.5915720462799072, 1.5433731079101562, 1.5716181993484497, 1.5829459428787231, 1.577992558479309, 1.566306471824646, 1.591905117034912, 1.571302890777588, 1.647351861000061, 1.6201882362365723, 1.5872379541397095, 1.6212666034698486, 1.6527568101882935, 1.6341261863708496, 1.6478023529052734, 1.696476697921753, 1.6965950727462769, 1.6953591108322144, 1.6639169454574585, 1.705627202987671, 1.7052116394042969, 1.7103486061096191, 1.6680645942687988, 1.6838223934173584, 1.7240338325500488, 1.7229255437850952, 1.733126163482666, 1.7053478956222534, 1.7187955379486084, 1.7882438898086548, 1.7165080308914185, 1.6669557094573975, 1.6804896593093872, 1.6865421533584595, 1.7219222784042358, 1.7186747789382935, 1.767796516418457, 1.715153694152832, 1.7268842458724976, 1.7601312398910522, 1.7446082830429077, 1.7741189002990723, 1.7354446649551392, 1.7418771982192993, 1.8587114810943604, 1.7640272378921509],