{"loss": [0.943403959274292, 0.6678212285041809, 0.5430805087089539, 0.4315074384212494, 0.3536246120929718, 0.30931493639945984, 0.2684604227542877, 0.25034216046333313, 0.23589418828487396, 0.195964977145195, 0.1967388391494751, 0.1809670478105545, 0.16061781346797943, 0.1505155861377716, 0.141393780708313, 0.1295848935842514, 0.12025938183069229, 0.11794941872358322, 0.11620519310235977, 0.11006809026002884, 0.09236440062522888, 0.0872577428817749, 0.07794123888015747, 0.08512993156909943, 0.07286438345909119, 0.07189739495515823, 0.06898725777864456, 0.06345665454864502, 0.05955110490322113, 0.06705854088068008, 0.04856344684958458, 0.04782199487090111, 0.07032293826341629, 0.05632077530026436, 0.11024955660104752, 0.05683395266532898, 0.039947688579559326, 0.03974185511469841, 0.02858412079513073, 0.03631351888179779, 0.02791557088494301, 0.05218532308936119, 0.04119451344013214, 0.0599445104598999, 0.0699949786067009, 0.02495749294757843, 0.020782707259058952, 0.021836988627910614, 0.02855009026825428, 0.02850622870028019, 0.021911516785621643, 0.056193649768829346, 0.020987998694181442, 0.020443955436348915, 0.011553972028195858, 0.015653617680072784, 0.01932692900300026, 0.014928478747606277, 0.012873824685811996, 0.03461912274360657, 0.053789667785167694, 0.025686398148536682, 0.009216535836458206, 0.011002657003700733, 0.06061495468020439, 0.018631713464856148, 0.01111619547009468, 0.009265480563044548, 0.017943894490599632, 0.02686937153339386, 0.033641837537288666, 0.02301865629851818, 0.015540854074060917, 0.00793968141078949, 0.0067266966216266155, 0.0038667127955704927, 0.002546423114836216, 0.00336030637845397, 0.024261247366666794, 0.007800212595611811, 0.008798890747129917, 0.007380702067166567, 0.030144447460770607, 0.075475312769413, 0.020046373829245567, 0.010742049664258957, 0.005092301405966282, 0.007121006492525339, 0.02897949144244194, 0.010871371254324913, 0.00452802050858736, 0.004153058398514986, 0.013667140156030655, 0.013790477998554707, 0.006445443257689476, 0.006486193742603064, 0.017768502235412598, 0.052198681980371475, 0.04479403421282768, 0.006672103889286518], "accuracy": [0.5863863825798035, 0.7105104923248291, 0.7833833694458008, 0.8358358144760132, 0.8686686754226685, 0.8806806802749634, 0.9021021127700806, 0.9051051139831543, 0.9115115404129028, 0.9313313364982605, 0.9277276992797852, 0.9355355501174927, 0.9445445537567139, 0.9423423409461975, 0.9505505561828613, 0.9529529809951782, 0.9591591358184814, 0.9587587714195251, 0.9569569826126099, 0.9603603482246399, 0.9649649858474731, 0.9679679870605469, 0.9713713526725769, 0.96556556224823, 0.9751752018928528, 0.9739739894866943, 0.976576566696167, 0.9771772027015686, 0.9775775671005249, 0.9743743538856506, 0.9833833575248718, 0.9843843579292297, 0.9763763546943665, 0.9805805683135986, 0.9643643498420715, 0.9801802039146423, 0.9871872067451477, 0.9855855703353882, 0.990390419960022, 0.9865865707397461, 0.9913914203643799, 0.9809809923171997, 0.9859859943389893, 0.9783783555030823, 0.9763763546943665, 0.9925925731658936, 0.993793785572052, 0.9943944215774536, 0.9899899959564209, 0.990390419960022, 0.9933934211730957, 0.9797797799110413, 0.9927927851676941, 0.9933934211730957, 0.9981982111930847, 0.9949949979782104, 0.9933934211730957, 0.995195209980011, 0.9963964223861694, 0.9901902079582214, 0.9805805683135986, 0.9931932091712952, 0.9979979991912842, 0.9969969987869263, 0.9829829931259155, 0.9947947859764099, 0.9973974227905273, 0.9967967867851257, 0.9947947859764099, 0.9909909963607788, 0.9895895719528198, 0.9923924207687378, 0.9949949979782104, 0.9977977871894836, 0.9983984231948853, 0.9993994235992432, 1.0, 0.9989989995956421, 0.9919919967651367, 0.9973974227905273, 0.9979979991912842, 0.998598575592041, 0.9921922087669373, 0.9777777791023254, 0.9947947859764099, 0.9969969987869263, 0.9987987875938416, 0.9979979991912842, 0.9911912083625793, 0.9981982111930847, 0.9991992115974426, 0.9991992115974426, 0.993793785572052, 0.995195209980011, 0.9979979991912842, 0.9979979991912842, 0.9949949979782104, 0.9829829931259155, 0.9859859943389893, 0.9987987875938416], "val_loss": [0.8232826590538025, 0.7275432348251343, 0.6076104640960693, 0.6002549529075623, 0.5475744605064392, 0.5666736364364624, 0.5523425340652466, 0.5180889368057251, 0.5553976893424988, 0.5747516751289368, 0.5306620001792908, 0.5346499681472778, 0.49499157071113586, 0.5336768627166748, 0.5373827815055847, 0.5577180981636047, 0.5393441915512085, 0.5212854146957397, 0.5651116967201233, 0.5414668917655945, 0.5616647601127625, 0.5267382860183716, 0.5887536406517029, 0.577255129814148, 0.598991334438324, 0.6075682640075684, 0.6176328659057617, 0.6206912994384766, 0.7141546010971069, 0.6059742569923401, 0.6172134280204773, 0.6601904630661011, 0.6326220035552979, 0.6587196588516235, 0.6177902817726135, 0.6382513642311096, 0.6944164633750916, 0.6709339022636414, 0.7124340534210205, 0.6857723593711853, 0.6878460049629211, 0.6615504622459412, 0.7088054418563843, 0.7067446112632751, 0.6403172016143799, 0.6721285581588745, 0.6936607956886292, 0.6973512172698975, 0.6869913935661316, 0.7308536767959595, 0.7300653457641602, 0.6956796646118164, 0.7156875729560852, 0.7087490558624268, 0.7470747828483582, 0.7259215116500854, 0.7399307489395142, 0.7331148386001587, 0.7640129327774048, 0.7394959330558777, 0.730195939540863, 0.7158406376838684, 0.7201616764068604, 0.832242488861084, 0.7138751149177551, 0.729995846748352, 0.7520628571510315, 0.7652117609977722, 0.7270250916481018, 0.7767046093940735, 0.7377663850784302, 0.7665815949440002, 0.7472540140151978, 0.7743896842002869, 0.7682074904441833, 0.7784858345985413, 0.7938162088394165, 0.8180789947509766, 0.8045530915260315, 0.787683367729187, 0.7844346761703491, 0.8791619539260864, 1.151242971420288, 0.757273256778717, 0.7326765060424805, 0.7543297410011292, 0.7575562000274658, 0.7928102612495422, 0.7800142168998718, 0.789790153503418, 0.7840821743011475, 0.8047957420349121, 0.877539873123169, 0.810505211353302, 0.8184678554534912, 0.8197646141052246, 0.8315520882606506, 0.8462625741958618, 0.7536552548408508, 0.7762115597724915],