{"loss": [1.466611623764038, 1.2853116989135742, 1.1691449880599976, 1.0912142992019653, 1.0384511947631836, 0.9970945715904236, 0.9644549489021301, 0.9386011362075806, 0.9142153263092041, 0.8948983550071716, 0.8751232028007507, 0.8570839762687683, 0.8414432406425476, 0.8259329795837402, 0.8118184208869934, 0.7980378866195679, 0.7839016914367676, 0.7720084190368652, 0.7616395950317383, 0.7518466114997864, 0.742160439491272, 0.7341346144676208, 0.7243441939353943, 0.718705952167511, 0.7099044919013977, 0.7022324800491333, 0.6967703104019165, 0.6896787285804749, 0.68223637342453, 0.6775144934654236, 0.671870231628418, 0.6656758189201355, 0.6588128805160522, 0.6557695865631104, 0.6511108875274658, 0.6457252502441406, 0.6406909227371216, 0.6361005902290344, 0.6329739689826965, 0.6275487542152405, 0.6238638162612915, 0.6203031539916992, 0.6169479489326477, 0.610736608505249, 0.6071248054504395, 0.6027035713195801, 0.6006464958190918, 0.5969293713569641, 0.592328667640686, 0.588343620300293, 0.5836426615715027, 0.58138507604599, 0.5788266658782959, 0.5746201872825623, 0.5729478001594543, 0.5681315064430237, 0.5657473802566528, 0.5615113377571106, 0.5599408745765686, 0.5563303828239441, 0.5541397333145142, 0.5496370792388916, 0.5498831272125244, 0.5454887747764587, 0.5403592586517334, 0.539891242980957, 0.5394805669784546, 0.5341852307319641, 0.5324730277061462, 0.5319704413414001, 0.5300999879837036, 0.5259701013565063, 0.5200313329696655, 0.5198317170143127, 0.517997145652771, 0.5146255493164062, 0.5138454437255859, 0.5113314986228943, 0.5087016224861145, 0.5088436603546143, 0.5075249671936035, 0.504334568977356, 0.5025827884674072, 0.49917376041412354, 0.4963656961917877, 0.497941792011261, 0.49229323863983154, 0.4923367500305176, 0.4944659173488617, 0.48999840021133423, 0.4866873323917389, 0.4869939684867859, 0.48495304584503174, 0.4825665354728699, 0.4806120991706848, 0.47889232635498047, 0.4812021851539612, 0.4788239598274231, 0.4760841727256775, 0.47260579466819763], "accuracy": [0.40984591841697693, 0.4806884229183197, 0.5005003213882446, 0.5251150727272034, 0.5429257750511169, 0.5559335350990295, 0.5731438994407654, 0.5783470273017883, 0.5869521498680115, 0.5939563512802124, 0.6053631901741028, 0.6087652444839478, 0.6213728189468384, 0.6271762847900391, 0.6409845948219299, 0.6427856683731079, 0.6547929048538208, 0.6627976894378662, 0.6734040379524231, 0.6746047735214233, 0.6842105388641357, 0.6900140047073364, 0.6956173777580261, 0.6982189416885376, 0.7018210887908936, 0.7050229907035828, 0.7090254426002502, 0.7136281728744507, 0.7176305651664734, 0.7228336930274963, 0.7258355021476746, 0.726836085319519, 0.7316389679908752, 0.7360416054725647, 0.7352411150932312, 0.7330397963523865, 0.7422453761100769, 0.7410446405410767, 0.7416449785232544, 0.7422453761100769, 0.7440464496612549, 0.7472483515739441, 0.7460476160049438, 0.7508504986763, 0.7522513270378113, 0.7552531361579895, 0.7564538717269897, 0.7604562640190125, 0.7626575827598572, 0.7618570923805237, 0.7662597298622131, 0.7644586563110352, 0.7650590538978577, 0.7646588087081909, 0.7686612010002136, 0.7688612937927246, 0.7736641764640808, 0.7744646668434143, 0.7762657403945923, 0.7754652500152588, 0.776465892791748, 0.7804682850837708, 0.7812687754631042, 0.781669020652771, 0.785271167755127, 0.7830698490142822, 0.78367018699646, 0.7862717509269714, 0.7848709225654602, 0.7840704321861267, 0.7884730696678162, 0.7876725792884827, 0.7954772710800171, 0.7910746335983276, 0.7938763499259949, 0.7942765951156616, 0.7958775162696838, 0.7980788350105286, 0.7992795705795288, 0.8018811345100403, 0.7982789874076843, 0.7982789874076843, 0.8016809821128845, 0.8020812273025513, 0.8010806441307068, 0.8010806441307068, 0.8048829436302185, 0.8038823008537292, 0.8000800609588623, 0.8088853359222412, 0.8070842623710632, 0.8060836791992188, 0.8102861642837524, 0.809285581111908, 0.8116869926452637, 0.8130878806114197, 0.8082849979400635, 0.8108865022659302, 0.8100860714912415, 0.8198919296264648], "val_loss": [1.351678490638733, 1.2232123613357544, 1.1420413255691528, 1.0798871517181396, 1.0430545806884766, 1.017080307006836, 0.9940185546875, 0.9720840454101562, 0.9595773816108704, 0.9481288194656372, 0.9341074228286743, 0.9343320727348328, 0.9180055856704712, 0.9131852388381958, 0.9071974158287048, 0.8937377333641052, 0.8838402628898621, 0.8839626312255859, 0.8716040253639221, 0.8639329075813293, 0.8617268204689026, 0.8620203137397766, 0.853097677230835, 0.8547026515007019, 0.8522444367408752, 0.8428402543067932, 0.8444570899009705, 0.8383515477180481, 0.8324906826019287, 0.8404808640480042, 0.8376932144165039, 0.8319544196128845, 0.8386949300765991, 0.8270257115364075, 0.8253723978996277, 0.8198651671409607, 0.8155720829963684, 0.8197974562644958, 0.812548816204071, 0.8130742907524109, 0.8160808682441711, 0.8144699931144714, 0.8122950196266174, 0.8095123171806335, 0.8016465306282043, 0.8091372847557068, 0.8061895966529846, 0.7962651252746582, 0.7996321320533752, 0.7973188161849976, 0.8045668005943298, 0.794438898563385, 0.7914482951164246, 0.7877583503723145, 0.7940382361412048, 0.7902371287345886, 0.79509437084198, 0.7866446375846863, 0.783462643623352, 0.7864201664924622, 0.787879228591919, 0.7832280397415161, 0.7876402139663696, 0.7709345817565918, 0.7839639186859131, 0.7775213122367859, 0.7798366546630859, 0.7735027074813843, 0.7744762301445007, 0.7731215953826904, 0.7673853039741516, 0.7682839035987854, 0.762898325920105, 0.7677568197250366, 0.7717602849006653, 0.7598994374275208, 0.7619136571884155, 0.7758939266204834, 0.7662925124168396, 0.7607998847961426, 0.7621074318885803, 0.7651215195655823, 0.767791211605072, 0.7729153037071228, 0.7677010893821716, 0.7611342668533325, 0.7651905417442322, 0.7677825689315796, 0.767723798751831, 0.755324125289917, 0.7638106346130371, 0.7509744763374329, 0.757673442363739, 0.7548375129699707, 0.7555957436561584, 0.781317949295044, 0.7594035863876343, 0.7644545435905457, 0.7663085460662842, 0.7499917149543762],