{"loss": [1.1498782634735107, 0.9085608124732971, 0.7937659025192261, 0.717154324054718, 0.654816210269928, 0.6094974875450134, 0.5677278637886047, 0.5449203252792358, 0.5118091702461243, 0.48985108733177185, 0.4771357774734497, 0.4392411410808563, 0.4259359538555145, 0.40109625458717346, 0.3963962197303772, 0.37338340282440186, 0.35954052209854126, 0.34613823890686035, 0.3297065198421478, 0.32067209482192993, 0.3293839395046234, 0.2952570617198944, 0.29327094554901123, 0.2864701747894287, 0.27864494919776917, 0.26571422815322876, 0.2695695757865906, 0.25246310234069824, 0.24023139476776123, 0.2355729043483734, 0.23347438871860504, 0.2353210151195526, 0.24141468107700348, 0.21844369173049927, 0.2545279860496521, 0.21097266674041748, 0.205591082572937, 0.20660127699375153, 0.206954687833786, 0.1857248842716217, 0.19350990653038025, 0.19055747985839844, 0.1873629093170166, 0.18591225147247314, 0.18079838156700134, 0.18050658702850342, 0.1774551272392273, 0.17212863266468048, 0.16977305710315704, 0.17365998029708862, 0.16889815032482147, 0.1601676344871521, 0.1615019589662552, 0.16409891843795776, 0.1595476269721985, 0.19673776626586914, 0.14937058091163635, 0.16098153591156006, 0.14223448932170868, 0.1452764868736267, 0.13862404227256775, 0.15039800107479095, 0.14011889696121216, 0.12676122784614563, 0.1460234522819519, 0.1260479837656021, 0.12655523419380188, 0.15118180215358734, 0.12733381986618042, 0.12266191840171814, 0.13575755059719086, 0.13222138583660126, 0.11908319592475891, 0.11556582152843475, 0.1193472146987915, 0.11571794003248215, 0.11260300874710083, 0.11152438819408417, 0.11516790091991425, 0.10739126801490784, 0.0989958867430687, 0.10564301908016205, 0.1169256791472435, 0.10242822021245956, 0.10677601397037506, 0.10696955770254135, 0.09960763156414032, 0.1197003647685051, 0.10167638957500458, 0.09770975261926651, 0.08880335092544556, 0.10655590891838074, 0.09053144603967667, 0.12076115608215332, 0.09378956258296967, 0.08589735627174377, 0.09496448934078217, 0.08294714987277985, 0.09434055536985397, 0.08565827459096909], "accuracy": [0.5101101398468018, 0.5979980230331421, 0.6646646857261658, 0.6992992758750916, 0.7235234975814819, 0.7547547817230225, 0.7729730010032654, 0.7857857942581177, 0.8060060143470764, 0.8160160183906555, 0.8222222328186035, 0.8300300240516663, 0.839239239692688, 0.8528528809547424, 0.8512512445449829, 0.8624624609947205, 0.8672672510147095, 0.8744744658470154, 0.8758758902549744, 0.8794794678688049, 0.8762762546539307, 0.8942943215370178, 0.8902903199195862, 0.8948948979377747, 0.8986986875534058, 0.9011011123657227, 0.9035034775733948, 0.913913905620575, 0.919119119644165, 0.918718695640564, 0.918718695640564, 0.914314329624176, 0.912912905216217, 0.9193193316459656, 0.906706690788269, 0.9245245456695557, 0.9287286996841431, 0.9269269108772278, 0.9319319128990173, 0.935935914516449, 0.9309309124946594, 0.9341341257095337, 0.9365365505218506, 0.9381381273269653, 0.93633633852005, 0.9399399161338806, 0.9375375509262085, 0.942142128944397, 0.9413413405418396, 0.9401401281356812, 0.9409409165382385, 0.949749767780304, 0.9467467665672302, 0.9459459185600281, 0.9443443417549133, 0.9339339137077332, 0.9507507681846619, 0.9447447657585144, 0.9547547698020935, 0.9525525569915771, 0.9557557702064514, 0.948748767375946, 0.953153133392334, 0.9575575590133667, 0.9517517685890198, 0.9581581354141235, 0.9609609842300415, 0.946946918964386, 0.9581581354141235, 0.9611611366271973, 0.9565565586090088, 0.9521521329879761, 0.9621621370315552, 0.9599599838256836, 0.9603603482246399, 0.9577577710151672, 0.9635635614395142, 0.9623623490333557, 0.9635635614395142, 0.9653653502464294, 0.9707707762718201, 0.96556556224823, 0.9609609842300415, 0.9673673510551453, 0.9665665626525879, 0.9637637734413147, 0.9651651382446289, 0.9585585594177246, 0.9663663506507874, 0.970370352268219, 0.971771776676178, 0.9645645618438721, 0.972172200679779, 0.9577577710151672, 0.970370352268219, 0.9723723530769348, 0.9681681394577026, 0.9725725650787354, 0.970370352268219, 0.9741742014884949], "val_loss": [0.9963964819908142, 0.8883222341537476, 0.8035494685173035, 0.7766309380531311, 0.7256178259849548, 0.7030229568481445, 0.7182352542877197, 0.6741120219230652, 0.7579184174537659, 0.6816291809082031, 0.6492314338684082, 0.670416533946991, 0.6388450264930725, 0.6514455080032349, 0.6167687773704529, 0.7060970664024353, 0.6212215423583984, 0.618156909942627, 0.6349689364433289, 0.6598462462425232, 0.6285495162010193, 0.6189109086990356, 0.620002806186676, 0.6428366899490356, 0.6258277297019958, 0.6525402665138245, 0.647035539150238, 0.636010468006134, 0.6619474291801453, 0.6551018953323364, 0.6713480949401855, 0.7253773212432861, 0.6546587347984314, 0.6943802833557129, 0.649113118648529, 0.666962206363678, 0.6844203472137451, 0.7407198548316956, 0.6557855010032654, 0.7099117636680603, 0.688004195690155, 0.6890149712562561, 0.7111220359802246, 0.6851317882537842, 0.704258918762207, 0.7104102373123169, 0.6852936744689941, 0.7436030507087708, 0.72837895154953, 0.7119961977005005, 0.7204849720001221, 0.7487708926200867, 0.7163786292076111, 0.7417499423027039, 0.7729297876358032, 0.7030442357063293, 0.761865496635437, 0.7224778532981873, 0.7784228324890137, 0.7535144686698914, 0.7456896901130676, 0.7530288100242615, 0.7365180253982544, 0.750356137752533, 0.7444984316825867, 0.7281873822212219, 0.7559959888458252, 0.7672876715660095, 0.7930144667625427, 0.80211341381073, 0.804418683052063, 0.7967085242271423, 0.7766425609588623, 0.8250793814659119, 0.7873822450637817, 0.810044527053833, 0.8163211345672607, 0.8333584666252136, 0.8059985041618347, 0.7950430512428284, 0.8265256285667419, 0.8256116509437561, 0.8890286087989807, 0.816939115524292, 0.8062796592712402, 0.8517731428146362, 0.8247737288475037, 0.8528403639793396, 0.8539970517158508, 0.8392680883407593, 0.8723991513252258, 0.9288440942764282, 0.8970366716384888, 0.8350789546966553, 0.846572756767273, 0.8676024675369263, 0.8439891934394836, 0.8344280123710632, 0.8422393798828125, 0.8505591750144958],