{"loss": [0.8785794973373413, 0.38782989978790283, 0.20036311447620392, 0.15435688197612762, 0.1368853896856308, 0.11684730648994446, 0.10127058625221252, 0.09123720973730087, 0.08554824441671371, 0.07684799283742905, 0.06926029175519943, 0.06732101738452911, 0.06180303543806076, 0.05764921382069588, 0.05375030264258385, 0.0524357333779335, 0.053503017872571945, 0.048199933022260666, 0.03965909406542778, 0.03873024135828018, 0.038844380527734756, 0.03790175914764404, 0.03562343865633011, 0.03044198267161846, 0.03221148997545242, 0.03222980350255966, 0.03166941925883293, 0.027631014585494995, 0.025692414492368698, 0.023598840460181236, 0.023645099252462387, 0.021955154836177826, 0.0326400063931942, 0.02288747951388359, 0.015705237165093422, 0.017190707847476006, 0.017509235069155693, 0.025184689089655876, 0.029719244688749313, 0.02081025391817093, 0.011435921303927898, 0.009068524464964867, 0.022074632346630096, 0.015998532995581627, 0.009994919411838055, 0.009432666935026646, 0.00820375606417656, 0.00862967036664486, 0.011348912492394447, 0.006124213803559542, 0.00787657406181097, 0.005694663152098656, 0.020590273663401604, 0.023665856570005417, 0.052310001105070114, 0.012028033845126629, 0.0066774385049939156, 0.004323448985815048, 0.0033040731213986874, 0.0028495811857283115, 0.00257535045966506, 0.003574915463104844, 0.006892628036439419, 0.020083602517843246, 0.02662288025021553, 0.0118569852784276, 0.008598201908171177, 0.002750892424955964, 0.0020937833469361067, 0.0016188194276764989, 0.002761505078524351, 0.01775818131864071, 0.009592289105057716, 0.008577913977205753, 0.006618054583668709, 0.004809515550732613, 0.006207955535501242, 0.006555480882525444, 0.02129942923784256, 0.010163089260458946, 0.007932456210255623, 0.003647573059424758, 0.004713977221399546, 0.0019867862574756145, 0.001328613725490868, 0.0008946445886977017, 0.0007965312688611448, 0.0007153929327614605, 0.0006600628257729113, 0.0006138134631328285, 0.0005567787447944283, 0.0005520613631233573, 0.0005318230832926929, 0.04977915436029434, 0.02744070440530777, 0.012858131900429726, 0.002407418331131339, 0.001544063095934689, 0.0011946456506848335, 0.0009781160624697804], "accuracy": [0.6395161151885986, 0.867943525314331, 0.9294354915618896, 0.9411290287971497, 0.9473790526390076, 0.9574596881866455, 0.9633064270019531, 0.9663306474685669, 0.9673386812210083, 0.9713709950447083, 0.9752016067504883, 0.9754032492637634, 0.975806474685669, 0.9784274101257324, 0.9788306355476379, 0.9822580814361572, 0.9818548560142517, 0.9834677577018738, 0.9877015948295593, 0.9864919185638428, 0.9862903356552124, 0.9862903356552124, 0.989112913608551, 0.990524172782898, 0.9893144965171814, 0.9887096881866455, 0.9881048202514648, 0.9907258152961731, 0.9909273982048035, 0.9923387169837952, 0.9923387169837952, 0.9931451678276062, 0.9895161390304565, 0.9919354915618896, 0.9957661032676697, 0.9953628778457642, 0.9945564270019531, 0.9919354915618896, 0.9897177219390869, 0.9933467507362366, 0.9973790049552917, 0.9979838728904724, 0.9931451678276062, 0.9953628778457642, 0.9977822303771973, 0.9969757795333862, 0.9981854557991028, 0.9981854557991028, 0.9957661032676697, 0.9989919066429138, 0.9975806474685669, 0.9983870983123779, 0.9925402998924255, 0.9919354915618896, 0.9828628897666931, 0.9965725541114807, 0.9985886812210083, 0.9997983574867249, 1.0, 0.9997983574867249, 1.0, 0.999193549156189, 0.9981854557991028, 0.9937499761581421, 0.990524172782898, 0.9949596524238586, 0.9987903237342834, 1.0, 1.0, 1.0, 0.9993951320648193, 0.9941532015800476, 0.9975806474685669, 0.9979838728904724, 0.9985886812210083, 0.9985886812210083, 0.9983870983123779, 0.9981854557991028, 0.9925402998924255, 0.9975806474685669, 0.9971774220466614, 0.9993951320648193, 0.9981854557991028, 0.9995967745780945, 1.0, 1.0, 1.0, 1.0, 1.0, 1.0, 1.0, 1.0, 1.0, 0.9834677577018738, 0.9907258152961731, 0.9959677457809448, 1.0, 1.0, 1.0, 1.0], "val_loss": [0.6573368906974792, 0.41017574071884155, 0.4143969714641571, 0.3610745370388031, 0.35403522849082947, 0.29632917046546936, 0.32671990990638733, 0.3709687888622284, 0.34767284989356995, 0.3828867971897125, 0.4183066487312317, 0.34483638405799866, 0.4143466651439667, 0.5459004044532776, 0.4055810868740082, 0.4250464141368866, 0.4126328229904175, 0.48213663697242737, 0.4466480314731598, 0.4887780547142029, 0.5689322352409363, 0.5436035990715027, 0.439975380897522, 0.48700734972953796, 0.5614801645278931, 0.6733683347702026, 0.5757399797439575, 0.5974186658859253, 0.5991845726966858, 0.5515623688697815, 0.5302026271820068, 0.594447910785675, 0.5272070169448853, 0.551188588142395, 0.6008725762367249, 0.6139445900917053, 0.5796874761581421, 0.6395426392555237, 0.584589958190918, 0.5937356352806091, 0.615312397480011, 0.6452370882034302, 0.6148936748504639, 0.6988032460212708, 0.6363900899887085, 0.6168096661567688, 0.6400769352912903, 0.663314700126648, 0.6610588431358337, 0.681975245475769, 0.6711345314979553, 0.6773861646652222, 0.7901124358177185, 0.7135865092277527, 0.6202070713043213, 0.5840478539466858, 0.6102616190910339, 0.6433156728744507, 0.6284815669059753, 0.653706431388855, 0.668921947479248, 0.6568593382835388, 0.649899959564209, 0.7377490997314453, 0.5784417986869812, 0.5997682809829712, 0.5665473937988281, 0.5698238015174866, 0.5794579982757568, 0.6006027460098267, 0.6621914505958557, 0.5922943353652954, 0.6553148031234741, 0.7526443600654602, 0.6683876514434814, 0.690483808517456, 0.6896970868110657, 0.6903918385505676, 0.712190568447113, 0.6646356582641602, 0.6777671575546265, 0.7153182625770569, 0.6852532625198364, 0.6856497526168823, 0.6996706128120422, 0.7034800052642822, 0.7144311666488647, 0.7159140110015869, 0.7225202918052673, 0.729767382144928, 0.731292188167572, 0.7338370680809021, 0.7671898007392883, 0.9914621710777283, 0.8007305264472961, 0.6852533221244812, 0.722873330116272, 0.7217440009117126, 0.7315240502357483, 0.7459775805473328], "val_accuracy": [0.7330645322799683, 0.8502016067504883, 0.8548387289047241, 0.8717741966247559, 0.8786290287971497, 0.8971773982048035, 0.8913306593894958, 0.8774193525314331, 0.8915322422981262, 0.8911290168762207, 0.8703628778457642, 0.8951612710952759, 0.8794354796409607, 0.8538306355476379, 0.8883064389228821, 0.8772177696228027, 0.8806451559066772, 0.8687499761581421, 0.8764113187789917, 0.884475827217102, 0.8707661032676697, 0.8715725541114807, 0.8856855034828186, 0.8780242204666138, 0.8719757795333862, 0.8586693406105042, 0.8707661032676697, 0.8580645322799683, 0.8715725541114807, 0.8731854557991028, 0.874193549156189, 0.8709677457809448, 0.8808467984199524, 0.8770161271095276, 0.8713709712028503, 0.8697580695152283, 0.8725806474685669, 0.8675402998924255, 0.8762096762657166, 0.875, 0.874193549156189, 0.865524172782898, 0.8703628778457642, 0.867943525314331, 0.8735886812210083, 0.8735886812210083, 0.8701612949371338, 0.8739919066429138, 0.8766129016876221, 0.8703628778457642, 0.8731854557991028, 0.8735886812210083, 0.8627015948295593, 0.8721774220466614, 0.8786290287971497, 0.8842741847038269, 0.8822580575942993, 0.8808467984199524, 0.8826612830162048, 0.8814516067504883, 0.8816532492637634, 0.8814516067504883, 0.8854838609695435, 0.8627015948295593, 0.8778225779533386, 0.8840726017951965, 0.8891128897666931, 0.8895161151885986, 0.8903225660324097, 0.8879032135009766, 0.8822580575942993, 0.8872984051704407, 0.88286292552948, 0.8786290287971497, 0.887499988079071, 0.8812500238418579, 0.8790322542190552, 0.8790322542190552, 0.8780242204666138, 0.8852822780609131, 0.8810483813285828, 0.8834677338600159, 0.8826612830162048, 0.8842741847038269, 0.8840726017951965, 0.8824597001075745, 0.8824597001075745, 0.8802419304847717, 0.8808467984199524, 0.8808467984199524, 0.8826612830162048, 0.8840726017951965, 0.8814516067504883, 0.856249988079071, 0.8687499761581421, 0.8810483813285828, 0.8830645084381104, 0.8832661509513855, 0.8838709592819214, 0.8826612830162048], "training_time": 145.40065264701843, "output_time": 0.07805874347686767}