{"loss": [0.857253909111023, 0.5757921934127808, 0.3885788023471832, 0.3329163193702698, 0.22437496483325958, 0.2098219096660614, 0.22531336545944214, 0.1717146784067154, 0.15520387887954712, 0.14078113436698914, 0.09129279106855392, 0.1487812101840973, 0.12142059206962585, 0.16151109337806702, 0.12994296848773956, 0.10015559196472168, 0.0723894014954567, 0.0696524977684021, 0.09896490722894669, 0.05892731621861458, 0.05257634073495865, 0.10860246419906616, 0.1455121487379074, 0.12500369548797607, 0.06547889858484268, 0.06131339818239212, 0.08027253299951553, 0.050369154661893845, 0.04371429979801178, 0.043213583528995514, 0.08546388149261475, 0.23927347362041473, 0.11802905052900314, 0.06727620214223862, 0.04660974070429802, 0.03708910197019577, 0.06822491437196732, 0.16929760575294495, 0.06977710872888565, 0.03619502857327461, 0.03177611529827118, 0.04577973857522011, 0.040887460112571716, 0.022179728373885155, 0.02709823288023472, 0.025685783475637436, 0.020192550495266914, 0.03691551834344864, 0.203404039144516, 0.0607377327978611, 0.038715872913599014, 0.02826983667910099, 0.02213197574019432, 0.016402920708060265, 0.04085729643702507, 0.19197627902030945, 0.15610173344612122, 0.09672079980373383, 0.04882657900452614, 0.03371042013168335, 0.03689178079366684, 0.03295110538601875, 0.0218128003180027, 0.03905119374394417, 0.10750161111354828, 0.06791488081216812, 0.15100456774234772, 0.059693582355976105, 0.03643796965479851, 0.023715928196907043, 0.01616629958152771, 0.01125494297593832, 0.012911026366055012, 0.007203996647149324, 0.00504721375182271, 0.004400625824928284, 0.00396371353417635, 0.00773131288588047, 0.12238594144582748, 0.09242623299360275, 0.12716425955295563, 0.04389951378107071, 0.02746657095849514, 0.026617541909217834, 0.01669977977871895, 0.01279683131724596, 0.008184236474335194, 0.011108425445854664, 0.012340102344751358, 0.04643775522708893, 0.18892234563827515, 0.04973930865526199, 0.03585740178823471, 0.05139671266078949, 0.0323333665728569, 0.020365826785564423, 0.016629153862595558, 0.009171150624752045, 0.005801748484373093, 0.036970462650060654], "accuracy": [0.6437751054763794, 0.7700803279876709, 0.8622490167617798, 0.8785140514373779, 0.922690749168396, 0.927911639213562, 0.9220883250236511, 0.9375501871109009, 0.9429718852043152, 0.9508032202720642, 0.9682731032371521, 0.9461847543716431, 0.9568272829055786, 0.9483935832977295, 0.9560241103172302, 0.9646586179733276, 0.9742971658706665, 0.9738956093788147, 0.9666666388511658, 0.9783132672309875, 0.980522096157074, 0.9602409601211548, 0.949999988079071, 0.9542168378829956, 0.9775100350379944, 0.9787148833274841, 0.9728915691375732, 0.9811245203018188, 0.9835341572761536, 0.9841365218162537, 0.9706827402114868, 0.9208835363388062, 0.9566265344619751, 0.9751003980636597, 0.9833333492279053, 0.9875501990318298, 0.9775100350379944, 0.947389543056488, 0.9736948013305664, 0.9873493909835815, 0.9899598360061646, 0.9839357137680054, 0.9863454103469849, 0.9923694729804993, 0.9903614521026611, 0.9915662407875061, 0.9923694729804993, 0.9887550473213196, 0.9349397420883179, 0.9761044383049011, 0.9865461587905884, 0.9915662407875061, 0.9919678568840027, 0.9955823421478271, 0.988353431224823, 0.9443774819374084, 0.9475903511047363, 0.9680722951889038, 0.981726884841919, 0.9893574118614197, 0.9873493909835815, 0.9893574118614197, 0.9929718971252441, 0.9865461587905884, 0.9672690629959106, 0.9775100350379944, 0.9514056444168091, 0.9787148833274841, 0.9867469668388367, 0.9919678568840027, 0.9951807260513306, 0.9981927871704102, 0.9971887469291687, 0.9991967678070068, 0.9995983839035034, 0.9991967678070068, 0.9995983839035034, 0.9981927871704102, 0.9606425762176514, 0.9682731032371521, 0.9622489809989929, 0.9841365218162537, 0.9913654327392578, 0.9905622601509094, 0.994779109954834, 0.9963855147361755, 0.9975903630256653, 0.9965863227844238, 0.996184766292572, 0.9851405620574951, 0.939558207988739, 0.9811245203018188, 0.9881526231765747, 0.984337329864502, 0.9893574118614197, 0.9911646842956543, 0.994779109954834, 0.9979919791221619, 0.9987951517105103, 0.9905622601509094], "val_loss": [0.6886039972305298, 0.7681779265403748, 0.7255387306213379, 0.6803626418113708, 0.5069305300712585, 0.489903062582016, 0.5074054598808289, 0.4820416569709778, 0.5816429257392883, 0.4793214797973633, 0.46295103430747986, 0.5683214068412781, 0.6814688444137573, 0.7239082455635071, 0.487975150346756, 0.5156137943267822, 0.46550166606903076, 0.4601660966873169, 0.4627920985221863, 0.48514997959136963, 0.5176491737365723, 0.9603024125099182, 0.5086090564727783, 0.6531497836112976, 0.5130141377449036, 0.5222594738006592, 0.5887392163276672, 0.7179110646247864, 0.5864154100418091, 0.6183725595474243, 0.6026405692100525, 0.5421001315116882, 0.553803026676178, 0.4954419732093811, 0.5331529378890991, 0.6641556620597839, 0.7390958070755005, 0.5478285551071167, 0.5117147564888, 0.5291114449501038, 0.5286358594894409, 0.5442630648612976, 0.6054203510284424, 0.5764080882072449, 0.5674200057983398, 0.5908574461936951, 0.6198866963386536, 0.8239831328392029, 0.5205457806587219, 0.5007781982421875, 0.5426112413406372, 0.6083258390426636, 0.5848015546798706, 0.6404433846473694, 0.5570763349533081, 0.6863682866096497, 0.6539446711540222, 0.46041548252105713, 0.45103082060813904, 0.49074772000312805, 0.5181115865707397, 0.4874279201030731, 0.5503966808319092, 0.5765506625175476, 0.618117094039917, 0.6592949628829956, 0.5538515448570251, 0.5042443871498108, 0.5504949688911438, 0.5422621965408325, 0.5447285771369934, 0.5378435850143433, 0.565284013748169, 0.569294810295105, 0.5955958962440491, 0.5983619093894958, 0.5875875353813171, 0.5980575084686279, 0.6394065022468567, 0.5254870653152466, 0.5512310266494751, 0.6115931272506714, 0.639915943145752, 0.5860731601715088, 0.5986515879631042, 0.603001058101654, 0.5930261611938477, 0.6753733158111572, 0.6416482329368591, 0.772028923034668, 0.5841194987297058, 0.6439152956008911, 0.5277707576751709, 0.6141246557235718, 0.6427819728851318, 0.645505428314209, 0.573684811592102, 0.585873007774353, 0.6055461168289185, 0.7093059420585632],