{"loss": [1.3568940162658691, 1.1024249792099, 0.9913698434829712, 0.9141457676887512, 0.8519161343574524, 0.7975806593894958, 0.7457312941551208, 0.6994484066963196, 0.6671965718269348, 0.6401945948600769, 0.6074976325035095, 0.5856397151947021, 0.5766574740409851, 0.5681281089782715, 0.550706684589386, 0.5383241772651672, 0.5268034934997559, 0.5627743005752563, 0.515999972820282, 0.5007984638214111, 0.49151068925857544, 0.48414650559425354, 0.4714297354221344, 0.4615152180194855, 0.4489942491054535, 0.45989537239074707, 0.45088303089141846, 0.43548333644866943, 0.4176465570926666, 0.40460628271102905, 0.3968985974788666, 0.40263476967811584, 0.3865414261817932, 0.3812382221221924, 0.3779413402080536, 0.38000136613845825, 0.3676668703556061, 0.36368072032928467, 0.35730817914009094, 0.3512234091758728, 0.38028860092163086, 0.37178102135658264, 0.351274311542511, 0.34489110112190247, 0.34283021092414856, 0.3410012125968933, 0.33912086486816406, 0.3363032042980194, 0.3326617181301117, 0.33361494541168213, 0.3261933922767639, 0.3254593312740326, 0.33305642008781433, 0.3234751522541046, 0.3181040287017822, 0.31710582971572876, 0.31464874744415283, 0.31060996651649475, 0.31373104453086853, 0.4266708791255951, 0.3163742423057556, 0.31138747930526733, 0.30718564987182617, 0.35067540407180786, 0.41102463006973267, 0.344472736120224, 0.3232661485671997, 0.31238240003585815, 0.3034045398235321, 0.300475150346756, 0.29750263690948486, 0.29542720317840576, 0.2948792576789856, 0.30801016092300415, 0.2961826026439667, 0.30022507905960083, 0.2852076590061188, 0.2845347225666046, 0.3029326796531677, 0.28233131766319275, 0.27968353033065796, 0.28085240721702576, 0.2760188579559326, 0.44894370436668396, 0.328128844499588, 0.3123156726360321, 0.29545995593070984, 0.2847434878349304, 0.2769433856010437, 0.27515119314193726, 0.27514132857322693, 0.27480778098106384, 0.27203232049942017, 0.2717008888721466, 0.26802361011505127, 0.2694512605667114, 0.27315372228622437, 0.2645591199398041, 0.2626664340496063, 0.26316994428634644], "accuracy": [0.46028226613998413, 0.5770161151885986, 0.6082661151885986, 0.6393145322799683, 0.6631048321723938, 0.6917338967323303, 0.707862913608551, 0.7306451797485352, 0.7504032254219055, 0.7588709592819214, 0.7796370983123779, 0.788306474685669, 0.7931451797485352, 0.7862903475761414, 0.7941532135009766, 0.7981854677200317, 0.8034273982048035, 0.7866935729980469, 0.8070564270019531, 0.8157258033752441, 0.8177419304847717, 0.8217741847038269, 0.8282257914543152, 0.8300403356552124, 0.8383064270019531, 0.8247984051704407, 0.8300403356552124, 0.84375, 0.8534274101257324, 0.8580645322799683, 0.8580645322799683, 0.8564516305923462, 0.8647177219390869, 0.8653225898742676, 0.86330646276474, 0.864112913608551, 0.8703628778457642, 0.8675402998924255, 0.8695564270019531, 0.8701612949371338, 0.8639112710952759, 0.8685483932495117, 0.8731854557991028, 0.8770161271095276, 0.8766129016876221, 0.875, 0.8782258033752441, 0.8768145442008972, 0.8766129016876221, 0.8754032254219055, 0.8794354796409607, 0.8788306713104248, 0.8776209950447083, 0.8800403475761414, 0.8834677338600159, 0.8830645084381104, 0.883669376373291, 0.8840726017951965, 0.8832661509513855, 0.854637086391449, 0.8860887289047241, 0.8872984051704407, 0.88669353723526, 0.8707661032676697, 0.8514112830162048, 0.8705645203590393, 0.8798387050628662, 0.8808467984199524, 0.8860887289047241, 0.8885080814361572, 0.8891128897666931, 0.8872984051704407, 0.8885080814361572, 0.8838709592819214, 0.8893145322799683, 0.8850806355476379, 0.8931451439857483, 0.8933467864990234, 0.8893145322799683, 0.8971773982048035, 0.8939515948295593, 0.8943548202514648, 0.8969758152961731, 0.8528226017951965, 0.8808467984199524, 0.8854838609695435, 0.8917338848114014, 0.8969758152961731, 0.89838707447052, 0.8993951678276062, 0.8993951678276062, 0.8981854915618896, 0.896774172782898, 0.9010080695152283, 0.9002016186714172, 0.9004032015800476, 0.9014112949371338, 0.9040322303771973, 0.9036290049552917, 0.9022177457809448], "val_loss": [1.2046958208084106, 1.0743000507354736, 1.0020521879196167, 0.9539666175842285, 0.9144206643104553, 0.8932635188102722, 0.8721787929534912, 0.8625308871269226, 0.8744916319847107, 0.8364384770393372, 0.8133413195610046, 0.7950367331504822, 0.8748579621315002, 0.7970049977302551, 0.7952513098716736, 0.7886812686920166, 0.7839803099632263, 0.7985233664512634, 0.7840689420700073, 0.7710849046707153, 0.7911161184310913, 0.7692755460739136, 0.7704420685768127, 0.7739080190658569, 0.7709767818450928, 0.7678030729293823, 0.773614227771759, 0.7613443732261658, 0.7347379326820374, 0.7287515997886658, 0.7329791188240051, 0.7357670664787292, 0.7085824012756348, 0.7109679579734802, 0.6913583278656006, 0.7046376466751099, 0.7239274382591248, 0.7027578949928284, 0.6942921876907349, 0.7054425477981567, 0.8866041898727417, 0.7324920892715454, 0.6983328461647034, 0.7076624035835266, 0.7251879572868347, 0.726494312286377, 0.6879491806030273, 0.7143133282661438, 0.6910456418991089, 0.70430988073349, 0.7011252045631409, 0.7316027283668518, 0.6895361542701721, 0.704323947429657, 0.7211660742759705, 0.694298505783081, 0.7377516627311707, 0.7267036437988281, 0.7164881825447083, 0.7466700673103333, 0.7236015796661377, 0.7203128337860107, 0.7220847606658936, 0.8504987955093384, 0.7929040193557739, 0.7396649718284607, 0.7517057061195374, 0.7313860058784485, 0.7581236958503723, 0.7470957636833191, 0.740313708782196, 0.7182443141937256, 0.7300102114677429, 0.7301421761512756, 0.7559875249862671, 0.7747962474822998, 0.7485944032669067, 0.7674952149391174, 0.7720847725868225, 0.8534243702888489, 0.7548710107803345, 0.7515425682067871, 0.7679771184921265, 0.7596551179885864, 0.7270535230636597, 0.7497081160545349, 0.7208200693130493, 0.7418341636657715, 0.762378454208374, 0.7645091414451599, 0.7966262102127075, 0.7597722411155701, 0.7704238295555115, 0.7594105005264282, 0.7920145988464355, 0.7952969074249268, 0.7735047340393066, 0.7785541415214539, 0.8277376294136047, 0.8035500645637512],