{"loss": [1.0694502592086792, 0.8020804524421692, 0.693976640701294, 0.6403604745864868, 0.5890209078788757, 0.5422770380973816, 0.4994924068450928, 0.4701974093914032, 0.441182941198349, 0.4049100875854492], "accuracy": [0.5565565824508667, 0.6640640497207642, 0.7153153419494629, 0.7419419288635254, 0.7723723649978638, 0.7951952219009399, 0.8120120167732239, 0.8276275992393494, 0.8416416645050049, 0.8608608841896057], "val_loss": [0.942198634147644, 0.8254117369651794, 0.7735496759414673, 0.7765058279037476, 0.7315497398376465, 0.7124422192573547, 0.7103635668754578, 0.6803129315376282, 0.7189404368400574, 0.7126681208610535], "val_accuracy": [0.6062061786651611, 0.6468468308448792, 0.6750750541687012, 0.6904904842376709, 0.7151151299476624, 0.7203203439712524, 0.7335335612297058, 0.7513513565063477, 0.7329329252243042, 0.7299299240112305], "training_time": 8.079941511154175, "output_time": 0.04760580062866211}