{"loss": [1.263671636581421, 1.048335313796997, 0.9612234234809875, 0.9014346599578857, 0.8575668334960938, 0.8212562203407288, 0.7875869274139404, 0.7603346705436707, 0.7350651621818542, 0.7138616442680359, 0.6932448744773865, 0.6747838854789734, 0.6571587324142456, 0.6383536458015442, 0.6230810880661011, 0.606384813785553, 0.598046064376831, 0.5833414196968079, 0.5740864276885986, 0.5621891021728516, 0.553989827632904, 0.545548677444458, 0.5350744724273682, 0.5303402543067932, 0.5210570693016052, 0.5127441883087158, 0.5056759119033813, 0.4977131187915802, 0.4924188554286957, 0.486775279045105, 0.48006436228752136, 0.4771271049976349, 0.46939191222190857, 0.4643525779247284, 0.46137556433677673, 0.4548405408859253, 0.4526023864746094, 0.44731664657592773, 0.4437931478023529, 0.43967583775520325, 0.4333675801753998, 0.4302288293838501, 0.42738258838653564, 0.4211592376232147, 0.4206870198249817, 0.4181545674800873, 0.4159800708293915, 0.40842780470848083, 0.40545281767845154, 0.4035080671310425, 0.3992873430252075, 0.3988158404827118, 0.3944592773914337, 0.390853613615036, 0.38875046372413635, 0.3860120475292206, 0.3852362632751465, 0.37834757566452026, 0.3754657208919525, 0.37854206562042236, 0.37146085500717163, 0.3678898811340332, 0.36491551995277405, 0.3650040924549103, 0.3613717257976532, 0.36311036348342896, 0.3568829298019409, 0.35471436381340027, 0.35580378770828247, 0.35258182883262634, 0.34897738695144653, 0.34877127408981323, 0.34618714451789856, 0.34489211440086365, 0.3420755863189697, 0.33834102749824524, 0.3367805778980255, 0.33449503779411316, 0.33879709243774414, 0.33070942759513855, 0.32927611470222473, 0.3263443112373352, 0.3232860565185547, 0.32194674015045166, 0.31882861256599426, 0.32059335708618164, 0.3170379400253296, 0.3175392150878906, 0.315014123916626, 0.31444400548934937, 0.31339922547340393, 0.3117784857749939, 0.30894002318382263, 0.30921342968940735, 0.3055711090564728, 0.3032682240009308, 0.3053872883319855, 0.3016916513442993, 0.3002397418022156, 0.2966298460960388], "accuracy": [0.48109620809555054, 0.5441088080406189, 0.5683136582374573, 0.5933186411857605, 0.6145229339599609, 0.6309261918067932, 0.6487297415733337, 0.6671334505081177, 0.6833366751670837, 0.6985397338867188, 0.7123424410820007, 0.7229446172714233, 0.7337467670440674, 0.7437487244606018, 0.7513502836227417, 0.7617523670196533, 0.7583516836166382, 0.7655531167984009, 0.7673534750938416, 0.777555525302887, 0.7805560827255249, 0.7819563746452332, 0.7881576418876648, 0.7863572835922241, 0.7913582921028137, 0.7955591082572937, 0.8025605082511902, 0.8043608665466309, 0.8045608997344971, 0.8095619082450867, 0.8115622997283936, 0.8153630495071411, 0.8171634078025818, 0.8169633746147156, 0.8189637660980225, 0.8239647746086121, 0.8245649337768555, 0.8291658163070679, 0.822964608669281, 0.8227645754814148, 0.8335667252540588, 0.8329665660858154, 0.8381676077842712, 0.8347669243812561, 0.8357671499252319, 0.8375675082206726, 0.8375675082206726, 0.8443688750267029, 0.8457691669464111, 0.8421684503555298, 0.847769558429718, 0.8481696248054504, 0.8535706996917725, 0.8507701754570007, 0.8559712171554565, 0.8541708588600159, 0.8555710911750793, 0.8591718077659607, 0.8601720333099365, 0.8581716418266296, 0.8601720333099365, 0.8643728494644165, 0.8623724579811096, 0.862972617149353, 0.8665733337402344, 0.8653730750083923, 0.8691738247871399, 0.8689737915992737, 0.8675734996795654, 0.8673734664916992, 0.8711742162704468, 0.8693738579750061, 0.8705741167068481, 0.8703740835189819, 0.8721744418144226, 0.8765752911567688, 0.876975417137146, 0.8741748332977295, 0.8723744750022888, 0.8797759413719177, 0.8795759081840515, 0.882376492023468, 0.8859772086143494, 0.8837767839431763, 0.8835766911506653, 0.8795759081840515, 0.8841768503189087, 0.8851770162582397, 0.8837767839431763, 0.8861772418022156, 0.8839768171310425, 0.8839768171310425, 0.886577308177948, 0.8881776332855225, 0.8863772749900818, 0.8875775337219238, 0.8885776996612549, 0.886577308177948, 0.8899779915809631, 0.8927785754203796], "val_loss": [1.1068475246429443, 1.0059261322021484, 0.9469760060310364, 0.9014521837234497, 0.8782070875167847, 0.8514615297317505, 0.8351172208786011, 0.8267073631286621, 0.7986955642700195, 0.7849637866020203, 0.7707733511924744, 0.7725978493690491, 0.7575989365577698, 0.7398532629013062, 0.7272985577583313, 0.7233930230140686, 0.7175859808921814, 0.7107840180397034, 0.7059950232505798, 0.69951331615448, 0.7028823494911194, 0.6871042251586914, 0.6938680410385132, 0.6857244968414307, 0.6858605146408081, 0.6833539009094238, 0.6724633574485779, 0.6746412515640259, 0.6700525283813477, 0.6681966185569763, 0.6701217293739319, 0.6655972003936768, 0.662491500377655, 0.6681705117225647, 0.6626988053321838, 0.6689056158065796, 0.658782958984375, 0.672731876373291, 0.6601901054382324, 0.6571277379989624, 0.6611971855163574, 0.6586545705795288, 0.6549429893493652, 0.6603469252586365, 0.6566576957702637, 0.671062171459198, 0.6562395691871643, 0.6608946919441223, 0.6676273941993713, 0.6514565348625183, 0.6535473465919495, 0.6611788272857666, 0.6539473533630371, 0.6567956805229187, 0.658870279788971, 0.6610522270202637, 0.6541014313697815, 0.6620398759841919, 0.656100332736969, 0.6544446349143982, 0.6459348201751709, 0.6574491262435913, 0.658047616481781, 0.6653443574905396, 0.6655007004737854, 0.6584941744804382, 0.6519707441329956, 0.6579360365867615, 0.6625283360481262, 0.6546568274497986, 0.6582319736480713, 0.6595199704170227, 0.65907883644104, 0.6684601306915283, 0.656751811504364, 0.6588811874389648, 0.6597135066986084, 0.6677807569503784, 0.6649641990661621, 0.6572523713111877, 0.66536545753479, 0.6698182225227356, 0.6650717854499817, 0.6762425303459167, 0.6650000214576721, 0.6718679070472717, 0.6698833703994751, 0.6590584516525269, 0.666982889175415, 0.6757395267486572, 0.6792353391647339, 0.675701916217804, 0.6726576685905457, 0.66764897108078, 0.672936201095581, 0.6644130945205688, 0.6811672449111938, 0.6708548665046692, 0.6889795660972595, 0.6891458034515381],