{"loss": [1.1346570253372192, 0.8251110911369324, 0.6752974390983582, 0.577392041683197, 0.5059457421302795, 0.45437201857566833, 0.40627172589302063, 0.36482182145118713, 0.3263912498950958, 0.29218611121177673, 0.266193687915802, 0.24477247893810272, 0.22238530218601227, 0.20739108324050903, 0.19403928518295288, 0.1806054562330246, 0.17386746406555176, 0.16289597749710083, 0.1588761806488037, 0.15223655104637146, 0.13923338055610657, 0.14079847931861877, 0.12802842259407043, 0.12260349839925766, 0.11888591945171356, 0.12338598072528839, 0.10946765542030334, 0.11027880758047104, 0.10068300366401672, 0.0972868949174881, 0.09442146122455597, 0.09857463836669922, 0.09126672893762589, 0.08165739476680756, 0.09054741263389587, 0.08983123302459717, 0.07930181920528412, 0.080451101064682, 0.07546398043632507, 0.07057874649763107, 0.08175117522478104, 0.07147742807865143, 0.07047881186008453, 0.06799554824829102, 0.0704960972070694, 0.06503892689943314, 0.05963059514760971, 0.06260233372449875, 0.06678798049688339, 0.05617741867899895, 0.05357858166098595, 0.05366307497024536, 0.06119702011346817, 0.05275322496891022, 0.05326271429657936, 0.055946238338947296, 0.045021891593933105, 0.054116252809762955, 0.04839486628770828, 0.047817520797252655, 0.0499974824488163, 0.04294748976826668, 0.04683682695031166, 0.042147114872932434, 0.04040183126926422, 0.04113340377807617, 0.050237420946359634, 0.051511481404304504, 0.03673560917377472, 0.035793621093034744, 0.039350684732198715, 0.05175042524933815, 0.05163014680147171, 0.03672587499022484, 0.03219621255993843, 0.03272362798452377, 0.029013080522418022, 0.030175356194376945, 0.029533810913562775, 0.02929597906768322, 0.037183042615652084, 0.03899198770523071, 0.026939891278743744, 0.03998459875583649, 0.03476106747984886, 0.03107392229139805, 0.0246279239654541, 0.02352706901729107, 0.026333294808864594, 0.023328132927417755, 0.026484154164791107, 0.030993593856692314, 0.041325122117996216, 0.023131364956498146, 0.022483933717012405, 0.02090943604707718, 0.017590148374438286, 0.01972823217511177, 0.062276892364025116, 0.03167382627725601], "accuracy": [0.5490981936454773, 0.6859719157218933, 0.7525050044059753, 0.7903807759284973, 0.8236473202705383, 0.8394789695739746, 0.8593186140060425, 0.8791583180427551, 0.892985999584198, 0.9026052355766296, 0.9140280485153198, 0.9204408526420593, 0.9290581345558167, 0.9320641160011292, 0.9384769797325134, 0.9438877701759338, 0.9456914067268372, 0.9472945928573608, 0.9494990110397339, 0.9553106427192688, 0.9543086290359497, 0.9551101922988892, 0.9593186378479004, 0.9597194194793701, 0.9623246788978577, 0.9589178562164307, 0.9657314419746399, 0.9629258513450623, 0.968937873840332, 0.9711422920227051, 0.9683367013931274, 0.9681362509727478, 0.9697394967079163, 0.9751502871513367, 0.9703406691551208, 0.9703406691551208, 0.9731463193893433, 0.9737474918365479, 0.9753506779670715, 0.978156328201294, 0.9711422920227051, 0.9779559373855591, 0.9763526916503906, 0.978156328201294, 0.978156328201294, 0.9799599051475525, 0.9813627004623413, 0.979158341884613, 0.9793587327003479, 0.9805611371994019, 0.9841683506965637, 0.9829659461975098, 0.9801602959632874, 0.9813627004623413, 0.9821643233299255, 0.9817635416984558, 0.9853707551956177, 0.9821643233299255, 0.9849699139595032, 0.9851703643798828, 0.9849699139595032, 0.9861723184585571, 0.9847695231437683, 0.9873747229576111, 0.9883767366409302, 0.9875751733779907, 0.9845691323280334, 0.9839679598808289, 0.9891783595085144, 0.9893787503242493, 0.9879759550094604, 0.9833667278289795, 0.980360746383667, 0.9875751733779907, 0.9917835593223572, 0.9901803731918335, 0.9921843409538269, 0.9911823868751526, 0.991983950138092, 0.9927855730056763, 0.988577127456665, 0.9863727688789368, 0.9935871958732605, 0.9883767366409302, 0.990981936454773, 0.9921843409538269, 0.9935871958732605, 0.9939879775047302, 0.9927855730056763, 0.9935871958732605, 0.9929859638214111, 0.990981936454773, 0.9873747229576111, 0.9929859638214111, 0.9935871958732605, 0.9951903820037842, 0.9969939589500427, 0.9951903820037842, 0.9797595143318176, 0.9903807640075684], "val_loss": [0.9669740796089172, 0.7960110902786255, 0.710307776927948, 0.6577624678611755, 0.6158338189125061, 0.5789846181869507, 0.5449941158294678, 0.5458978414535522, 0.5375338196754456, 0.5040262341499329, 0.49748891592025757, 0.4834197163581848, 0.4778567850589752, 0.4771508276462555, 0.46317189931869507, 0.46567246317863464, 0.481446236371994, 0.4695277810096741, 0.47344744205474854, 0.4960958957672119, 0.49613097310066223, 0.47853660583496094, 0.49735739827156067, 0.5362300872802734, 0.5032719969749451, 0.48365548253059387, 0.5096296072006226, 0.4899214506149292, 0.5172706842422485, 0.520107626914978, 0.5210267305374146, 0.5056459307670593, 0.5139515995979309, 0.5322290062904358, 0.5727973580360413, 0.5247707366943359, 0.553680419921875, 0.5482235550880432, 0.57941073179245, 0.5415744781494141, 0.5130490064620972, 0.5382749438285828, 0.5360139012336731, 0.5417361855506897, 0.5848526358604431, 0.5502203702926636, 0.5634576082229614, 0.6019678115844727, 0.5539538264274597, 0.5816179513931274, 0.5471627116203308, 0.5870780944824219, 0.5856779217720032, 0.5627098679542542, 0.5989492535591125, 0.5869434475898743, 0.6046077013015747, 0.613659143447876, 0.5909370183944702, 0.6018397212028503, 0.6099418997764587, 0.6249762773513794, 0.6019092202186584, 0.6430239677429199, 0.6151333451271057, 0.6113842725753784, 0.6238295435905457, 0.5991411805152893, 0.614468514919281, 0.6476836204528809, 0.6051791310310364, 0.6645719408988953, 0.6562918424606323, 0.6217623949050903, 0.656333327293396, 0.6335071325302124, 0.6692554950714111, 0.6745156049728394, 0.6612144112586975, 0.6735156774520874, 0.7136833667755127, 0.6452714800834656, 0.6827482581138611, 0.688606321811676, 0.6851242780685425, 0.6385883688926697, 0.6925489902496338, 0.6885690093040466, 0.6762658953666687, 0.7235151529312134, 0.6892499923706055, 0.7529025077819824, 0.6850560307502747, 0.6847910284996033, 0.6911084651947021, 0.7105000615119934, 0.7248373627662659, 0.7209217548370361, 0.7577850818634033, 0.7287852764129639],