{"loss": [1.2018935680389404, 0.9949159622192383, 0.9335900545120239, 0.8858951330184937, 0.8547822833061218, 0.824633777141571, 0.7970600128173828, 0.7733684182167053, 0.7520530819892883, 0.7363264560699463], "accuracy": [0.4780956208705902, 0.5579115748405457, 0.5839167833328247, 0.611322283744812, 0.6173234581947327, 0.6399279832839966, 0.651130199432373, 0.6689338088035583, 0.6787357330322266, 0.6881376504898071], "val_loss": [1.0581392049789429, 0.9873118996620178, 0.9574339389801025, 0.9282711148262024, 0.9097208380699158, 0.8927023410797119, 0.870564341545105, 0.8627587556838989, 0.8469356894493103, 0.8312650918960571], "val_accuracy": [0.5361072421073914, 0.5741147994995117, 0.5789157748222351, 0.6023204922676086, 0.6111222505569458, 0.6147229671478271, 0.6459291577339172, 0.6469293832778931, 0.6439287662506104, 0.655531108379364], "training_time": 7.64744234085083, "output_time": 0.042402791976928714}