{"loss": [0.7758020162582397, 0.4363524913787842, 0.30331259965896606, 0.22535544633865356, 0.1696576476097107, 0.15623094141483307, 0.12406075745820999, 0.11307471245527267, 0.1045742854475975, 0.07737327367067337, 0.08443717658519745, 0.07310553640127182, 0.06795477867126465, 0.08389807492494583, 0.05485767498612404, 0.054495979100465775, 0.050878800451755524, 0.039925578981637955, 0.03442485257983208, 0.04194794222712517, 0.03975387290120125, 0.03865215554833412, 0.035602886229753494, 0.039393115788698196, 0.025270957499742508, 0.03630369156599045, 0.017548738047480583, 0.022612957283854485, 0.01493222825229168, 0.0110358577221632, 0.013381064869463444, 0.019737401977181435, 0.045065026730298996, 0.022985683754086494, 0.020319325849413872, 0.01704391837120056, 0.013810602948069572, 0.011149784550070763, 0.030337130650877953, 0.01086930837482214, 0.008962794207036495, 0.008113606832921505, 0.017742233350872993, 0.01916670799255371, 0.010755044408142567, 0.005846751853823662, 0.008907098323106766, 0.007632395252585411, 0.02386724390089512, 0.03680301457643509, 0.011746077798306942, 0.00871980655938387, 0.002583106281235814, 0.0009738178923726082, 0.0007502742228098214, 0.0005692706326954067, 0.0005449284217320383, 0.0005775172612629831, 0.0006112128030508757, 0.016598716378211975, 0.030670328065752983, 0.05203678086400032, 0.0169751588255167, 0.0038344063796103, 0.0014435164630413055, 0.0008170829969458282, 0.0005400785012170672, 0.0004649561597034335, 0.0003784147556871176, 0.0003284081176389009, 0.00029143202118575573, 0.0002548058982938528, 0.00023231883824337274, 0.0002052814234048128, 0.00018239735800307244, 0.00016461446648463607, 0.00015050845104269683, 0.0001354564301436767, 0.00012402422726154327, 0.0001137907529482618, 0.00010127008135896176, 9.395733650308102e-05, 8.404350228374824e-05, 7.616689981659874e-05, 7.169729360612109e-05, 6.39222635072656e-05, 5.8301382523495704e-05, 5.311808854457922e-05, 4.909696144750342e-05, 4.488748891162686e-05, 4.0929444367066026e-05, 3.718871084856801e-05, 3.3949483622564e-05, 3.110206307610497e-05, 2.8408625439624302e-05, 2.6232764867017977e-05, 2.3724882339593023e-05, 2.1972551621729508e-05, 1.9828379663522355e-05, 1.8651857317308895e-05], "accuracy": [0.6765531301498413, 0.8364729285240173, 0.8879759311676025, 0.9184368848800659, 0.9400801658630371, 0.9422845840454102, 0.9559118151664734, 0.9579158425331116, 0.9651302695274353, 0.9721443057060242, 0.9697394967079163, 0.9717434644699097, 0.9763526916503906, 0.9713426828384399, 0.9795591235160828, 0.9813627004623413, 0.9831663370132446, 0.9871743321418762, 0.9877755641937256, 0.9849699139595032, 0.9849699139595032, 0.9859719276428223, 0.9883767366409302, 0.9849699139595032, 0.9913827776908875, 0.9871743321418762, 0.9955911636352539, 0.9921843409538269, 0.9957915544509888, 0.9973948001861572, 0.9971944093704224, 0.9929859638214111, 0.9871743321418762, 0.9937875866889954, 0.9935871958732605, 0.9949899911880493, 0.9961923956871033, 0.9979959726333618, 0.991983950138092, 0.9973948001861572, 0.9979959726333618, 0.9973948001861572, 0.9959920048713684, 0.9943887591362, 0.9963927865028381, 0.9985972046852112, 0.9979959726333618, 0.9973948001861572, 0.9921843409538269, 0.9881763458251953, 0.9969939589500427, 0.9975951910018921, 0.9995992183685303, 1.0, 1.0, 1.0, 1.0, 1.0, 1.0, 0.9957915544509888, 0.9905811548233032, 0.9827655553817749, 0.9943887591362, 0.9989979863166809, 1.0, 0.9997996091842651, 1.0, 1.0, 1.0, 1.0, 1.0, 1.0, 1.0, 1.0, 1.0, 1.0, 1.0, 1.0, 1.0, 1.0, 1.0, 1.0, 1.0, 1.0, 1.0, 1.0, 1.0, 1.0, 1.0, 1.0, 1.0, 1.0, 1.0, 1.0, 1.0, 1.0, 1.0, 1.0, 1.0, 1.0], "val_loss": [0.6535142660140991, 0.5466139912605286, 0.4626329839229584, 0.42923885583877563, 0.47818008065223694, 0.4468124806880951, 0.4772545099258423, 0.47754403948783875, 0.43162745237350464, 0.5105205178260803, 0.5104265809059143, 0.46247804164886475, 0.5090075135231018, 0.4804461896419525, 0.5015302896499634, 0.5331780910491943, 0.5686538815498352, 0.5400450229644775, 0.527101993560791, 0.5503836274147034, 0.5459010004997253, 0.54884272813797, 0.570762038230896, 0.5828829407691956, 0.5586274862289429, 0.5560563802719116, 0.5765966773033142, 0.598384439945221, 0.6378905177116394, 0.652023196220398, 0.6415708661079407, 0.6471863985061646, 0.5732917785644531, 0.636540949344635, 0.5660991668701172, 0.6297699213027954, 0.6269422173500061, 0.722547173500061, 0.5855458974838257, 0.6188778281211853, 0.6890773177146912, 0.6414239406585693, 0.6102256178855896, 0.5957331657409668, 0.5944848656654358, 0.6236038208007812, 0.6450917720794678, 0.6257343292236328, 0.62418532371521, 0.6082139611244202, 0.6300905346870422, 0.6515586376190186, 0.6490479707717896, 0.6604676842689514, 0.6736376285552979, 0.6806429624557495, 0.6924444437026978, 0.7023006677627563, 0.7152370810508728, 0.6603173613548279, 0.7344456911087036, 0.6257231831550598, 0.6427546739578247, 0.6625197529792786, 0.6616395711898804, 0.6777610778808594, 0.6823863387107849, 0.6926167607307434, 0.699822187423706, 0.7071729302406311, 0.713969886302948, 0.7204197645187378, 0.7271022796630859, 0.7336910367012024, 0.7401741147041321, 0.7465977072715759, 0.7519903779029846, 0.7583749294281006, 0.7640496492385864, 0.7708489894866943, 0.7768470048904419, 0.7817783951759338, 0.7890015244483948, 0.7935655117034912, 0.7996284365653992, 0.8053503036499023, 0.8125534057617188, 0.8169409036636353, 0.8239644169807434, 0.8297700881958008, 0.8354722857475281, 0.8412452936172485, 0.8469163179397583, 0.852364718914032, 0.8590255975723267, 0.8653560876846313, 0.871456503868103, 0.87696772813797, 0.8829541206359863, 0.8890159130096436], "val_accuracy": [0.7236472964286804, 0.796593189239502, 0.8336673378944397, 0.8503006100654602, 0.8394789695739746, 0.8486974239349365, 0.8545089960098267, 0.8478958010673523, 0.8667334914207458, 0.8527054190635681, 0.8416833877563477, 0.8699398636817932, 0.8607214689254761, 0.8629258275032043, 0.8645290732383728, 0.863126277923584, 0.855110228061676, 0.8675350546836853, 0.8683366775512695, 0.8653306365013123, 0.8661322593688965, 0.8657314777374268, 0.858517050743103, 0.8545089960098267, 0.8633266687393188, 0.8649298548698425, 0.8705410957336426, 0.8699398636817932, 0.859719455242157, 0.8639278411865234, 0.8655310869216919, 0.8645290732383728, 0.8679358959197998, 0.8655310869216919, 0.8767535090446472, 0.8697394728660583, 0.8729459047317505, 0.8446893692016602, 0.880561113357544, 0.8711422681808472, 0.8645290732383728, 0.8749498724937439, 0.8675350546836853, 0.8777555227279663, 0.875951886177063, 0.8751503229141235, 0.8677354454994202, 0.8729459047317505, 0.8663326501846313, 0.8727455139160156, 0.8737474679946899, 0.8705410957336426, 0.8743487000465393, 0.8755511045455933, 0.8753507137298584, 0.8741483092308044, 0.8735470771789551, 0.8727455139160156, 0.8735470771789551, 0.8605210185050964, 0.8404809832572937, 0.8657314777374268, 0.8681362867355347, 0.8729459047317505, 0.8733466863632202, 0.8717435002326965, 0.8733466863632202, 0.8723446726799011, 0.8723446726799011, 0.8723446726799011, 0.8723446726799011, 0.8717435002326965, 0.872545063495636, 0.8717435002326965, 0.872545063495636, 0.8711422681808472, 0.871342658996582, 0.8697394728660583, 0.8689378499984741, 0.8701402544975281, 0.8699398636817932, 0.8693386912345886, 0.8693386912345886, 0.8687374591827393, 0.8687374591827393, 0.8685370683670044, 0.8687374591827393, 0.8681362867355347, 0.8683366775512695, 0.8681362867355347, 0.8677354454994202, 0.8679358959197998, 0.8679358959197998, 0.8675350546836853, 0.8671342730522156, 0.8677354454994202, 0.8671342730522156, 0.8667334914207458, 0.8675350546836853, 0.8677354454994202], "training_time": 190.01574611663818, "output_time": 0.08943057060241699}