{"loss": [1.0285131931304932, 0.7710615992546082, 0.666746973991394, 0.5894098877906799, 0.5203348994255066, 0.48205438256263733, 0.42822495102882385, 0.3840189278125763, 0.3637699782848358, 0.32603633403778076, 0.31213143467903137, 0.2904190123081207, 0.27331170439720154, 0.2495540827512741, 0.24225500226020813, 0.22393551468849182, 0.2078179270029068, 0.20393051207065582, 0.19808964431285858, 0.17628492414951324, 0.17655061185359955, 0.16868698596954346, 0.15832164883613586, 0.15361088514328003, 0.1480495035648346, 0.1472424417734146, 0.12633571028709412, 0.12160751223564148, 0.11785992234945297, 0.11500358581542969, 0.10594377666711807, 0.10210226476192474, 0.10193169116973877, 0.09056973457336426, 0.09174208343029022, 0.08443719893693924, 0.08197300881147385, 0.07593513280153275, 0.06967385858297348, 0.08489353954792023, 0.06865792721509933, 0.06824149191379547, 0.06425708532333374, 0.06170722842216492, 0.055262137204408646, 0.049267303198575974, 0.06098666414618492, 0.04456927254796028, 0.05023840069770813, 0.05774227902293205, 0.04828847944736481, 0.049780845642089844, 0.045969896018505096, 0.03835291787981987, 0.03596479445695877, 0.03502568602561951, 0.0290865246206522, 0.04313575103878975, 0.04358017444610596, 0.03625812381505966, 0.05974534898996353, 0.02823573723435402, 0.024398017674684525, 0.0258333683013916, 0.025425152853131294, 0.027804212644696236, 0.02093876712024212, 0.02141215279698372, 0.024989353492856026, 0.021991783753037453, 0.02394390106201172, 0.02475765161216259, 0.025931764394044876, 0.029555141925811768, 0.02273257076740265, 0.04515918344259262, 0.027446869760751724, 0.013927837833762169, 0.013030905276536942, 0.022786559537053108, 0.019056882709264755, 0.020337043330073357, 0.010578441433608532, 0.021040525287389755, 0.01297967042773962, 0.008170214481651783, 0.009541593492031097, 0.026385176926851273, 0.025726495310664177, 0.013788316398859024, 0.015815364196896553, 0.007144961506128311, 0.009098425507545471, 0.02368742786347866, 0.010118531063199043, 0.02660238742828369, 0.01352141983807087, 0.05459566041827202, 0.018831942230463028, 0.011313633993268013], "accuracy": [0.54132479429245, 0.6555933356285095, 0.7102261185646057, 0.7456473708152771, 0.7808685302734375, 0.8018811345100403, 0.8304982781410217, 0.8501100540161133, 0.8599159717559814, 0.8737242221832275, 0.8835301399230957, 0.8895336985588074, 0.8997398614883423, 0.905743420124054, 0.9107464551925659, 0.9195517301559448, 0.9231538772583008, 0.9221532940864563, 0.9249549508094788, 0.9349609613418579, 0.9309585690498352, 0.9379627704620361, 0.9391635060310364, 0.9391635060310364, 0.9477686882019043, 0.9433659911155701, 0.95697420835495, 0.955373227596283, 0.9597758650779724, 0.9583750367164612, 0.9609766006469727, 0.9619771838188171, 0.9615769386291504, 0.9695817232131958, 0.9659795761108398, 0.970782458782196, 0.9693816304206848, 0.9753852486610413, 0.975985586643219, 0.9687812924385071, 0.975985586643219, 0.9781869053840637, 0.9785871505737305, 0.9815889596939087, 0.9819892048835754, 0.9827896952629089, 0.9791874885559082, 0.9859915971755981, 0.9827896952629089, 0.9805883765220642, 0.9847908616065979, 0.9835901260375977, 0.9827896952629089, 0.9897938966751099, 0.9875925779342651, 0.9901941418647766, 0.9915949702262878, 0.9843906164169312, 0.9865919351577759, 0.9893936514854431, 0.9805883765220642, 0.9927957057952881, 0.9931958913803101, 0.9927957057952881, 0.9917950630187988, 0.9917950630187988, 0.9935961365699768, 0.9931958913803101, 0.9917950630187988, 0.9937962889671326, 0.9919952154159546, 0.9915949702262878, 0.9927957057952881, 0.9909945726394653, 0.9919952154159546, 0.9857915043830872, 0.9921953082084656, 0.996397852897644, 0.9961977005004883, 0.9915949702262878, 0.9945967793464661, 0.9931958913803101, 0.9967980980873108, 0.9927957057952881, 0.996397852897644, 0.998399019241333, 0.9961977005004883, 0.9897938966751099, 0.9905943274497986, 0.996597945690155, 0.9951971173286438, 0.9985991716384888, 0.9971983432769775, 0.9909945726394653, 0.9973984360694885, 0.9913948178291321, 0.9961977005004883, 0.9817890524864197, 0.9943966269493103, 0.9969981908798218], "val_loss": [0.884631872177124, 0.8258333802223206, 0.7657123804092407, 0.7206073999404907, 0.6667621731758118, 0.6477223038673401, 0.6723968982696533, 0.6142832040786743, 0.626471757888794, 0.5968433618545532, 0.6138235926628113, 0.6069110631942749, 0.5992072224617004, 0.6131240725517273, 0.6089054942131042, 0.6046719551086426, 0.5844848155975342, 0.6092113256454468, 0.5845312476158142, 0.6002576947212219, 0.6126102805137634, 0.596355676651001, 0.6105294823646545, 0.6317874789237976, 0.6603478193283081, 0.633522629737854, 0.6449160575866699, 0.641952633857727, 0.6591822504997253, 0.6761914491653442, 0.6615796089172363, 0.7082011699676514, 0.7025690078735352, 0.7179380059242249, 0.7009801864624023, 0.7219288945198059, 0.7321857213973999, 0.751254677772522, 0.768501877784729, 0.7193281054496765, 0.7334844470024109, 0.7597007751464844, 0.774186372756958, 0.7680533528327942, 0.8023800849914551, 0.8234373927116394, 0.8147968649864197, 0.8171340227127075, 0.8136149048805237, 0.8018097877502441, 0.9249676465988159, 0.8195242285728455, 0.8170731663703918, 0.8277522921562195, 0.8418482542037964, 0.8643880486488342, 0.8958714008331299, 0.8929831385612488, 0.9103302955627441, 0.9086644649505615, 0.8705288767814636, 0.8844292759895325, 0.9074836373329163, 0.9164432287216187, 0.9272193908691406, 0.9310075044631958, 0.9409266710281372, 0.9347155094146729, 0.9580309987068176, 0.9648662209510803, 0.9874468445777893, 1.0269173383712769, 1.017864465713501, 0.9980849623680115, 1.0919722318649292, 0.9733850955963135, 0.9713877439498901, 0.9988895654678345, 1.0214341878890991, 1.0194467306137085, 1.014420747756958, 0.991948664188385, 1.0181176662445068, 1.0481029748916626, 1.0338361263275146, 1.0461032390594482, 1.0428886413574219, 1.0878883600234985, 1.0481520891189575, 1.0661438703536987, 1.0415291786193848, 1.079824686050415, 1.076724886894226, 1.0601470470428467, 1.1227391958236694, 1.0746244192123413, 1.096464991569519, 1.1120762825012207, 1.0661842823028564, 1.036982774734497],