{"loss": [1.3721590042114258, 1.1420153379440308, 1.0373061895370483, 0.9664281606674194, 0.915459156036377, 0.8757912516593933, 0.8429173827171326, 0.8158701062202454, 0.7935665845870972, 0.7730436325073242, 0.7514092326164246, 0.7293379306793213, 0.7044968008995056, 0.6911824941635132, 0.6784382462501526, 0.656987190246582, 0.6558195948600769, 0.621854305267334, 0.6013964414596558, 0.6160895824432373, 0.5705955624580383, 0.5611047744750977, 0.525245189666748, 0.5351789593696594, 0.5159633159637451, 0.48590922355651855, 0.4737280607223511, 0.4752814769744873, 0.4490976929664612, 0.438091516494751, 0.43255671858787537, 0.426159143447876, 0.4179792106151581, 0.40973660349845886, 0.43193331360816956, 0.4059487283229828, 0.39719823002815247, 0.41629093885421753, 0.43407922983169556, 0.39476436376571655, 0.4140549302101135, 0.3838852643966675, 0.37552687525749207, 0.37009868025779724, 0.367011159658432, 0.36358189582824707, 0.3615185618400574, 0.3563239872455597, 0.3547600209712982, 0.3523772358894348, 0.3592260479927063, 0.35041916370391846, 0.34835392236709595, 0.34632471203804016, 0.344802588224411, 0.34266167879104614, 0.3409048616886139, 0.33930307626724243, 0.3373747169971466, 0.33332401514053345, 0.32832595705986023, 0.3273925185203552, 0.3281094431877136, 0.32364463806152344, 0.3213837444782257, 0.3195148706436157, 0.3223547339439392, 0.3177470266819, 0.3124275505542755, 0.30953308939933777, 0.31144317984580994, 0.36323025822639465, 0.3162648677825928, 0.3056621849536896, 0.30300742387771606, 0.3022482693195343, 0.44890913367271423, 0.3908880352973938, 0.3307494819164276, 0.311967134475708, 0.30437666177749634, 0.29942187666893005, 0.29899299144744873, 0.2930643856525421, 0.29177623987197876, 0.29001402854919434, 0.29281705617904663, 0.2882086932659149, 0.28574129939079285, 0.2830984890460968, 0.28355738520622253, 0.2812206745147705, 0.28284239768981934, 0.2800702154636383, 0.2791577875614166, 0.2781515419483185, 0.27732881903648376, 0.2762506604194641, 0.27502140402793884, 0.2722580134868622], "accuracy": [0.4494990110397339, 0.5543085932731628, 0.5803607106208801, 0.6100200414657593, 0.6202405095100403, 0.6370741724967957, 0.6424849629402161, 0.6579158306121826, 0.6655310392379761, 0.6729459166526794, 0.6859719157218933, 0.702404797077179, 0.7170340418815613, 0.7260521054267883, 0.728857696056366, 0.7462925910949707, 0.7418837547302246, 0.7639278769493103, 0.7763527035713196, 0.7631262540817261, 0.789779543876648, 0.8062124252319336, 0.8204408884048462, 0.8056111931800842, 0.826452910900116, 0.8386773467063904, 0.8444889783859253, 0.8452906012535095, 0.8579158186912537, 0.8605210185050964, 0.8625250458717346, 0.8643286824226379, 0.8657314777374268, 0.8685370683670044, 0.8569138050079346, 0.8705410957336426, 0.8733466863632202, 0.8651302456855774, 0.8513026237487793, 0.8719438910484314, 0.863126277923584, 0.8729459047317505, 0.8777555227279663, 0.880561113357544, 0.8811623454093933, 0.8813627362251282, 0.8821642994880676, 0.8835671544075012, 0.8845691084861755, 0.8851703405380249, 0.8845691084861755, 0.8829659223556519, 0.88496994972229, 0.8843687176704407, 0.8881763815879822, 0.8865731358528137, 0.8853707313537598, 0.8871743679046631, 0.8879759311676025, 0.8857715725898743, 0.891783595085144, 0.8925851583480835, 0.8881763815879822, 0.8921843767166138, 0.8931863903999329, 0.8927855491638184, 0.8925851583480835, 0.8933867812156677, 0.8975951671600342, 0.8965932130813599, 0.8949899673461914, 0.8767535090446472, 0.894188404083252, 0.8991984128952026, 0.9020040035247803, 0.9038076400756836, 0.8549098372459412, 0.8595190644264221, 0.8935871720314026, 0.8987975716590881, 0.9032064080238342, 0.9034067988395691, 0.903607189655304, 0.9066132307052612, 0.905811607837677, 0.9044088125228882, 0.9064128398895264, 0.9076152443885803, 0.9078156352043152, 0.9072144031524658, 0.9074148535728455, 0.9096192121505737, 0.905811607837677, 0.9096192121505737, 0.9100200533866882, 0.9074148535728455, 0.9096192121505737, 0.9124248623847961, 0.9106212258338928, 0.9118236303329468], "val_loss": [1.2345796823501587, 1.1110011339187622, 1.0335638523101807, 0.9775276184082031, 0.9432587623596191, 0.9102945923805237, 0.8879571557044983, 0.8793125152587891, 0.8624846339225769, 0.849122166633606, 0.8428284525871277, 0.8244132995605469, 0.8070666193962097, 0.7854962944984436, 0.7763219475746155, 0.7755210399627686, 0.7623612880706787, 0.7431087493896484, 0.7839647531509399, 0.730421781539917, 0.7066457271575928, 0.6952728033065796, 0.6880236268043518, 0.7111726999282837, 0.6838299632072449, 0.6762552261352539, 0.668180525302887, 0.661321222782135, 0.661203145980835, 0.6573960185050964, 0.6519856452941895, 0.6612197756767273, 0.6500933170318604, 0.6533033847808838, 0.6606630086898804, 0.6475660800933838, 0.648213803768158, 0.7642495632171631, 0.6612019538879395, 0.6503167152404785, 0.639533519744873, 0.6385303735733032, 0.6319618225097656, 0.6504584550857544, 0.6393433213233948, 0.6348814964294434, 0.6337500810623169, 0.6496741771697998, 0.6374354958534241, 0.6492655873298645, 0.6308228969573975, 0.6405087113380432, 0.6434119343757629, 0.6441591382026672, 0.6425644755363464, 0.6413459777832031, 0.6378127336502075, 0.6357993483543396, 0.6425777077674866, 0.6468736529350281, 0.6510147452354431, 0.6638041734695435, 0.6411474347114563, 0.6509441137313843, 0.6498771905899048, 0.652315616607666, 0.6544347405433655, 0.6419678926467896, 0.6476399898529053, 0.6549739837646484, 0.648546576499939, 0.6626889109611511, 0.6620730757713318, 0.6531375646591187, 0.6550337076187134, 0.6575866341590881, 0.7693034410476685, 0.7263184785842896, 0.6456687450408936, 0.6519243717193604, 0.644772469997406, 0.6485041379928589, 0.6530720591545105, 0.6494662761688232, 0.6569833755493164, 0.6538785099983215, 0.6797876358032227, 0.6604145169258118, 0.6621291637420654, 0.6564667224884033, 0.6689955592155457, 0.6626543402671814, 0.6569843888282776, 0.6613253951072693, 0.6681011319160461, 0.6765958070755005, 0.6773661971092224, 0.6741652488708496, 0.6881874799728394, 0.686307966709137],