{"loss": [1.278678297996521, 0.9655314683914185, 0.777571439743042, 0.6016841530799866, 0.47368699312210083, 0.4103255867958069, 0.347630113363266, 0.3181821405887604, 0.2815895676612854, 0.3012808859348297, 0.2775367200374603, 0.2435886710882187, 0.23109295964241028, 0.20871497690677643, 0.20041903853416443, 0.19052068889141083, 0.19070912897586823, 0.18865741789340973, 0.17621569335460663, 0.16346432268619537, 0.15872786939144135, 0.15467067062854767, 0.15584291517734528, 0.15809686481952667, 0.1457129269838333, 0.14385700225830078, 0.13804377615451813, 0.13581356406211853, 0.13091608881950378, 0.15964289009571075, 0.144230917096138, 0.13136039674282074, 0.13728109002113342, 0.1771809607744217, 0.13886941969394684, 0.12449874728918076, 0.13671928644180298, 0.11787924915552139, 0.11156333237886429, 0.11242885887622833, 0.10734782367944717, 0.10780132561922073, 0.11382541060447693, 0.12678511440753937, 0.11771726608276367, 0.11000429838895798, 0.104196697473526, 0.10379171371459961, 0.10130731761455536, 0.09903334081172943, 0.09813352674245834, 0.10138752311468124, 0.09417624026536942, 0.09197288006544113, 0.09047349542379379, 0.08779334276914597, 0.08727505058050156, 0.08659053593873978, 0.0847901925444603, 0.0841146931052208, 0.08414644747972488, 0.08385912328958511, 0.0834939256310463, 0.07827195525169373, 0.1047310158610344, 0.08176960796117783, 0.07954620569944382, 0.07689036428928375, 0.07325252890586853, 0.07792480289936066, 0.08188701421022415, 0.0784197747707367, 0.07269494980573654, 0.07251916080713272, 0.09125970304012299, 0.0752318724989891, 0.07108306884765625, 0.0677897185087204, 0.07065820693969727, 0.07044985145330429, 0.0679091364145279, 0.0768747627735138, 0.06946028023958206, 0.06217809394001961, 0.06463447213172913, 0.06365178525447845, 0.06351765245199203, 0.0644008219242096, 0.06144719943404198, 0.05909474939107895, 0.06758619844913483, 0.06559682637453079, 0.0619460754096508, 0.05625898763537407, 0.05644173175096512, 0.05632922425866127, 0.05530589446425438, 0.05835804343223572, 0.05885913595557213, 0.061971455812454224], "accuracy": [0.4893145263195038, 0.6223790049552917, 0.7489919066429138, 0.8300403356552124, 0.8657258152961731, 0.8816532492637634, 0.8961693644523621, 0.9030241966247559, 0.9169355034828186, 0.9066532254219055, 0.9127016067504883, 0.9252015948295593, 0.9298387169837952, 0.9360886812210083, 0.9393145442008972, 0.9409274458885193, 0.9409274458885193, 0.9407258033752441, 0.9463709592819214, 0.9522177577018738, 0.9532257914543152, 0.9546371102333069, 0.9495967626571655, 0.9473790526390076, 0.959274172782898, 0.95705646276474, 0.9588709473609924, 0.957862913608551, 0.9612902998924255, 0.9506048560142517, 0.9554435610771179, 0.9614919424057007, 0.9580644965171814, 0.9441532492637634, 0.9564515948295593, 0.9635080695152283, 0.9582661390304565, 0.9667338728904724, 0.9673386812210083, 0.9667338728904724, 0.9681451320648193, 0.9673386812210083, 0.9645161032676697, 0.9588709473609924, 0.9635080695152283, 0.9675403237342834, 0.969556450843811, 0.9701613187789917, 0.9711693525314331, 0.969556450843811, 0.9693548679351807, 0.9667338728904724, 0.9715725779533386, 0.9729838967323303, 0.9711693525314331, 0.9719758033752441, 0.9733871221542358, 0.9737903475761414, 0.9725806713104248, 0.9735887050628662, 0.9747983813285828, 0.9727822542190552, 0.9741935729980469, 0.9768145084381104, 0.9681451320648193, 0.9739919304847717, 0.9739919304847717, 0.975806474685669, 0.9764112830162048, 0.9737903475761414, 0.9725806713104248, 0.9756048321723938, 0.9778226017951965, 0.9764112830162048, 0.9707661271095276, 0.9741935729980469, 0.977419376373291, 0.9772177338600159, 0.9768145084381104, 0.9770161509513855, 0.9778226017951965, 0.9752016067504883, 0.9776209592819214, 0.9798387289047241, 0.98044353723526, 0.9794355034828186, 0.981249988079071, 0.9814516305923462, 0.979637086391449, 0.9818548560142517, 0.9792338609695435, 0.9764112830162048, 0.9798387289047241, 0.9826613068580627, 0.9820564389228821, 0.9818548560142517, 0.9820564389228821, 0.9814516305923462, 0.9818548560142517, 0.9788306355476379], "val_loss": [1.10100257396698, 0.9173378348350525, 0.7888316512107849, 0.6860312223434448, 0.683739960193634, 0.6118060350418091, 0.6132854223251343, 0.6008670926094055, 0.6208537817001343, 0.5817492008209229, 0.5474135875701904, 0.5684673190116882, 0.5854637622833252, 0.6044981479644775, 0.5778102278709412, 0.6270254254341125, 0.6440504193305969, 0.626646101474762, 0.6283875703811646, 0.6259135603904724, 0.6644235253334045, 0.6621058583259583, 0.6607840061187744, 0.6025151610374451, 0.6336575150489807, 0.612683117389679, 0.6747073531150818, 0.6109046339988708, 0.6282347440719604, 0.6584109663963318, 0.5937493443489075, 0.707713782787323, 0.6405235528945923, 0.579984724521637, 0.5663708448410034, 0.5659127831459045, 0.5917060375213623, 0.5600584745407104, 0.6114868521690369, 0.5668232440948486, 0.5942129492759705, 0.6094101667404175, 0.6262915134429932, 0.6631230115890503, 0.6053276062011719, 0.6214714050292969, 0.6276004910469055, 0.6280056834220886, 0.5847885608673096, 0.5905042886734009, 0.718787431716919, 0.59715735912323, 0.6803262233734131, 0.6223335266113281, 0.6152774691581726, 0.6187155246734619, 0.634800136089325, 0.5867720246315002, 0.6320920586585999, 0.6612706184387207, 0.6442019939422607, 0.5968628525733948, 0.6071925163269043, 0.6054118275642395, 0.6499167084693909, 0.6669023633003235, 0.6491857171058655, 0.6476771235466003, 0.6601343750953674, 0.6953278183937073, 0.6355492472648621, 0.6088736653327942, 0.6036877632141113, 0.6430091261863708, 0.6147722601890564, 0.6125495433807373, 0.5981425046920776, 0.633753776550293, 0.7269224524497986, 0.7303075790405273, 0.627912163734436, 0.5923056602478027, 0.6159295439720154, 0.6166996359825134, 0.6028975248336792, 0.6152726411819458, 0.6116616725921631, 0.6503337025642395, 0.6966769099235535, 0.6221489906311035, 0.6673235297203064, 0.6481946706771851, 0.6474742889404297, 0.6617335081100464, 0.642135500907898, 0.6239345669746399, 0.6387677788734436, 0.6375622749328613, 0.655987560749054, 0.6545942425727844],