{"loss": [1.2678548097610474, 0.9444242119789124, 0.8038865923881531, 0.7119346261024475, 0.6480700373649597, 0.5991095304489136, 0.5565512180328369, 0.5173199772834778, 0.4789528250694275, 0.44091182947158813, 0.40760359168052673, 0.37332987785339355, 0.34995201230049133, 0.314325749874115, 0.29240384697914124, 0.2709919214248657, 0.25286510586738586, 0.23548904061317444, 0.22411996126174927, 0.21754640340805054, 0.2071235626935959, 0.1999960094690323, 0.19197405874729156, 0.18880702555179596, 0.17842070758342743, 0.17795760929584503, 0.17288221418857574, 0.1659098118543625, 0.1598479300737381, 0.15640738606452942, 0.15169627964496613, 0.14821483194828033, 0.14440986514091492, 0.14494097232818604, 0.1486724317073822, 0.13890743255615234, 0.13297030329704285, 0.1301460862159729, 0.14102783799171448, 0.1301754266023636, 0.12243176996707916, 0.12411346286535263, 0.12367207556962967, 0.1189914420247078, 0.11916597187519073, 0.11744041740894318, 0.1162891611456871, 0.11325673758983612, 0.12089564651250839, 0.10827264189720154, 0.10746121406555176, 0.10715441405773163, 0.11181412637233734, 0.11907246708869934, 0.10325083881616592, 0.09909431636333466, 0.09880077838897705, 0.1006973534822464, 0.09827159345149994, 0.09703757613897324, 0.09667733311653137, 0.09647557139396667, 0.09794176369905472, 0.09205079078674316, 0.09657347202301025, 0.09545096755027771, 0.09656111896038055, 0.088533416390419, 0.09099183231592178, 0.08998964726924896, 0.08686783164739609, 0.08682994544506073, 0.0850498378276825, 0.08560951799154282, 0.08275658637285233, 0.08225388824939728, 0.08801514655351639, 0.08068515360355377, 0.08151666074991226, 0.07803413271903992, 0.08020363748073578, 0.07994312047958374, 0.07924240082502365, 0.07924503833055496, 0.08691132068634033, 0.07668707519769669, 0.07836537808179855, 0.0735456645488739, 0.07822372764348984, 0.07440785318613052, 0.07339248806238174, 0.06947813183069229, 0.07378195971250534, 0.07058148831129074, 0.07212045788764954, 0.07555673271417618, 0.06793171912431717, 0.07385200262069702, 0.0704256147146225, 0.06924722343683243], "accuracy": [0.4955645203590393, 0.6542338728904724, 0.6963709592819214, 0.73044353723526, 0.7548387050628662, 0.7743951678276062, 0.7965725660324097, 0.8108870983123779, 0.8308467864990234, 0.8465725779533386, 0.8620967864990234, 0.8723790049552917, 0.884475827217102, 0.8969758152961731, 0.9046370983123779, 0.9120967984199524, 0.9185484051704407, 0.9237903356552124, 0.9260080456733704, 0.930443525314331, 0.930443525314331, 0.9334677457809448, 0.9385080933570862, 0.936693549156189, 0.9395161271095276, 0.9372983574867249, 0.9399193525314331, 0.944556474685669, 0.9463709592819214, 0.9465726017951965, 0.94919353723526, 0.9502016305923462, 0.949999988079071, 0.9497984051704407, 0.9481855034828186, 0.9542338848114014, 0.9536290168762207, 0.9550403356552124, 0.9497984051704407, 0.9546371102333069, 0.9554435610771179, 0.9566532373428345, 0.9568548202514648, 0.9610887169837952, 0.957862913608551, 0.9582661390304565, 0.96088707447052, 0.9622983932495117, 0.9598790407180786, 0.9629032015800476, 0.9614919424057007, 0.9641128778457642, 0.9604838490486145, 0.959274172782898, 0.9649193286895752, 0.9673386812210083, 0.9661290049552917, 0.9669354557991028, 0.9669354557991028, 0.9685483574867249, 0.9685483574867249, 0.9671370983123779, 0.9651209712028503, 0.967943549156189, 0.9669354557991028, 0.9671370983123779, 0.9673386812210083, 0.9701613187789917, 0.9685483574867249, 0.9705645442008972, 0.9693548679351807, 0.9693548679351807, 0.9719758033752441, 0.9711693525314331, 0.9717742204666138, 0.9729838967323303, 0.9701613187789917, 0.9731854796409607, 0.9697580933570862, 0.9745967984199524, 0.9725806713104248, 0.9735887050628662, 0.9719758033752441, 0.9705645442008972, 0.9705645442008972, 0.9745967984199524, 0.9731854796409607, 0.975806474685669, 0.9741935729980469, 0.9756048321723938, 0.9743951559066772, 0.9752016067504883, 0.9756048321723938, 0.9764112830162048, 0.9756048321723938, 0.9733871221542358, 0.9778226017951965, 0.9762097001075745, 0.9772177338600159, 0.9770161509513855], "val_loss": [1.0667980909347534, 0.9079949259757996, 0.8219795227050781, 0.7720794081687927, 0.7387635707855225, 0.7048267722129822, 0.6731941103935242, 0.6438471078872681, 0.6282261610031128, 0.5927839279174805, 0.5780198574066162, 0.5568080544471741, 0.524744987487793, 0.5186799764633179, 0.5090097188949585, 0.5053835511207581, 0.4862399101257324, 0.47801321744918823, 0.48175889253616333, 0.47006338834762573, 0.5237129330635071, 0.5249728560447693, 0.4956636428833008, 0.4959128499031067, 0.4999050498008728, 0.5213751196861267, 0.5011298060417175, 0.4790749251842499, 0.48063114285469055, 0.5171422362327576, 0.4969763457775116, 0.5012779235839844, 0.5124496221542358, 0.5069129467010498, 0.5366237759590149, 0.5131102800369263, 0.5399919748306274, 0.5390191078186035, 0.5225173830986023, 0.5544840693473816, 0.5351768732070923, 0.5439934134483337, 0.5206024050712585, 0.5466586947441101, 0.5491490364074707, 0.5664376020431519, 0.5782048106193542, 0.5724449157714844, 0.5883124470710754, 0.5895900726318359, 0.561573326587677, 0.5803506970405579, 0.5855135917663574, 0.5842839479446411, 0.6400608420372009, 0.5872162580490112, 0.5877475142478943, 0.6246415376663208, 0.5794052481651306, 0.6003579497337341, 0.605597734451294, 0.6672096252441406, 0.5869943499565125, 0.6220166087150574, 0.5708258152008057, 0.5836533308029175, 0.6147060990333557, 0.6169888377189636, 0.6330830454826355, 0.6146075129508972, 0.6323825716972351, 0.6308254599571228, 0.6618626117706299, 0.6154208183288574, 0.6114132404327393, 0.6238542795181274, 0.6322859525680542, 0.6437606811523438, 0.6052976846694946, 0.6094041466712952, 0.6247715353965759, 0.6449819207191467, 0.6041519045829773, 0.5978363752365112, 0.6302969455718994, 0.6556997299194336, 0.6622241139411926, 0.6377162933349609, 0.6459832191467285, 0.6730681657791138, 0.6383856534957886, 0.6633360981941223, 0.6823141574859619, 0.6918392181396484, 0.6667255759239197, 0.649010956287384, 0.6489875316619873, 0.7047569751739502, 0.5999401211738586, 0.6533503532409668],