{"loss": [1.0839225053787231, 0.9177765250205994, 0.854154646396637, 0.8003239631652832, 0.7607128024101257, 0.7218338847160339, 0.6960927248001099, 0.6683601140975952, 0.6427229046821594, 0.624691367149353, 0.6048039197921753, 0.5991520285606384, 0.5724100470542908, 0.5505315661430359, 0.5395551323890686, 0.5259199142456055, 0.5161626935005188, 0.5017608404159546, 0.4926263689994812, 0.484206885099411, 0.47927847504615784, 0.46864479780197144, 0.4633367955684662, 0.45568811893463135, 0.4473729729652405, 0.4387843906879425, 0.43712785840034485, 0.4218854606151581, 0.41772568225860596, 0.41236528754234314, 0.4093506634235382, 0.40352168679237366, 0.4051886796951294, 0.3890205919742584, 0.3872021436691284, 0.3824041187763214, 0.37858104705810547, 0.37069272994995117, 0.37400251626968384, 0.36401960253715515, 0.35450053215026855, 0.3563239574432373, 0.35239508748054504, 0.34974461793899536, 0.3415135443210602, 0.3397071063518524, 0.33950892090797424, 0.326793909072876, 0.32795852422714233, 0.31874510645866394, 0.32586830854415894, 0.3203677237033844, 0.3146986663341522, 0.3108004629611969, 0.30518263578414917, 0.3048318326473236, 0.30920106172561646, 0.30045783519744873, 0.2903960645198822, 0.30295464396476746, 0.29071682691574097, 0.2844156324863434, 0.279119074344635, 0.28513675928115845, 0.2783792018890381, 0.2794751226902008, 0.2718328535556793, 0.2640138268470764, 0.273618221282959, 0.27292051911354065, 0.2626475393772125, 0.2655484080314636, 0.25347933173179626, 0.2568916082382202, 0.24952541291713715, 0.24691414833068848, 0.2454708218574524, 0.24335356056690216, 0.25394320487976074, 0.2358323037624359, 0.23516470193862915, 0.23699605464935303, 0.22997082769870758, 0.2251376062631607, 0.21961259841918945, 0.23144714534282684, 0.22469462454319, 0.2231397032737732, 0.21516703069210052, 0.222440704703331, 0.2199251353740692, 0.21040457487106323, 0.21412676572799683, 0.21537694334983826, 0.20557592809200287, 0.1994839459657669, 0.20333008468151093, 0.20464551448822021, 0.2068181186914444, 0.19745437800884247], "accuracy": [0.5195038914680481, 0.5807161331176758, 0.6065213084220886, 0.6427285671234131, 0.6545308828353882, 0.6911382079124451, 0.7027405500411987, 0.7131426334381104, 0.7309461832046509, 0.7379475831985474, 0.7543508410453796, 0.7545509338378906, 0.7673534750938416, 0.7809562087059021, 0.7835566997528076, 0.7881576418876648, 0.793758749961853, 0.7973594665527344, 0.8001600503921509, 0.8093618750572205, 0.8091618418693542, 0.8105621337890625, 0.8197639584541321, 0.817563533782959, 0.822964608669281, 0.8231646418571472, 0.8267653584480286, 0.8341668248176575, 0.8377675414085388, 0.8363672494888306, 0.842368483543396, 0.8405681252479553, 0.8439688086509705, 0.847769558429718, 0.8459692001342773, 0.8517703413963318, 0.8553710579872131, 0.8587717413902283, 0.8529706001281738, 0.8515703082084656, 0.8633726835250854, 0.8667733669281006, 0.8681736588478088, 0.8685737252235413, 0.8645729422569275, 0.8695738911628723, 0.8681736588478088, 0.8719744086265564, 0.8761752247810364, 0.8733747005462646, 0.8677735328674316, 0.8777755498886108, 0.8765752911567688, 0.8805761337280273, 0.8879776000976562, 0.8795759081840515, 0.8801760077476501, 0.882376492023468, 0.8891778588294983, 0.8837767839431763, 0.8879776000976562, 0.8943789005279541, 0.8915783166885376, 0.8871774077415466, 0.8915783166885376, 0.8927785754203796, 0.896379292011261, 0.9027805328369141, 0.8957791328430176, 0.8957791328430176, 0.9025804996490479, 0.8979796171188354, 0.9055811166763306, 0.901780366897583, 0.9093818664550781, 0.905981183052063, 0.9077815413475037, 0.910382091999054, 0.9047809839248657, 0.9133826494216919, 0.9123824834823608, 0.910382091999054, 0.9173834919929504, 0.9173834919929504, 0.9217843413352966, 0.9101820588111877, 0.916983425617218, 0.9183836579322815, 0.9225845336914062, 0.9193838834762573, 0.916983425617218, 0.9229846000671387, 0.9229846000671387, 0.9165832996368408, 0.9273854494094849, 0.92658531665802, 0.9233846664428711, 0.9217843413352966, 0.9241848587989807, 0.9293859004974365], "val_loss": [0.9780423641204834, 0.9132900834083557, 0.8932300209999084, 0.857090175151825, 0.832021951675415, 0.8156725764274597, 0.7938550114631653, 0.772209107875824, 0.7879896759986877, 0.769555389881134, 0.7666176557540894, 0.7556782364845276, 0.7356454133987427, 0.7391570210456848, 0.7176946997642517, 0.7483606338500977, 0.7625846266746521, 0.7118290066719055, 0.7127623558044434, 0.7286880612373352, 0.7119626402854919, 0.7022385001182556, 0.7397282123565674, 0.7362779974937439, 0.7263848185539246, 0.7188917398452759, 0.7123603820800781, 0.7164049744606018, 0.7219727039337158, 0.7215226888656616, 0.7263262867927551, 0.7221812605857849, 0.6863267421722412, 0.7060768604278564, 0.6951698660850525, 0.7030447125434875, 0.7268918752670288, 0.7255275249481201, 0.6955344080924988, 0.7131037712097168, 0.7157392501831055, 0.747980535030365, 0.6965978741645813, 0.7299192547798157, 0.7138983607292175, 0.7544522285461426, 0.7220520973205566, 0.7403967380523682, 0.7595407962799072, 0.7263067960739136, 0.7530386447906494, 0.7288713455200195, 0.7391677498817444, 0.7175481915473938, 0.7502756118774414, 0.7180585861206055, 0.7053313255310059, 0.7190609574317932, 0.7366629838943481, 0.7623988389968872, 0.7366681098937988, 0.7334668636322021, 0.7553890347480774, 0.7535276412963867, 0.7451659440994263, 0.7541835904121399, 0.7211753726005554, 0.7552799582481384, 0.7405021786689758, 0.7358997464179993, 0.7483125329017639, 0.7388638854026794, 0.7318140268325806, 0.7483780384063721, 0.7458723783493042, 0.7410125136375427, 0.7542721629142761, 0.764930009841919, 0.7629244327545166, 0.7482954263687134, 0.7542315125465393, 0.7772927284240723, 0.794795036315918, 0.7873169779777527, 0.7766671180725098, 0.7866756916046143, 0.8015481233596802, 0.7647574543952942, 0.792089581489563, 0.7846496105194092, 0.7692710161209106, 0.7944737672805786, 0.8027321100234985, 0.7875630855560303, 0.8015546202659607, 0.8078153133392334, 0.8035861849784851, 0.8062062859535217, 0.8210036754608154, 0.8546881079673767],