{"loss": [0.9012694358825684, 0.5812344551086426, 0.38786864280700684, 0.3058072328567505, 0.2511022984981537, 0.2116403728723526, 0.1907709389925003, 0.1560353934764862, 0.14976643025875092, 0.12677429616451263, 0.13848254084587097, 0.11986903846263885, 0.10567758977413177, 0.09073522686958313, 0.11870510876178741, 0.08950892090797424, 0.11166775971651077, 0.05560090020298958, 0.05758916959166527, 0.08133711665868759, 0.0734020471572876, 0.05094452202320099, 0.040270332247018814, 0.10367650538682938, 0.07813248783349991, 0.059491321444511414, 0.06905622780323029, 0.047521185129880905, 0.043372251093387604, 0.08390079438686371, 0.05624767020344734, 0.032286982983350754, 0.042064033448696136, 0.017914433032274246, 0.02535698004066944, 0.01943098194897175, 0.07020872831344604, 0.040432777255773544, 0.028306249529123306, 0.019129503518342972, 0.057679757475852966, 0.0679289698600769, 0.02079918421804905, 0.011377859860658646, 0.010666802525520325, 0.015361473895609379, 0.14556849002838135, 0.09751442074775696, 0.029057590290904045, 0.03430064022541046, 0.017203768715262413, 0.011582644656300545, 0.002423920901492238, 0.0013448287500068545, 0.0009326086146757007, 0.0007782794418744743, 0.0006716069183312356, 0.0005898377276025712, 0.0005226480425335467, 0.00046771118650212884, 0.0004197044181637466, 0.00037821257137693465, 0.0003426502225920558, 0.00031146383844316006, 0.00028205456328578293, 0.00025833462132140994, 0.00023469691222999245, 0.00021579230087809265, 0.00019692943897098303, 0.00018048236961476505, 0.000165977340657264, 0.0001522186357760802, 0.00014015888154972345, 0.00012892557424493134, 0.00011858037032652646, 0.00010956942423945293, 0.00010079531057272106, 9.275748743675649e-05, 8.546184108126909e-05, 7.862386701162905e-05, 7.248177280416712e-05, 6.693573959637433e-05, 6.163148646010086e-05, 5.684619827661663e-05, 5.2202874940121546e-05, 4.8378446081187576e-05, 4.461599019123241e-05, 4.103569153812714e-05, 3.776136873057112e-05, 3.487504000077024e-05, 3.199778439011425e-05, 2.9492235626094043e-05, 2.72139732260257e-05, 2.5099172489717603e-05, 2.3121805497794412e-05, 2.1267342162900604e-05, 1.9631581380963326e-05, 1.8161683328798972e-05, 1.6660776964272372e-05, 1.5432187865371816e-05], "accuracy": [0.6214429140090942, 0.774549126625061, 0.8609218597412109, 0.8905811905860901, 0.9084168076515198, 0.9250500798225403, 0.9312625527381897, 0.943687379360199, 0.9474949836730957, 0.9581162333488464, 0.9531062245368958, 0.958717405796051, 0.9611222147941589, 0.9691382646560669, 0.9575150012969971, 0.966733455657959, 0.9605210423469543, 0.9801602959632874, 0.9797595143318176, 0.9741482734680176, 0.9741482734680176, 0.9827655553817749, 0.9881763458251953, 0.9641282558441162, 0.9705410599708557, 0.978156328201294, 0.9747495055198669, 0.9829659461975098, 0.9855711460113525, 0.9717434644699097, 0.9785571098327637, 0.9903807640075684, 0.9869739413261414, 0.9951903820037842, 0.9929859638214111, 0.9941883683204651, 0.9751502871513367, 0.9855711460113525, 0.9911823868751526, 0.9943887591362, 0.9819639325141907, 0.9765530824661255, 0.9937875866889954, 0.9969939589500427, 0.9979959726333618, 0.9957915544509888, 0.9553106427192688, 0.963326632976532, 0.9907815456390381, 0.9891783595085144, 0.9941883683204651, 0.9971944093704224, 1.0, 1.0, 1.0, 1.0, 1.0, 1.0, 1.0, 1.0, 1.0, 1.0, 1.0, 1.0, 1.0, 1.0, 1.0, 1.0, 1.0, 1.0, 1.0, 1.0, 1.0, 1.0, 1.0, 1.0, 1.0, 1.0, 1.0, 1.0, 1.0, 1.0, 1.0, 1.0, 1.0, 1.0, 1.0, 1.0, 1.0, 1.0, 1.0, 1.0, 1.0, 1.0, 1.0, 1.0, 1.0, 1.0, 1.0, 1.0], "val_loss": [0.6969947218894958, 0.596127986907959, 0.5589103698730469, 0.5331241488456726, 0.5302544832229614, 0.5880274176597595, 0.5128219127655029, 0.5688738822937012, 0.5162622928619385, 0.5620615482330322, 0.6456989645957947, 0.6181486248970032, 0.5238545536994934, 0.592273473739624, 0.526491105556488, 0.7231160402297974, 0.5986508131027222, 0.5776693820953369, 0.6142275929450989, 0.6404749155044556, 0.6524273157119751, 0.6048977971076965, 0.6852346062660217, 0.6709768772125244, 0.5900808572769165, 0.630796492099762, 0.6892678737640381, 0.6457065343856812, 0.6637668013572693, 0.7101583480834961, 0.6373642683029175, 0.6350346207618713, 0.6607034206390381, 0.7185685634613037, 0.7793221473693848, 0.6389265060424805, 0.7869172692298889, 0.6399653553962708, 0.7116233706474304, 0.7663376331329346, 0.7291913628578186, 0.5976568460464478, 0.6568177342414856, 0.6787236332893372, 0.6915369033813477, 0.6874575018882751, 1.007667899131775, 0.6177722215652466, 0.6655486226081848, 0.678703784942627, 0.6576932668685913, 0.6951352953910828, 0.6929252743721008, 0.7045139074325562, 0.7103716135025024, 0.7174079418182373, 0.7227007150650024, 0.7290624976158142, 0.7339337468147278, 0.7393226623535156, 0.7452360987663269, 0.751055896282196, 0.7562944889068604, 0.7618108987808228, 0.7680949568748474, 0.7733074426651001, 0.7791018486022949, 0.7845014333724976, 0.7899168729782104, 0.7963172197341919, 0.8006991744041443, 0.80677330493927, 0.8123442530632019, 0.8168456554412842, 0.8231596946716309, 0.8286442756652832, 0.8347312808036804, 0.8398760557174683, 0.8453578948974609, 0.8516814112663269, 0.8566052913665771, 0.8635314702987671, 0.8686490058898926, 0.8740484118461609, 0.8796613812446594, 0.8859971761703491, 0.8920012712478638, 0.8970115780830383, 0.9031669497489929, 0.9088062644004822, 0.9139143228530884, 0.9216828942298889, 0.9270391464233398, 0.9330732822418213, 0.9390612244606018, 0.945595383644104, 0.9538536071777344, 0.9575536847114563, 0.9640729427337646, 0.9712767601013184], "val_accuracy": [0.6985971927642822, 0.767735481262207, 0.8002004027366638, 0.8110220432281494, 0.8142284750938416, 0.8120240569114685, 0.8304609060287476, 0.816232442855835, 0.8374749422073364, 0.8228456974029541, 0.8084168434143066, 0.8244488835334778, 0.8412825465202332, 0.8284569382667542, 0.844889760017395, 0.8106212615966797, 0.8352705240249634, 0.8436873555183411, 0.8430861830711365, 0.8190380930900574, 0.8246492743492126, 0.8392785787582397, 0.8312625288963318, 0.8244488835334778, 0.8470941781997681, 0.8444889783859253, 0.8302605152130127, 0.8436873555183411, 0.8372745513916016, 0.8356713652610779, 0.8515030145645142, 0.8476954102516174, 0.8446893692016602, 0.8420841693878174, 0.8284569382667542, 0.8545089960098267, 0.8366733193397522, 0.8501002192497253, 0.8430861830711365, 0.842685341835022, 0.8338677287101746, 0.8651302456855774, 0.8583166599273682, 0.8571142554283142, 0.8523046374320984, 0.8573146462440491, 0.775751531124115, 0.8503006100654602, 0.8509017825126648, 0.8438877463340759, 0.8539078235626221, 0.852905809879303, 0.8595190644264221, 0.8587174415588379, 0.8583166599273682, 0.8589178323745728, 0.8587174415588379, 0.858517050743103, 0.8583166599273682, 0.8577154278755188, 0.8583166599273682, 0.8577154278755188, 0.8577154278755188, 0.8577154278755188, 0.8579158186912537, 0.8573146462440491, 0.8579158186912537, 0.8581162095069885, 0.8569138050079346, 0.85631263256073, 0.8569138050079346, 0.8565130233764648, 0.8561122417449951, 0.8559118509292603, 0.8571142554283142, 0.8561122417449951, 0.8561122417449951, 0.85631263256073, 0.8559118509292603, 0.8561122417449951, 0.85631263256073, 0.85631263256073, 0.85631263256073, 0.8567134141921997, 0.8571142554283142, 0.8555110096931458, 0.8561122417449951, 0.8559118509292603, 0.8557114005088806, 0.8559118509292603, 0.85631263256073, 0.8549098372459412, 0.855110228061676, 0.8561122417449951, 0.8555110096931458, 0.8557114005088806, 0.855110228061676, 0.855110228061676, 0.8549098372459412, 0.8555110096931458], "training_time": 357.85315227508545, "output_time": 0.06408510208129883}