{"loss": [1.39534330368042, 1.1832164525985718, 1.0905033349990845, 1.0307791233062744, 0.9754049181938171, 0.9293766617774963, 0.8923556208610535, 0.862009584903717, 0.8370113372802734, 0.8160253763198853, 0.7977077960968018, 0.7808218598365784, 0.7645280361175537, 0.7484630942344666, 0.7317298054695129, 0.719870924949646, 0.7060878276824951, 0.695453941822052, 0.6842992305755615, 0.6731624603271484, 0.6617178916931152, 0.6505097150802612, 0.640269935131073, 0.6304926872253418, 0.6212468147277832, 0.6106962561607361, 0.6029210090637207, 0.5933135151863098, 0.5832209587097168, 0.5768314599990845, 0.5700274109840393, 0.5618894696235657, 0.5546234250068665, 0.5498332381248474, 0.54278165102005, 0.5365812182426453, 0.5291404128074646, 0.524588942527771, 0.5155879259109497, 0.5125282406806946, 0.5056955218315125, 0.501920223236084, 0.4962495267391205, 0.4923688769340515, 0.4865347146987915, 0.48398005962371826, 0.47938764095306396, 0.47574499249458313, 0.46981140971183777, 0.46589118242263794, 0.46362030506134033, 0.45813068747520447, 0.47200945019721985, 0.4523693025112152, 0.44987398386001587, 0.44710785150527954, 0.4423524737358093, 0.4411793053150177, 0.43981289863586426, 0.4362045228481293, 0.4327548146247864, 0.42979946732521057, 0.42863190174102783, 0.424167662858963, 0.42585504055023193, 0.4208270311355591, 0.41718852519989014, 0.41639140248298645, 0.41811323165893555, 0.41607847809791565, 0.41291922330856323, 0.4097360372543335, 0.40914446115493774, 0.406607449054718, 0.40368345379829407, 0.40040385723114014, 0.4017839729785919, 0.39726606011390686, 0.3970918655395508, 0.391787052154541, 0.39332935214042664, 0.3906303346157074, 0.3891119658946991, 0.3910951018333435, 0.38943642377853394, 0.38699963688850403, 0.3827393651008606, 0.38511785864830017, 0.3814166784286499, 0.38311102986335754, 0.3803662657737732, 0.3783671259880066, 0.38003912568092346, 0.37673690915107727, 0.3722549378871918, 0.37214556336402893, 0.37313899397850037, 0.36978158354759216, 0.3697235882282257, 0.3680650293827057], "accuracy": [0.4324324429035187, 0.5231231451034546, 0.5481481552124023, 0.5577577352523804, 0.5745745897293091, 0.5907908082008362, 0.6048048138618469, 0.6176176071166992, 0.6390390396118164, 0.649249255657196, 0.6588588356971741, 0.6706706881523132, 0.6772772669792175, 0.6912912726402283, 0.7035034894943237, 0.706706702709198, 0.7173173427581787, 0.7247247099876404, 0.7299299240112305, 0.7347347140312195, 0.7407407164573669, 0.7449449300765991, 0.7529529333114624, 0.7561561465263367, 0.7585585713386536, 0.7641641497612, 0.768968939781189, 0.7759760022163391, 0.7843843698501587, 0.7835835814476013, 0.7883883714675903, 0.7949950098991394, 0.7977977991104126, 0.8032032251358032, 0.8066065907478333, 0.8032032251358032, 0.8142142295837402, 0.8164164423942566, 0.8168168067932129, 0.8216215968132019, 0.8238238096237183, 0.8256255984306335, 0.8284284472465515, 0.8314314484596252, 0.8314314484596252, 0.8346346616744995, 0.8324324488639832, 0.8390390276908875, 0.8416416645050049, 0.8420420289039612, 0.840640664100647, 0.8410410284996033, 0.8364364504814148, 0.845445454120636, 0.8422422409057617, 0.8482482433319092, 0.8512512445449829, 0.8470470309257507, 0.8492492437362671, 0.8496496677398682, 0.8542542457580566, 0.8558558821678162, 0.8552552461624146, 0.8554554581642151, 0.8554554581642151, 0.8574574589729309, 0.8602602481842041, 0.8592592477798462, 0.8556556701660156, 0.8590590357780457, 0.8590590357780457, 0.8624624609947205, 0.8606606721878052, 0.8620620369911194, 0.8648648858070374, 0.8618618845939636, 0.8620620369911194, 0.8644644618034363, 0.8644644618034363, 0.8680680394172668, 0.8684684634208679, 0.8658658862113953, 0.8648648858070374, 0.8670670390129089, 0.8700700998306274, 0.8678678870201111, 0.8706706762313843, 0.8686686754226685, 0.8714714646339417, 0.8720721006393433, 0.8692692518234253, 0.8708708882331848, 0.8706706762313843, 0.8726726770401001, 0.8734734654426575, 0.8748748898506165, 0.8762762546539307, 0.8758758902549744, 0.8746746778488159, 0.875075101852417], "val_loss": [1.2681313753128052, 1.1488118171691895, 1.0882128477096558, 1.0409170389175415, 0.9992386102676392, 0.9682489037513733, 0.9449659585952759, 0.9242472052574158, 0.9090757966041565, 0.8966525197029114, 0.8873032927513123, 0.876114010810852, 0.8637423515319824, 0.8544434309005737, 0.8464982509613037, 0.8407451510429382, 0.8411201238632202, 0.8286707401275635, 0.8237338066101074, 0.8160306811332703, 0.8180436491966248, 0.8033766150474548, 0.8047752380371094, 0.7972373962402344, 0.7943183183670044, 0.7892162799835205, 0.7815396785736084, 0.7803876399993896, 0.7775912880897522, 0.769534707069397, 0.7660354971885681, 0.7698671817779541, 0.7716515064239502, 0.7565101981163025, 0.761125922203064, 0.7523328065872192, 0.7602637410163879, 0.7531307935714722, 0.7471684813499451, 0.7391698360443115, 0.7408400177955627, 0.7419782876968384, 0.7340073585510254, 0.747162401676178, 0.7414097785949707, 0.7333673238754272, 0.7468427419662476, 0.7395406365394592, 0.7327815890312195, 0.7397708892822266, 0.7279490232467651, 0.7381400465965271, 0.7310582399368286, 0.7334536910057068, 0.7303044199943542, 0.7365707755088806, 0.7319108843803406, 0.7289965748786926, 0.7248803973197937, 0.7291879057884216, 0.7389723062515259, 0.7427003383636475, 0.7300816178321838, 0.7237744927406311, 0.7398040294647217, 0.7341899275779724, 0.7319155931472778, 0.7336360216140747, 0.7413387894630432, 0.7432379722595215, 0.7378712296485901, 0.7365738749504089, 0.7416362762451172, 0.7458850741386414, 0.7406678795814514, 0.7519450783729553, 0.7522401809692383, 0.7516007423400879, 0.7488799691200256, 0.7556490302085876, 0.7491797208786011, 0.744947075843811, 0.7721692323684692, 0.7598645091056824, 0.7491640448570251, 0.7603484988212585, 0.7678868770599365, 0.7392842769622803, 0.7583416104316711, 0.7532676458358765, 0.7521898150444031, 0.7744211554527283, 0.7557538747787476, 0.7483855485916138, 0.7714579701423645, 0.7586685419082642, 0.7597662210464478, 0.7566455006599426, 0.7629045248031616, 0.7569267749786377],