{"loss": [0.9540724158287048, 0.3786037862300873, 0.24078989028930664, 0.1492127627134323, 0.10340898483991623, 0.07049600034952164, 0.05964430421590805, 0.05959693714976311, 0.0529853031039238, 0.042614564299583435, 0.022604115307331085, 0.02043754793703556, 0.01605764590203762, 0.013236459344625473, 0.02217498980462551, 0.08993507921695709, 0.21380674839019775, 0.16719819605350494, 0.12344898283481598, 0.09131709486246109, 0.05777498707175255, 0.035692233592271805, 0.02605525590479374, 0.01823856495320797, 0.009543742053210735, 0.004916423931717873, 0.0030847492162138224, 0.00242637749761343, 0.002002029912546277, 0.0017242881003767252, 0.0014942882116883993, 0.0013080225326120853, 0.0011593716917559505, 0.0010473900474607944, 0.0009329072781838477, 0.0008379204664379358, 0.0007655720692127943, 0.0006964640342630446, 0.0006395618547685444, 0.0005859980010427535, 0.0005388564895838499, 0.0004966824199073017, 0.00045714600128121674, 0.0004231841303408146, 0.0003907558275386691, 0.0003601319913286716, 0.0003324644931126386, 0.0003073575790040195, 0.0002842498943209648, 0.00026338055613450706, 0.00024341995595023036, 0.00022521824575960636, 0.0002081554994219914, 0.00019296423124615103, 0.00017863043467514217, 0.0001656824751989916, 0.00015388171595986933, 0.00014250654203351587, 0.0001316372217843309, 0.00012201526260469109, 0.00011336206080159172, 0.00010490375279914588, 9.721643436932936e-05, 8.977709512691945e-05, 8.266283111879602e-05, 7.633997302036732e-05, 7.062003714963794e-05, 6.534327258123085e-05, 6.065737034077756e-05, 5.609923755400814e-05, 5.191891978029162e-05, 4.799191083293408e-05, 4.431276101968251e-05, 4.0981743950396776e-05, 3.795524753513746e-05, 3.4955068258568645e-05, 3.217177072656341e-05, 2.9808214094373398e-05, 2.756804315140471e-05, 2.544765084167011e-05, 2.3538570530945435e-05, 2.1741134332842194e-05, 2.0104513168917038e-05, 1.8565455320640467e-05, 1.7209851648658514e-05, 1.581751712365076e-05, 1.45140811582678e-05, 1.3408054655883461e-05, 1.2412262549332809e-05, 1.1498029380163644e-05, 1.0631242730596568e-05, 9.824600056163035e-06, 9.09583286556881e-06, 8.404093023273163e-06, 7.777857717883307e-06, 7.194056706794072e-06, 6.654925527982414e-06, 6.189383384480607e-06, 5.692625563824549e-06, 5.295645223668544e-06], "accuracy": [0.6877016425132751, 0.8685483932495117, 0.9239919185638428, 0.9622983932495117, 0.9752016067504883, 0.9854838848114014, 0.9862903356552124, 0.9852822422981262, 0.9870967864990234, 0.9947580695152283, 0.9965725541114807, 0.9959677457809448, 0.9975806474685669, 0.9975806474685669, 0.9939516186714172, 0.9705645442008972, 0.9219757914543152, 0.9465726017951965, 0.9639112949371338, 0.9707661271095276, 0.9872983694076538, 0.9927419424057007, 0.9957661032676697, 0.9969757795333862, 0.9995967745780945, 1.0, 1.0, 1.0, 1.0, 1.0, 1.0, 1.0, 1.0, 1.0, 1.0, 1.0, 1.0, 1.0, 1.0, 1.0, 1.0, 1.0, 1.0, 1.0, 1.0, 1.0, 1.0, 1.0, 1.0, 1.0, 1.0, 1.0, 1.0, 1.0, 1.0, 1.0, 1.0, 1.0, 1.0, 1.0, 1.0, 1.0, 1.0, 1.0, 1.0, 1.0, 1.0, 1.0, 1.0, 1.0, 1.0, 1.0, 1.0, 1.0, 1.0, 1.0, 1.0, 1.0, 1.0, 1.0, 1.0, 1.0, 1.0, 1.0, 1.0, 1.0, 1.0, 1.0, 1.0, 1.0, 1.0, 1.0, 1.0, 1.0, 1.0, 1.0, 1.0, 1.0, 1.0, 1.0], "val_loss": [0.8248680233955383, 0.819852352142334, 0.8245828747749329, 0.9049457311630249, 0.9196615815162659, 1.0010114908218384, 0.9930853247642517, 1.044528603553772, 1.1197367906570435, 1.0964272022247314, 1.176576852798462, 1.1742407083511353, 1.210506558418274, 1.2415045499801636, 1.22757887840271, 1.2903835773468018, 1.1562644243240356, 1.1107407808303833, 1.1804769039154053, 1.1787439584732056, 1.2074313163757324, 1.2254507541656494, 1.279569387435913, 1.3095669746398926, 1.312516450881958, 1.3191864490509033, 1.3319262266159058, 1.344350814819336, 1.3577351570129395, 1.3662558794021606, 1.3773614168167114, 1.3857169151306152, 1.3940155506134033, 1.403144359588623, 1.4113355875015259, 1.4208348989486694, 1.4271003007888794, 1.436671257019043, 1.4445295333862305, 1.4524431228637695, 1.461168885231018, 1.4693671464920044, 1.47685968875885, 1.4869438409805298, 1.4944415092468262, 1.5027134418487549, 1.51126229763031, 1.519091248512268, 1.5275380611419678, 1.535776972770691, 1.5440934896469116, 1.5531501770019531, 1.5624268054962158, 1.5731773376464844, 1.5810250043869019, 1.5894334316253662, 1.6001676321029663, 1.6091985702514648, 1.6185978651046753, 1.6289582252502441, 1.6355293989181519, 1.646470308303833, 1.6553837060928345, 1.6666429042816162, 1.6758511066436768, 1.6873414516448975, 1.6963633298873901, 1.70632004737854, 1.7153812646865845, 1.725191354751587, 1.7383848428726196, 1.7461563348770142, 1.7591437101364136, 1.7657220363616943, 1.7779499292373657, 1.7884714603424072, 1.7972571849822998, 1.8077598810195923, 1.8181514739990234, 1.827636957168579, 1.8377677202224731, 1.8466960191726685, 1.858834981918335, 1.8707900047302246, 1.876619815826416, 1.8884464502334595, 1.8968571424484253, 1.907974123954773, 1.9162522554397583, 1.9273886680603027, 1.9378489255905151, 1.950240969657898, 1.9585555791854858, 1.9683436155319214, 1.9780771732330322, 1.9888063669204712, 1.9968098402023315, 2.0066275596618652, 2.0178890228271484, 2.0294058322906494], "val_accuracy": [0.6997984051704407, 0.7112902998924255, 0.7211693525314331, 0.7157257795333862, 0.7225806713104248, 0.7153225541114807, 0.7175403237342834, 0.717943549156189, 0.7028225660324097, 0.7241935729980469, 0.7165322303771973, 0.7189516425132751, 0.7149193286895752, 0.7145161032676697, 0.719556450843811, 0.6774193644523621, 0.694556474685669, 0.7143145203590393, 0.7038306593894958, 0.7163306474685669, 0.7177419066429138, 0.725806474685669, 0.7256048321723938, 0.7250000238418579, 0.728225827217102, 0.73044353723526, 0.7336693406105042, 0.7338709831237793, 0.7322580814361572, 0.7328628897666931, 0.7332661151885986, 0.7342742085456848, 0.7334677577018738, 0.7332661151885986, 0.7342742085456848, 0.7332661151885986, 0.7336693406105042, 0.7338709831237793, 0.7332661151885986, 0.7336693406105042, 0.7342742085456848, 0.7336693406105042, 0.7330645322799683, 0.7342742085456848, 0.7348790168762207, 0.7346774339675903, 0.7344757914543152, 0.7336693406105042, 0.7340725660324097, 0.7338709831237793, 0.7338709831237793, 0.7324596643447876, 0.7338709831237793, 0.7340725660324097, 0.7334677577018738, 0.7332661151885986, 0.7322580814361572, 0.7332661151885986, 0.7332661151885986, 0.7330645322799683, 0.7328628897666931, 0.7320564389228821, 0.7326613068580627, 0.7328628897666931, 0.7324596643447876, 0.7328628897666931, 0.7326613068580627, 0.7328628897666931, 0.7336693406105042, 0.7334677577018738, 0.7330645322799683, 0.7334677577018738, 0.7332661151885986, 0.7332661151885986, 0.7346774339675903, 0.7334677577018738, 0.7336693406105042, 0.7332661151885986, 0.7328628897666931, 0.7330645322799683, 0.7324596643447876, 0.7322580814361572, 0.7314516305923462, 0.731249988079071, 0.7320564389228821, 0.7316532135009766, 0.7322580814361572, 0.731249988079071, 0.7320564389228821, 0.7314516305923462, 0.7318548560142517, 0.7318548560142517, 0.7326613068580627, 0.7322580814361572, 0.7320564389228821, 0.7320564389228821, 0.7334677577018738, 0.7324596643447876, 0.7318548560142517, 0.7324596643447876], "training_time": 71.81394028663635, "output_time": 0.04649894237518311}