{"loss": [0.9690623879432678, 0.5914698243141174, 0.40797191858291626, 0.3145902752876282, 0.2642422318458557, 0.2213052213191986, 0.18727079033851624, 0.17624828219413757, 0.1565374732017517, 0.13259901106357574, 0.12152694910764694, 0.11289439350366592, 0.10563673079013824, 0.09757326543331146, 0.08753373473882675, 0.08860056847333908, 0.08360994607210159, 0.0750880092382431, 0.07507617771625519, 0.06809904426336288, 0.0661957785487175, 0.06455893814563751, 0.05747750401496887, 0.05598985776305199, 0.05874986574053764, 0.05479796975851059, 0.04722793027758598, 0.04993588104844093, 0.09326202422380447, 0.05777283012866974, 0.04553518816828728, 0.04154437407851219, 0.03882467746734619, 0.03737899288535118, 0.03221416473388672, 0.038620419800281525, 0.033025506883859634, 0.02797943726181984, 0.03378641605377197, 0.03377284109592438, 0.025565844029188156, 0.026753827929496765, 0.031015917658805847, 0.029606813564896584, 0.023853404447436333, 0.03486812114715576, 0.026423711329698563, 0.021522102877497673, 0.02993047423660755, 0.02083677053451538, 0.020412148907780647, 0.028033964335918427, 0.019897859543561935, 0.024506593123078346, 0.04534083977341652, 0.02029768005013466, 0.012628872878849506, 0.011146817356348038, 0.012240183539688587, 0.011520466767251492, 0.01129625178873539, 0.013257551938295364, 0.02452484332025051, 0.03236864507198334, 0.01612980291247368, 0.010764162056148052, 0.013626443222165108, 0.01243420410901308, 0.014156192541122437, 0.008037921041250229, 0.0061603873036801815, 0.006061781197786331, 0.01156371645629406, 0.05033830925822258, 0.025421781465411186, 0.010315265506505966, 0.008399641141295433, 0.005591708235442638, 0.004303670022636652, 0.0035850435961037874, 0.004591253586113453, 0.011439000256359577, 0.035892389714717865, 0.049862366169691086, 0.015545793808996677, 0.007579102646559477, 0.005183337721973658, 0.00439296942204237, 0.003278550924733281, 0.0026505663990974426, 0.0028614290058612823, 0.002340211533010006, 0.002085444051772356, 0.0020063985139131546, 0.008754050359129906, 0.04441741853952408, 0.029256008565425873, 0.0115958321839571, 0.006024244707077742, 0.003156967693939805], "accuracy": [0.6240721940994263, 0.7887663245201111, 0.8659979701042175, 0.8958876729011536, 0.9159478545188904, 0.9299899935722351, 0.9408224821090698, 0.9416248798370361, 0.9526579976081848, 0.9582748413085938, 0.9622868895530701, 0.9606820344924927, 0.964493453502655, 0.9660983085632324, 0.970912754535675, 0.9719157218933105, 0.9717151522636414, 0.9767301678657532, 0.9739217758178711, 0.97632896900177, 0.9791374206542969, 0.9777331948280334, 0.9801404476165771, 0.9807422161102295, 0.9811434149742126, 0.9817452430725098, 0.9845536351203918, 0.9847542643547058, 0.9727181792259216, 0.9805416464805603, 0.9875627160072327, 0.9879639148712158, 0.9885656833648682, 0.9893680810928345, 0.9901705384254456, 0.9887663125991821, 0.991374135017395, 0.9915747046470642, 0.9897692799568176, 0.9897692799568176, 0.9921765327453613, 0.9923771023750305, 0.9899699091911316, 0.9915747046470642, 0.9935807585716248, 0.9889668822288513, 0.9923771023750305, 0.9933801293373108, 0.9921765327453613, 0.9935807585716248, 0.9941825270652771, 0.991374135017395, 0.9943831562995911, 0.9929789304733276, 0.9855566620826721, 0.9941825270652771, 0.9983952045440674, 0.9983952045440674, 0.9979940056800842, 0.9979940056800842, 0.9983952045440674, 0.99679034948349, 0.9921765327453613, 0.9907723069190979, 0.9959879517555237, 0.9971915483474731, 0.9961885809898376, 0.9965897798538208, 0.9963891506195068, 0.9987964034080505, 0.9995988011360168, 0.9993981719017029, 0.9975928068161011, 0.9837512373924255, 0.9917753338813782, 0.9971915483474731, 0.9985957741737366, 0.999799370765686, 1.0, 1.0, 0.9995988011360168, 0.9971915483474731, 0.9887663125991821, 0.981945812702179, 0.9945837259292603, 0.9991976022720337, 0.9995988011360168, 0.9993981719017029, 0.999799370765686, 1.0, 1.0, 1.0, 1.0, 1.0, 0.9981945753097534, 0.9853560924530029, 0.9895687103271484, 0.9963891506195068, 0.9987964034080505, 1.0], "val_loss": [0.7679701447486877, 0.6015417575836182, 0.5413012504577637, 0.5206625461578369, 0.4939788579940796, 0.4769311845302582, 0.47338104248046875, 0.45146772265434265, 0.43513959646224976, 0.46295952796936035, 0.47625571489334106, 0.45993727445602417, 0.4978732466697693, 0.46800556778907776, 0.48345887660980225, 0.5115151405334473, 0.5218997597694397, 0.5094989538192749, 0.4777691960334778, 0.4855431616306305, 0.5692228674888611, 0.5624666213989258, 0.5459940433502197, 0.5475547909736633, 0.5346062779426575, 0.5512732267379761, 0.5494424104690552, 0.5590676069259644, 0.5427085161209106, 0.5207401514053345, 0.5387043952941895, 0.5568409562110901, 0.5490533113479614, 0.5525487661361694, 0.5796597599983215, 0.5960018038749695, 0.5870247483253479, 0.624811053276062, 0.6013650894165039, 0.6063753962516785, 0.6006975769996643, 0.6218116879463196, 0.6075257062911987, 0.6194733381271362, 0.6133801341056824, 0.5897998809814453, 0.66047602891922, 0.6511967182159424, 0.6174952983856201, 0.6420984864234924, 0.6411553621292114, 0.6659670472145081, 0.6663687229156494, 0.6956186890602112, 0.6253347396850586, 0.6317007541656494, 0.6443951725959778, 0.6678513884544373, 0.6666281223297119, 0.6794569492340088, 0.6945783495903015, 0.7002787590026855, 0.7175832390785217, 0.6547948718070984, 0.6584931015968323, 0.6939482688903809, 0.7365949153900146, 0.6965082287788391, 0.7118046283721924, 0.7327480316162109, 0.7341732382774353, 0.7491505146026611, 0.7852475643157959, 0.6649576425552368, 0.6895203590393066, 0.6742833256721497, 0.7055479884147644, 0.7119603157043457, 0.7087708711624146, 0.7367804646492004, 0.7311090230941772, 0.7872726321220398, 0.7415950894355774, 0.6386611461639404, 0.6596230268478394, 0.6763212084770203, 0.6731801629066467, 0.6922727227210999, 0.7060577273368835, 0.7048795819282532, 0.7220913171768188, 0.7302557229995728, 0.7382137179374695, 0.7433469295501709, 0.7192170023918152, 0.7654336094856262, 0.6713209748268127, 0.6876571774482727, 0.6915259957313538, 0.7017008662223816],