{"loss": [0.5665963888168335, 0.2097703069448471, 0.16573625802993774, 0.13343402743339539, 0.11006207764148712, 0.10559079796075821, 0.0827331468462944, 0.07570068538188934, 0.07704820483922958, 0.06784413009881973, 0.05606677755713463, 0.05531204119324684, 0.04969971999526024, 0.04979465529322624, 0.04480331763625145, 0.07379479706287384, 0.04623695835471153, 0.04037557169795036, 0.03480903431773186, 0.03548300638794899, 0.05065321549773216, 0.04656321555376053, 0.029882468283176422, 0.027592379599809647, 0.027134058997035027, 0.027584291994571686, 0.02055254764854908, 0.017276069149374962, 0.016927767544984818, 0.015590202063322067, 0.01590794138610363, 0.03392644226551056, 0.022328007966279984, 0.039985425770282745, 0.015227445401251316, 0.007290306966751814, 0.009538311511278152, 0.007079730276018381, 0.0057503897696733475, 0.007688438519835472, 0.03850864991545677, 0.02209288626909256, 0.011989777907729149, 0.010865622200071812, 0.009726997464895248, 0.005763028282672167, 0.0023113777860999107, 0.003078739857301116, 0.0010807825019583106, 0.0008152768714353442, 0.0006305383867584169, 0.0005243832711130381, 0.00047091077431105077, 0.00045064976438879967, 0.0003584692894946784, 0.0002925601147580892, 0.0003276043280493468, 0.022898774594068527, 0.06867951154708862, 0.05116098001599312, 0.01956675760447979, 0.008181128650903702, 0.0058432468213140965, 0.0037176432088017464, 0.00125305715482682, 0.0009169373661279678, 0.0007210118928924203, 0.0005445437273010612, 0.0004749419749714434, 0.0004023381043225527, 0.00035756645957008004, 0.00031885781208984554, 0.0002810041478369385, 0.00025276278029195964, 0.00022978922061156482, 0.000215740772546269, 0.00029984815046191216, 0.04642844200134277, 0.04917040467262268, 0.028016312047839165, 0.016375523060560226, 0.00506375590339303, 0.005563847254961729, 0.002189429011195898, 0.0010718321427702904, 0.0006666030967608094, 0.0005361291114240885, 0.0004427155072335154, 0.00038753554690629244, 0.00032670487416908145, 0.0002849426819011569, 0.00025551868020556867, 0.0002206701465183869, 0.00019976070325355977, 0.00017710494284983724, 0.0001576579234097153, 0.00014634153922088444, 0.00014020316302776337, 0.00012951208918821067, 0.0001077930282917805], "accuracy": [0.7669354677200317, 0.9254032373428345, 0.9381048679351807, 0.9481855034828186, 0.9564515948295593, 0.9588709473609924, 0.967943549156189, 0.9705645442008972, 0.9705645442008972, 0.9725806713104248, 0.97661292552948, 0.978225827217102, 0.9760080575942993, 0.9808467626571655, 0.9830645322799683, 0.9723790287971497, 0.9824596643447876, 0.9854838848114014, 0.98830646276474, 0.9872983694076538, 0.9820564389228821, 0.9842742085456848, 0.9889112710952759, 0.9903225898742676, 0.989112913608551, 0.9889112710952759, 0.99213707447052, 0.9935483932495117, 0.9949596524238586, 0.9947580695152283, 0.9945564270019531, 0.9870967864990234, 0.9923387169837952, 0.9881048202514648, 0.9963709712028503, 0.9985886812210083, 0.9961693286895752, 0.9981854557991028, 0.9987903237342834, 0.9977822303771973, 0.9866935610771179, 0.9927419424057007, 0.9957661032676697, 0.9959677457809448, 0.9969757795333862, 0.9979838728904724, 0.9995967745780945, 0.999193549156189, 1.0, 1.0, 1.0, 1.0, 1.0, 1.0, 1.0, 1.0, 1.0, 0.992943525314331, 0.9802419543266296, 0.9810484051704407, 0.9931451678276062, 0.9979838728904724, 0.9985886812210083, 0.999193549156189, 1.0, 1.0, 1.0, 1.0, 1.0, 1.0, 1.0, 1.0, 1.0, 1.0, 1.0, 1.0, 1.0, 0.9868951439857483, 0.9838709831237793, 0.9911290407180786, 0.9939516186714172, 0.9989919066429138, 0.9985886812210083, 0.9997983574867249, 1.0, 1.0, 1.0, 1.0, 1.0, 1.0, 1.0, 1.0, 1.0, 1.0, 1.0, 1.0, 1.0, 1.0, 1.0, 1.0], "val_loss": [0.49763041734695435, 0.4626569151878357, 0.47407442331314087, 0.3946426510810852, 0.4077282249927521, 0.3416241407394409, 0.40164709091186523, 0.36031100153923035, 0.45679640769958496, 0.40061190724372864, 0.5635583400726318, 0.42912808060646057, 0.46190395951271057, 0.5753355026245117, 0.4766494631767273, 0.4543340802192688, 0.49749085307121277, 0.5057010650634766, 0.576530396938324, 0.5853344798088074, 0.5157822370529175, 0.45454081892967224, 0.5150054693222046, 0.47913822531700134, 0.5877634286880493, 0.5653335452079773, 0.6212201714515686, 0.5876185894012451, 0.6177797317504883, 0.6932994723320007, 0.7388827204704285, 0.613589882850647, 0.5987275242805481, 0.5169811248779297, 0.4790743291378021, 0.551888644695282, 0.5034170150756836, 0.5079895853996277, 0.5374520421028137, 0.644700288772583, 0.6314577460289001, 0.5734988451004028, 0.5407624840736389, 0.5668975114822388, 0.6019574403762817, 0.5895451903343201, 0.5941292643547058, 0.6146134734153748, 0.6294593811035156, 0.6364081501960754, 0.6541268825531006, 0.668580174446106, 0.681090235710144, 0.700196385383606, 0.7006891965866089, 0.7221341729164124, 0.7375893592834473, 0.5702807903289795, 0.6639573574066162, 0.5612574219703674, 0.6455529928207397, 0.6683013439178467, 0.6263614892959595, 0.6955044865608215, 0.6916124224662781, 0.7183113098144531, 0.7249523401260376, 0.7346256971359253, 0.74336177110672, 0.7560787200927734, 0.7629293203353882, 0.7705005407333374, 0.7812455296516418, 0.7887293696403503, 0.797038733959198, 0.8021684885025024, 0.8068454265594482, 0.5984919667243958, 0.460785835981369, 0.5816052556037903, 0.5922594666481018, 0.7443634271621704, 0.6479479074478149, 0.6135363578796387, 0.6102519035339355, 0.6280655264854431, 0.6402062773704529, 0.6478827595710754, 0.6580042243003845, 0.6630029082298279, 0.6732823252677917, 0.6749011874198914, 0.6899743676185608, 0.6896535158157349, 0.6956229209899902, 0.7059745192527771, 0.7130452394485474, 0.7214509844779968, 0.7275359630584717, 0.7318463921546936], "val_accuracy": [0.819556474685669, 0.8417338728904724, 0.8497983813285828, 0.8693548440933228, 0.8637096881866455, 0.8911290168762207, 0.8816532492637634, 0.88286292552948, 0.8683467507362366, 0.887499988079071, 0.8550403118133545, 0.8838709592819214, 0.8776209950447083, 0.8725806474685669, 0.8772177696228027, 0.8647177219390869, 0.8723790049552917, 0.865524172782898, 0.8594757914543152, 0.8691532015800476, 0.8675402998924255, 0.8784274458885193, 0.8802419304847717, 0.8770161271095276, 0.8725806474685669, 0.874193549156189, 0.8568548560142517, 0.875806450843811, 0.8622983694076538, 0.8530241847038269, 0.8667338490486145, 0.8659273982048035, 0.8764113187789917, 0.8745967745780945, 0.8899193406105042, 0.8826612830162048, 0.8949596881866455, 0.8933467864990234, 0.8891128897666931, 0.8743951320648193, 0.8627015948295593, 0.8756048679351807, 0.8870967626571655, 0.8899193406105042, 0.8860887289047241, 0.883669376373291, 0.8887096643447876, 0.8822580575942993, 0.8840726017951965, 0.883669376373291, 0.8850806355476379, 0.8830645084381104, 0.88286292552948, 0.8800403475761414, 0.8818548321723938, 0.8774193525314331, 0.8782258033752441, 0.8729838728904724, 0.8566532135009766, 0.8798387050628662, 0.8713709712028503, 0.874193549156189, 0.884475827217102, 0.8802419304847717, 0.8814516067504883, 0.8776209950447083, 0.8800403475761414, 0.8794354796409607, 0.8796371221542358, 0.8792338967323303, 0.8784274458885193, 0.8782258033752441, 0.8776209950447083, 0.8770161271095276, 0.8770161271095276, 0.8780242204666138, 0.8772177696228027, 0.8687499761581421, 0.8905242085456848, 0.8822580575942993, 0.8864919543266296, 0.8711693286895752, 0.8729838728904724, 0.88286292552948, 0.8852822780609131, 0.885887086391449, 0.8846774101257324, 0.8877016305923462, 0.8883064389228821, 0.8887096643447876, 0.8891128897666931, 0.8887096643447876, 0.8881048560142517, 0.8877016305923462, 0.8877016305923462, 0.8883064389228821, 0.8883064389228821, 0.8881048560142517, 0.8887096643447876, 0.8889113068580627], "training_time": 225.45192098617554, "output_time": 0.08383474349975586}