{"loss": [0.6376227736473083, 0.2665439248085022, 0.16741341352462769, 0.1326930671930313, 0.12809675931930542, 0.09676847606897354, 0.08757900446653366, 0.0772540494799614, 0.07215376943349838, 0.06668823212385178, 0.0720122754573822, 0.05062549561262131, 0.05129934102296829, 0.04767567664384842, 0.04610312730073929, 0.06109878793358803, 0.04317484796047211, 0.041444748640060425, 0.037055280059576035, 0.04483325406908989, 0.03013622760772705, 0.023133035749197006, 0.026694323867559433, 0.02998136356472969, 0.023906202986836433, 0.025498606264591217, 0.022758038714528084, 0.01082461979240179, 0.015372350811958313, 0.009592472575604916, 0.008388827554881573, 0.02294349856674671, 0.030807500705122948, 0.021701911464333534, 0.008788391947746277, 0.007697680499404669, 0.0074228630401194096, 0.03006351925432682, 0.022236142307519913, 0.01342468149960041, 0.013414572924375534, 0.010584421455860138, 0.009587807580828667, 0.008712693117558956, 0.005456272978335619, 0.025148067623376846, 0.012474557384848595, 0.011357089504599571, 0.005589193664491177, 0.0016151809832081199, 0.002517482964321971, 0.0038626177702099085, 0.004604835528880358, 0.0015351553447544575, 0.0028549684211611748, 0.00230435561388731, 0.0012532543623819947, 0.004479818046092987, 0.0006593765574507415, 0.00027292422601021826, 0.000205627380637452, 0.00017191805818583816, 0.00015182567585725337, 0.00013177748769521713, 0.0001185756700579077, 0.00010555954941082746, 9.429267811356112e-05, 8.563764276914299e-05, 7.75201478973031e-05, 7.058885967126116e-05, 6.498888251371682e-05, 5.8189740229863673e-05, 5.3609877795679495e-05, 4.88815494463779e-05, 4.4608033931581303e-05, 4.063406231580302e-05, 3.740116153494455e-05, 3.3993848774116486e-05, 3.174593803123571e-05, 2.8934149668202735e-05, 2.637772740854416e-05, 2.4359233066206798e-05, 2.236229738628026e-05, 2.0306168153183535e-05, 1.852350396802649e-05, 1.7490130630903877e-05, 1.5722749594715424e-05, 1.4486234249488916e-05, 1.3241177839518059e-05, 1.2165202861069702e-05, 1.1268351045146119e-05, 1.0241785275866278e-05, 9.456830412091222e-06, 8.784983947407454e-06, 7.912653927633073e-06, 7.952085070428438e-06, 7.163615919125732e-06, 6.183950517879566e-06, 5.653378138958942e-06, 5.24173310623155e-06], "accuracy": [0.7359437942504883, 0.9074296951293945, 0.9401606321334839, 0.952610433101654, 0.952610433101654, 0.9630522131919861, 0.9666666388511658, 0.9698795080184937, 0.9736948013305664, 0.9742971658706665, 0.9740963578224182, 0.9809237122535706, 0.9799196720123291, 0.9809237122535706, 0.9807229042053223, 0.977911651134491, 0.984337329864502, 0.98574298620224, 0.9853413701057434, 0.9827309250831604, 0.9885542392730713, 0.9915662407875061, 0.9893574118614197, 0.9893574118614197, 0.9929718971252441, 0.9899598360061646, 0.9925702810287476, 0.9967871308326721, 0.993574321269989, 0.9979919791221619, 0.9979919791221619, 0.9913654327392578, 0.988353431224823, 0.9927710890769958, 0.9983935952186584, 0.9979919791221619, 0.9977911710739136, 0.9905622601509094, 0.9929718971252441, 0.9951807260513306, 0.9957831501960754, 0.9959839582443237, 0.9971887469291687, 0.9969879388809204, 0.9987951517105103, 0.9913654327392578, 0.9959839582443237, 0.9967871308326721, 0.9987951517105103, 0.9997991919517517, 0.9991967678070068, 0.9987951517105103, 0.9993975758552551, 0.9995983839035034, 0.9995983839035034, 0.9991967678070068, 0.9997991919517517, 0.9981927871704102, 1.0, 1.0, 1.0, 1.0, 1.0, 1.0, 1.0, 1.0, 1.0, 1.0, 1.0, 1.0, 1.0, 1.0, 1.0, 1.0, 1.0, 1.0, 1.0, 1.0, 1.0, 1.0, 1.0, 1.0, 1.0, 1.0, 1.0, 1.0, 1.0, 1.0, 1.0, 1.0, 1.0, 1.0, 1.0, 1.0, 1.0, 1.0, 1.0, 1.0, 1.0, 1.0], "val_loss": [0.5576305389404297, 0.42257213592529297, 0.4838854968547821, 0.4411162734031677, 0.42099860310554504, 0.555936336517334, 0.42563819885253906, 0.4067342281341553, 0.4722815454006195, 0.48058757185935974, 0.4270726442337036, 0.5055427551269531, 0.4460617005825043, 0.5117683410644531, 0.46037083864212036, 0.5001294016838074, 0.5199745297431946, 0.5181801319122314, 0.4918155074119568, 0.47526633739471436, 0.4939619302749634, 0.5087323188781738, 0.5549649000167847, 0.5012471079826355, 0.5502804517745972, 0.5235245823860168, 0.590916633605957, 0.6103304624557495, 0.6167474389076233, 0.6227995157241821, 0.6049862504005432, 0.6036356687545776, 0.5564144849777222, 0.5679761171340942, 0.5524604916572571, 0.5965602993965149, 0.5790960192680359, 0.4718697965145111, 0.4925810694694519, 0.5039284825325012, 0.5730617046356201, 0.5904883146286011, 0.532048761844635, 0.5926492810249329, 0.5943378210067749, 0.6033603549003601, 0.558992862701416, 0.5730520486831665, 0.5474554896354675, 0.5639605522155762, 0.5783929824829102, 0.5904006958007812, 0.6077215075492859, 0.6503316760063171, 0.6328639984130859, 0.6267486810684204, 0.6400501132011414, 0.6876596808433533, 0.671505868434906, 0.6861095428466797, 0.6973966956138611, 0.705969512462616, 0.7156009674072266, 0.7237353920936584, 0.7325257062911987, 0.7411662340164185, 0.7495676279067993, 0.7571988105773926, 0.7637805342674255, 0.7712944149971008, 0.7783848643302917, 0.7873014211654663, 0.7943673729896545, 0.8016092777252197, 0.8081479668617249, 0.8162081241607666, 0.8227275609970093, 0.8310434818267822, 0.8380748629570007, 0.8461484313011169, 0.8510583639144897, 0.8594061732292175, 0.866346538066864, 0.8741244077682495, 0.880435049533844, 0.8864076137542725, 0.896562933921814, 0.9022257924079895, 0.9095354080200195, 0.917249858379364, 0.9248683452606201, 0.9303892254829407, 0.9392158389091492, 0.9456743001937866, 0.9535702466964722, 0.9613046646118164, 0.9696527123451233, 0.9767046570777893, 0.9829820990562439, 0.9915759563446045], "val_accuracy": [0.7947791218757629, 0.8552208542823792, 0.8359437584877014, 0.8572289347648621, 0.8678714632987976, 0.8502008318901062, 0.8682730793952942, 0.8755019903182983, 0.870080292224884, 0.8650602698326111, 0.8696787357330322, 0.8646586537361145, 0.8708835244178772, 0.8757027983665466, 0.8817269206047058, 0.8748996257781982, 0.8626505732536316, 0.8708835244178772, 0.8781124353408813, 0.8626505732536316, 0.8678714632987976, 0.8777108192443848, 0.8652610182762146, 0.8744980096817017, 0.87530118227005, 0.8720883727073669, 0.8568273186683655, 0.8622490167617798, 0.8630521893501282, 0.8682730793952942, 0.8686746954917908, 0.8748996257781982, 0.8748996257781982, 0.87469881772995, 0.883734941482544, 0.8775100111961365, 0.8793172836303711, 0.8847389817237854, 0.8883534073829651, 0.8871486186981201, 0.8787148594856262, 0.8789156675338745, 0.8821285367012024, 0.8803212642669678, 0.8835341334342957, 0.8622490167617798, 0.8905622363090515, 0.8853413462638855, 0.8833333253860474, 0.8871486186981201, 0.8861445784568787, 0.8855421543121338, 0.8827309012413025, 0.877309262752533, 0.8833333253860474, 0.8817269206047058, 0.8819277286529541, 0.8674699068069458, 0.8765060305595398, 0.8763052225112915, 0.8769076466560364, 0.8777108192443848, 0.877309262752533, 0.8777108192443848, 0.8775100111961365, 0.877309262752533, 0.8775100111961365, 0.8761044144630432, 0.8761044144630432, 0.8759036064147949, 0.8769076466560364, 0.8755019903182983, 0.87530118227005, 0.8755019903182983, 0.8757027983665466, 0.8748996257781982, 0.8757027983665466, 0.8755019903182983, 0.8751003742218018, 0.87530118227005, 0.8751003742218018, 0.87469881772995, 0.8744980096817017, 0.87469881772995, 0.8748996257781982, 0.8740963935852051, 0.8736947774887085, 0.8738955855369568, 0.8738955855369568, 0.8734939694404602, 0.8732931613922119, 0.8724899888038635, 0.8718875646591187, 0.872690737247467, 0.8722891807556152, 0.8718875646591187, 0.8716867566108704, 0.8724899888038635, 0.8730923533439636, 0.8714859485626221], "training_time": 213.8476803302765, "output_time": 0.09135563373565674}