{"loss": [1.1878042221069336, 0.9509299397468567, 0.8454679250717163, 0.7726222276687622, 0.7041321992874146, 0.6409217119216919, 0.5863257646560669, 0.5338442921638489, 0.49305403232574463, 0.4534682631492615, 0.42365342378616333, 0.3950480818748474, 0.37557902932167053, 0.35488712787628174, 0.3381534516811371, 0.324504017829895, 0.31305915117263794, 0.29854509234428406, 0.28810757398605347, 0.27910366654396057, 0.27578505873680115, 0.2591383159160614, 0.2536540627479553, 0.2469627857208252, 0.2369411587715149, 0.23187409341335297, 0.22814659774303436, 0.2216786891222, 0.21356503665447235, 0.2073298841714859, 0.20272260904312134, 0.19708631932735443, 0.1970277577638626, 0.18536941707134247, 0.1894601583480835, 0.18008677661418915, 0.17834243178367615, 0.17673750221729279, 0.17131000757217407, 0.1630428582429886, 0.16018694639205933, 0.16691511869430542, 0.15306544303894043, 0.1489703208208084, 0.14894258975982666, 0.15082773566246033, 0.14381399750709534, 0.1430848091840744, 0.13642814755439758, 0.13159315288066864, 0.1354328989982605, 0.13060437142848969, 0.12781208753585815, 0.12906672060489655, 0.17937330901622772, 0.12655124068260193, 0.11775937676429749, 0.1199692115187645, 0.11738333851099014, 0.11498220264911652, 0.11247114837169647, 0.11240176856517792, 0.11142067611217499, 0.10999061912298203, 0.11295858770608902, 0.10402154922485352, 0.10777143388986588, 0.10551688075065613, 0.105750672519207, 0.10231724381446838, 0.10542891174554825, 0.0953887403011322, 0.10245013982057571, 0.09333007037639618, 0.09187185764312744, 0.09255310893058777, 0.08601188659667969, 0.08930578827857971, 0.09040644764900208, 0.09079742431640625, 0.08403614908456802, 0.08126293122768402, 0.08361727744340897, 0.08200597763061523, 0.08155100792646408, 0.07754458487033844, 0.0890420600771904, 0.09880883991718292, 0.0801938846707344, 0.08246678113937378, 0.07401570677757263, 0.07196013629436493, 0.07381809502840042, 0.08510135114192963, 0.07095906883478165, 0.07202693074941635, 0.06587348878383636, 0.06599286943674088, 0.06539168208837509, 0.06498391181230545], "accuracy": [0.48948949575424194, 0.5783783793449402, 0.6344344615936279, 0.6698698401451111, 0.7083082795143127, 0.7461461424827576, 0.7691691517829895, 0.8022022247314453, 0.8198198080062866, 0.8396396636962891, 0.8468468189239502, 0.8574574589729309, 0.8692692518234253, 0.879879891872406, 0.8830831050872803, 0.8878878951072693, 0.8928928971290588, 0.9027026891708374, 0.9057056903839111, 0.908108115196228, 0.9037036895751953, 0.9161161184310913, 0.9159159064292908, 0.9203203320503235, 0.9211211204528809, 0.9203203320503235, 0.9245245456695557, 0.924924910068512, 0.9267266988754272, 0.9321321249008179, 0.9333333373069763, 0.9317317605018616, 0.9303303360939026, 0.9391391277313232, 0.9353353381156921, 0.9391391277313232, 0.9397397637367249, 0.9403403401374817, 0.9407407641410828, 0.9453453421592712, 0.9457457661628723, 0.9441441297531128, 0.9501501321792603, 0.9511511325836182, 0.9491491317749023, 0.9485485553741455, 0.9517517685890198, 0.9527527689933777, 0.9573573470115662, 0.9581581354141235, 0.9523523449897766, 0.9561561346054077, 0.9595595598220825, 0.9563563466072083, 0.9437437653541565, 0.9591591358184814, 0.9633633494377136, 0.9601601362228394, 0.9621621370315552, 0.9615615606307983, 0.9637637734413147, 0.96556556224823, 0.9645645618438721, 0.9649649858474731, 0.9623623490333557, 0.9671671390533447, 0.9629629850387573, 0.9647647738456726, 0.9651651382446289, 0.9663663506507874, 0.9635635614395142, 0.9695695638656616, 0.96556556224823, 0.9697697758674622, 0.9681681394577026, 0.9707707762718201, 0.9743743538856506, 0.971771776676178, 0.9713713526725769, 0.9705705642700195, 0.9735735654830933, 0.9735735654830933, 0.9725725650787354, 0.9733733534812927, 0.9727727770805359, 0.9769769906997681, 0.9699699878692627, 0.9689689874649048, 0.9737737774848938, 0.9741742014884949, 0.9755755662918091, 0.9791792035102844, 0.9761762022972107, 0.9749749898910522, 0.977977991104126, 0.977977991104126, 0.9805805683135986, 0.9799799919128418, 0.9793793559074402, 0.9809809923171997], "val_loss": [1.0268007516860962, 0.9137028455734253, 0.8525406122207642, 0.8041276335716248, 0.7604134678840637, 0.7274900674819946, 0.7024704217910767, 0.658890426158905, 0.6811388731002808, 0.6225043535232544, 0.609961986541748, 0.6114412546157837, 0.5962510704994202, 0.5821918845176697, 0.5617379546165466, 0.5738887786865234, 0.5454702377319336, 0.5529061555862427, 0.5694645643234253, 0.5604702234268188, 0.5554757118225098, 0.5485838651657104, 0.552362322807312, 0.5728396773338318, 0.5573884844779968, 0.5630178451538086, 0.5553907155990601, 0.6032043099403381, 0.5648861527442932, 0.5681825876235962, 0.5668801665306091, 0.6054220199584961, 0.5676553249359131, 0.576896071434021, 0.5763816833496094, 0.5701402425765991, 0.618903398513794, 0.6020285487174988, 0.5898709297180176, 0.5806341171264648, 0.5837271809577942, 0.5913137197494507, 0.6034626364707947, 0.5951523184776306, 0.6070461869239807, 0.6129716038703918, 0.6129999756813049, 0.6056519150733948, 0.6306371688842773, 0.6332351565361023, 0.623652458190918, 0.6494036912918091, 0.6476074457168579, 0.6906940340995789, 0.664158821105957, 0.6395328640937805, 0.678791880607605, 0.6807985305786133, 0.6622006297111511, 0.656731367111206, 0.6621112823486328, 0.6830082535743713, 0.6767742037773132, 0.6873838901519775, 0.6913531422615051, 0.7079640030860901, 0.6798321008682251, 0.6834550499916077, 0.7152405977249146, 0.7166491150856018, 0.708202064037323, 0.715833842754364, 0.7381942868232727, 0.7271740436553955, 0.7293650507926941, 0.729130744934082, 0.7589754462242126, 0.7410249710083008, 0.7584879398345947, 0.7471285462379456, 0.7591025829315186, 0.7911755442619324, 0.7703030705451965, 0.763569712638855, 0.7662340402603149, 0.7993099093437195, 0.7994110584259033, 0.7906587719917297, 0.7773448824882507, 0.7954737544059753, 0.7683226466178894, 0.7963577508926392, 0.8275024890899658, 0.8226668238639832, 0.8281210660934448, 0.8138112425804138, 0.8125681281089783, 0.8079363107681274, 0.80156409740448, 0.8067118525505066],