{"loss": [1.1011343002319336, 0.9450312852859497, 0.8908975124359131, 0.8452799916267395, 0.8186167478561401, 0.7878353595733643, 0.7643687725067139, 0.7404738664627075, 0.7188971638679504, 0.7026532292366028, 0.6890044212341309, 0.6779727339744568, 0.6590942144393921, 0.6405388712882996, 0.6299569010734558, 0.6178684234619141, 0.609082043170929, 0.5967283248901367, 0.5870441794395447, 0.578131377696991, 0.5706356167793274, 0.5623141527175903, 0.5574350953102112, 0.5483109951019287, 0.5377833247184753, 0.5334302186965942, 0.5279396772384644, 0.5178206562995911, 0.5110802054405212, 0.5036910176277161, 0.5022614002227783, 0.4927895665168762, 0.4967745542526245, 0.48480188846588135, 0.47955429553985596, 0.4765627980232239, 0.47322070598602295, 0.4634523093700409, 0.4652097523212433, 0.4560201168060303, 0.4501349627971649, 0.44749829173088074, 0.4471684396266937, 0.4386495351791382, 0.43636980652809143, 0.4328378736972809, 0.42750415205955505, 0.4189685583114624, 0.4195655882358551, 0.41227176785469055, 0.411381334066391, 0.41075316071510315, 0.4059871733188629, 0.40041235089302063, 0.3961414694786072, 0.39310017228126526, 0.3957221508026123, 0.386192262172699, 0.3800784647464752, 0.3918674886226654, 0.37990549206733704, 0.3768587112426758, 0.3688599765300751, 0.3701677918434143, 0.3696845471858978, 0.36696574091911316, 0.36016926169395447, 0.3562885820865631, 0.35978925228118896, 0.3570874333381653, 0.3519898056983948, 0.350669264793396, 0.3454565107822418, 0.34595268964767456, 0.34322407841682434, 0.33559396862983704, 0.3356325924396515, 0.33357223868370056, 0.3375619649887085, 0.3269346356391907, 0.32460787892341614, 0.3275061249732971, 0.3207869529724121, 0.319979190826416, 0.31167516112327576, 0.3210586607456207, 0.3113875091075897, 0.3120233416557312, 0.30965477228164673, 0.3101392984390259, 0.3052123486995697, 0.30537793040275574, 0.3035913407802582, 0.30577895045280457, 0.29607516527175903, 0.2939799726009369, 0.29575005173683167, 0.2944248616695404, 0.29678091406822205, 0.28670692443847656], "accuracy": [0.5357071161270142, 0.577915608882904, 0.6001200079917908, 0.6261252164840698, 0.6369273662567139, 0.6607321500778198, 0.6673334836959839, 0.6825364828109741, 0.6999399662017822, 0.7021404504776001, 0.7105420827865601, 0.7249450087547302, 0.7293458580970764, 0.7361472249031067, 0.7477495670318604, 0.7511502504348755, 0.75275057554245, 0.7603520750999451, 0.7655531167984009, 0.7687537670135498, 0.7733546495437622, 0.7747549414634705, 0.7745549082756042, 0.7821564078330994, 0.7935587167739868, 0.7849569916725159, 0.7929586172103882, 0.7943588495254517, 0.8017603754997253, 0.7999600172042847, 0.8013602495193481, 0.8015602827072144, 0.8081616163253784, 0.8127625584602356, 0.8153630495071411, 0.8155631422996521, 0.8159632086753845, 0.8239647746086121, 0.8205640912055969, 0.8221644163131714, 0.8297659754753113, 0.8273654580116272, 0.8295659422874451, 0.8297659754753113, 0.8285657167434692, 0.8313663005828857, 0.8331666588783264, 0.8373674750328064, 0.8393678665161133, 0.8449689745903015, 0.8449689745903015, 0.8401680588722229, 0.8481696248054504, 0.8441688418388367, 0.85317063331604, 0.8491698503494263, 0.8453691005706787, 0.8551710247993469, 0.8625724911689758, 0.8507701754570007, 0.8565713167190552, 0.8585717082023621, 0.8639727830886841, 0.8571714162826538, 0.862972617149353, 0.8625724911689758, 0.8631726503372192, 0.8669734001159668, 0.8645729422569275, 0.8663733005523682, 0.871374249458313, 0.8653730750083923, 0.871374249458313, 0.8711742162704468, 0.8677735328674316, 0.8775755167007446, 0.8763752579689026, 0.8741748332977295, 0.8735747337341309, 0.8789758086204529, 0.8819763660430908, 0.8767753839492798, 0.8759751915931702, 0.8815762996673584, 0.8897779583930969, 0.8825765252113342, 0.8875775337219238, 0.8829765915870667, 0.881176233291626, 0.8839768171310425, 0.886577308177948, 0.8843768835067749, 0.8917783498764038, 0.8871774077415466, 0.8943789005279541, 0.8923784494400024, 0.8891778588294983, 0.8899779915809631, 0.8883776664733887, 0.8949790000915527], "val_loss": [1.016213059425354, 0.9514674544334412, 0.9314901232719421, 0.9046652913093567, 0.8928489089012146, 0.8666676878929138, 0.8482071161270142, 0.8323866724967957, 0.829330325126648, 0.8087643980979919, 0.807736873626709, 0.8029483556747437, 0.7959349751472473, 0.7880693674087524, 0.7708910703659058, 0.7822515964508057, 0.8019997477531433, 0.7664962410926819, 0.755352258682251, 0.7709537744522095, 0.755855917930603, 0.7431572079658508, 0.7626006007194519, 0.7569806575775146, 0.7689335346221924, 0.7666274905204773, 0.7595334053039551, 0.7450489401817322, 0.7683872580528259, 0.7564013004302979, 0.7509345412254333, 0.7563472986221313, 0.7303532361984253, 0.7362118363380432, 0.7320371866226196, 0.7411245107650757, 0.7476702332496643, 0.7513744235038757, 0.7281466126441956, 0.7489423155784607, 0.7393039464950562, 0.7749011516571045, 0.7211920022964478, 0.7299021482467651, 0.7228094339370728, 0.7510534524917603, 0.7410992980003357, 0.7583603858947754, 0.7604226469993591, 0.7421550750732422, 0.7474749684333801, 0.747054398059845, 0.7482441067695618, 0.7323971390724182, 0.7406062483787537, 0.7320764064788818, 0.7171516418457031, 0.7273080348968506, 0.7485983371734619, 0.752753496170044, 0.7334401607513428, 0.7322448492050171, 0.7431514263153076, 0.75434410572052, 0.7316487431526184, 0.745567798614502, 0.7287532687187195, 0.743578314781189, 0.7493659257888794, 0.7296838164329529, 0.7274450659751892, 0.7397792935371399, 0.729397177696228, 0.7607337832450867, 0.7350215315818787, 0.7337436676025391, 0.7401772141456604, 0.752679705619812, 0.7353360056877136, 0.737561047077179, 0.7481598258018494, 0.7525501251220703, 0.767846941947937, 0.7569891810417175, 0.755281925201416, 0.7464168071746826, 0.7628791928291321, 0.7451590895652771, 0.7599631547927856, 0.7540680766105652, 0.7450739145278931, 0.748106062412262, 0.7518919110298157, 0.7498441934585571, 0.7638183236122131, 0.7581086754798889, 0.779676079750061, 0.7681982517242432, 0.7934570908546448, 0.7994961738586426],