{"loss": [0.972955584526062, 0.6979602575302124, 0.5641431212425232, 0.4751972258090973, 0.40019911527633667, 0.3577005863189697, 0.319526731967926, 0.27665218710899353, 0.2756798565387726, 0.23823213577270508, 0.2031240314245224, 0.18471555411815643, 0.18960745632648468, 0.18312016129493713, 0.15402446687221527, 0.15406252443790436, 0.1327235996723175, 0.11181480437517166, 0.10521875321865082, 0.11035219579935074, 0.11031853407621384, 0.107843779027462, 0.19386588037014008, 0.08328897505998611, 0.07645218819379807, 0.06316862255334854, 0.07295694947242737, 0.05539857968688011, 0.037656355649232864, 0.053928788751363754, 0.052133139222860336, 0.0659065693616867, 0.11930502206087112, 0.07237976789474487, 0.15062372386455536, 0.05450217053294182, 0.03658047690987587, 0.024531623348593712, 0.02524781972169876, 0.037128664553165436, 0.0247183945029974, 0.07720452547073364, 0.05307628959417343, 0.04375997185707092, 0.04656298831105232, 0.03889523074030876, 0.0870262086391449, 0.04758935421705246, 0.041681915521621704, 0.018123306334018707, 0.012737525627017021, 0.006140273995697498, 0.010652542114257812, 0.011024105362594128, 0.0842754915356636, 0.10692208260297775, 0.047551702708005905, 0.017589515075087547, 0.031819622963666916, 0.01679280959069729, 0.005564790219068527, 0.029840072616934776, 0.04321363940834999, 0.05060647055506706, 0.06926930695772171, 0.028297336772084236, 0.010782331228256226, 0.003764790715649724, 0.01058221235871315, 0.04273117333650589, 0.054064683616161346, 0.07337946444749832, 0.043213341385126114, 0.018536552786827087, 0.027265656739473343, 0.013807784765958786, 0.003451719181612134, 0.0020575635135173798, 0.0011043123668059707, 0.0006650762516073883, 0.0005620784359052777, 0.0005059675895608962, 0.0004666086460929364, 0.00041156847146339715, 0.00037557099130935967, 0.00034508653334341943, 0.00032001687213778496, 0.000294534518616274, 0.0002737942268140614, 0.0002533075457904488, 0.00023698229051660746, 0.0002191956009482965, 0.00020542266429401934, 0.0001911550061777234, 0.0001773213443811983, 0.00016459153266623616, 0.00015483549213968217, 0.0001435791637049988, 0.0001337026187684387, 0.0001245523599209264], "accuracy": [0.5829829573631287, 0.7087087035179138, 0.7699699401855469, 0.8180180191993713, 0.8476476669311523, 0.8640640377998352, 0.8808808922767639, 0.8992993235588074, 0.8978978991508484, 0.9133133292198181, 0.9261261224746704, 0.9357357621192932, 0.9319319128990173, 0.93113112449646, 0.9451451301574707, 0.9437437653541565, 0.9523523449897766, 0.9631631374359131, 0.9617617726325989, 0.9579579830169678, 0.9569569826126099, 0.9611611366271973, 0.9319319128990173, 0.9679679870605469, 0.9719719886779785, 0.9775775671005249, 0.9769769906997681, 0.9821822047233582, 0.9881882071495056, 0.981381356716156, 0.9833833575248718, 0.9767767786979675, 0.9591591358184814, 0.9743743538856506, 0.9509509801864624, 0.9815815687179565, 0.9899899959564209, 0.9923924207687378, 0.9915915727615356, 0.9865865707397461, 0.9927927851676941, 0.9737737774848938, 0.981381356716156, 0.9853853583335876, 0.9829829931259155, 0.9873873591423035, 0.970370352268219, 0.9837837815284729, 0.9859859943389893, 0.9947947859764099, 0.9971972107887268, 0.9987987875938416, 0.9975975751876831, 0.9971972107887268, 0.9713713526725769, 0.9611611366271973, 0.9829829931259155, 0.9945945739746094, 0.990390419960022, 0.995195209980011, 0.9987987875938416, 0.990390419960022, 0.9849849939346313, 0.984184205532074, 0.9753753542900085, 0.9901902079582214, 0.9973974227905273, 0.9991992115974426, 0.9965965747833252, 0.9863863587379456, 0.9797797799110413, 0.9755755662918091, 0.9849849939346313, 0.9945945739746094, 0.9919919967651367, 0.9963964223861694, 0.9995995759963989, 0.9995995759963989, 0.9997997879981995, 1.0, 1.0, 1.0, 1.0, 1.0, 1.0, 1.0, 1.0, 1.0, 1.0, 1.0, 1.0, 1.0, 1.0, 1.0, 1.0, 1.0, 1.0, 1.0, 1.0, 1.0], "val_loss": [0.7877531051635742, 0.7659838199615479, 0.6316843032836914, 0.6608862280845642, 0.619798481464386, 0.6749838590621948, 0.6289036870002747, 0.6136464476585388, 0.6958305239677429, 0.578596830368042, 0.6256033182144165, 0.6317873597145081, 0.5626909732818604, 0.6065673828125, 0.6179292798042297, 0.6460046172142029, 0.6489521265029907, 0.5861269235610962, 0.6244630217552185, 0.6717255115509033, 0.674170196056366, 0.7589476704597473, 0.6103612184524536, 0.6743606925010681, 0.6959766149520874, 0.6704844236373901, 0.6817499995231628, 0.6864989399909973, 0.7114217877388, 0.7110905051231384, 0.7555996179580688, 0.8300285339355469, 0.774372398853302, 0.7916777729988098, 0.7334877848625183, 0.7056940793991089, 0.7194043397903442, 0.7257190346717834, 0.7249335050582886, 0.7396647930145264, 0.7469387054443359, 0.7791383266448975, 0.8230920433998108, 0.8466708660125732, 0.7849038243293762, 0.8004467487335205, 0.8145244121551514, 0.8479499220848083, 0.826214611530304, 0.8133175373077393, 0.8053239583969116, 0.8088729381561279, 0.8478367924690247, 0.8371592164039612, 0.9109582304954529, 0.7875033617019653, 0.7853758931159973, 0.793339729309082, 0.8144142627716064, 0.8094483613967896, 0.8282644748687744, 0.8236752152442932, 0.9024826288223267, 0.8959124088287354, 0.8893606662750244, 0.8110214471817017, 0.8146930932998657, 0.8461074233055115, 0.8678734302520752, 0.8791846632957458, 0.906259298324585, 0.8329071998596191, 0.8637130260467529, 0.8452703952789307, 0.9376277923583984, 0.8854394555091858, 0.8612146377563477, 0.8725535869598389, 0.8611435890197754, 0.8666648268699646, 0.8701398372650146, 0.874950647354126, 0.8805257678031921, 0.8831223845481873, 0.8865797519683838, 0.8918668627738953, 0.8948091864585876, 0.8996891379356384, 0.9036117196083069, 0.9088050127029419, 0.9124314785003662, 0.9183664321899414, 0.9216935634613037, 0.9261841177940369, 0.9303075671195984, 0.9334317445755005, 0.9405104517936707, 0.9433318376541138, 0.9483237266540527, 0.9533119797706604], "val_accuracy": [0.6694694757461548, 0.6954954862594604, 0.7481481432914734, 0.7465465664863586, 0.7637637853622437, 0.756956934928894, 0.7687687873840332, 0.7809810042381287, 0.7577577829360962, 0.7987987995147705, 0.7797797918319702, 0.7843843698501587, 0.809609591960907, 0.8016015887260437, 0.7917917966842651, 0.7939940094947815, 0.7983983755111694, 0.8202202320098877, 0.8136135935783386, 0.7947947978973389, 0.804804801940918, 0.7919920086860657, 0.8154154419898987, 0.805205225944519, 0.8038038015365601, 0.8170170187950134, 0.817217230796814, 0.8154154419898987, 0.8150150179862976, 0.8212212324142456, 0.8022022247314453, 0.7925925850868225, 0.7977977991104126, 0.8020020127296448, 0.8044043779373169, 0.8152152299880981, 0.8170170187950134, 0.8142142295837402, 0.8240240216255188, 0.8236235976219177, 0.8216215968132019, 0.8080080151557922, 0.8008008003234863, 0.8056055903434753, 0.812412440776825, 0.8164164423942566, 0.8120120167732239, 0.7947947978973389, 0.8142142295837402, 0.8240240216255188, 0.8252252340316772, 0.8232232332229614, 0.8248248100280762, 0.8196195960044861, 0.7791791558265686, 0.809609591960907, 0.8190190196037292, 0.817217230796814, 0.8184184432029724, 0.8248248100280762, 0.8256255984306335, 0.8126125931739807, 0.804804801940918, 0.8088088035583496, 0.8022022247314453, 0.8212212324142456, 0.8258258104324341, 0.823423445224762, 0.8248248100280762, 0.8066065907478333, 0.8040040135383606, 0.8132132291793823, 0.8166165947914124, 0.8178178071975708, 0.8020020127296448, 0.822422444820404, 0.8244244456291199, 0.8262262344360352, 0.8272272348403931, 0.8262262344360352, 0.8272272348403931, 0.8262262344360352, 0.8280280232429504, 0.8272272348403931, 0.8280280232429504, 0.8278278112411499, 0.8274274468421936, 0.8276275992393494, 0.8288288116455078, 0.8284284472465515, 0.8280280232429504, 0.8294294476509094, 0.8302302360534668, 0.8294294476509094, 0.8292292356491089, 0.8292292356491089, 0.8298298120498657, 0.8288288116455078, 0.8288288116455078, 0.8288288116455078], "training_time": 247.03468418121338, "output_time": 0.06653170585632324}