{"loss": [1.1455445289611816, 0.9436190128326416, 0.8676699995994568, 0.8067070841789246, 0.7644367814064026, 0.7261767983436584, 0.6933405995368958, 0.6646766662597656, 0.6362478733062744, 0.6170610785484314, 0.5951236486434937, 0.579908013343811, 0.5590857267379761, 0.5402060747146606, 0.5272696614265442, 0.5114308595657349, 0.5043619871139526, 0.48915818333625793, 0.4801645278930664, 0.4699994623661041, 0.4632473886013031, 0.45361924171447754, 0.4435000419616699, 0.43879953026771545, 0.4303920865058899, 0.4221479892730713, 0.4175485074520111, 0.40528520941734314, 0.4048982560634613, 0.3964764177799225, 0.38995903730392456, 0.3855513036251068, 0.3834247887134552, 0.3737221956253052, 0.3720591962337494, 0.3651309013366699, 0.3627512454986572, 0.35717839002609253, 0.35549139976501465, 0.3471547067165375, 0.34044012427330017, 0.34092745184898376, 0.33728232979774475, 0.329970121383667, 0.32664409279823303, 0.32308435440063477, 0.32253527641296387, 0.31529682874679565, 0.31273961067199707, 0.3066408634185791, 0.3066846430301666, 0.30546993017196655, 0.3009784519672394, 0.2956353724002838, 0.29227447509765625, 0.28998181223869324, 0.2922932803630829, 0.28477928042411804, 0.277459979057312, 0.2846265733242035, 0.27539700269699097, 0.2691393494606018, 0.26552098989486694, 0.2678911089897156, 0.2634327709674835, 0.2656696140766144, 0.25892212986946106, 0.2546171247959137, 0.2609766721725464, 0.2550957202911377, 0.25005486607551575, 0.25232550501823425, 0.24404016137123108, 0.24483495950698853, 0.24006226658821106, 0.23706728219985962, 0.23591595888137817, 0.23318617045879364, 0.24028319120407104, 0.2285541296005249, 0.2269124984741211, 0.22702160477638245, 0.22119326889514923, 0.21880872547626495, 0.21346092224121094, 0.22101444005966187, 0.2173580527305603, 0.21465753018856049, 0.20866985619068146, 0.2117149978876114, 0.21030505001544952, 0.2035294473171234, 0.20617741346359253, 0.209320530295372, 0.1999969631433487, 0.19537614285945892, 0.20071732997894287, 0.19735340774059296, 0.19609208405017853, 0.19172923266887665], "accuracy": [0.5077015161514282, 0.5695139169692993, 0.5983196496963501, 0.6377275586128235, 0.6577315330505371, 0.6881376504898071, 0.7031406164169312, 0.7199440002441406, 0.7427485585212708, 0.7413482666015625, 0.7597519755363464, 0.7697539329528809, 0.7763552665710449, 0.7843568921089172, 0.7907581329345703, 0.798159658908844, 0.8013602495193481, 0.8073614835739136, 0.806561291217804, 0.8165633082389832, 0.8195639252662659, 0.8221644163131714, 0.8281656503677368, 0.8285657167434692, 0.8327665328979492, 0.8343668580055237, 0.837967574596405, 0.841168224811554, 0.8471694588661194, 0.8459692001342773, 0.8533706665039062, 0.8461692333221436, 0.8555710911750793, 0.8613722920417786, 0.8583716750144958, 0.8589717745780945, 0.8631726503372192, 0.8643728494644165, 0.8655731081962585, 0.865973174571991, 0.8735747337341309, 0.8721744418144226, 0.8701740503311157, 0.8785757422447205, 0.8759751915931702, 0.8789758086204529, 0.8797759413719177, 0.8775755167007446, 0.8835766911506653, 0.8863772749900818, 0.8833766579627991, 0.8847769498825073, 0.8843768835067749, 0.8873775005340576, 0.8937787413597107, 0.8913782835006714, 0.89197838306427, 0.8929786086082458, 0.8961792588233948, 0.8947789669036865, 0.8961792588233948, 0.9033806920051575, 0.9039807915687561, 0.9001800417900085, 0.9031806588172913, 0.9027805328369141, 0.9087817668914795, 0.9089818000793457, 0.9011802077293396, 0.9111822247505188, 0.9089818000793457, 0.9049810171127319, 0.9121824502944946, 0.9097819328308105, 0.9151830077171326, 0.9163832664489746, 0.9181836247444153, 0.9177835583686829, 0.9161832332611084, 0.9193838834762573, 0.9175835251808167, 0.9193838834762573, 0.9241848587989807, 0.9235846996307373, 0.9277855753898621, 0.9191838502883911, 0.9187837839126587, 0.9219843745231628, 0.9283856749534607, 0.9275855422019958, 0.9257851839065552, 0.9287857413291931, 0.9301860332489014, 0.9261852502822876, 0.9313862919807434, 0.9289857745170593, 0.9269853830337524, 0.9293859004974365, 0.930986225605011, 0.9327865839004517], "val_loss": [1.0100901126861572, 0.9309046268463135, 0.8891405463218689, 0.8437831997871399, 0.8234030604362488, 0.8043997883796692, 0.7743325233459473, 0.7646191716194153, 0.7509042024612427, 0.7413424253463745, 0.7250052690505981, 0.731095016002655, 0.7110821008682251, 0.6970158815383911, 0.6883818507194519, 0.6946472525596619, 0.6936536431312561, 0.6705306172370911, 0.6719359159469604, 0.6788586378097534, 0.6698599457740784, 0.6532881259918213, 0.68516606092453, 0.6719998121261597, 0.6555544137954712, 0.6591657400131226, 0.6556044816970825, 0.6632632613182068, 0.6533852815628052, 0.6520227789878845, 0.6528204083442688, 0.6455942392349243, 0.6392384171485901, 0.6525983810424805, 0.645814061164856, 0.6572991609573364, 0.6579418182373047, 0.6614962816238403, 0.6499078869819641, 0.6480019092559814, 0.6490875482559204, 0.6535929441452026, 0.6412186026573181, 0.6675386428833008, 0.6545845866203308, 0.665471076965332, 0.6556834578514099, 0.6596224904060364, 0.6816202998161316, 0.6597358584403992, 0.6566137075424194, 0.6616851091384888, 0.6533871293067932, 0.6508036255836487, 0.6661928296089172, 0.6571226119995117, 0.6570109724998474, 0.654350996017456, 0.6696465015411377, 0.6648877859115601, 0.6635755896568298, 0.6673407554626465, 0.6755850315093994, 0.6786139011383057, 0.6714321374893188, 0.684708833694458, 0.6524878740310669, 0.6824924349784851, 0.6777247786521912, 0.6828019618988037, 0.6787726879119873, 0.6756381988525391, 0.6705077290534973, 0.6945236325263977, 0.6807733178138733, 0.6756675839424133, 0.6802444458007812, 0.6949524283409119, 0.7016288638114929, 0.6889210343360901, 0.6917861700057983, 0.7013772130012512, 0.7182436585426331, 0.7055080533027649, 0.7055051922798157, 0.711656928062439, 0.7132351994514465, 0.6913235783576965, 0.7134418487548828, 0.7121645212173462, 0.7027019262313843, 0.7206722497940063, 0.7353830337524414, 0.7138321399688721, 0.7233969569206238, 0.7293858528137207, 0.7307705879211426, 0.7331030368804932, 0.7500996589660645, 0.7623926997184753],