{"loss": [1.1137385368347168, 0.9362256526947021, 0.868598222732544, 0.8119019865989685, 0.775102972984314, 0.7384328246116638, 0.7116919755935669, 0.6858749985694885, 0.659886360168457, 0.6437035799026489, 0.6234901547431946, 0.6111794710159302, 0.5912820100784302, 0.5716336369514465, 0.5596150755882263, 0.5436907410621643, 0.5361658334732056, 0.5226877331733704, 0.5119683146476746, 0.5018157362937927, 0.4965706467628479, 0.48522379994392395, 0.4775668978691101, 0.4704931676387787, 0.4620802700519562, 0.453397661447525, 0.4510008990764618, 0.4370301365852356, 0.43338319659233093, 0.42714232206344604, 0.4221259653568268, 0.4174739718437195, 0.4163443446159363, 0.4038931131362915, 0.40172791481018066, 0.39595988392829895, 0.39339709281921387, 0.3840313255786896, 0.38571521639823914, 0.3758687973022461, 0.3696705996990204, 0.36879003047943115, 0.36720970273017883, 0.360919713973999, 0.3545360565185547, 0.3528185188770294, 0.35073229670524597, 0.3415451943874359, 0.33998924493789673, 0.3358808159828186, 0.33582204580307007, 0.33287763595581055, 0.3268888592720032, 0.32371264696121216, 0.31918099522590637, 0.31874123215675354, 0.32467514276504517, 0.31246769428253174, 0.3041238486766815, 0.31218406558036804, 0.3047826290130615, 0.29820966720581055, 0.2946279048919678, 0.2967553436756134, 0.2912038266658783, 0.29481276869773865, 0.2872543931007385, 0.2818800210952759, 0.28745442628860474, 0.28285646438598633, 0.2772975265979767, 0.27937597036361694, 0.27140820026397705, 0.272411972284317, 0.268119215965271, 0.26455631852149963, 0.2617093622684479, 0.25918179750442505, 0.26901060342788696, 0.2542998194694519, 0.25450941920280457, 0.25538170337677, 0.24797171354293823, 0.24542295932769775, 0.2396441400051117, 0.24878886342048645, 0.24397599697113037, 0.242041677236557, 0.23603634536266327, 0.24028097093105316, 0.23682136833667755, 0.23052850365638733, 0.23248519003391266, 0.23562544584274292, 0.22466136515140533, 0.22260452806949615, 0.22619983553886414, 0.22456490993499756, 0.2245725691318512, 0.21834637224674225], "accuracy": [0.5083016753196716, 0.5721144080162048, 0.5995199084281921, 0.6371273994445801, 0.651130199432373, 0.684736967086792, 0.6925384998321533, 0.7067413330078125, 0.7279455661773682, 0.7243448495864868, 0.7447489500045776, 0.752550482749939, 0.7597519755363464, 0.7709541916847229, 0.7793558835983276, 0.7837567329406738, 0.7833566665649414, 0.7867573499679565, 0.7949590086936951, 0.802360475063324, 0.8051610589027405, 0.8061612248420715, 0.8087617754936218, 0.8149629831314087, 0.8173635005950928, 0.8181636333465576, 0.8235647082328796, 0.8303660750389099, 0.8355671167373657, 0.8375675082206726, 0.8375675082206726, 0.8373674750328064, 0.8415682911872864, 0.8447689414024353, 0.8427685499191284, 0.8445689082145691, 0.8501700162887573, 0.8537707328796387, 0.8501700162887573, 0.8535706996917725, 0.8595719337463379, 0.8607721328735352, 0.8621724247932434, 0.8649730086326599, 0.8637727499008179, 0.8663733005523682, 0.8655731081962585, 0.8661732077598572, 0.8717743754386902, 0.8697739839553833, 0.8693738579750061, 0.8747749328613281, 0.8795759081840515, 0.8765752911567688, 0.8805761337280273, 0.8797759413719177, 0.8737747669219971, 0.881176233291626, 0.8881776332855225, 0.8867773413658142, 0.8849769830703735, 0.8893778920173645, 0.8899779915809631, 0.8883776664733887, 0.89197838306427, 0.8921784162521362, 0.8953790664672852, 0.897379457950592, 0.8907781839370728, 0.8959792256355286, 0.9013803005218506, 0.8965793251991272, 0.8989797830581665, 0.9019804000854492, 0.9053810834884644, 0.9041808247566223, 0.9035807251930237, 0.9063812494277954, 0.9013803005218506, 0.9091818332672119, 0.9065813422203064, 0.9081816077232361, 0.9107821583747864, 0.9117823839187622, 0.9149829745292664, 0.9081816077232361, 0.9081816077232361, 0.9109821915626526, 0.9145829081535339, 0.9105821251869202, 0.915783166885376, 0.9161832332611084, 0.9175835251808167, 0.9131826162338257, 0.916783332824707, 0.9175835251808167, 0.9165832996368408, 0.9145829081535339, 0.9183836579322815, 0.9201840162277222], "val_loss": [1.0008277893066406, 0.9268174171447754, 0.8949331045150757, 0.8543620705604553, 0.8398512601852417, 0.8213849663734436, 0.7996787428855896, 0.7814650535583496, 0.7838129997253418, 0.7700201869010925, 0.7577356696128845, 0.7543296217918396, 0.7418465614318848, 0.7339017391204834, 0.7196090817451477, 0.7384029626846313, 0.743790864944458, 0.7078928351402283, 0.7079511880874634, 0.7355329990386963, 0.7059926390647888, 0.6888043880462646, 0.729709267616272, 0.7217391133308411, 0.7083978652954102, 0.7024832367897034, 0.7038514018058777, 0.7004666924476624, 0.6990474462509155, 0.6992776989936829, 0.7018728852272034, 0.6885018944740295, 0.6776191592216492, 0.690532922744751, 0.6843222379684448, 0.6935035586357117, 0.6948608756065369, 0.7018706202507019, 0.6884956955909729, 0.6881818175315857, 0.6964334845542908, 0.715160608291626, 0.6820589900016785, 0.7064698338508606, 0.693679690361023, 0.7119649052619934, 0.6961382627487183, 0.7025954723358154, 0.7313451766967773, 0.7033719420433044, 0.7041755318641663, 0.6926617622375488, 0.6987906098365784, 0.687120258808136, 0.7118842601776123, 0.6987824440002441, 0.6919345855712891, 0.6897624731063843, 0.710167407989502, 0.7204350829124451, 0.6992707252502441, 0.6962412595748901, 0.7073436379432678, 0.7134575843811035, 0.7087990641593933, 0.7202141284942627, 0.6933602690696716, 0.7121937274932861, 0.7095276117324829, 0.7136592864990234, 0.7076680064201355, 0.7182496786117554, 0.7035567760467529, 0.7279530763626099, 0.717764139175415, 0.7120072245597839, 0.7159256935119629, 0.7336505651473999, 0.7249387502670288, 0.7153913378715515, 0.7246177792549133, 0.7474467158317566, 0.759329080581665, 0.7387428879737854, 0.7371017932891846, 0.7382890582084656, 0.7530214786529541, 0.725944459438324, 0.7422525882720947, 0.7411790490150452, 0.7386353015899658, 0.7646337151527405, 0.7649363875389099, 0.7401257157325745, 0.7542468309402466, 0.7625609040260315, 0.7705565094947815, 0.7653031945228577, 0.7852982878684998, 0.795456051826477],