{"loss": [1.4001415967941284, 1.1475962400436401, 1.045654296875, 0.9790473580360413, 0.9316453337669373, 0.8946504592895508, 0.861514687538147, 0.8377878665924072, 0.8129960298538208, 0.7880461812019348, 0.7663620710372925, 0.7557603120803833, 0.729452908039093, 0.7124783396720886, 0.6955244541168213, 0.6792355179786682, 0.662164568901062, 0.6408668160438538, 0.6268441677093506, 0.6018967628479004, 0.595392644405365, 0.5759000778198242, 0.5729144811630249, 0.5635945200920105, 0.5515664219856262, 0.5467638373374939, 0.5331526398658752, 0.5474924445152283, 0.5243613123893738, 0.5131301283836365, 0.5175277590751648, 0.5066393613815308, 0.5061861276626587, 0.4945506155490875, 0.48402824997901917, 0.4794600307941437, 0.4771578013896942, 0.4891662895679474, 0.49632734060287476, 0.4700274169445038, 0.4600156545639038, 0.4624468982219696, 0.45908036828041077, 0.45777809619903564, 0.4461718499660492, 0.44623351097106934, 0.47591111063957214, 0.4361356198787689, 0.43152952194213867, 0.4383736252784729, 0.4491097331047058, 0.43509525060653687, 0.440431147813797, 0.42696553468704224, 0.42231911420822144, 0.4488145411014557, 0.41407710313796997, 0.41798579692840576, 0.4100187122821808, 0.41738370060920715, 0.43192756175994873, 0.4458927512168884, 0.4190167784690857, 0.41441449522972107, 0.40292903780937195, 0.41691845655441284, 0.3984261155128479, 0.42154252529144287, 0.40232375264167786, 0.38435599207878113, 0.40926799178123474, 0.3891349732875824, 0.3964135944843292, 0.3944724500179291, 0.3808836340904236, 0.3883534073829651, 0.40003326535224915, 0.3759195804595947, 0.3887922167778015, 0.4089360535144806, 0.4369928538799286, 0.38234150409698486, 0.37123367190361023, 0.36546212434768677, 0.38508468866348267, 0.4335930049419403, 0.3774597942829132, 0.36926382780075073, 0.4187098443508148, 0.37201085686683655, 0.36112022399902344, 0.3709942400455475, 0.36052998900413513, 0.3524804413318634, 0.3506587743759155, 0.3787287771701813, 0.3610401153564453, 0.3758191168308258, 0.3514644205570221, 0.3663223683834076], "accuracy": [0.4560241103172302, 0.5331325531005859, 0.5542168617248535, 0.5857429504394531, 0.603212833404541, 0.6194779276847839, 0.6349397301673889, 0.6485943794250488, 0.6602409482002258, 0.6684738993644714, 0.6803212761878967, 0.6787148714065552, 0.6965863704681396, 0.7018072009086609, 0.7178714871406555, 0.722690761089325, 0.7375501990318298, 0.7530120611190796, 0.757831335067749, 0.7700803279876709, 0.7769076228141785, 0.7859437465667725, 0.7847389578819275, 0.7939758896827698, 0.7991967797279358, 0.7969879508018494, 0.8076305389404297, 0.7991967797279358, 0.8076305389404297, 0.8118473887443542, 0.8128514289855957, 0.8178715109825134, 0.8150602579116821, 0.8238955736160278, 0.8281124234199524, 0.8327309489250183, 0.8317269086837769, 0.8242971897125244, 0.8196787238121033, 0.8313252925872803, 0.8369477987289429, 0.8383533954620361, 0.8387550115585327, 0.831124484539032, 0.841566264629364, 0.8433734774589539, 0.829919695854187, 0.8485943675041199, 0.8497992157936096, 0.8431726694107056, 0.8391566276550293, 0.8471887707710266, 0.8461847305297852, 0.8504015803337097, 0.8550201058387756, 0.8425703048706055, 0.8536144495010376, 0.8524096608161926, 0.8548192977905273, 0.8538152575492859, 0.8489959836006165, 0.8409638404846191, 0.8508031964302063, 0.8536144495010376, 0.8556224703788757, 0.8562248945236206, 0.8598393797874451, 0.8526104688644409, 0.8586345314979553, 0.8670682907104492, 0.8582329154014587, 0.8656626343727112, 0.8602409362792969, 0.8622490167617798, 0.8668674826622009, 0.8658634424209595, 0.8586345314979553, 0.8706827163696289, 0.8640562295913696, 0.8580321073532104, 0.8485943675041199, 0.863654613494873, 0.8751003742218018, 0.8740963935852051, 0.8660642504692078, 0.8495984077453613, 0.8694779276847839, 0.8728915452957153, 0.8542168736457825, 0.8714859485626221, 0.8738955855369568, 0.870080292224884, 0.872690737247467, 0.8787148594856262, 0.8787148594856262, 0.8682730793952942, 0.8732931613922119, 0.8708835244178772, 0.8744980096817017, 0.8720883727073669], "val_loss": [1.2230982780456543, 1.095253348350525, 1.0362439155578613, 1.000389814376831, 0.9632565379142761, 0.9454342722892761, 0.934018075466156, 0.9222064018249512, 0.9059818387031555, 0.9101787209510803, 0.9297334551811218, 0.9025465250015259, 0.9209275841712952, 0.9439963102340698, 0.9380533695220947, 0.8928196430206299, 0.9021363854408264, 0.8836618065834045, 0.8885917663574219, 0.8737829327583313, 0.8926588892936707, 0.8806880712509155, 0.871292769908905, 0.858513355255127, 0.9167485237121582, 0.8848751187324524, 0.906872034072876, 0.8845561742782593, 0.8859081864356995, 0.8578299283981323, 0.8710820078849792, 0.8607316017150879, 0.8836075663566589, 0.8636350035667419, 0.8637422919273376, 0.9112688899040222, 0.8824285268783569, 0.867059051990509, 0.9027745723724365, 0.8742791414260864, 0.8758885860443115, 0.8805866241455078, 0.9325273633003235, 0.8953869938850403, 0.889583945274353, 0.8915003538131714, 0.8867872953414917, 0.8810147643089294, 0.8848659992218018, 0.9091319441795349, 0.9613103866577148, 0.8831636905670166, 0.916892945766449, 0.8973402380943298, 1.2729305028915405, 0.8969542384147644, 0.9217928647994995, 0.9096515774726868, 0.9163625240325928, 0.9245090484619141, 0.935031533241272, 0.9308208227157593, 0.925717830657959, 0.9211731553077698, 0.9361852407455444, 0.9265201687812805, 0.95396488904953, 0.9467220306396484, 0.9563102126121521, 0.9657493233680725, 0.9554548263549805, 0.9278886318206787, 0.9202494621276855, 0.9259260892868042, 0.969251811504364, 0.9549365639686584, 0.961790144443512, 0.960688054561615, 0.9312365651130676, 1.2780190706253052, 0.9419618844985962, 0.9545224905014038, 0.9632567167282104, 0.930681586265564, 0.9918755292892456, 0.9461579918861389, 0.9521283507347107, 0.9688766598701477, 0.9444950819015503, 0.9700795412063599, 0.9787030220031738, 0.9548244476318359, 0.9699054956436157, 0.9861264228820801, 0.9653794169425964, 0.9725492000579834, 1.002556562423706, 1.0032397508621216, 0.9836580753326416, 1.0001137256622314],