{"loss": [1.333818793296814, 1.0964213609695435, 0.9947792887687683, 0.9285774827003479, 0.8831614255905151, 0.8464305400848389, 0.8143941164016724, 0.7896685004234314, 0.7638411521911621, 0.744878888130188, 0.7224949598312378, 0.7037332057952881, 0.6864007711410522, 0.6708588004112244, 0.6561831831932068, 0.642051637172699, 0.6281996965408325, 0.6145567297935486, 0.6051397323608398, 0.5913041830062866, 0.5831117033958435, 0.571687638759613, 0.5632370710372925, 0.5536978840827942, 0.5439440011978149, 0.5364403128623962, 0.5277701020240784, 0.5221078395843506, 0.5120582580566406, 0.5063787698745728, 0.49871382117271423, 0.4906505048274994, 0.4818629026412964, 0.4790390431880951, 0.4714268445968628, 0.46270129084587097, 0.4570385217666626, 0.4525863528251648, 0.4511878490447998, 0.4487048089504242, 0.43880030512809753, 0.43682244420051575, 0.43229129910469055, 0.4227224886417389, 0.4240790605545044, 0.4172857105731964, 0.41271457076072693, 0.412858247756958, 0.4084128141403198, 0.4018850028514862, 0.39789217710494995, 0.39661458134651184, 0.39062002301216125, 0.3896268308162689, 0.3885253369808197, 0.3839194178581238, 0.3850747346878052, 0.3768114447593689, 0.37923291325569153, 0.37183457612991333, 0.3728392720222473, 0.36640650033950806, 0.3656167685985565, 0.36474746465682983, 0.3593806326389313, 0.3562324643135071, 0.35501015186309814, 0.35497888922691345, 0.349656343460083, 0.35175561904907227, 0.34956324100494385, 0.347922146320343, 0.3453369438648224, 0.3435405492782593, 0.34081077575683594, 0.34014996886253357, 0.3384002447128296, 0.33752599358558655, 0.3336183726787567, 0.33511883020401, 0.332975834608078, 0.32933202385902405, 0.3324736952781677, 0.3248792588710785, 0.32145068049430847, 0.3224751651287079, 0.320896178483963, 0.3169136941432953, 0.3235635757446289, 0.318774551153183, 0.31581664085388184, 0.3157373368740082, 0.3164280951023102, 0.31600093841552734, 0.3144899904727936, 0.31075191497802734, 0.3109670877456665, 0.30753976106643677, 0.30439701676368713, 0.3049124777317047], "accuracy": [0.44746848940849304, 0.539723813533783, 0.5709425806999207, 0.5943565964698792, 0.611767053604126, 0.6401841044425964, 0.6485891342163086, 0.6603962182998657, 0.6760056018829346, 0.6844106316566467, 0.6922153234481812, 0.7022213339805603, 0.7156293988227844, 0.7220332026481628, 0.7282369136810303, 0.7368420958518982, 0.7378426790237427, 0.7478486895561218, 0.7550530433654785, 0.7616569995880127, 0.7642585635185242, 0.7706624269485474, 0.778467059135437, 0.780068039894104, 0.785271167755127, 0.7850710153579712, 0.7942765951156616, 0.7974784970283508, 0.8012807965278625, 0.8044826984405518, 0.8100860714912415, 0.8116869926452637, 0.8166900277137756, 0.8168901205062866, 0.8188913464546204, 0.8254953026771545, 0.8278967142105103, 0.8304982781410217, 0.828296959400177, 0.8322993516921997, 0.8365018963813782, 0.8341004848480225, 0.8387032151222229, 0.8427056074142456, 0.8391034603118896, 0.8447068333625793, 0.8509105443954468, 0.8451070785522461, 0.8477086424827576, 0.855713427066803, 0.855913519859314, 0.85731440782547, 0.8593155741691589, 0.8581148982048035, 0.8577146530151367, 0.859115481376648, 0.857514500617981, 0.8647188544273376, 0.8625175356864929, 0.8663197755813599, 0.8645187020301819, 0.8671202659606934, 0.8731238842010498, 0.8689213395118713, 0.8685210943222046, 0.8683210015296936, 0.8705223202705383, 0.8723233938217163, 0.8749249577522278, 0.8711226582527161, 0.8719231486320496, 0.8767260313034058, 0.8759255409240723, 0.8795276880264282, 0.8773263692855835, 0.876325786113739, 0.8755252957344055, 0.8751250505447388, 0.8811286687850952, 0.8771262764930725, 0.8793275952339172, 0.8801280856132507, 0.8825294971466064, 0.8835301399230957, 0.8817290663719177, 0.8845307230949402, 0.8845307230949402, 0.8839303851127625, 0.8805283308029175, 0.8843305706977844, 0.8851310610771179, 0.8855313062667847, 0.8855313062667847, 0.8881328701972961, 0.8835301399230957, 0.8875325322151184, 0.8867320418357849, 0.8907344341278076, 0.8921352624893188, 0.8899339437484741], "val_loss": [1.1766060590744019, 1.0564204454421997, 0.9926202893257141, 0.9435708522796631, 0.9144976139068604, 0.8997453451156616, 0.8721941113471985, 0.8550271987915039, 0.8384777903556824, 0.8296002745628357, 0.8160088062286377, 0.820785641670227, 0.8016868829727173, 0.7997890114784241, 0.7889388203620911, 0.7875590920448303, 0.7741808295249939, 0.7641673684120178, 0.7577061653137207, 0.7546548843383789, 0.7527443766593933, 0.7364919185638428, 0.7330031991004944, 0.7349441051483154, 0.7278170585632324, 0.7374157309532166, 0.7263924479484558, 0.7251457571983337, 0.7146373987197876, 0.7161178588867188, 0.7092699408531189, 0.7120774984359741, 0.7145141959190369, 0.7031063437461853, 0.7007051110267639, 0.6980338096618652, 0.6968297958374023, 0.7004818320274353, 0.7002734541893005, 0.6962749361991882, 0.6917568445205688, 0.6952118277549744, 0.694637656211853, 0.7001308798789978, 0.6915937066078186, 0.696201741695404, 0.694384753704071, 0.6899431943893433, 0.6941182017326355, 0.6905259490013123, 0.687309205532074, 0.6932385563850403, 0.6920538544654846, 0.6872589588165283, 0.7001423239707947, 0.7156239748001099, 0.6932488679885864, 0.7018581032752991, 0.7183039784431458, 0.6998759508132935, 0.6957670450210571, 0.7011517286300659, 0.7109869122505188, 0.6942458152770996, 0.6901150941848755, 0.7034605741500854, 0.6975273489952087, 0.7137208580970764, 0.702963650226593, 0.7122485637664795, 0.7180837392807007, 0.7056391835212708, 0.7139489054679871, 0.7086395025253296, 0.6989005208015442, 0.701834499835968, 0.7080633044242859, 0.7052399516105652, 0.7089049816131592, 0.714080274105072, 0.7115842700004578, 0.7021549344062805, 0.7192364931106567, 0.7060503959655762, 0.7183939814567566, 0.7162352204322815, 0.7208465933799744, 0.7376977801322937, 0.7281088829040527, 0.7224889397621155, 0.7172099351882935, 0.7154678702354431, 0.712965190410614, 0.7516321539878845, 0.7097179293632507, 0.7233911156654358, 0.7306050658226013, 0.7216404676437378, 0.7341778874397278, 0.715965211391449],