{"loss": [1.1349543333053589, 0.8367595672607422, 0.6975997090339661, 0.5942835807800293, 0.5030380487442017, 0.40940937399864197, 0.3292234241962433, 0.2814297676086426, 0.24414052069187164, 0.2188633233308792, 0.20065616071224213, 0.1822887510061264, 0.17009566724300385, 0.16087403893470764, 0.1501324474811554, 0.14779675006866455, 0.14090463519096375, 0.1299392282962799, 0.12751860916614532, 0.12234752625226974, 0.11535657942295074, 0.10729178786277771, 0.106645867228508, 0.10340720415115356, 0.10549156367778778, 0.10056713968515396, 0.08927107602357864, 0.08648023754358292, 0.08477488905191422, 0.08962741494178772, 0.07971551269292831, 0.07869578152894974, 0.08279602229595184, 0.07390333712100983, 0.07087156176567078, 0.0731731653213501, 0.07778048515319824, 0.06859588623046875, 0.06418299674987793, 0.061683084815740585, 0.06411290168762207, 0.06652413308620453, 0.06302056461572647, 0.05504927784204483, 0.05506674945354462, 0.05460284650325775, 0.05658624321222305, 0.05127238482236862, 0.05589430034160614, 0.04721243306994438, 0.04876970127224922, 0.04554765298962593, 0.04568226635456085, 0.04449288919568062, 0.043221283704042435, 0.04311447590589523, 0.049454737454652786, 0.04565372318029404, 0.04258338734507561, 0.03950992971658707, 0.03405165672302246, 0.04226025193929672, 0.038318175822496414, 0.03575478866696358, 0.03247269615530968, 0.03502984344959259, 0.03510614484548569, 0.048213787376880646, 0.039489444345235825, 0.03522389382123947, 0.030423574149608612, 0.03460298478603363, 0.033701568841934204, 0.026415357366204262, 0.03517172485589981, 0.025598248466849327, 0.02483183890581131, 0.027063148096203804, 0.02635895274579525, 0.026747604832053185, 0.020847784355282784, 0.021479809656739235, 0.020529182627797127, 0.021709436550736427, 0.019850555807352066, 0.02285890281200409, 0.03655730560421944, 0.025327274575829506, 0.023749157786369324, 0.017615530639886856, 0.01620781235396862, 0.01538055669516325, 0.01767711713910103, 0.021028583869338036, 0.052709586918354034, 0.023318035528063774, 0.01711285673081875, 0.014712349511682987, 0.014650902710855007, 0.013773828744888306], "accuracy": [0.5241725444793701, 0.6746238470077515, 0.7578735947608948, 0.7981945872306824, 0.8324974775314331, 0.8744232654571533, 0.9031093120574951, 0.9157472252845764, 0.9255767464637756, 0.9331995844841003, 0.9354062080383301, 0.9448345303535461, 0.9482447504997253, 0.9472417235374451, 0.9576730132102966, 0.9520561695098877, 0.9548646211624146, 0.9574724435806274, 0.9570711851119995, 0.9584754109382629, 0.961484432220459, 0.964493453502655, 0.9636910557746887, 0.9664995074272156, 0.9654964804649353, 0.9650952816009521, 0.9691073298454285, 0.9717151522636414, 0.9721163511276245, 0.9705115556716919, 0.9745235443115234, 0.9735205769538879, 0.9731193780899048, 0.9755265712738037, 0.9771313667297363, 0.976529598236084, 0.9735205769538879, 0.9769307971000671, 0.9771313667297363, 0.9801404476165771, 0.9775326251983643, 0.9797391891479492, 0.9775326251983643, 0.9831494688987732, 0.9825476408004761, 0.9811434149742126, 0.9823470115661621, 0.9837512373924255, 0.9813440442085266, 0.9861584901809692, 0.9843530654907227, 0.9867602586746216, 0.9863590598106384, 0.9849548935890198, 0.988365113735199, 0.9859578609466553, 0.9845536351203918, 0.9845536351203918, 0.9867602586746216, 0.9885656833648682, 0.9915747046470642, 0.9869608879089355, 0.988365113735199, 0.9893680810928345, 0.991173505783081, 0.9897692799568176, 0.9897692799568176, 0.9855566620826721, 0.9873620867729187, 0.9901705384254456, 0.9927783608436584, 0.9919759035110474, 0.9879639148712158, 0.993781328201294, 0.9909729361534119, 0.993781328201294, 0.9939819574356079, 0.9925777316093445, 0.9917753338813782, 0.9929789304733276, 0.9963891506195068, 0.9955867528915405, 0.9951855540275574, 0.9949849843978882, 0.9955867528915405, 0.9935807585716248, 0.9891675114631653, 0.9931795597076416, 0.993781328201294, 0.996990978717804, 0.9971915483474731, 0.9979940056800842, 0.996990978717804, 0.9959879517555237, 0.9835506677627563, 0.9935807585716248, 0.99679034948349, 0.9985957741737366, 0.9977933764457703, 0.9985957741737366], "val_loss": [0.9421047568321228, 0.7994841933250427, 0.7162582874298096, 0.6394981741905212, 0.5717166662216187, 0.5107341408729553, 0.466244637966156, 0.4708671569824219, 0.46603164076805115, 0.4372239410877228, 0.4303489923477173, 0.4659692049026489, 0.450281023979187, 0.45209476351737976, 0.4533676207065582, 0.45894119143486023, 0.47565892338752747, 0.4691992998123169, 0.47675061225891113, 0.4635303020477295, 0.47951334714889526, 0.4924362301826477, 0.5002594590187073, 0.5909868478775024, 0.4772022068500519, 0.47849947214126587, 0.533698558807373, 0.5066462755203247, 0.5167656540870667, 0.5058291554450989, 0.5063477158546448, 0.523711085319519, 0.5027313828468323, 0.5308708548545837, 0.5307288765907288, 0.5454462766647339, 0.5160812735557556, 0.5548892021179199, 0.5471307635307312, 0.5389457941055298, 0.6256428360939026, 0.6048591136932373, 0.5908816456794739, 0.5990601181983948, 0.5985380411148071, 0.5901390910148621, 0.589764416217804, 0.6399210095405579, 0.6099951267242432, 0.647487223148346, 0.621317982673645, 0.6532741785049438, 0.6618407964706421, 0.6442381739616394, 0.670202910900116, 0.6821344494819641, 0.6126083731651306, 0.6514285802841187, 0.6776627898216248, 0.6707682013511658, 0.6826664805412292, 0.6690400838851929, 0.6705185770988464, 0.7241085171699524, 0.7038488388061523, 0.7661260962486267, 0.719360888004303, 0.7293750643730164, 0.7245284914970398, 0.7169715166091919, 0.7227150201797485, 0.6797688603401184, 0.7337040901184082, 0.7578296661376953, 0.73305344581604, 0.7375182509422302, 0.7553098797798157, 0.7692849040031433, 0.7603406310081482, 0.7799070477485657, 0.7885568737983704, 0.7962654829025269, 0.802998960018158, 0.8059236407279968, 0.851919412612915, 0.786011278629303, 0.7282787561416626, 0.7794619798660278, 0.744157075881958, 0.7711654305458069, 0.7787428498268127, 0.8032130599021912, 0.8179187774658203, 0.8427131175994873, 0.7808300852775574, 0.7843269109725952, 0.7788693904876709, 0.8251783847808838, 0.8243837952613831, 0.809699296951294],