{"loss": [1.129814863204956, 0.8507229089736938, 0.7285912036895752, 0.6507275700569153, 0.571986198425293, 0.49427056312561035, 0.447662353515625, 0.3955020010471344, 0.3552463948726654, 0.32304084300994873, 0.2895204722881317, 0.28553009033203125, 0.2666042447090149, 0.25640419125556946, 0.2368810921907425, 0.21777759492397308, 0.20725545287132263, 0.19611656665802002, 0.1857716143131256, 0.18605393171310425, 0.17444373667240143, 0.18215714395046234, 0.1592586785554886, 0.1476835012435913, 0.14147289097309113, 0.15589383244514465, 0.1475045084953308, 0.15000349283218384, 0.12499923259019852, 0.11553634703159332, 0.130353644490242, 0.1260862499475479, 0.13902734220027924, 0.12626034021377563, 0.11058972030878067, 0.10880063474178314, 0.13514313101768494, 0.11698655039072037, 0.10114032030105591, 0.1044083684682846, 0.12168511748313904, 0.10209640115499496, 0.0938757136464119, 0.0797826424241066, 0.0843958929181099, 0.1674625426530838, 0.10799797624349594, 0.07982537895441055, 0.09979601204395294, 0.0746477022767067, 0.07799737900495529, 0.07909249514341354, 0.07685196399688721, 0.06488144397735596, 0.09548243880271912, 0.07325994968414307, 0.07154064625501633, 0.07615205645561218, 0.08496171236038208, 0.09803168475627899, 0.08117373287677765, 0.08317642658948898, 0.06377100199460983, 0.054896242916584015, 0.0664367526769638, 0.09229274839162827, 0.06503789126873016, 0.06098233535885811, 0.05496705695986748, 0.061257071793079376, 0.07150814682245255, 0.06030891090631485, 0.06844766438007355, 0.06419239938259125, 0.07461927831172943, 0.04872129485011101, 0.0493570901453495, 0.17404936254024506, 0.0749875083565712, 0.0487930104136467, 0.048006292432546616, 0.046765703707933426, 0.04830152913928032, 0.041858743876218796, 0.052642472088336945, 0.04232243448495865, 0.05761919170618057, 0.0434657484292984, 0.04835036024451256, 0.03974543884396553, 0.07858138531446457, 0.04230504110455513, 0.03846822679042816, 0.0659186840057373, 0.036404576152563095, 0.04132550582289696, 0.060643553733825684, 0.037476547062397, 0.03330391272902489, 0.10701990127563477], "accuracy": [0.5220440626144409, 0.6426853537559509, 0.7030060291290283, 0.742484986782074, 0.7793587446212769, 0.8128256797790527, 0.8344689607620239, 0.8605210185050964, 0.8829659223556519, 0.8921843767166138, 0.907014012336731, 0.9038076400756836, 0.9134268760681152, 0.9136272668838501, 0.920641303062439, 0.9306613206863403, 0.9326653480529785, 0.939078152179718, 0.939078152179718, 0.9384769797325134, 0.9430861473083496, 0.936873733997345, 0.9501001834869385, 0.9537073969841003, 0.9553106427192688, 0.945891797542572, 0.950501024723053, 0.9503005743026733, 0.9617234468460083, 0.9641282558441162, 0.9573146104812622, 0.958717405796051, 0.9537073969841003, 0.9563125967979431, 0.9645290374755859, 0.9631262421607971, 0.9571142196655273, 0.9619238376617432, 0.9679358601570129, 0.9641282558441162, 0.9573146104812622, 0.9679358601570129, 0.9685370922088623, 0.9743487238883972, 0.9713426828384399, 0.9440881609916687, 0.9653306603431702, 0.9745491147041321, 0.9671342968940735, 0.9765530824661255, 0.975751519203186, 0.9725450873374939, 0.97695392370224, 0.9801602959632874, 0.9693386554718018, 0.9753506779670715, 0.9779559373855591, 0.973547101020813, 0.9711422920227051, 0.9675350785255432, 0.9733467102050781, 0.9729458689689636, 0.9811623096466064, 0.9853707551956177, 0.9773547053337097, 0.9681362509727478, 0.9809619188308716, 0.9801602959632874, 0.981563150882721, 0.9811623096466064, 0.9773547053337097, 0.9813627004623413, 0.9779559373855591, 0.9805611371994019, 0.9745491147041321, 0.9837675094604492, 0.9833667278289795, 0.9450901746749878, 0.9763526916503906, 0.9853707551956177, 0.9845691323280334, 0.9859719276428223, 0.9847695231437683, 0.988577127456665, 0.9833667278289795, 0.9883767366409302, 0.9811623096466064, 0.9859719276428223, 0.9849699139595032, 0.988577127456665, 0.9717434644699097, 0.9863727688789368, 0.9889779686927795, 0.978156328201294, 0.9905811548233032, 0.9875751733779907, 0.9795591235160828, 0.9879759550094604, 0.9905811548233032, 0.963326632976532], "val_loss": [0.9407450556755066, 0.8384881019592285, 0.795978307723999, 0.7282127737998962, 0.6924101710319519, 0.6586211919784546, 0.6259651780128479, 0.6132282018661499, 0.5869160294532776, 0.5689590573310852, 0.5673922300338745, 0.5745114088058472, 0.619336724281311, 0.6588915586471558, 0.5650428533554077, 0.5652506947517395, 0.5884643793106079, 0.5500273108482361, 0.5681702494621277, 0.6134480834007263, 0.6602321267127991, 0.573613166809082, 0.569513201713562, 0.5881149172782898, 0.5933461785316467, 0.6326230764389038, 0.6773891448974609, 0.6069516539573669, 0.6117332577705383, 0.6152926683425903, 0.6116132736206055, 0.6644094586372375, 0.631600022315979, 0.6459254622459412, 0.6273598670959473, 0.6428664326667786, 0.7021222114562988, 0.6370410323143005, 0.6894980669021606, 0.7398486137390137, 0.7708689570426941, 0.8456469774246216, 0.6717859506607056, 0.6904101371765137, 0.7226793766021729, 0.7313756346702576, 0.6781457662582397, 0.7056795954704285, 0.6986016631126404, 0.7108011245727539, 0.7186763286590576, 0.7368888854980469, 0.7319190502166748, 0.7515770196914673, 0.7242932915687561, 0.7489107847213745, 0.7558853626251221, 0.8070043325424194, 0.7565152645111084, 0.9442973136901855, 0.7884711027145386, 0.7769550681114197, 0.7646287083625793, 0.790500283241272, 0.8093236684799194, 0.8231406211853027, 0.8317099213600159, 0.8135946989059448, 0.8862261772155762, 0.8178162574768066, 0.807211697101593, 0.8408029675483704, 0.8118600845336914, 0.8569512963294983, 0.8477445244789124, 0.8236127495765686, 0.8566595315933228, 0.7846769094467163, 0.7549892067909241, 0.768344521522522, 0.775794267654419, 0.7885416150093079, 0.8433172106742859, 0.8208351135253906, 0.844450056552887, 0.8285863995552063, 0.8872798085212708, 0.8718129396438599, 0.8770496845245361, 0.8887230753898621, 0.82634037733078, 0.8616836071014404, 0.8800123929977417, 0.823914647102356, 0.8772178888320923, 0.8777949213981628, 0.8886823654174805, 0.8978473544120789, 0.925794780254364, 0.8990750312805176],