{"loss": [1.1482244729995728, 0.8663895130157471, 0.7348936200141907, 0.6341549158096313, 0.5523740649223328, 0.4740975499153137, 0.4106079936027527, 0.3532824218273163, 0.3104317784309387, 0.2794543206691742, 0.25231432914733887, 0.23770837485790253, 0.22556424140930176, 0.20492416620254517, 0.19713158905506134, 0.18173283338546753, 0.17653705179691315, 0.1652827262878418, 0.1600256860256195, 0.1524001508951187, 0.1460835188627243, 0.1454663872718811, 0.13668464124202728, 0.13152945041656494, 0.12649087607860565, 0.1255643218755722, 0.11836943030357361, 0.11573920398950577, 0.11504724621772766, 0.1075548306107521, 0.10596469044685364, 0.10598593205213547, 0.1018182560801506, 0.0910128578543663, 0.09276673942804337, 0.09295860677957535, 0.0889800488948822, 0.08702773600816727, 0.088602714240551, 0.0793982669711113, 0.07690056413412094, 0.08422987908124924, 0.07524725794792175, 0.07136447727680206, 0.06953409314155579, 0.0690036416053772, 0.06114380806684494, 0.06513351202011108, 0.06696880608797073, 0.05898909643292427, 0.058902986347675323, 0.06844169646501541, 0.05657536908984184, 0.05730227380990982, 0.05616217106580734, 0.05451327562332153, 0.05113164708018303, 0.0582900233566761, 0.04921387508511543, 0.04721910133957863, 0.04897465929389, 0.04464036971330643, 0.04282796382904053, 0.04308680444955826, 0.07791224867105484, 0.03947366401553154, 0.03537564352154732, 0.039421968162059784, 0.039242278784513474, 0.03690062090754509, 0.04107806086540222, 0.03340202197432518, 0.03425978496670723, 0.03299671411514282, 0.030608177185058594, 0.03321249410510063, 0.033225465565919876, 0.04213620722293854, 0.03208140656352043, 0.03545914962887764, 0.04403518885374069, 0.030454732477664948, 0.024295829236507416, 0.026477286592125893, 0.02469349093735218, 0.024886351078748703, 0.028956007212400436, 0.028236716985702515, 0.02374214120209217, 0.03269944712519646, 0.02389189787209034, 0.026462124660611153, 0.03255049139261246, 0.04201961308717728, 0.021532796323299408, 0.019102435559034348, 0.017844079062342644, 0.022691141813993454, 0.018369806930422783, 0.018508881330490112], "accuracy": [0.5132264494895935, 0.6513025760650635, 0.7202404737472534, 0.771142303943634, 0.8032063841819763, 0.8450901508331299, 0.8659318685531616, 0.8915831446647644, 0.9014028310775757, 0.9100200533866882, 0.9190380573272705, 0.9232465028762817, 0.9292585253715515, 0.9364729523658752, 0.9380761384963989, 0.9426853656768799, 0.943687379360199, 0.9476953744888306, 0.9507014155387878, 0.9513025879859924, 0.9521042108535767, 0.9529058337211609, 0.9563125967979431, 0.9573146104812622, 0.9597194194793701, 0.9563125967979431, 0.9627254605293274, 0.9631262421607971, 0.9631262421607971, 0.965531051158905, 0.9649298787117004, 0.9641282558441162, 0.966733455657959, 0.9721443057060242, 0.9715430736541748, 0.9725450873374939, 0.972344696521759, 0.9745491147041321, 0.9711422920227051, 0.9749498963356018, 0.9775550961494446, 0.9727454781532288, 0.978156328201294, 0.9779559373855591, 0.9789578914642334, 0.9799599051475525, 0.9839679598808289, 0.9805611371994019, 0.9785571098327637, 0.9829659461975098, 0.9813627004623413, 0.9777554869651794, 0.9839679598808289, 0.9829659461975098, 0.9829659461975098, 0.9837675094604492, 0.9861723184585571, 0.9837675094604492, 0.9863727688789368, 0.9871743321418762, 0.9857715368270874, 0.9869739413261414, 0.9871743321418762, 0.9873747229576111, 0.9739478826522827, 0.9883767366409302, 0.9925851821899414, 0.9893787503242493, 0.9889779686927795, 0.990981936454773, 0.9887775778770447, 0.991983950138092, 0.9915831685066223, 0.9903807640075684, 0.9927855730056763, 0.9907815456390381, 0.990981936454773, 0.9873747229576111, 0.9915831685066223, 0.9901803731918335, 0.9861723184585571, 0.9923847913742065, 0.995390772819519, 0.9937875866889954, 0.9943887591362, 0.9935871958732605, 0.9935871958732605, 0.9921843409538269, 0.9951903820037842, 0.9921843409538269, 0.9943887591362, 0.9933867454528809, 0.9915831685066223, 0.988577127456665, 0.9963927865028381, 0.9957915544509888, 0.9975951910018921, 0.9949899911880493, 0.9971944093704224, 0.9969939589500427], "val_loss": [0.9662854075431824, 0.830970823764801, 0.7549605965614319, 0.6835967302322388, 0.6269432306289673, 0.5726413726806641, 0.544018566608429, 0.5115305185317993, 0.49667277932167053, 0.48846498131752014, 0.4858267903327942, 0.47803929448127747, 0.46879664063453674, 0.4848228096961975, 0.44375166296958923, 0.45614951848983765, 0.46838873624801636, 0.46220386028289795, 0.4849779009819031, 0.4689989387989044, 0.4580383896827698, 0.48197436332702637, 0.48389318585395813, 0.5257095098495483, 0.4831402599811554, 0.5142115950584412, 0.5090221166610718, 0.5468303561210632, 0.5223463177680969, 0.5124605894088745, 0.5383816361427307, 0.5352156162261963, 0.5378867983818054, 0.5463246703147888, 0.5637656450271606, 0.5680778622627258, 0.563321590423584, 0.5793156027793884, 0.5962818264961243, 0.585571825504303, 0.5886832475662231, 0.5744284391403198, 0.6181436777114868, 0.595726728439331, 0.6124749183654785, 0.603823721408844, 0.6013165712356567, 0.6317574381828308, 0.6400090456008911, 0.6608410477638245, 0.6264208555221558, 0.6575020551681519, 0.6606857180595398, 0.6742108464241028, 0.6432411074638367, 0.6985787749290466, 0.6531974673271179, 0.7016510963439941, 0.7004492878913879, 0.6985734105110168, 0.6999936103820801, 0.7063143253326416, 0.6876844167709351, 0.742222011089325, 0.685437798500061, 0.6916431188583374, 0.6838828921318054, 0.7393613457679749, 0.7283140420913696, 0.7420563697814941, 0.7436596155166626, 0.7285676002502441, 0.7537075877189636, 0.746540904045105, 0.7513636350631714, 0.7761024236679077, 0.7673894762992859, 0.770625650882721, 0.7666283845901489, 0.8315470814704895, 0.8185818791389465, 0.786902666091919, 0.7941380739212036, 0.7856871485710144, 0.8034869432449341, 0.7864046096801758, 0.8384071588516235, 0.8294085264205933, 0.8356837630271912, 0.8119425177574158, 0.8303341269493103, 0.8238040804862976, 0.8493112325668335, 0.8136177659034729, 0.8191670179367065, 0.8325161337852478, 0.8595771789550781, 0.866456151008606, 0.873241126537323, 0.8452561497688293],