{"loss": [1.2113196849822998, 0.9915075302124023, 0.8945205807685852, 0.8251966834068298, 0.7720654606819153, 0.7235652208328247, 0.6764547228813171, 0.638370156288147, 0.6015705466270447, 0.5719159841537476, 0.5436209440231323, 0.5222066640853882, 0.4983411431312561, 0.4782618582248688, 0.46184802055358887, 0.4438302516937256, 0.426281601190567, 0.4130934178829193, 0.4037041664123535, 0.3897184133529663, 0.3840200901031494, 0.3688647449016571, 0.35623154044151306, 0.35280340909957886, 0.3442906439304352, 0.3367745876312256, 0.32661619782447815, 0.32435739040374756, 0.31460464000701904, 0.3134792149066925, 0.3034897744655609, 0.30233633518218994, 0.2910664975643158, 0.2934073209762573, 0.2853293716907501, 0.27762752771377563, 0.27331817150115967, 0.2687818109989166, 0.2710265517234802, 0.2668467164039612, 0.25976863503456116, 0.2537338137626648, 0.25571972131729126, 0.24865062534809113, 0.24567626416683197, 0.24472393095493317, 0.2371986210346222, 0.24031589925289154, 0.2327757030725479, 0.2323695719242096, 0.2288994938135147, 0.2260230928659439, 0.2209102064371109, 0.2182776778936386, 0.21671737730503082, 0.21482513844966888, 0.21164321899414062, 0.21232593059539795, 0.2106723189353943, 0.2088654786348343, 0.20501106977462769, 0.20393718779087067, 0.20033636689186096, 0.20062197744846344, 0.19511893391609192, 0.19171784818172455, 0.1900116503238678, 0.19304382801055908, 0.19115327298641205, 0.18508484959602356, 0.17884813249111176, 0.1809261441230774, 0.1761479377746582, 0.17922860383987427, 0.1696898639202118, 0.17749464511871338, 0.17092441022396088, 0.17029507458209991, 0.1659831702709198, 0.17196208238601685, 0.16722647845745087, 0.16213954985141754, 0.16212110221385956, 0.16043652594089508, 0.15776899456977844, 0.15707388520240784, 0.15182596445083618, 0.1545061469078064, 0.15958505868911743, 0.1481030434370041, 0.1498500406742096, 0.15680067241191864, 0.15248171985149384, 0.14483927190303802, 0.14485827088356018, 0.14641578495502472, 0.14334295690059662, 0.14146052300930023, 0.14107485115528107, 0.1377912014722824], "accuracy": [0.49089452624320984, 0.5649389624595642, 0.5949569940567017, 0.6271762847900391, 0.6595957279205322, 0.6882129311561584, 0.7204322814941406, 0.7334400415420532, 0.7564538717269897, 0.7644586563110352, 0.7828696966171265, 0.7952771782875061, 0.807684600353241, 0.8180908560752869, 0.8272963762283325, 0.8345007300376892, 0.8437062501907349, 0.848709225654602, 0.8495097160339355, 0.853912353515625, 0.8615168929100037, 0.8671202659606934, 0.8717230558395386, 0.874524712562561, 0.8759255409240723, 0.8755252957344055, 0.8823294043540955, 0.8851310610771179, 0.8887332677841187, 0.8889333605766296, 0.8941364884376526, 0.8941364884376526, 0.8959375619888306, 0.8929357528686523, 0.900140106678009, 0.9033420085906982, 0.9045427441596985, 0.901941180229187, 0.905743420124054, 0.90714430809021, 0.9091454744338989, 0.9143486022949219, 0.907344400882721, 0.9139483571052551, 0.9161496758460999, 0.9167500734329224, 0.9181509017944336, 0.9199519753456116, 0.9193516373634338, 0.9199519753456116, 0.9201520681381226, 0.922753632068634, 0.9223533868789673, 0.9263558387756348, 0.9271562695503235, 0.926155686378479, 0.9289574027061462, 0.9283570051193237, 0.925955593585968, 0.926155686378479, 0.9315589070320129, 0.9291574954986572, 0.9293575882911682, 0.9305583238601685, 0.9359616041183472, 0.9339603781700134, 0.9357614517211914, 0.931158721446991, 0.9347608685493469, 0.9355613589286804, 0.9415649175643921, 0.9401640892028809, 0.9411646723747253, 0.9387632608413696, 0.9455673694610596, 0.9417650699615479, 0.9425655603408813, 0.9419651627540588, 0.9435661435127258, 0.9437662363052368, 0.9449669718742371, 0.9447668790817261, 0.9459675550460815, 0.9455673694610596, 0.948369026184082, 0.948369026184082, 0.9491695165634155, 0.9477686882019043, 0.9463678002357483, 0.95017009973526, 0.9489693641662598, 0.9477686882019043, 0.9497698545455933, 0.9551730751991272, 0.9509705901145935, 0.9521713256835938, 0.950370192527771, 0.9543726444244385, 0.950370192527771, 0.955573320388794], "val_loss": [1.062011957168579, 0.9619725942611694, 0.8966911435127258, 0.8487445712089539, 0.8229843378067017, 0.7831510305404663, 0.7536790370941162, 0.7270438075065613, 0.7078185677528381, 0.6874023675918579, 0.6829397678375244, 0.6790414452552795, 0.6513276696205139, 0.6811923384666443, 0.6515372395515442, 0.6470404863357544, 0.6269269585609436, 0.6129482388496399, 0.6214103102684021, 0.6035912036895752, 0.6115133166313171, 0.6097832918167114, 0.6103154420852661, 0.6053059101104736, 0.6001008749008179, 0.6143091320991516, 0.5947489738464355, 0.6136069893836975, 0.6067350506782532, 0.592820405960083, 0.5957362651824951, 0.5883142948150635, 0.5997456908226013, 0.6001240015029907, 0.5952132940292358, 0.5918112397193909, 0.6033744215965271, 0.618743896484375, 0.602679967880249, 0.5985637307167053, 0.6008917689323425, 0.6070041060447693, 0.6025267243385315, 0.6051037907600403, 0.6113407015800476, 0.6118220090866089, 0.6189828515052795, 0.6066347360610962, 0.6097780466079712, 0.613763689994812, 0.6136489510536194, 0.6285808086395264, 0.6105833649635315, 0.6127564311027527, 0.6153185367584229, 0.6367267370223999, 0.6407265067100525, 0.6441574692726135, 0.6354131102561951, 0.6279674172401428, 0.6285359859466553, 0.6289654970169067, 0.6533252000808716, 0.6337809562683105, 0.6347077488899231, 0.6450772881507874, 0.639469563961029, 0.6419252157211304, 0.6431496143341064, 0.6382561326026917, 0.643842875957489, 0.6550258994102478, 0.6597977876663208, 0.6651967167854309, 0.6475130915641785, 0.6582536101341248, 0.6668941378593445, 0.6605674624443054, 0.6569610238075256, 0.6690524816513062, 0.6767122745513916, 0.6596149802207947, 0.6903329491615295, 0.6819789409637451, 0.678922176361084, 0.6965633630752563, 0.6792972087860107, 0.6889994740486145, 0.6828083395957947, 0.7003822326660156, 0.7308738231658936, 0.6874221563339233, 0.6990012526512146, 0.7073559165000916, 0.7204464673995972, 0.7038204073905945, 0.70562344789505, 0.6996667385101318, 0.6943300366401672, 0.7067494988441467],