{"loss": [1.0123051404953003, 0.623429536819458, 0.36141762137413025, 0.24961289763450623, 0.2005205899477005, 0.1847788393497467, 0.15000350773334503, 0.13276046514511108, 0.1240408718585968, 0.108147531747818, 0.10520980507135391, 0.09553234279155731, 0.08869967609643936, 0.08098455518484116, 0.08244975656270981, 0.07198704779148102, 0.06832349300384521, 0.06558652967214584, 0.0632811114192009, 0.07222805917263031, 0.06074944883584976, 0.05606376752257347, 0.054707128554582596, 0.05532792583107948, 0.05098492279648781, 0.04869752749800682, 0.046153146773576736, 0.045136209577322006, 0.04284585267305374, 0.03828779235482216, 0.07645153254270554, 0.04417331516742706, 0.04082803428173065, 0.03531946241855621, 0.0338677354156971, 0.030421294271945953, 0.03292137756943703, 0.029008865356445312, 0.027092278003692627, 0.03438326716423035, 0.026847481727600098, 0.02733060158789158, 0.028600098565220833, 0.023175761103630066, 0.031975630670785904, 0.02826857380568981, 0.02595452405512333, 0.02129320427775383, 0.02351878024637699, 0.017853068187832832, 0.0158902108669281, 0.015637855976819992, 0.02107994630932808, 0.016607455909252167, 0.013536028563976288, 0.014756845310330391, 0.01256934367120266, 0.0125375185161829, 0.01883254013955593, 0.024046577513217926, 0.011259997263550758, 0.011989305727183819, 0.012209795415401459, 0.0129082715138793, 0.007853357121348381, 0.0099274767562747, 0.011593873612582684, 0.00912682805210352, 0.010863758623600006, 0.011680413037538528, 0.05465260148048401, 0.01067610178142786, 0.008710621856153011, 0.007694036699831486, 0.006023213267326355, 0.006067187059670687, 0.012342269532382488, 0.01331817265599966, 0.005331839434802532, 0.004243315197527409, 0.007154594641178846, 0.005380791611969471, 0.004916592035442591, 0.003908012993633747, 0.009992510080337524, 0.008925190195441246, 0.005112827755510807, 0.004458444658666849, 0.003940001130104065, 0.00923873856663704, 0.00520642613992095, 0.0023357465397566557, 0.002761565148830414, 0.0065261246636509895, 0.03654874488711357, 0.03152219206094742, 0.012559028342366219, 0.011208567768335342, 0.004099257756024599, 0.002800236688926816], "accuracy": [0.5949596762657166, 0.7778225541114807, 0.8929435610771179, 0.9239919185638428, 0.9344757795333862, 0.9393145442008972, 0.9479838609695435, 0.9542338848114014, 0.9584677219390869, 0.9635080695152283, 0.9639112949371338, 0.9655241966247559, 0.9699596762657166, 0.9717742204666138, 0.9703629016876221, 0.9762097001075745, 0.9788306355476379, 0.9778226017951965, 0.9772177338600159, 0.9756048321723938, 0.9792338609695435, 0.9820564389228821, 0.9824596643447876, 0.979637086391449, 0.9814516305923462, 0.9824596643447876, 0.9846774339675903, 0.9842742085456848, 0.9840725660324097, 0.9866935610771179, 0.9721774458885193, 0.9830645322799683, 0.987500011920929, 0.9885080456733704, 0.9895161390304565, 0.9907258152961731, 0.9893144965171814, 0.9907258152961731, 0.9911290407180786, 0.9895161390304565, 0.9925402998924255, 0.9909273982048035, 0.9907258152961731, 0.9941532015800476, 0.98830646276474, 0.99213707447052, 0.9923387169837952, 0.9939516186714172, 0.992943525314331, 0.9963709712028503, 0.9967741966247559, 0.9967741966247559, 0.9945564270019531, 0.9947580695152283, 0.9973790049552917, 0.9961693286895752, 0.9977822303771973, 0.9973790049552917, 0.9947580695152283, 0.9927419424057007, 0.9973790049552917, 0.9965725541114807, 0.9973790049552917, 0.9973790049552917, 0.9989919066429138, 0.9975806474685669, 0.9979838728904724, 0.9985886812210083, 0.9963709712028503, 0.9973790049552917, 0.9848790168762207, 0.9977822303771973, 0.9985886812210083, 0.9989919066429138, 0.9993951320648193, 0.9989919066429138, 0.9963709712028503, 0.9963709712028503, 0.9993951320648193, 0.9997983574867249, 0.9981854557991028, 0.999193549156189, 0.9995967745780945, 0.9997983574867249, 0.9973790049552917, 0.9975806474685669, 0.9995967745780945, 0.9997983574867249, 0.9993951320648193, 0.9979838728904724, 0.9985886812210083, 1.0, 1.0, 0.9985886812210083, 0.9879032373428345, 0.9903225898742676, 0.9967741966247559, 0.9969757795333862, 0.999193549156189, 1.0], "val_loss": [0.7897840142250061, 0.5908767580986023, 0.468894898891449, 0.4224911034107208, 0.4008890688419342, 0.32573211193084717, 0.32485586404800415, 0.3328160047531128, 0.3222116231918335, 0.475786030292511, 0.3417922854423523, 0.3296767473220825, 0.3196679651737213, 0.37243202328681946, 0.30428171157836914, 0.34882262349128723, 0.3708377480506897, 0.39160850644111633, 0.3743557631969452, 0.3763042688369751, 0.4196373224258423, 0.3853836953639984, 0.37718385457992554, 0.4286837577819824, 0.40367838740348816, 0.40434595942497253, 0.4022424817085266, 0.45071518421173096, 0.49629437923431396, 0.5025119781494141, 0.39139795303344727, 0.4203607738018036, 0.3905188739299774, 0.44896742701530457, 0.4254472255706787, 0.4615667462348938, 0.4464929401874542, 0.4812520146369934, 0.48751628398895264, 0.4950519800186157, 0.4868769347667694, 0.5108996033668518, 0.5072137713432312, 0.5380459427833557, 0.5497134327888489, 0.5294597744941711, 0.5638953447341919, 0.5377017855644226, 0.5573865175247192, 0.5376954078674316, 0.5382451415061951, 0.5417394042015076, 0.5455215573310852, 0.5989391207695007, 0.5528509616851807, 0.6045502424240112, 0.5929320454597473, 0.6201176047325134, 0.664941668510437, 0.596590518951416, 0.6492644548416138, 0.6249917149543762, 0.6019967794418335, 0.6394715905189514, 0.6527770757675171, 0.657547116279602, 0.7002509236335754, 0.6650369763374329, 0.6496843695640564, 0.7808169722557068, 0.6324893236160278, 0.6287803053855896, 0.6856574416160583, 0.6329098343849182, 0.6776362061500549, 0.7524508237838745, 0.7098363041877747, 0.6773433685302734, 0.6489821672439575, 0.6952800750732422, 0.7053692936897278, 0.7066206336021423, 0.72890704870224, 0.7220836877822876, 0.7181336283683777, 0.7060926556587219, 0.7304050326347351, 0.7446182370185852, 0.8478929996490479, 0.7151283025741577, 0.7137843370437622, 0.7546725869178772, 0.7492938041687012, 0.7714012265205383, 0.7795658707618713, 0.7485613226890564, 0.8148071765899658, 0.7726658582687378, 0.7734996676445007, 0.7752983570098877],