{"loss": [0.9899008870124817, 0.7377867102622986, 0.6275694370269775, 0.5578550100326538, 0.4838120639324188, 0.43339303135871887, 0.37957093119621277, 0.3319108784198761, 0.3205621540546417, 0.28272151947021484, 0.27548104524612427, 0.2502540946006775, 0.2361205369234085, 0.20832432806491852, 0.1982324868440628, 0.17802438139915466, 0.16778706014156342, 0.17055557668209076, 0.16115960478782654, 0.13601265847682953, 0.13081802427768707, 0.12924730777740479, 0.11977138370275497, 0.11017241328954697, 0.1128602921962738, 0.11309932917356491, 0.08815326541662216, 0.08341438323259354, 0.0868183970451355, 0.07830774784088135, 0.07900471240282059, 0.07499127089977264, 0.06551610678434372, 0.07342317700386047, 0.06478273868560791, 0.061254121363162994, 0.048397306352853775, 0.05411302298307419, 0.04476340115070343, 0.04960072040557861, 0.04636647552251816, 0.061462078243494034, 0.042203836143016815, 0.03336043655872345, 0.03362428396940231, 0.03787035122513771, 0.04571083188056946, 0.04166532680392265, 0.045461107045412064, 0.02603023871779442, 0.025322822853922844, 0.027492938563227654, 0.032003939151763916, 0.029076414182782173, 0.027434514835476875, 0.0357663668692112, 0.02262289635837078, 0.03297722339630127, 0.018560193479061127, 0.017466099932789803, 0.023838508874177933, 0.0204112958163023, 0.016919730231165886, 0.018182476982474327, 0.10011354833841324, 0.0378236323595047, 0.015877680853009224, 0.006870414596050978, 0.007671548519283533, 0.018932681530714035, 0.04556500166654587, 0.018805788829922676, 0.016382241621613503, 0.01409507542848587, 0.011364120990037918, 0.014864126220345497, 0.011650793254375458, 0.010747110471129417, 0.012874477542936802, 0.014034057036042213, 0.00976176280528307, 0.005434184800833464, 0.008316634222865105, 0.050807349383831024, 0.08252036571502686, 0.03448538854718208, 0.016506170853972435, 0.004629665054380894, 0.0021339922677725554, 0.0016769678331911564, 0.0014943829737603664, 0.0012643035734072328, 0.0012389830080792308, 0.0010140136582776904, 0.0008898060768842697, 0.012251541949808598, 0.024593692272901535, 0.07565728574991226, 0.048093702644109726, 0.049623988568782806], "accuracy": [0.561937153339386, 0.6734040379524231, 0.7290374040603638, 0.7606564164161682, 0.7976785898208618, 0.8218931555747986, 0.8533120155334473, 0.8715229034423828, 0.8741244673728943, 0.8889333605766296, 0.896938145160675, 0.905743420124054, 0.9097458720207214, 0.9219532012939453, 0.9199519753456116, 0.9359616041183472, 0.9353612065315247, 0.9333600401878357, 0.9393635988235474, 0.95017009973526, 0.9507704377174377, 0.949970006942749, 0.9539723992347717, 0.9583750367164612, 0.9561737179756165, 0.9573744535446167, 0.9691815376281738, 0.9711827039718628, 0.9679808020591736, 0.9719831943511963, 0.9691815376281738, 0.9711827039718628, 0.977786660194397, 0.972583532333374, 0.9747848510742188, 0.9771863222122192, 0.9833900332450867, 0.979387640953064, 0.9845907688140869, 0.9817890524864197, 0.9851911067962646, 0.9789873957633972, 0.9869921803474426, 0.9885931611061096, 0.9883930087089539, 0.9869921803474426, 0.9837902784347534, 0.9855913519859314, 0.9839903712272644, 0.9899939894676208, 0.9903942346572876, 0.9905943274497986, 0.9879928231239319, 0.9887932538986206, 0.9897938966751099, 0.9865919351577759, 0.9929957985877991, 0.9871923327445984, 0.9933960437774658, 0.9945967793464661, 0.9901941418647766, 0.9933960437774658, 0.9941965341567993, 0.9941965341567993, 0.9657794833183289, 0.9857915043830872, 0.9959976077079773, 0.9985991716384888, 0.998399019241333, 0.9939963817596436, 0.9861916899681091, 0.9935961365699768, 0.9957974553108215, 0.994796872138977, 0.996397852897644, 0.994796872138977, 0.9959976077079773, 0.9961977005004883, 0.994796872138977, 0.9945967793464661, 0.996397852897644, 0.9987992644309998, 0.9971983432769775, 0.9839903712272644, 0.9705823659896851, 0.9889934062957764, 0.9959976077079773, 0.9993996620178223, 1.0, 1.0, 1.0, 1.0, 1.0, 1.0, 1.0, 0.9957974553108215, 0.9911947250366211, 0.9745847582817078, 0.9841905236244202, 0.9841905236244202], "val_loss": [0.8561186790466309, 0.7764360308647156, 0.7454525232315063, 0.7043576240539551, 0.6419747471809387, 0.6432082653045654, 0.6224560141563416, 0.6089375615119934, 0.612573504447937, 0.612186849117279, 0.5891299843788147, 0.6040542125701904, 0.6057089567184448, 0.597777783870697, 0.6094536185264587, 0.5884622931480408, 0.6040066480636597, 0.6140304803848267, 0.5789751410484314, 0.6057921648025513, 0.6089969873428345, 0.6257808208465576, 0.6350098848342896, 0.6983574032783508, 0.7040114998817444, 0.6608268022537231, 0.6826116442680359, 0.6659829616546631, 0.7092383503913879, 0.7231601476669312, 0.7083947062492371, 0.7456496357917786, 0.796343982219696, 0.7695702910423279, 0.7548943161964417, 0.7946717143058777, 0.8104307651519775, 0.8015686273574829, 0.8421509861946106, 0.7827591300010681, 0.8185304403305054, 0.8531081676483154, 0.83978670835495, 0.8191356062889099, 0.8746107220649719, 0.9424509406089783, 0.9207540154457092, 0.9272589683532715, 0.8441372513771057, 0.8659856915473938, 0.8565321564674377, 0.8877899050712585, 0.9537972807884216, 0.8937419056892395, 0.9746355414390564, 0.8856610655784607, 0.9502195715904236, 0.8848233819007874, 0.9484882354736328, 0.9600701928138733, 0.9270753860473633, 0.9386667013168335, 0.9683257937431335, 0.9804369211196899, 0.9462190866470337, 0.905128538608551, 0.9102417230606079, 0.951148509979248, 0.9460182785987854, 0.9604843258857727, 0.9481701850891113, 0.9347189664840698, 1.0006167888641357, 0.9718239307403564, 0.9694213271141052, 0.9824396371841431, 1.0074832439422607, 1.022416591644287, 1.037187933921814, 1.0294054746627808, 1.0031969547271729, 1.0272839069366455, 1.0590649843215942, 1.0847760438919067, 0.9994151592254639, 1.0073429346084595, 0.9513349533081055, 0.98357093334198, 0.9764454364776611, 0.9915138483047485, 0.9928856492042542, 1.021148443222046, 1.014601707458496, 1.018007755279541, 1.0423624515533447, 1.0718059539794922, 1.0812623500823975, 1.0915629863739014, 0.9994224309921265, 0.9938096404075623],