{"loss": [1.2019726037979126, 0.9552783370018005, 0.8173387050628662, 0.7347705960273743, 0.6690566539764404, 0.6143804788589478, 0.5706841349601746, 0.5297964215278625, 0.5025871396064758, 0.46986904740333557, 0.4508326053619385, 0.42144909501075745, 0.4033884108066559, 0.38359335064888, 0.3707270622253418, 0.35675546526908875, 0.3360760807991028, 0.3208995461463928, 0.3059037923812866, 0.29686489701271057, 0.2887035608291626, 0.2787409722805023, 0.2671498954296112, 0.2626093327999115, 0.2497069090604782, 0.24446062743663788, 0.23574434220790863, 0.22929790616035461, 0.22401364147663116, 0.2172441929578781, 0.21407264471054077, 0.21016883850097656, 0.2330591380596161, 0.1979367583990097, 0.2027374505996704, 0.19020704925060272, 0.18563386797904968, 0.18232816457748413, 0.1781797856092453, 0.17222751677036285, 0.1678800880908966, 0.1707351952791214, 0.1622522473335266, 0.15823444724082947, 0.15841378271579742, 0.1544262021780014, 0.15557986497879028, 0.1474122256040573, 0.14431725442409515, 0.13904932141304016, 0.14795167744159698, 0.14107978343963623, 0.13329575955867767, 0.13121138513088226, 0.13213463127613068, 0.13415148854255676, 0.12423096597194672, 0.12285088002681732, 0.12903809547424316, 0.12148448824882507, 0.11463470011949539, 0.12213550508022308, 0.11714629828929901, 0.10972540080547333, 0.1243060901761055, 0.10676632076501846, 0.10327281802892685, 0.13184045255184174, 0.11525079607963562, 0.10367126017808914, 0.10300611704587936, 0.09649963676929474, 0.10153694450855255, 0.09700987488031387, 0.09434298425912857, 0.09196240454912186, 0.09226324409246445, 0.0896812304854393, 0.09071271121501923, 0.08423888683319092, 0.089397132396698, 0.08899670839309692, 0.0839967206120491, 0.09280706197023392, 0.08389231562614441, 0.08176853507757187, 0.08001048862934113, 0.09719523787498474, 0.0840153843164444, 0.07352615147829056, 0.07917973399162292, 0.07232877612113953, 0.08087020367383957, 0.08630357682704926, 0.06868471950292587, 0.07196857035160065, 0.07160482555627823, 0.0688352957367897, 0.0666482001543045, 0.06512797623872757], "accuracy": [0.5047047138214111, 0.6050050258636475, 0.6716716885566711, 0.7043042778968811, 0.7291291356086731, 0.7643643617630005, 0.7845845818519592, 0.7975975871086121, 0.8128128051757812, 0.8266265988349915, 0.837837815284729, 0.8542542457580566, 0.8592592477798462, 0.8708708882331848, 0.8716716766357422, 0.8724724650382996, 0.8884884715080261, 0.8918918967247009, 0.8982983231544495, 0.8990991115570068, 0.9007006883621216, 0.9083083271980286, 0.9097096920013428, 0.9131131172180176, 0.9179179072380066, 0.9145145416259766, 0.9197196960449219, 0.9215215444564819, 0.9257256984710693, 0.9289289116859436, 0.9291291236877441, 0.9289289116859436, 0.9233233332633972, 0.9337337613105774, 0.9305305480957031, 0.935935914516449, 0.9357357621192932, 0.9393393397331238, 0.9375375509262085, 0.9405405521392822, 0.9441441297531128, 0.9449449181556702, 0.9447447657585144, 0.946946918964386, 0.9475475549697876, 0.9451451301574707, 0.9451451301574707, 0.949749767780304, 0.9495495557785034, 0.955955982208252, 0.9465465545654297, 0.9523523449897766, 0.9567567706108093, 0.9539539813995361, 0.9535535573959351, 0.954554557800293, 0.9599599838256836, 0.9589589834213257, 0.9565565586090088, 0.9587587714195251, 0.9597597718238831, 0.9597597718238831, 0.9587587714195251, 0.9647647738456726, 0.9581581354141235, 0.9661661386489868, 0.9665665626525879, 0.9565565586090088, 0.9629629850387573, 0.964164137840271, 0.965965986251831, 0.9705705642700195, 0.9653653502464294, 0.9683683514595032, 0.9705705642700195, 0.9713713526725769, 0.9689689874649048, 0.9725725650787354, 0.9715715646743774, 0.9745745658874512, 0.9681681394577026, 0.9711712002754211, 0.9751752018928528, 0.9697697758674622, 0.9743743538856506, 0.9757757782936096, 0.9743743538856506, 0.9693693518638611, 0.9725725650787354, 0.9793793559074402, 0.9755755662918091, 0.9783783555030823, 0.9733733534812927, 0.9727727770805359, 0.9801802039146423, 0.9789789915084839, 0.976576566696167, 0.9791792035102844, 0.9797797799110413, 0.9809809923171997], "val_loss": [1.0798618793487549, 0.9303193688392639, 0.8552725315093994, 0.8029979467391968, 0.7692498564720154, 0.7467979788780212, 0.727791965007782, 0.6867415308952332, 0.6727938652038574, 0.6614052653312683, 0.6558878421783447, 0.6381585597991943, 0.6145380735397339, 0.5993366241455078, 0.595462441444397, 0.5845428705215454, 0.5769727230072021, 0.5844401717185974, 0.5744166374206543, 0.5618020296096802, 0.5645725727081299, 0.555686891078949, 0.5535951256752014, 0.56212317943573, 0.5590280890464783, 0.5728842616081238, 0.548566997051239, 0.5513042211532593, 0.5606798529624939, 0.5510682463645935, 0.5636211633682251, 0.5707522034645081, 0.5390806794166565, 0.5595794916152954, 0.5541142821311951, 0.5910502076148987, 0.6056406497955322, 0.5721559524536133, 0.5920060873031616, 0.5679522156715393, 0.562959611415863, 0.6114294528961182, 0.6091982126235962, 0.5837616324424744, 0.6139058470726013, 0.5899609327316284, 0.6042136549949646, 0.59932941198349, 0.5980109572410583, 0.5956231951713562, 0.6075168251991272, 0.6090421676635742, 0.6067909002304077, 0.6209931373596191, 0.6198550462722778, 0.6119767427444458, 0.626939058303833, 0.646649956703186, 0.62827068567276, 0.6479626893997192, 0.6459815502166748, 0.6488219499588013, 0.6384892463684082, 0.6739360690116882, 0.6329307556152344, 0.6599629521369934, 0.6460947394371033, 0.656463623046875, 0.6606926321983337, 0.6665830612182617, 0.6589887142181396, 0.6627015471458435, 0.6686028838157654, 0.670856237411499, 0.6851070523262024, 0.6883331537246704, 0.6900699734687805, 0.7140592336654663, 0.6850822567939758, 0.7137237787246704, 0.6813045144081116, 0.7051769495010376, 0.7238487005233765, 0.7169696092605591, 0.7038078308105469, 0.7493370771408081, 0.7104137539863586, 0.7069200873374939, 0.6885780096054077, 0.7138363718986511, 0.7061207294464111, 0.7102826237678528, 0.7705990076065063, 0.7289101481437683, 0.753237247467041, 0.729303777217865, 0.7344256043434143, 0.7297701239585876, 0.7396489977836609, 0.7681184411048889],