{"loss": [1.0428524017333984, 0.6794336438179016, 0.4932171106338501, 0.36381474137306213, 0.28435665369033813, 0.230118989944458, 0.22013705968856812, 0.18991634249687195, 0.1656998246908188, 0.14718495309352875, 0.18304967880249023, 0.14215707778930664, 0.12683555483818054, 0.11906006932258606, 0.12598411738872528, 0.16759471595287323, 0.1147751435637474, 0.11646438390016556, 0.09322348237037659, 0.08042582124471664, 0.08776108175516129, 0.20686954259872437, 0.09119589626789093, 0.07404971122741699, 0.07388631254434586, 0.10666768997907639, 0.0725039467215538, 0.06500460207462311, 0.06377360224723816, 0.15294776856899261, 0.11317945271730423, 0.06370847672224045, 0.05930313840508461, 0.059715159237384796, 0.06658001989126205, 0.14868156611919403, 0.060190849006175995, 0.05879020690917969, 0.052780523896217346, 0.06582675129175186, 0.08466260880231857, 0.05166427418589592, 0.0672357976436615, 0.05656442418694496, 0.09105359762907028, 0.04197699949145317, 0.042134977877140045, 0.14210861921310425, 0.07897832244634628, 0.04564187675714493, 0.03586481884121895, 0.04333032667636871, 0.03429712355136871, 0.035257626324892044, 0.036125123500823975, 0.027134601026773453, 0.0385921411216259, 0.039811503142118454, 0.2499200701713562, 0.18177363276481628, 0.04851096123456955, 0.032861750572919846, 0.030187148600816727, 0.028252940624952316, 0.02580718696117401, 0.023681707680225372, 0.024723811075091362, 0.022526467218995094, 0.02872789092361927, 0.028503594920039177, 0.027227550745010376, 0.023428641259670258, 0.018612327054142952, 0.04241105169057846, 0.04038762301206589, 0.03001072257757187, 0.02951890230178833, 0.04337006062269211, 0.13492058217525482, 0.04002542793750763, 0.023708416149020195, 0.018897032365202904, 0.060820043087005615, 0.2986826002597809, 0.10136023908853531, 0.04386184737086296, 0.031173938885331154, 0.026101402938365936, 0.02773190476000309, 0.028429241850972176, 0.019895782694220543, 0.015993522480130196, 0.0150248808786273, 0.01343505084514618, 0.012863877229392529, 0.013218782842159271, 0.014340182766318321, 0.01923830434679985, 0.01805364526808262, 0.04692387208342552], "accuracy": [0.5718875527381897, 0.7242971658706665, 0.8136546015739441, 0.8783132433891296, 0.905823290348053, 0.9232931733131409, 0.9259036183357239, 0.9361445903778076, 0.9514056444168091, 0.9510040283203125, 0.939558207988739, 0.9508032202720642, 0.9570280909538269, 0.9604417681694031, 0.9586345553398132, 0.9441767334938049, 0.9626505970954895, 0.9618473649024963, 0.9684739112854004, 0.9730923771858215, 0.972690761089325, 0.9353413581848145, 0.9670682549476624, 0.9738956093788147, 0.9765059947967529, 0.9644578099250793, 0.9757028222084045, 0.9789156913757324, 0.9797188639640808, 0.9534136652946472, 0.9630522131919861, 0.977911651134491, 0.977911651134491, 0.9797188639640808, 0.9785140752792358, 0.9504016041755676, 0.9791164398193359, 0.9807229042053223, 0.9815260767936707, 0.9785140752792358, 0.9724899530410767, 0.9827309250831604, 0.9751003980636597, 0.9809237122535706, 0.9722891449928284, 0.9875501990318298, 0.986947774887085, 0.9550200700759888, 0.9755020141601562, 0.9853413701057434, 0.990963876247406, 0.9871485829353333, 0.9897590279579163, 0.989558219909668, 0.9879518151283264, 0.9915662407875061, 0.986947774887085, 0.9871485829353333, 0.9375501871109009, 0.940963864326477, 0.9833333492279053, 0.9919678568840027, 0.9917670488357544, 0.9931727051734924, 0.9927710890769958, 0.9941766858100891, 0.993574321269989, 0.9927710890769958, 0.9913654327392578, 0.9915662407875061, 0.9899598360061646, 0.9937751293182373, 0.9951807260513306, 0.9863454103469849, 0.9849397540092468, 0.9903614521026611, 0.9911646842956543, 0.9871485829353333, 0.9554216861724854, 0.9859437942504883, 0.9939758777618408, 0.9955823421478271, 0.9815260767936707, 0.9238955974578857, 0.9648594260215759, 0.9861446022987366, 0.9903614521026611, 0.992168664932251, 0.9931727051734924, 0.9903614521026611, 0.9955823421478271, 0.9975903630256653, 0.9971887469291687, 0.9981927871704102, 0.9981927871704102, 0.997389554977417, 0.9957831501960754, 0.9943774938583374, 0.9951807260513306, 0.9845381379127502], "val_loss": [0.8314201831817627, 0.7635493278503418, 0.6442397236824036, 0.5690740346908569, 0.6018686890602112, 0.5404875874519348, 0.5699700117111206, 0.48583632707595825, 0.511567234992981, 0.5889334678649902, 0.525069534778595, 0.5806434750556946, 0.6292448043823242, 0.6115163564682007, 0.5564290285110474, 0.626831591129303, 0.549304723739624, 0.5165793299674988, 0.5083437561988831, 0.542693555355072, 0.7025392651557922, 0.5890552401542664, 0.521754801273346, 0.5292659997940063, 0.5952832698822021, 0.5355732440948486, 0.5430648326873779, 0.567983090877533, 0.5807419419288635, 0.6881301999092102, 0.5592306852340698, 0.6073219776153564, 0.6171661615371704, 0.7634918689727783, 0.5582591891288757, 0.5547856092453003, 0.5541806221008301, 0.6269091963768005, 0.5979282855987549, 0.6423823237419128, 0.6319318413734436, 0.606640636920929, 0.6347518563270569, 0.5864049792289734, 0.5862101912498474, 0.5573899745941162, 0.614986002445221, 0.6690939664840698, 0.601328432559967, 0.6172345876693726, 0.6427545547485352, 0.5978260636329651, 0.6706169843673706, 0.584883451461792, 0.6069672703742981, 0.7102451920509338, 0.6777940988540649, 0.7575526833534241, 1.6915390491485596, 0.6727158427238464, 0.5944530367851257, 0.6154192686080933, 0.6292588710784912, 0.5975092053413391, 0.6425318717956543, 0.7656815648078918, 0.6097651720046997, 0.7077335715293884, 0.684240996837616, 0.6526269316673279, 0.7141939401626587, 0.7254517674446106, 0.7037004232406616, 0.7670353055000305, 0.7617332339286804, 0.7092035412788391, 0.7354819178581238, 0.7016680240631104, 0.6964192986488342, 0.6228145360946655, 0.626867413520813, 0.6342055797576904, 0.6425676345825195, 0.8200088143348694, 0.6256060600280762, 0.6793408393859863, 0.6579927802085876, 0.6501466631889343, 0.7001925110816956, 0.6603859066963196, 0.660632848739624, 0.6895427107810974, 0.6969778537750244, 0.6832370758056641, 0.7172878980636597, 0.7580841183662415, 0.7892839908599854, 0.755146861076355, 0.8564603328704834, 0.6447479128837585],