{"loss": [1.0814359188079834, 0.7350991368293762, 0.5028858184814453, 0.354277104139328, 0.28075048327445984, 0.23711343109607697, 0.2134454846382141, 0.19553741812705994, 0.17515602707862854, 0.15381456911563873, 0.1482871025800705, 0.13279010355472565, 0.12177512794733047, 0.11538824439048767, 0.11218129098415375, 0.10402282327413559, 0.1026453822851181, 0.09890764951705933, 0.09051056206226349, 0.08880754560232162, 0.07974642515182495, 0.08531148731708527, 0.07784304022789001, 0.07690014690160751, 0.07209746539592743, 0.07044682651758194, 0.06682368367910385, 0.06294899433851242, 0.06078600883483887, 0.06048518791794777, 0.05880143493413925, 0.05895856395363808, 0.05476317182183266, 0.05023237690329552, 0.058581557124853134, 0.0825372040271759, 0.05134284868836403, 0.047846972942352295, 0.04443669319152832, 0.04229354113340378, 0.05438169836997986, 0.049364179372787476, 0.0422249510884285, 0.0389232337474823, 0.040767502039670944, 0.04433967545628548, 0.04725928604602814, 0.04310598969459534, 0.04422695189714432, 0.03620266914367676, 0.032850902527570724, 0.032621096819639206, 0.03592424839735031, 0.034796614199876785, 0.03370564803481102, 0.03362452611327171, 0.05910263583064079, 0.048582810908555984, 0.032932110130786896, 0.030576884746551514, 0.02899647317826748, 0.02525641955435276, 0.029188109561800957, 0.029788509011268616, 0.025391725823283195, 0.023369042202830315, 0.025378597900271416, 0.025672802701592445, 0.0257025808095932, 0.03228998929262161, 0.027228496968746185, 0.023252131417393684, 0.029763292521238327, 0.03232647851109505, 0.02244933694601059, 0.020861411467194557, 0.018295761197805405, 0.017425626516342163, 0.019633740186691284, 0.021543320268392563, 0.021002324298024178, 0.020611515268683434, 0.027524858713150024, 0.01651369035243988, 0.03157829865813255, 0.01919296383857727, 0.016852406784892082, 0.01514414045959711, 0.014176973141729832, 0.014977781102061272, 0.0201327633112669, 0.020917121320962906, 0.0155258197337389, 0.01803632266819477, 0.01729534938931465, 0.046366844326257706, 0.023380879312753677, 0.013600355945527554, 0.012377750128507614, 0.012072386220097542], "accuracy": [0.592943549156189, 0.7362903356552124, 0.8548387289047241, 0.8981854915618896, 0.9195564389228821, 0.9342741966247559, 0.936693549156189, 0.9425403475761414, 0.9443548321723938, 0.9544354677200317, 0.9568548202514648, 0.9564515948295593, 0.960080623626709, 0.96088707447052, 0.9627016186714172, 0.9685483574867249, 0.9683467745780945, 0.9669354557991028, 0.9705645442008972, 0.9697580933570862, 0.9733871221542358, 0.9731854796409607, 0.9727822542190552, 0.9709677696228027, 0.9764112830162048, 0.975806474685669, 0.9752016067504883, 0.9808467626571655, 0.9786290526390076, 0.979637086391449, 0.979637086391449, 0.9808467626571655, 0.9814516305923462, 0.9830645322799683, 0.9794355034828186, 0.9705645442008972, 0.9840725660324097, 0.9840725660324097, 0.9860886931419373, 0.9870967864990234, 0.9824596643447876, 0.9826613068580627, 0.9864919185638428, 0.98830646276474, 0.9862903356552124, 0.9852822422981262, 0.9846774339675903, 0.9864919185638428, 0.9877015948295593, 0.9887096881866455, 0.9899193644523621, 0.991330623626709, 0.9889112710952759, 0.9887096881866455, 0.9899193644523621, 0.9893144965171814, 0.9826613068580627, 0.981249988079071, 0.9893144965171814, 0.9903225898742676, 0.9907258152961731, 0.9933467507362366, 0.9925402998924255, 0.99213707447052, 0.9935483932495117, 0.9935483932495117, 0.992943525314331, 0.9927419424057007, 0.992943525314331, 0.989112913608551, 0.9909273982048035, 0.9941532015800476, 0.9909273982048035, 0.9887096881866455, 0.9947580695152283, 0.9945564270019531, 0.9957661032676697, 0.9963709712028503, 0.9949596524238586, 0.9933467507362366, 0.9937499761581421, 0.9943548440933228, 0.99213707447052, 0.9965725541114807, 0.9901209473609924, 0.9947580695152283, 0.9953628778457642, 0.9981854557991028, 0.9967741966247559, 0.9963709712028503, 0.992943525314331, 0.9947580695152283, 0.9961693286895752, 0.9955645203590393, 0.9959677457809448, 0.9826613068580627, 0.9925402998924255, 0.9979838728904724, 0.9983870983123779, 0.9973790049552917], "val_loss": [0.8823984265327454, 0.7107922434806824, 0.5896947979927063, 0.5157740712165833, 0.4981353282928467, 0.48619183897972107, 0.4811418652534485, 0.4722471535205841, 0.469073623418808, 0.49121132493019104, 0.511786162853241, 0.48563846945762634, 0.5355592370033264, 0.4948282539844513, 0.45607030391693115, 0.6346389055252075, 0.4679540693759918, 0.5405012369155884, 0.4861280024051666, 0.4876462519168854, 0.5615039467811584, 0.5631789565086365, 0.4929752051830292, 0.4933190643787384, 0.536060631275177, 0.5521202087402344, 0.5024836659431458, 0.5745012760162354, 0.5558245778083801, 0.6496025323867798, 0.5895411372184753, 0.5085349678993225, 0.6052491664886475, 0.6297551989555359, 0.6033221483230591, 0.6003628373146057, 0.5799622535705566, 0.5836494565010071, 0.5825673937797546, 0.6296964883804321, 0.5220065712928772, 0.5970138311386108, 0.57958984375, 0.5774120092391968, 0.6043635010719299, 0.6847559809684753, 0.6754039525985718, 0.610953688621521, 0.6303803324699402, 0.6099773049354553, 0.6127806305885315, 0.6480978727340698, 0.6504247784614563, 0.7390915155410767, 0.6629024744033813, 0.6246913075447083, 0.6631413698196411, 0.5949538350105286, 0.5886927843093872, 0.6274318099021912, 0.6494040489196777, 0.7070019841194153, 0.7031336426734924, 0.6533498167991638, 0.6849973201751709, 0.7428629994392395, 0.6970309019088745, 0.6911201477050781, 0.7470473051071167, 0.6966281533241272, 0.6753228902816772, 0.7659381628036499, 0.8275655508041382, 0.7043382525444031, 0.6667296886444092, 0.6559669375419617, 0.6695212721824646, 0.7296311259269714, 0.7124194502830505, 0.6829053163528442, 0.733268141746521, 0.6977016925811768, 0.806764543056488, 0.7573664784431458, 0.7991876602172852, 0.7435503005981445, 0.7515298128128052, 0.7510371804237366, 0.7588052153587341, 0.793292760848999, 0.7524921894073486, 0.739153265953064, 0.7689789533615112, 0.7264054417610168, 1.0017917156219482, 0.8615761995315552, 0.7623051404953003, 0.7493923306465149, 0.7472553849220276, 0.7339422106742859],