{"loss": [0.7814537286758423, 0.3921146094799042, 0.2328558713197708, 0.1756698191165924, 0.1367444545030594, 0.11142302304506302, 0.10245148837566376, 0.10099101066589355, 0.0774381086230278, 0.07646171748638153, 0.06658262759447098, 0.06218765676021576, 0.05053470656275749, 0.04820506274700165, 0.05098908022046089, 0.046492256224155426, 0.04586770758032799, 0.04146883264183998, 0.032987114042043686, 0.03472742810845375, 0.0283584613353014, 0.027919167652726173, 0.024540236219763756, 0.02246389165520668, 0.023238247260451317, 0.023471582680940628, 0.02473214827477932, 0.02433961071074009, 0.012932401150465012, 0.010295629501342773, 0.01083354465663433, 0.008664027787744999, 0.021498478949069977, 0.02044338919222355, 0.04447318986058235, 0.019106533378362656, 0.010599559172987938, 0.003908069804310799, 0.0023616240359842777, 0.0017543010180816054, 0.0014351101126521826, 0.0014144048327580094, 0.0011713323183357716, 0.0009178607142530382, 0.0008468737942166626, 0.0007114873733371496, 0.0006441044970415533, 0.0005746945971623063, 0.0005215244018472731, 0.0005406215786933899, 0.0005181094747968018, 0.0004232247010804713, 0.0004437309689819813, 0.00033430036273784935, 0.00027933696401305497, 0.00024995364947244525, 0.00021911140356678516, 0.00020135384693276137, 0.00018526856729295105, 0.00017603888409212232, 0.00015679135685786605, 0.00014263873163145036, 0.00012521036842372268, 0.00011697228910634294, 0.00010654643847374246, 9.802429121918976e-05, 9.301910904468969e-05, 8.225125202443451e-05, 7.52882770029828e-05, 6.683292303932831e-05, 6.0782149375882e-05, 5.690278339898214e-05, 5.112373037263751e-05, 4.6707820729352534e-05, 4.9670776206767187e-05, 0.13331440091133118, 0.04477331414818764, 0.022685088217258453, 0.014103174209594727, 0.008622449822723866, 0.0039328960701823235, 0.0041874987073242664, 0.0035934834741055965, 0.0056360759772360325, 0.0023952852934598923, 0.002153248991817236, 0.0006635175668634474, 0.0004855359729845077, 0.0004190391337033361, 0.000363815895980224, 0.0003267402062192559, 0.0002892633492592722, 0.000263005931628868, 0.0002380966325290501, 0.00021913688397035003, 0.00019761356816161424, 0.00017993721121456474, 0.0001654668740229681, 0.00015199367771856487, 0.00013822490291204304], "accuracy": [0.6846539378166199, 0.8547642827033997, 0.920561671257019, 0.9366098046302795, 0.952858567237854, 0.9606820344924927, 0.9638916850090027, 0.9634904861450195, 0.9721163511276245, 0.9703109264373779, 0.976529598236084, 0.9785355925559998, 0.981945812702179, 0.981945812702179, 0.9807422161102295, 0.9841524362564087, 0.9823470115661621, 0.985155463218689, 0.9887663125991821, 0.9867602586746216, 0.9901705384254456, 0.9897692799568176, 0.9917753338813782, 0.9921765327453613, 0.9929789304733276, 0.9931795597076416, 0.9899699091911316, 0.9921765327453613, 0.99679034948349, 0.9977933764457703, 0.9981945753097534, 0.9981945753097534, 0.9925777316093445, 0.9925777316093445, 0.9855566620826721, 0.9945837259292603, 0.9961885809898376, 0.999799370765686, 1.0, 1.0, 1.0, 0.999799370765686, 1.0, 1.0, 1.0, 1.0, 1.0, 1.0, 1.0, 1.0, 1.0, 1.0, 1.0, 1.0, 1.0, 1.0, 1.0, 1.0, 1.0, 1.0, 1.0, 1.0, 1.0, 1.0, 1.0, 1.0, 1.0, 1.0, 1.0, 1.0, 1.0, 1.0, 1.0, 1.0, 1.0, 0.9636910557746887, 0.9831494688987732, 0.991374135017395, 0.9951855540275574, 0.9973921775817871, 0.9991976022720337, 0.9987964034080505, 0.9991976022720337, 0.9983952045440674, 0.9995988011360168, 0.999799370765686, 1.0, 1.0, 1.0, 1.0, 1.0, 1.0, 1.0, 1.0, 1.0, 1.0, 1.0, 1.0, 1.0, 1.0], "val_loss": [0.6277915835380554, 0.481965035200119, 0.4710770547389984, 0.41527697443962097, 0.41687890887260437, 0.4631451964378357, 0.4493984878063202, 0.3908756673336029, 0.41766783595085144, 0.44177159667015076, 0.44553646445274353, 0.4517756402492523, 0.43875473737716675, 0.4746302366256714, 0.4499956965446472, 0.5499454736709595, 0.516929566860199, 0.5412347316741943, 0.590419590473175, 0.5442047119140625, 0.5691202282905579, 0.5698431134223938, 0.5639679431915283, 0.6232049465179443, 0.5657777786254883, 0.5602666139602661, 0.5730888247489929, 0.6377754807472229, 0.6209748387336731, 0.6202168464660645, 0.623224139213562, 0.6885347366333008, 0.6736201643943787, 0.7612658739089966, 0.47595247626304626, 0.5636453032493591, 0.5901961326599121, 0.5916146039962769, 0.6037183403968811, 0.6141257286071777, 0.6282128095626831, 0.6378375291824341, 0.6482462286949158, 0.6533323526382446, 0.6714200973510742, 0.6715413331985474, 0.6891193389892578, 0.694165825843811, 0.7117818593978882, 0.728116512298584, 0.715826690196991, 0.7416625618934631, 0.7527806758880615, 0.7613152265548706, 0.7718735933303833, 0.7744637727737427, 0.7881381511688232, 0.7962659001350403, 0.7985440492630005, 0.8118062019348145, 0.8251792192459106, 0.8342165946960449, 0.8454689979553223, 0.8461178541183472, 0.8601347208023071, 0.8714872002601624, 0.882095992565155, 0.8938694000244141, 0.8995427489280701, 0.9132065176963806, 0.9261513352394104, 0.9261267185211182, 0.942211389541626, 0.9516146183013916, 0.9819943308830261, 0.6351731419563293, 0.6295455098152161, 0.676580548286438, 0.631331741809845, 0.6114611029624939, 0.6414849162101746, 0.672516405582428, 0.6664588451385498, 0.6716908812522888, 0.6514447927474976, 0.6560271382331848, 0.6751335263252258, 0.6798750758171082, 0.694172203540802, 0.701330304145813, 0.712756872177124, 0.7212115526199341, 0.730930507183075, 0.7401746511459351, 0.7481482028961182, 0.7596884965896606, 0.7677685022354126, 0.7777056097984314, 0.7833259701728821, 0.7930526733398438], "val_accuracy": [0.7542628049850464, 0.8250752091407776, 0.8341023325920105, 0.8639919757843018, 0.8698094487190247, 0.8633901476860046, 0.8625877499580383, 0.8770310878753662, 0.8732196688652039, 0.8746238946914673, 0.8665997982025146, 0.8714142441749573, 0.8820461630821228, 0.8742226958274841, 0.8784353137016296, 0.8631895780563354, 0.8690069913864136, 0.8653962016105652, 0.8609829545021057, 0.870411217212677, 0.8698094487190247, 0.8684052228927612, 0.8700100183486938, 0.8583751320838928, 0.8738214373588562, 0.8770310878753662, 0.8722166419029236, 0.8678033947944641, 0.8668004274368286, 0.8712136149406433, 0.8702106475830078, 0.8637913465499878, 0.8637913465499878, 0.8557673096656799, 0.8858575820922852, 0.8772317171096802, 0.876830518245697, 0.8786358833312988, 0.8800401091575623, 0.8800401091575623, 0.8802407383918762, 0.879237711429596, 0.8786358833312988, 0.8802407383918762, 0.8776329159736633, 0.8794383406639099, 0.8782346844673157, 0.8788365125656128, 0.8754262924194336, 0.8740220665931702, 0.8780341148376465, 0.8754262924194336, 0.873620867729187, 0.8738214373588562, 0.8718154430389404, 0.8728184700012207, 0.8728184700012207, 0.8708124160766602, 0.8724172711372375, 0.8712136149406433, 0.870611846446991, 0.8708124160766602, 0.8700100183486938, 0.8710130453109741, 0.870411217212677, 0.8700100183486938, 0.8690069913864136, 0.8690069913864136, 0.8694082498550415, 0.8676028251647949, 0.8678033947944641, 0.8692076206207275, 0.8686057925224304, 0.8680040240287781, 0.8655967712402344, 0.853159487247467, 0.8641926050186157, 0.8680040240287781, 0.8744232654571533, 0.8798395395278931, 0.8812437057495117, 0.8780341148376465, 0.8774322867393494, 0.8760280609130859, 0.879037082195282, 0.8836509585380554, 0.8846539855003357, 0.882447361946106, 0.8826479315757751, 0.882246732711792, 0.8818455338478088, 0.8804413080215454, 0.8788365125656128, 0.8798395395278931, 0.879037082195282, 0.8780341148376465, 0.8778334856033325, 0.8772317171096802, 0.876830518245697, 0.876830518245697], "training_time": 154.49683141708374, "output_time": 0.07745747566223145}