{"loss": [0.9164690971374512, 0.5566501617431641, 0.4223951995372772, 0.32927122712135315, 0.26748913526535034, 0.2210748791694641, 0.18840265274047852, 0.16399763524532318, 0.14323687553405762, 0.11276882141828537], "accuracy": [0.6518072485923767, 0.8044176697731018, 0.8552208542823792, 0.8935742974281311, 0.914859414100647, 0.9343373775482178, 0.942168653011322, 0.9534136652946472, 0.9604417681694031, 0.9732931852340698], "val_loss": [0.825781524181366, 0.7580747008323669, 0.7483011484146118, 0.7757742404937744, 0.7474948763847351, 0.758033037185669, 0.7876849174499512, 0.808777391910553, 0.7830827236175537, 0.8219435811042786], "val_accuracy": [0.6787148714065552, 0.7168674468994141, 0.7178714871406555, 0.7234939932823181, 0.7325301170349121, 0.7367469668388367, 0.7417670488357544, 0.7431727051734924, 0.7556225061416626, 0.7485944032669067], "training_time": 10.652658462524414, "output_time": 0.0981860637664795}