{"loss": [1.1096789836883545, 0.8120714426040649, 0.6945961117744446, 0.6069352626800537, 0.4934355616569519, 0.45509281754493713, 0.3749265968799591, 0.4021454155445099, 0.32069626450538635, 0.2789236605167389, 0.24820353090763092, 0.23140813410282135, 0.20407243072986603, 0.20266684889793396, 0.20548026263713837, 0.20309770107269287, 0.1688871830701828, 0.18396206200122833, 0.17824044823646545, 0.20700635015964508, 0.15203897655010223, 0.14617398381233215, 0.14329758286476135, 0.1839829832315445, 0.517828643321991, 0.32872557640075684, 0.22389553487300873, 0.20162981748580933, 0.1585705578327179, 0.1461506485939026, 0.14546535909175873, 0.1337253451347351, 0.1213192269206047, 0.15893873572349548, 0.12870211899280548, 0.11768129467964172, 0.12561394274234772, 0.12644140422344208, 0.16997410356998444, 0.14190931618213654, 0.13189099729061127, 0.1102014109492302, 0.12780068814754486, 0.10710491240024567, 0.10129329562187195, 0.10414929687976837, 0.1027166098356247, 0.10786449909210205, 0.10535447299480438, 0.09588027745485306, 0.18553170561790466, 0.09770166128873825, 0.0914609283208847, 0.09177564829587936, 0.0884934812784195, 0.43402403593063354, 0.29398807883262634, 0.161687970161438, 0.10931936651468277, 0.11156057566404343, 0.09051812440156937, 0.162647545337677, 0.30983787775039673, 0.10865547508001328, 0.0915476456284523, 0.08806297928094864, 0.08070848882198334, 0.08005695044994354, 0.07526948302984238, 0.07686851173639297, 0.08894500881433487, 0.08288455009460449, 0.07321976870298386, 0.37923598289489746, 0.2670268714427948, 0.1612413376569748, 0.12092883139848709, 0.11534398049116135, 0.1395450383424759, 0.09132523834705353, 0.08182509988546371, 0.1496206670999527, 0.08369286358356476, 0.07596852630376816, 0.10653063654899597, 0.3444874882698059, 0.1567753553390503, 0.09701322019100189, 0.0764649286866188, 0.0740312784910202, 0.06741844117641449, 0.06556469947099686, 0.06303977221250534, 0.062428247183561325, 0.07401470839977264, 0.09566568583250046, 0.06271197646856308, 0.05949495732784271, 0.05767124891281128, 0.06437038630247116], "accuracy": [0.5323293209075928, 0.6746987700462341, 0.7281124591827393, 0.7728915810585022, 0.8240963816642761, 0.8355421423912048, 0.8718875646591187, 0.8602409362792969, 0.8899598121643066, 0.9054216742515564, 0.9168674945831299, 0.9222891330718994, 0.9323292970657349, 0.9315261244773865, 0.9319277405738831, 0.9323292970657349, 0.9433735013008118, 0.9385542273521423, 0.9399598240852356, 0.9238955974578857, 0.9467871189117432, 0.9495983719825745, 0.9520080089569092, 0.9375501871109009, 0.8257027864456177, 0.8877509832382202, 0.9234939813613892, 0.9327309131622314, 0.9489960074424744, 0.9516064524650574, 0.9514056444168091, 0.9550200700759888, 0.9592369198799133, 0.9453815221786499, 0.9536144733428955, 0.9604417681694031, 0.9570280909538269, 0.9578313231468201, 0.9489960074424744, 0.9506024122238159, 0.9566265344619751, 0.9622489809989929, 0.9564257264137268, 0.9632530212402344, 0.9656626582145691, 0.9644578099250793, 0.966265082359314, 0.9652610421180725, 0.9648594260215759, 0.9666666388511658, 0.9381526112556458, 0.9668674468994141, 0.97148597240448, 0.9696786999702454, 0.9704819321632385, 0.8504015803337097, 0.9018072485923767, 0.9425702691078186, 0.9630522131919861, 0.9634538292884827, 0.9704819321632385, 0.9459839463233948, 0.8971887826919556, 0.9640562534332275, 0.9678714871406555, 0.9706827402114868, 0.9738956093788147, 0.9738956093788147, 0.9755020141601562, 0.9759036302566528, 0.9706827402114868, 0.9738956093788147, 0.9757028222084045, 0.8961847424507141, 0.905823290348053, 0.9407630562782288, 0.9562249183654785, 0.9614458084106445, 0.952610433101654, 0.9704819321632385, 0.9744979739189148, 0.9558233022689819, 0.9718875288963318, 0.9767068028450012, 0.9706827402114868, 0.879919707775116, 0.9477911591529846, 0.968875527381897, 0.9746987819671631, 0.9771084189414978, 0.9795180559158325, 0.9785140752792358, 0.9807229042053223, 0.9797188639640808, 0.9761044383049011, 0.9670682549476624, 0.9811245203018188, 0.9813253283500671, 0.9823293089866638, 0.9787148833274841], "val_loss": [0.9223196506500244, 0.8015339970588684, 0.743767499923706, 0.6920248866081238, 0.7229281663894653, 0.6249669790267944, 0.6278225183486938, 0.6259061098098755, 0.6521775126457214, 0.6659555435180664, 0.5847527980804443, 0.6525554060935974, 0.6588736772537231, 0.6136652827262878, 0.6889583468437195, 0.6108433604240417, 0.6673465371131897, 0.6168248057365417, 0.7014265656471252, 0.5738584399223328, 0.6106036305427551, 0.5870299935340881, 0.6122661232948303, 0.7338762879371643, 0.7363501191139221, 0.6922934651374817, 0.6765664219856262, 0.5696895122528076, 0.6279985308647156, 0.6043357253074646, 0.7001334428787231, 0.5558871626853943, 0.6418407559394836, 0.7320342063903809, 0.694380521774292, 0.7277257442474365, 0.6467994451522827, 0.8340866565704346, 0.6367799043655396, 0.595580518245697, 0.573423445224762, 0.6431627869606018, 0.6877687573432922, 0.5307193398475647, 0.5946748852729797, 0.6605537533760071, 0.7450283765792847, 0.7524625062942505, 0.6967960596084595, 0.6490786075592041, 0.7041501998901367, 0.7029271125793457, 0.6465082764625549, 0.5793846249580383, 0.7176334261894226, 0.6937536001205444, 0.76014244556427, 0.6259893774986267, 0.8211883306503296, 0.5954914689064026, 0.6055545210838318, 1.4475228786468506, 0.5761755704879761, 0.6201757788658142, 0.6494329571723938, 0.5820372700691223, 0.5867721438407898, 0.599036455154419, 0.6142361164093018, 0.6762111783027649, 0.7390264868736267, 0.6068129539489746, 0.6300475597381592, 0.7713959217071533, 0.754851758480072, 0.6598442792892456, 0.6565231680870056, 0.6825484037399292, 0.6184530854225159, 0.6577464938163757, 0.6955865621566772, 0.7326585650444031, 0.6359949111938477, 0.6359336376190186, 1.655358910560608, 0.6703161597251892, 0.6224722862243652, 0.6216033101081848, 0.5888127088546753, 0.6086293458938599, 0.6137848496437073, 0.6323712468147278, 0.637068510055542, 0.6336205005645752, 0.7109938859939575, 0.6686912178993225, 0.6687324643135071, 0.6652384996414185, 0.6568965911865234, 0.756723940372467],