{"loss": [0.9501890540122986, 0.6805660128593445, 0.5558277368545532, 0.47275957465171814, 0.38239413499832153, 0.33826202154159546, 0.2846551239490509, 0.25819435715675354, 0.2356322556734085, 0.20746687054634094, 0.1982976198196411, 0.16864804923534393, 0.15859021246433258, 0.1485978215932846, 0.16199445724487305, 0.11863665282726288, 0.11923062056303024, 0.10362398624420166, 0.0959881842136383, 0.09431885182857513, 0.09014856070280075, 0.08509280532598495, 0.0889878198504448, 0.0706988275051117, 0.07213973253965378, 0.06030091270804405, 0.0623810812830925, 0.05439581349492073, 0.04975029453635216, 0.04439123719930649, 0.039431095123291016, 0.04191383346915245, 0.06610192358493805, 0.047192830592393875, 0.07123888283967972, 0.03459679335355759, 0.029499640688300133, 0.02718321979045868, 0.02180895023047924, 0.02196027897298336, 0.02200188674032688, 0.04399886354804039, 0.04694712907075882, 0.021443646401166916, 0.0391252227127552, 0.022995902225375175, 0.02174752950668335, 0.024378076195716858, 0.026524005457758904, 0.03575746342539787, 0.013350428082048893, 0.013973657973110676, 0.012017530389130116, 0.015724271535873413, 0.028170960023999214, 0.026352420449256897, 0.017720934003591537, 0.01751260831952095, 0.011954332701861858, 0.0071655153296887875, 0.008714898489415646, 0.01482293289154768, 0.013580485247075558, 0.021404994651675224, 0.02461819164454937, 0.020327800884842873, 0.007126330863684416, 0.012825866229832172, 0.05141603574156761, 0.01397605612874031, 0.013455763459205627, 0.004591704811900854, 0.003108446253463626, 0.001911050290800631, 0.003094211919233203, 0.001468620845116675, 0.0014055406209081411, 0.0036125725600868464, 0.02203451097011566, 0.03928303346037865, 0.031125763431191444, 0.00987697672098875, 0.012557696551084518, 0.007545097731053829, 0.0050104171968996525, 0.005132808815687895, 0.001334024709649384, 0.0010370226809754968, 0.0007240466075018048, 0.0006259093061089516, 0.0005776894395239651, 0.0005230872193351388, 0.0004887289833277464, 0.00044698233250528574, 0.00041739665903151035, 0.0003712182224262506, 0.0003534283896442503, 0.00033509379136376083, 0.0002963590086437762, 0.0002752150467131287], "accuracy": [0.5835835933685303, 0.7023022770881653, 0.7771771550178528, 0.8072072267532349, 0.8560560345649719, 0.8712712526321411, 0.8930931091308594, 0.9047046899795532, 0.912912905216217, 0.9267266988754272, 0.9273273348808289, 0.9389389157295227, 0.9461461305618286, 0.9453453421592712, 0.9441441297531128, 0.9577577710151672, 0.9589589834213257, 0.9629629850387573, 0.9633633494377136, 0.9647647738456726, 0.9689689874649048, 0.9709709882736206, 0.9697697758674622, 0.9747747778892517, 0.9753753542900085, 0.9803803563117981, 0.9797797799110413, 0.9823823571205139, 0.9847847819328308, 0.9839839935302734, 0.9877877831459045, 0.9857857823371887, 0.9753753542900085, 0.984184205532074, 0.9755755662918091, 0.9885885715484619, 0.9901902079582214, 0.9919919967651367, 0.9929929971694946, 0.9933934211730957, 0.9929929971694946, 0.9859859943389893, 0.982782781124115, 0.9941942095756531, 0.9873873591423035, 0.9925925731658936, 0.9925925731658936, 0.9915915727615356, 0.9905905723571777, 0.9869869947433472, 0.9967967867851257, 0.9965965747833252, 0.9959959983825684, 0.995195209980011, 0.9893893599510193, 0.9911912083625793, 0.9945945739746094, 0.9953954219818115, 0.9965965747833252, 0.998598575592041, 0.9971972107887268, 0.995195209980011, 0.9959959983825684, 0.9929929971694946, 0.9911912083625793, 0.9933934211730957, 0.9983984231948853, 0.9969969987869263, 0.9851852059364319, 0.9959959983825684, 0.9959959983825684, 0.9993994235992432, 0.9997997879981995, 1.0, 0.9991992115974426, 1.0, 1.0, 0.9989989995956421, 0.9929929971694946, 0.9873873591423035, 0.9899899959564209, 0.9983984231948853, 0.9959959983825684, 0.9975975751876831, 0.998598575592041, 0.9983984231948853, 1.0, 1.0, 1.0, 1.0, 1.0, 1.0, 1.0, 1.0, 1.0, 1.0, 1.0, 1.0, 1.0, 1.0], "val_loss": [0.8504124283790588, 0.7520074844360352, 0.6348126530647278, 0.6208714842796326, 0.5951328277587891, 0.6009445190429688, 0.5665026903152466, 0.551078200340271, 0.5934464335441589, 0.6093137264251709, 0.5547996759414673, 0.6174620985984802, 0.5529298782348633, 0.5787550806999207, 0.5805654525756836, 0.5762674808502197, 0.5721975564956665, 0.5771169066429138, 0.6121325492858887, 0.6306382417678833, 0.6547197699546814, 0.6272448897361755, 0.6441640853881836, 0.6761113405227661, 0.708532989025116, 0.7464120984077454, 0.6823708415031433, 0.738021969795227, 0.6898910403251648, 0.7134665250778198, 0.7329586744308472, 0.7483832836151123, 0.7592489719390869, 0.7713778018951416, 0.6996603608131409, 0.7229378819465637, 0.8197448253631592, 0.765365719795227, 0.7996491193771362, 0.7959997653961182, 0.8069044947624207, 0.8437005281448364, 0.8192166686058044, 0.8074116706848145, 0.7840174436569214, 0.8041612505912781, 0.8047295808792114, 0.824175238609314, 0.8250604867935181, 0.8516967296600342, 0.8443579077720642, 0.864371120929718, 0.8677439093589783, 0.8801397085189819, 0.9349490404129028, 0.8687928318977356, 0.8643770813941956, 0.8423422574996948, 0.8839901685714722, 0.920893669128418, 0.8896777629852295, 0.9206873774528503, 0.8723224401473999, 1.0229787826538086, 0.8881658911705017, 0.9020821452140808, 0.909917414188385, 0.9439568519592285, 0.8450646996498108, 0.8768628239631653, 0.8592054843902588, 0.9146516919136047, 0.918694257736206, 0.920881986618042, 0.9659029245376587, 0.9326910972595215, 0.9485118985176086, 1.0624475479125977, 0.9899470806121826, 0.9390375018119812, 0.9412961602210999, 0.9502648115158081, 0.9383224248886108, 0.9498391151428223, 0.951025664806366, 0.9579638242721558, 0.9450196027755737, 0.955082893371582, 0.958186686038971, 0.96918785572052, 0.9714218974113464, 0.9819193482398987, 0.9824122786521912, 0.9891050457954407, 0.9969218969345093, 0.9993392825126648, 1.0098333358764648, 1.0112096071243286, 1.0138697624206543, 1.024880290031433], "val_accuracy": [0.6234233975410461, 0.6740740537643433, 0.7461461424827576, 0.7541541457176208, 0.776977002620697, 0.7839840054512024, 0.8026025891304016, 0.8064063787460327, 0.8002002239227295, 0.7935935854911804, 0.811011016368866, 0.7947947978973389, 0.8226225972175598, 0.8228228092193604, 0.8212212324142456, 0.8276275992393494, 0.8270270228385925, 0.8394394516944885, 0.8176175951957703, 0.8196195960044861, 0.8182182312011719, 0.8326326608657837, 0.8244244456291199, 0.8230230212211609, 0.8160160183906555, 0.8150150179862976, 0.826826810836792, 0.8230230212211609, 0.8244244456291199, 0.8260260224342346, 0.8270270228385925, 0.8262262344360352, 0.8196195960044861, 0.823423445224762, 0.8300300240516663, 0.8308308124542236, 0.8182182312011719, 0.8326326608657837, 0.8274274468421936, 0.8262262344360352, 0.8254254460334778, 0.8170170187950134, 0.8218218088150024, 0.8244244456291199, 0.8262262344360352, 0.8242242336273193, 0.8302302360534668, 0.823423445224762, 0.8226225972175598, 0.8202202320098877, 0.8272272348403931, 0.8244244456291199, 0.8284284472465515, 0.8252252340316772, 0.8156155943870544, 0.8240240216255188, 0.8278278112411499, 0.8352352380752563, 0.8274274468421936, 0.8244244456291199, 0.8328328132629395, 0.8216215968132019, 0.8376376628875732, 0.8132132291793823, 0.8286285996437073, 0.8304304480552673, 0.8280280232429504, 0.8258258104324341, 0.8326326608657837, 0.8312312364578247, 0.8370370268821716, 0.8332332372665405, 0.8364364504814148, 0.8380380272865295, 0.83303302526474, 0.8388388156890869, 0.8396396636962891, 0.8246245980262756, 0.8136135935783386, 0.8286285996437073, 0.8308308124542236, 0.8274274468421936, 0.8336336612701416, 0.8326326608657837, 0.8308308124542236, 0.8294294476509094, 0.8368368148803711, 0.837837815284729, 0.8368368148803711, 0.8362362384796143, 0.8360360264778137, 0.8368368148803711, 0.8384384512901306, 0.8382382392883301, 0.8386386632919312, 0.8396396636962891, 0.8380380272865295, 0.8394394516944885, 0.8404404520988464, 0.8408408164978027], "training_time": 143.89616417884827, "output_time": 0.07873332500457764}