{"loss": [1.173897624015808, 0.9899530410766602, 0.9273543953895569, 0.8809706568717957, 0.850561797618866, 0.8221690058708191, 0.7982875108718872, 0.7757702469825745, 0.7566863298416138, 0.7405940294265747, 0.7260674834251404, 0.711246907711029, 0.6937366127967834, 0.6796046495437622, 0.6678352952003479, 0.6536397337913513, 0.6454277634620667, 0.6343599557876587, 0.6233838796615601, 0.6122488379478455, 0.6053893566131592, 0.5958858132362366, 0.5898590683937073, 0.5800409913063049, 0.5720254182815552, 0.5646287202835083, 0.5606170296669006, 0.5489404797554016, 0.5422745943069458, 0.5373974442481995, 0.5357180237770081, 0.524128258228302, 0.5239362716674805, 0.5154024958610535, 0.5085854530334473, 0.5055755376815796, 0.503906786441803, 0.4953165054321289, 0.49257296323776245, 0.48635679483413696, 0.4810934364795685, 0.4775659739971161, 0.4770934283733368, 0.4673658311367035, 0.4658122658729553, 0.4618252217769623, 0.4577210247516632, 0.45201027393341064, 0.44918474555015564, 0.44586676359176636, 0.4415464699268341, 0.44302093982696533, 0.43733975291252136, 0.43294596672058105, 0.4279634654521942, 0.424915075302124, 0.42737340927124023, 0.4180316627025604, 0.41368380188941956, 0.4213971197605133, 0.4114472270011902, 0.40878787636756897, 0.40225934982299805, 0.4051192104816437, 0.4036947786808014, 0.4000427722930908, 0.3966735899448395, 0.3919263780117035, 0.3954450190067291, 0.389913409948349, 0.3890475928783417, 0.3858473002910614, 0.38414162397384644, 0.38587120175361633, 0.38224148750305176, 0.37607449293136597, 0.3729816973209381, 0.3718462586402893, 0.3774394989013672, 0.36632606387138367, 0.3654739558696747, 0.3658207356929779, 0.3617970943450928, 0.3599012494087219, 0.3554076850414276, 0.36015555262565613, 0.3539161682128906, 0.35127270221710205, 0.3530362844467163, 0.35112911462783813, 0.34591221809387207, 0.34917324781417847, 0.34477123618125916, 0.3488355576992035, 0.3413494825363159, 0.33896106481552124, 0.339054673910141, 0.3374456763267517, 0.33703604340553284, 0.3314098119735718], "accuracy": [0.4906981289386749, 0.5637127161026001, 0.5787157416343689, 0.6033206582069397, 0.622124433517456, 0.6407281160354614, 0.6499300003051758, 0.6677335500717163, 0.6739347577095032, 0.6905381083488464, 0.6921384334564209, 0.7061412334442139, 0.7173434495925903, 0.7173434495925903, 0.7283456921577454, 0.7319464087486267, 0.7391478419303894, 0.7369474172592163, 0.7491498589515686, 0.7541508078575134, 0.7521504163742065, 0.7603520750999451, 0.7669534087181091, 0.7693538665771484, 0.7767553329467773, 0.7763552665710449, 0.7795559167861938, 0.7801560163497925, 0.789557933807373, 0.7879576086997986, 0.7913582921028137, 0.7927585244178772, 0.7959591746330261, 0.8033607006072998, 0.8043608665466309, 0.8049609661102295, 0.8029605746269226, 0.8069614171981812, 0.8081616163253784, 0.8117623329162598, 0.8167633414268494, 0.8183636665344238, 0.8191638588905334, 0.8189637660980225, 0.8171634078025818, 0.8221644163131714, 0.8235647082328796, 0.8281656503677368, 0.8293658494949341, 0.8339667916297913, 0.8313663005828857, 0.8321664333343506, 0.836967408657074, 0.8361672163009644, 0.8401680588722229, 0.8401680588722229, 0.8365673422813416, 0.8443688750267029, 0.8489698171615601, 0.8389678001403809, 0.8463692665100098, 0.8483696579933167, 0.8473694920539856, 0.8417683243751526, 0.843568742275238, 0.8503700494766235, 0.8493698835372925, 0.8543708920478821, 0.8499699831008911, 0.8549709916114807, 0.8537707328796387, 0.8543708920478821, 0.8539707660675049, 0.8549709916114807, 0.851970374584198, 0.8595719337463379, 0.8607721328735352, 0.862972617149353, 0.8567713499069214, 0.8689737915992737, 0.8643728494644165, 0.8611722588539124, 0.8667733669281006, 0.868373692035675, 0.8661732077598572, 0.8653730750083923, 0.868373692035675, 0.8691738247871399, 0.8673734664916992, 0.8693738579750061, 0.8673734664916992, 0.8705741167068481, 0.8731746077537537, 0.8693738579750061, 0.8707741498947144, 0.871374249458313, 0.8739748001098633, 0.8753750920295715, 0.876975417137146, 0.8791758418083191], "val_loss": [1.0528589487075806, 0.9802269339561462, 0.9514912962913513, 0.9200131297111511, 0.9081382751464844, 0.8943067789077759, 0.8703375458717346, 0.8595617413520813, 0.8485653400421143, 0.8303633332252502, 0.8313316106796265, 0.818861186504364, 0.8138006329536438, 0.7977839708328247, 0.7891988754272461, 0.7949507236480713, 0.7998091578483582, 0.7836592197418213, 0.7698114514350891, 0.7864575982093811, 0.7739028930664062, 0.752193033695221, 0.7660292983055115, 0.7592318058013916, 0.7634167075157166, 0.7676326036453247, 0.7534835338592529, 0.7495569586753845, 0.753872275352478, 0.7490335702896118, 0.7454971671104431, 0.7446149587631226, 0.7365518808364868, 0.7353106737136841, 0.7329281568527222, 0.746873676776886, 0.752280056476593, 0.7477654218673706, 0.7246597409248352, 0.7439146041870117, 0.7470048069953918, 0.7589527368545532, 0.7242689728736877, 0.7362732291221619, 0.7216358184814453, 0.744539737701416, 0.7330557107925415, 0.7385355234146118, 0.7522828578948975, 0.7363191843032837, 0.7357099056243896, 0.7322925329208374, 0.7464390397071838, 0.7235207557678223, 0.729510486125946, 0.7351575493812561, 0.7182502150535583, 0.7269730567932129, 0.7415985465049744, 0.7396239042282104, 0.7340517640113831, 0.7283828258514404, 0.7284260988235474, 0.7487503290176392, 0.7224488854408264, 0.7413778901100159, 0.721909761428833, 0.7276265025138855, 0.7402594089508057, 0.7199655175209045, 0.720913290977478, 0.7288926243782043, 0.7208154201507568, 0.7452595829963684, 0.726390540599823, 0.72176593542099, 0.7330281734466553, 0.7389087080955505, 0.7325254082679749, 0.7238221764564514, 0.7277255058288574, 0.7367191910743713, 0.7408939003944397, 0.7390897274017334, 0.7331128120422363, 0.7367845773696899, 0.7383859753608704, 0.7370421886444092, 0.7290767431259155, 0.7364442944526672, 0.7407892942428589, 0.7351958155632019, 0.7541161179542542, 0.732320249080658, 0.7550723552703857, 0.7332009673118591, 0.7496094107627869, 0.7446532249450684, 0.7731391787528992, 0.7666581273078918],