{"loss": [1.220450758934021, 1.0134552717208862, 0.936423122882843, 0.8836997747421265, 0.8458855748176575, 0.8138779401779175, 0.7830866575241089, 0.7581818699836731, 0.7339824438095093, 0.7155561447143555, 0.696587860584259, 0.6787837743759155, 0.6610304117202759, 0.6435381174087524, 0.6290119290351868, 0.6128529906272888, 0.6038879752159119, 0.590217649936676, 0.5813071131706238, 0.5702846050262451, 0.56329745054245, 0.5529156923294067, 0.5454270839691162, 0.5385794639587402, 0.5309159159660339, 0.5219979286193848, 0.5174884796142578, 0.5085435509681702, 0.5022112727165222, 0.49777063727378845, 0.49296221137046814, 0.487603098154068, 0.4832274913787842, 0.4776168167591095, 0.4735627770423889, 0.46798115968704224, 0.4644966721534729, 0.46083933115005493, 0.4568491280078888, 0.45015043020248413, 0.4460488259792328, 0.44399261474609375, 0.4413411617279053, 0.43575745820999146, 0.43365371227264404, 0.42972391843795776, 0.4275757074356079, 0.4207110106945038, 0.418700635433197, 0.4167881906032562, 0.4133940041065216, 0.41187137365341187, 0.4082029163837433, 0.404093474149704, 0.40262702107429504, 0.39818039536476135, 0.39853939414024353, 0.3935316503047943, 0.38895049691200256, 0.3913786709308624, 0.3873165249824524, 0.38371893763542175, 0.37736791372299194, 0.380214661359787, 0.37430068850517273, 0.37707552313804626, 0.3719883859157562, 0.37004077434539795, 0.36999186873435974, 0.3681415021419525, 0.36354222893714905, 0.36470580101013184, 0.3580167591571808, 0.35930007696151733, 0.35493120551109314, 0.35302457213401794, 0.35124942660331726, 0.34920307993888855, 0.3537614643573761, 0.3440116047859192, 0.3429165780544281, 0.3428957760334015, 0.3369046151638031, 0.3365216553211212, 0.3320443332195282, 0.3343212604522705, 0.33318328857421875, 0.3307105600833893, 0.32882967591285706, 0.3281172513961792, 0.32531705498695374, 0.3252924084663391, 0.325033575296402, 0.32446813583374023, 0.3194839358329773, 0.3159501552581787, 0.31833866238594055, 0.31342071294784546, 0.3142693340778351, 0.31111595034599304], "accuracy": [0.4746949374675751, 0.5541108250617981, 0.5753150582313538, 0.5895178914070129, 0.6111222505569458, 0.6363272666931152, 0.6503300666809082, 0.665132999420166, 0.6821364164352417, 0.6957391500473022, 0.7059412002563477, 0.7129426002502441, 0.7261452078819275, 0.7377475500106812, 0.7485496997833252, 0.7551510334014893, 0.754951000213623, 0.762352466583252, 0.7625524997711182, 0.7683536410331726, 0.7749549746513367, 0.7751550078392029, 0.782956600189209, 0.784156858921051, 0.7933586835861206, 0.7917583584785461, 0.7955591082572937, 0.798159658908844, 0.8025605082511902, 0.8061612248420715, 0.807761549949646, 0.8101620078086853, 0.8113622665405273, 0.8155631422996521, 0.8159632086753845, 0.8199639916419983, 0.822964608669281, 0.8177635669708252, 0.8235647082328796, 0.822964608669281, 0.8293658494949341, 0.8247649669647217, 0.8327665328979492, 0.8357671499252319, 0.8317663669586182, 0.8341668248176575, 0.8335667252540588, 0.8371674418449402, 0.8421684503555298, 0.8395678997039795, 0.8375675082206726, 0.8429685831069946, 0.841168224811554, 0.8427685499191284, 0.8513702750205994, 0.8463692665100098, 0.8451690077781677, 0.8499699831008911, 0.8499699831008911, 0.8515703082084656, 0.8517703413963318, 0.8547709584236145, 0.8557711839675903, 0.8527705669403076, 0.8567713499069214, 0.8569713830947876, 0.8611722588539124, 0.8583716750144958, 0.8615723252296448, 0.8601720333099365, 0.8653730750083923, 0.8593719005584717, 0.8643728494644165, 0.8639727830886841, 0.865973174571991, 0.868373692035675, 0.8667733669281006, 0.8673734664916992, 0.8655731081962585, 0.8747749328613281, 0.8741748332977295, 0.8687737584114075, 0.8773754835128784, 0.8793758749961853, 0.8747749328613281, 0.8743748664855957, 0.8771754503250122, 0.8739748001098633, 0.8777755498886108, 0.8731746077537537, 0.8765752911567688, 0.876975417137146, 0.8789758086204529, 0.8773754835128784, 0.8789758086204529, 0.8819763660430908, 0.8831766247749329, 0.8851770162582397, 0.8819763660430908, 0.8859772086143494], "val_loss": [1.0726460218429565, 0.9815658330917358, 0.9360987544059753, 0.8971493244171143, 0.8788809776306152, 0.855226993560791, 0.8385477662086487, 0.833304762840271, 0.8177431225776672, 0.7948827743530273, 0.7862190008163452, 0.7797312140464783, 0.7690473794937134, 0.7551016211509705, 0.744836151599884, 0.7457521557807922, 0.7440385222434998, 0.7319112420082092, 0.7281275391578674, 0.7284574508666992, 0.72318434715271, 0.7073324918746948, 0.7238103747367859, 0.7180782556533813, 0.7086024880409241, 0.711365282535553, 0.7010619640350342, 0.7087063193321228, 0.7072561979293823, 0.6977996230125427, 0.6960059404373169, 0.6896419525146484, 0.6905747652053833, 0.6986948251724243, 0.6860861778259277, 0.7021096348762512, 0.6838182806968689, 0.6968052387237549, 0.6835290193557739, 0.6879026889801025, 0.6893462538719177, 0.6823346614837646, 0.6824141144752502, 0.6891972422599792, 0.6798983216285706, 0.6916674375534058, 0.6798454523086548, 0.6815704107284546, 0.6975628733634949, 0.6753944754600525, 0.6775814890861511, 0.6780155301094055, 0.6776968240737915, 0.6727805733680725, 0.6751522421836853, 0.6829872131347656, 0.6738004088401794, 0.6759324669837952, 0.674757719039917, 0.6772899627685547, 0.6670920848846436, 0.677712082862854, 0.6730536222457886, 0.678367555141449, 0.6940546631813049, 0.6825515031814575, 0.6649363040924072, 0.6698592305183411, 0.6782225966453552, 0.6756224036216736, 0.6706432104110718, 0.6745753288269043, 0.6705151200294495, 0.6822295784950256, 0.6801099181175232, 0.6707838177680969, 0.6757575869560242, 0.6734136939048767, 0.6791754364967346, 0.6724026203155518, 0.6786529421806335, 0.6821138858795166, 0.6801307797431946, 0.6791456937789917, 0.6823999285697937, 0.6850826740264893, 0.6815984845161438, 0.6748656034469604, 0.6770026087760925, 0.6788261532783508, 0.682469367980957, 0.6834689974784851, 0.6893969774246216, 0.674248218536377, 0.6879573464393616, 0.6802898049354553, 0.7090195417404175, 0.6888707280158997, 0.6992073059082031, 0.700000524520874],