{"loss": [1.4034340381622314, 1.182617425918579, 1.10434091091156, 1.0576279163360596, 1.0255879163742065, 1.0001839399337769, 0.9759670495986938, 0.9574553370475769, 0.9386187791824341, 0.924152672290802, 0.9105868935585022, 0.89809250831604, 0.8875651955604553, 0.8767111897468567, 0.866738498210907, 0.8566358685493469, 0.851770281791687, 0.842966616153717, 0.8364629745483398, 0.8297661542892456, 0.825706958770752, 0.8183765411376953, 0.8126314878463745, 0.8075053095817566, 0.8031346797943115, 0.7960768938064575, 0.7931570410728455, 0.7885726690292358, 0.7862638235092163, 0.7818390727043152, 0.7791777849197388, 0.7758705019950867, 0.7709755897521973, 0.7670528292655945, 0.7650131583213806, 0.7613475918769836, 0.7579635381698608, 0.7557645440101624, 0.7523096203804016, 0.7498183846473694, 0.7466638088226318, 0.7449049353599548, 0.7420172095298767, 0.7388952374458313, 0.7372683882713318, 0.7343324422836304, 0.7341756820678711, 0.7297661900520325, 0.7283467650413513, 0.7257658839225769, 0.7248965501785278, 0.7238471508026123, 0.720451831817627, 0.7187789082527161, 0.7172049880027771, 0.7144743204116821, 0.7107329964637756, 0.7100235223770142, 0.7087963819503784, 0.707514762878418, 0.7061168551445007, 0.7023781538009644, 0.6994089484214783, 0.6991283893585205, 0.6980006098747253, 0.6961233019828796, 0.6929593682289124, 0.6916871666908264, 0.6894078254699707, 0.6885589361190796, 0.6884806752204895, 0.6858804821968079, 0.684272289276123, 0.6835860013961792, 0.6810540556907654, 0.6776506900787354, 0.6782028079032898, 0.6769012212753296, 0.6761143207550049, 0.6730625629425049, 0.6718529462814331, 0.6692409515380859, 0.6666710376739502, 0.6666373610496521, 0.6637460589408875, 0.664343535900116, 0.6639684438705444, 0.6618476510047913, 0.6612263321876526, 0.6616625785827637, 0.6590591073036194, 0.6573320627212524, 0.656637966632843, 0.6542046666145325, 0.652961015701294, 0.6517095565795898, 0.6505297422409058, 0.6485307216644287, 0.6494536995887756, 0.6500382423400879], "accuracy": [0.4454891085624695, 0.522704541683197, 0.5263052582740784, 0.5357071161270142, 0.537907600402832, 0.5461091995239258, 0.5537107586860657, 0.5593118667602539, 0.5727145671844482, 0.5843168497085571, 0.5931186079978943, 0.5989198088645935, 0.605721116065979, 0.6189237833023071, 0.619924008846283, 0.6255251169204712, 0.6317263245582581, 0.6407281160354614, 0.6341268420219421, 0.6465293169021606, 0.6441287994384766, 0.6525304913520813, 0.6549310088157654, 0.6569314002990723, 0.6607321500778198, 0.6633326411247253, 0.6629325747489929, 0.6665332913398743, 0.6681336164474487, 0.669533908367157, 0.6765353083610535, 0.6729345917701721, 0.6767353415489197, 0.6777355670928955, 0.6817363500595093, 0.6839367747306824, 0.6859371662139893, 0.6837367415428162, 0.6893378496170044, 0.6871374249458313, 0.6905381083488464, 0.6915383338928223, 0.6951390504837036, 0.6971394419670105, 0.6923384666442871, 0.7009401917457581, 0.7017403244972229, 0.7043408751487732, 0.7021404504776001, 0.7061412334442139, 0.7033406496047974, 0.705141007900238, 0.7045409083366394, 0.7059412002563477, 0.7099419832229614, 0.7053410410881042, 0.7077415585517883, 0.7085416913032532, 0.7085416913032532, 0.7111422419548035, 0.7117423415184021, 0.7131426334381104, 0.7141427993774414, 0.7153430581092834, 0.710742175579071, 0.7151430249214172, 0.7145429253578186, 0.7155430912971497, 0.7151430249214172, 0.7177435755729675, 0.7157431244850159, 0.7123424410820007, 0.7167433500289917, 0.7197439670562744, 0.7213442921638489, 0.7179436087608337, 0.7207441329956055, 0.7237447500228882, 0.7197439670562744, 0.7255451083183289, 0.7251450419425964, 0.7253450751304626, 0.7231446504592896, 0.7253450751304626, 0.728945791721344, 0.723544716835022, 0.7291458249092102, 0.7251450419425964, 0.7249450087547302, 0.7257451415061951, 0.7271454334259033, 0.7259451746940613, 0.7223444581031799, 0.7339468002319336, 0.7297459244728088, 0.7329465746879578, 0.7319464087486267, 0.7351470589637756, 0.7321464419364929, 0.7353470921516418], "val_loss": [1.2473199367523193, 1.1474125385284424, 1.093865990638733, 1.0554890632629395, 1.0310698747634888, 1.0100438594818115, 0.9955329895019531, 0.9774467349052429, 0.9651750922203064, 0.9526628255844116, 0.9442071914672852, 0.9414331912994385, 0.931952714920044, 0.9224461317062378, 0.9149196147918701, 0.9108710289001465, 0.905038595199585, 0.9004753828048706, 0.8968173265457153, 0.8939651250839233, 0.8920641541481018, 0.8859388828277588, 0.8817917704582214, 0.8784381747245789, 0.8737854957580566, 0.8754214644432068, 0.867568850517273, 0.8696410059928894, 0.8662297129631042, 0.8613941669464111, 0.8623961210250854, 0.8572457432746887, 0.8572661876678467, 0.854932427406311, 0.8502567410469055, 0.8476098775863647, 0.8505728244781494, 0.8443077206611633, 0.8402410745620728, 0.8430156707763672, 0.8431682586669922, 0.8388829231262207, 0.8443655371665955, 0.8396885395050049, 0.8378610014915466, 0.842358410358429, 0.8338218331336975, 0.8362357020378113, 0.8328065276145935, 0.8383755087852478, 0.8338764309883118, 0.8321964144706726, 0.8386878371238708, 0.8318737149238586, 0.8291370272636414, 0.8280608057975769, 0.8269052505493164, 0.830184280872345, 0.8273375630378723, 0.8317179083824158, 0.8229825496673584, 0.8287914395332336, 0.8239752650260925, 0.8252276182174683, 0.8334882855415344, 0.8295077085494995, 0.8289273381233215, 0.8244534730911255, 0.8270959854125977, 0.8232788443565369, 0.8237208127975464, 0.821412205696106, 0.825934886932373, 0.8210744857788086, 0.8239024877548218, 0.8176223635673523, 0.8188686966896057, 0.8230534791946411, 0.8257266879081726, 0.8208781480789185, 0.8180528879165649, 0.820590078830719, 0.8210192918777466, 0.8252468109130859, 0.8190696835517883, 0.8155588507652283, 0.8177674412727356, 0.8165924549102783, 0.8117124438285828, 0.8170855641365051, 0.8137664198875427, 0.8118530511856079, 0.8134793043136597, 0.8122313022613525, 0.8166727423667908, 0.8098723292350769, 0.8158257603645325, 0.8144349455833435, 0.8154270052909851, 0.8154772520065308],