{"loss": [1.2782096862792969, 0.9767870903015137, 0.8138696551322937, 0.7001627683639526, 0.6109654307365417, 0.5492240190505981, 0.4985104203224182, 0.45419856905937195, 0.4234335720539093, 0.39086979627609253, 0.36097532510757446, 0.3367401957511902, 0.3136093318462372, 0.2959343492984772, 0.281330943107605, 0.26906099915504456, 0.2559134066104889, 0.23929253220558167, 0.2291957139968872, 0.21791279315948486, 0.21284863352775574, 0.20764963328838348, 0.1991678923368454, 0.19116294384002686, 0.18750937283039093, 0.18074868619441986, 0.17324210703372955, 0.16615422070026398, 0.16820426285266876, 0.1623401790857315, 0.1620834618806839, 0.15552689135074615, 0.15465837717056274, 0.14916187524795532, 0.1457269936800003, 0.1417437195777893, 0.13900114595890045, 0.1321643590927124, 0.12972940504550934, 0.12612874805927277, 0.1272606998682022, 0.11971776187419891, 0.12047955393791199, 0.11947251856327057, 0.12629719078540802, 0.11772049218416214, 0.1124979704618454, 0.11327729374170303, 0.11369447410106659, 0.12488040328025818, 0.10836141556501389, 0.10255219042301178, 0.10360833257436752, 0.0981237068772316, 0.09637695550918579, 0.0980047881603241, 0.08865485340356827, 0.0960010215640068, 0.09070760011672974, 0.08781663328409195, 0.08810190856456757, 0.08657244592905045, 0.08934086561203003, 0.08650105446577072, 0.0846482440829277, 0.0808267667889595, 0.08136589825153351, 0.07857266068458557, 0.07875367999076843, 0.07673642784357071, 0.07919631153345108, 0.07760018110275269, 0.07446620613336563, 0.07485564798116684, 0.07218468934297562, 0.06890036910772324, 0.07035645842552185, 0.06943312287330627, 0.07347198575735092, 0.07086174935102463, 0.06615867465734482, 0.07016178220510483, 0.06362147629261017, 0.06525535136461258, 0.06377527862787247, 0.06225494667887688, 0.06419689208269119, 0.05727790668606758, 0.061798345297575, 0.05668754130601883, 0.05489864945411682, 0.06040070205926895, 0.05940104275941849, 0.059598252177238464, 0.05689685046672821, 0.06469643861055374, 0.06053094565868378, 0.05678064376115799, 0.05181308835744858, 0.05189335718750954], "accuracy": [0.5019057393074036, 0.6240721940994263, 0.7167502641677856, 0.7679036855697632, 0.8022066354751587, 0.8218656182289124, 0.8371113538742065, 0.8521564602851868, 0.8678033947944641, 0.8776329159736633, 0.8896690011024475, 0.8944834470748901, 0.9047141671180725, 0.9061183333396912, 0.9119358062744141, 0.9127382040023804, 0.9181544780731201, 0.9265797138214111, 0.9267803430557251, 0.932397186756134, 0.9336007833480835, 0.9331995844841003, 0.9374122619628906, 0.9420260787010193, 0.9406218528747559, 0.9422267079353333, 0.9458374977111816, 0.9480441212654114, 0.9464393258094788, 0.9488465189933777, 0.949849545955658, 0.9532597661018372, 0.9496489763259888, 0.9532597661018372, 0.9538615942001343, 0.953059196472168, 0.9554663896560669, 0.9576730132102966, 0.9592778086662292, 0.9590772390365601, 0.9596790075302124, 0.9640922546386719, 0.9630892872810364, 0.961685061454773, 0.9584754109382629, 0.9634904861450195, 0.9642928838729858, 0.9640922546386719, 0.9638916850090027, 0.9612838625907898, 0.9667000770568848, 0.967703104019165, 0.9622868895530701, 0.9675025343894958, 0.9671012759208679, 0.967703104019165, 0.9719157218933105, 0.9683049321174622, 0.9699097275733948, 0.9725175499916077, 0.9703109264373779, 0.9713139533996582, 0.9685055017471313, 0.9711133241653442, 0.9703109264373779, 0.9735205769538879, 0.9745235443115234, 0.9735205769538879, 0.9731193780899048, 0.9749248027801514, 0.973319947719574, 0.9731193780899048, 0.9767301678657532, 0.9745235443115234, 0.976529598236084, 0.9783350229263306, 0.9759277701377869, 0.97632896900177, 0.9773319959640503, 0.9747241735458374, 0.9773319959640503, 0.9761283993721008, 0.9801404476165771, 0.9787362217903137, 0.9799398183822632, 0.9791374206542969, 0.9785355925559998, 0.9821464419364929, 0.9779338240623474, 0.9821464419364929, 0.9823470115661621, 0.9793379902839661, 0.9813440442085266, 0.9799398183822632, 0.9823470115661621, 0.9769307971000671, 0.9803410172462463, 0.9835506677627563, 0.9831494688987732, 0.9841524362564087], "val_loss": [1.1052813529968262, 0.9298659563064575, 0.8269530534744263, 0.7357531785964966, 0.6931822896003723, 0.663745641708374, 0.6259638071060181, 0.6187146306037903, 0.6209603548049927, 0.5749872326850891, 0.6010932922363281, 0.5569444894790649, 0.5585810542106628, 0.5772528648376465, 0.5577983856201172, 0.5316308736801147, 0.5328381061553955, 0.5664110779762268, 0.5417003631591797, 0.5771044492721558, 0.5535358786582947, 0.5626246333122253, 0.5534532070159912, 0.5400548577308655, 0.5458812117576599, 0.5542803406715393, 0.5510128736495972, 0.5734926462173462, 0.5498212575912476, 0.5350314378738403, 0.5798155069351196, 0.571552038192749, 0.5319054126739502, 0.5381054282188416, 0.5630690455436707, 0.5303625464439392, 0.5069110989570618, 0.5596051812171936, 0.5588236451148987, 0.5369252562522888, 0.5148768424987793, 0.5439737439155579, 0.5272796154022217, 0.528536856174469, 0.5429452061653137, 0.5192314982414246, 0.6012752652168274, 0.537136435508728, 0.5581745505332947, 0.5855995416641235, 0.5513439178466797, 0.5828139781951904, 0.5648365020751953, 0.5726114511489868, 0.6096883416175842, 0.555008053779602, 0.5969229936599731, 0.6002518534660339, 0.5733656287193298, 0.6561596393585205, 0.6066991090774536, 0.6503311991691589, 0.612034022808075, 0.5743321180343628, 0.58609938621521, 0.6003223061561584, 0.6393436193466187, 0.642711341381073, 0.6474406719207764, 0.6344897747039795, 0.6174716353416443, 0.6506471037864685, 0.6808218359947205, 0.6285873055458069, 0.6766620874404907, 0.7105705738067627, 0.6875993013381958, 0.6578975915908813, 0.6846741437911987, 0.6822476983070374, 0.7056472897529602, 0.703406572341919, 0.7442412376403809, 0.6626743078231812, 0.657250702381134, 0.6900110244750977, 0.6730649471282959, 0.6695932745933533, 0.7034705877304077, 0.7092453837394714, 0.6893761157989502, 0.6663269400596619, 0.6847267746925354, 0.7312427759170532, 0.7363476157188416, 0.6777581572532654, 0.6551719903945923, 0.7040607333183289, 0.7194674015045166, 0.6790412664413452],