{"loss": [0.8697282075881958, 0.4377135634422302, 0.2685171663761139, 0.2181701958179474, 0.15508052706718445, 0.20193594694137573, 0.2919456362724304, 0.23538921773433685, 0.12617164850234985, 0.11447501927614212, 0.13458560407161713, 0.09355117380619049, 0.08040952682495117, 0.1507975310087204, 0.20395073294639587, 0.20145978033542633, 0.10885253548622131, 0.08056642860174179, 0.4620085656642914, 0.21059107780456543, 0.15473312139511108, 0.10803458839654922, 0.09486740827560425, 0.09880153089761734, 0.13866938650608063, 0.08819785714149475, 0.10202335566282272, 0.0824938639998436, 0.06702776998281479, 0.059466756880283356, 0.06680727750062943, 0.055532217025756836, 0.07295508682727814, 0.05851856991648674, 0.050602786242961884, 0.10819032788276672, 0.09260262548923492, 0.06119709089398384, 0.05068530887365341, 0.046676307916641235, 0.03921118378639221, 0.04725649952888489, 0.2594606280326843, 0.11213381588459015, 0.16917453706264496, 0.13812483847141266, 0.06644488871097565, 0.05046533793210983, 0.14239272475242615, 0.05448044091463089, 0.0756407305598259, 0.05391845852136612, 0.04307403787970543, 0.03516743332147598, 0.0319955013692379, 0.035725828260183334, 0.21941764652729034, 0.06279537081718445, 0.047784753143787384, 0.04500335454940796, 0.04016873612999916, 0.037073370069265366, 0.041305262595415115, 0.03643752634525299, 0.03368557244539261, 0.029677702113986015, 0.029344072565436363, 0.031159037724137306, 0.030785880982875824, 0.03254733234643936, 0.059538282454013824, 0.03667372465133667, 0.021639717742800713, 0.02023248001933098, 0.020433474332094193, 0.07143706828355789, 0.10384992510080338, 0.03176255151629448, 0.5424536466598511, 0.22648480534553528, 0.1067761704325676, 0.16075780987739563, 0.13200129568576813, 0.09002258628606796, 0.06720919907093048, 0.056284043937921524, 0.04906164109706879, 0.04544835910201073, 0.042614251375198364, 0.03173844888806343, 0.028626592829823494, 0.04324418306350708, 0.027064861729741096, 0.03219008818268776, 0.03501025587320328, 0.025207174941897392, 0.2629457712173462, 0.20963430404663086, 0.07518889009952545, 0.18081775307655334], "accuracy": [0.6421371102333069, 0.8457661271095276, 0.907056450843811, 0.9231854677200317, 0.9443548321723938, 0.9344757795333862, 0.9028225541114807, 0.9207661151885986, 0.9566532373428345, 0.9588709473609924, 0.9518145322799683, 0.9683467745780945, 0.969556450843811, 0.9459677338600159, 0.9320564270019531, 0.9340725541114807, 0.9598790407180786, 0.9711693525314331, 0.823387086391449, 0.9308467507362366, 0.9463709592819214, 0.9624999761581421, 0.9669354557991028, 0.9627016186714172, 0.9512096643447876, 0.9671370983123779, 0.9689516425132751, 0.9709677696228027, 0.9770161509513855, 0.9808467626571655, 0.97661292552948, 0.9816532135009766, 0.9737903475761414, 0.9800403118133545, 0.9816532135009766, 0.9649193286895752, 0.9651209712028503, 0.9762097001075745, 0.9808467626571655, 0.9830645322799683, 0.9862903356552124, 0.9834677577018738, 0.9254032373428345, 0.9631048440933228, 0.946169376373291, 0.9532257914543152, 0.9747983813285828, 0.9826613068580627, 0.9554435610771179, 0.9820564389228821, 0.975806474685669, 0.9800403118133545, 0.9856854677200317, 0.9879032373428345, 0.9901209473609924, 0.989112913608551, 0.9290322661399841, 0.978225827217102, 0.9834677577018738, 0.9838709831237793, 0.9850806593894958, 0.9860886931419373, 0.9860886931419373, 0.9854838848114014, 0.9879032373428345, 0.9889112710952759, 0.9895161390304565, 0.989112913608551, 0.9887096881866455, 0.9889112710952759, 0.9816532135009766, 0.98830646276474, 0.9937499761581421, 0.992943525314331, 0.9933467507362366, 0.978225827217102, 0.9675403237342834, 0.9899193644523621, 0.8518145084381104, 0.9243951439857483, 0.9667338728904724, 0.9413306713104248, 0.9558467864990234, 0.9713709950447083, 0.978225827217102, 0.9828628897666931, 0.9844757914543152, 0.9854838848114014, 0.9864919185638428, 0.9903225898742676, 0.9917338490486145, 0.9868951439857483, 0.9923387169837952, 0.989112913608551, 0.9893144965171814, 0.9931451678276062, 0.9127016067504883, 0.9227822422981262, 0.9737903475761414, 0.946169376373291], "val_loss": [0.7068671584129333, 0.6093141436576843, 0.6378251910209656, 0.5323360562324524, 0.5503078699111938, 0.9174752235412598, 0.7657198309898376, 0.5873069763183594, 0.538850724697113, 0.4784144163131714, 0.49456387758255005, 0.5929682850837708, 0.49787813425064087, 0.49236953258514404, 0.46558472514152527, 0.4575444757938385, 0.43492501974105835, 0.4736444354057312, 0.5954191088676453, 0.5040143132209778, 0.6052200198173523, 0.5246999859809875, 0.4929072856903076, 0.5132683515548706, 0.6211339235305786, 0.433257132768631, 0.49590346217155457, 0.4538198709487915, 0.4230998754501343, 0.4757377505302429, 0.4724406599998474, 0.5150741338729858, 0.6007384061813354, 0.4958215057849884, 0.5811095237731934, 0.6096367835998535, 0.48457035422325134, 0.6509403586387634, 0.5051600933074951, 0.4962500333786011, 0.5310279726982117, 0.6307000517845154, 0.5881895422935486, 0.7843427658081055, 0.5275872945785522, 0.5921703577041626, 0.603373646736145, 0.5721824765205383, 0.554558515548706, 0.6200172901153564, 0.5682162642478943, 0.5683776140213013, 0.5611644983291626, 0.584173858165741, 0.5846273303031921, 0.8122304081916809, 0.5381561517715454, 0.6032116413116455, 0.6653660535812378, 0.6276909708976746, 0.6380924582481384, 0.6678834557533264, 0.651639997959137, 0.7812142372131348, 0.7176847457885742, 0.6575189828872681, 0.7600890398025513, 0.8497507572174072, 0.7801046371459961, 0.7033299803733826, 0.6588282585144043, 0.7333422303199768, 0.7148478627204895, 0.6922280192375183, 0.6978987455368042, 0.7700114846229553, 0.7350245714187622, 0.7666442394256592, 0.7861396074295044, 0.6273760199546814, 0.6199175119400024, 0.5908819437026978, 0.5175696611404419, 0.5484899878501892, 0.53553307056427, 0.5461660623550415, 0.5490156412124634, 0.6466116905212402, 0.6048715114593506, 0.6120100617408752, 0.7856330275535583, 0.538314700126648, 0.574078381061554, 0.7612793445587158, 0.6155714392662048, 0.6145877242088318, 0.9667170643806458, 0.581245481967926, 0.5939173698425293, 0.5700054168701172],