{"loss": [1.4577890634536743, 1.2374553680419922, 1.1466056108474731, 1.092435359954834, 1.0508538484573364, 1.0192058086395264, 0.9923398494720459, 0.9693349599838257, 0.9529099464416504, 0.9393451809883118, 0.9216158986091614, 0.909041702747345, 0.894120454788208, 0.8849742412567139, 0.8732919692993164, 0.8594579696655273, 0.8514202237129211, 0.8395459055900574, 0.8302008509635925, 0.8252264261245728, 0.8195936679840088, 0.8077848553657532, 0.8028377294540405, 0.796759307384491, 0.7897669076919556, 0.786135733127594, 0.7799925804138184, 0.7735116481781006, 0.7719984650611877, 0.766109049320221, 0.757648766040802, 0.7525306940078735, 0.750482976436615, 0.7422589659690857, 0.7395080327987671, 0.7364525198936462, 0.7335724830627441, 0.7307381629943848, 0.7258238196372986, 0.725811779499054, 0.720551609992981, 0.7191497087478638, 0.7181034088134766, 0.7148309350013733, 0.714040219783783, 0.7106277346611023, 0.7102770805358887, 0.7088159322738647, 0.7047492265701294, 0.7032159566879272, 0.6997271776199341, 0.6972974538803101, 0.6965060830116272, 0.6939542889595032, 0.6951033473014832, 0.6906524896621704, 0.6879199147224426, 0.6880338788032532, 0.6870107650756836, 0.6887153387069702, 0.6871986389160156, 0.6826694011688232, 0.6816048622131348, 0.7017876505851746, 0.6833658218383789, 0.6785702109336853, 0.6793196201324463, 0.6790680289268494, 0.6792716383934021, 0.6894578337669373, 0.6720872521400452, 0.672902524471283, 0.6695609092712402, 0.6748867034912109, 0.6690420508384705, 0.6668601036071777, 0.6667735576629639, 0.6651230454444885, 0.6672353744506836, 0.6621630191802979, 0.6643274426460266, 0.6620838642120361, 0.6639506816864014, 0.6573597192764282, 0.6627228856086731, 0.690562903881073, 0.6551300287246704, 0.6546769738197327, 0.6518269777297974, 0.6482681632041931, 0.6502476930618286, 0.6515631079673767, 0.6600960493087769, 0.6490444540977478, 0.6566711068153381, 0.6459938883781433, 0.6545993089675903, 0.6458612680435181, 0.6478736996650696, 0.6455900073051453], "accuracy": [0.385571151971817, 0.5124248266220093, 0.5362725257873535, 0.5551102161407471, 0.5567134022712708, 0.5661322474479675, 0.5797595381736755, 0.595390796661377, 0.59198397397995, 0.6060120463371277, 0.6090180277824402, 0.6250501275062561, 0.6280561089515686, 0.6410821676254272, 0.6418837904930115, 0.6490982174873352, 0.655110239982605, 0.6615230441093445, 0.6691382527351379, 0.673547089099884, 0.6761522889137268, 0.6829659342765808, 0.6875751614570618, 0.6889779567718506, 0.6951903700828552, 0.6947895884513855, 0.6939879655838013, 0.7006012201309204, 0.7008016109466553, 0.7090180516242981, 0.7108216285705566, 0.7118236422538757, 0.708016037940979, 0.7172344923019409, 0.7204408645629883, 0.7178356647491455, 0.7196393013000488, 0.7186372876167297, 0.7226452827453613, 0.7196393013000488, 0.7246493101119995, 0.7240480780601501, 0.7286573052406311, 0.7244489192962646, 0.7272545099258423, 0.7258517146110535, 0.7268537282943726, 0.7280561327934265, 0.7294589281082153, 0.7292585372924805, 0.727655291557312, 0.7338677644729614, 0.7324649095535278, 0.7366733551025391, 0.7302604913711548, 0.7342685461044312, 0.737875759601593, 0.731062114238739, 0.737875759601593, 0.7332665324211121, 0.732264518737793, 0.7358717322349548, 0.73567134141922, 0.7280561327934265, 0.7358717322349548, 0.7340681552886963, 0.739078164100647, 0.7392785549163818, 0.7382765412330627, 0.731062114238739, 0.739078164100647, 0.7394789457321167, 0.7396793365478516, 0.7400801777839661, 0.7432865500450134, 0.7398797869682312, 0.7358717322349548, 0.7404809594154358, 0.7426853775978088, 0.7444889545440674, 0.7422845959663391, 0.7416833639144897, 0.7464929819107056, 0.7482966184616089, 0.7436873912811279, 0.7294589281082153, 0.7454909682273865, 0.7488977909088135, 0.7498998045921326, 0.7498998045921326, 0.7454909682273865, 0.7509018182754517, 0.7456913590431213, 0.7470942139625549, 0.7490981817245483, 0.7498998045921326, 0.7476953864097595, 0.7503005862236023, 0.755310595035553, 0.7496994137763977], "val_loss": [1.3271454572677612, 1.1952706575393677, 1.1279476881027222, 1.0765026807785034, 1.0437417030334473, 1.0184054374694824, 0.995422899723053, 0.9811622500419617, 0.9622865915298462, 0.9520270824432373, 0.9547592401504517, 0.9320813417434692, 0.9221023917198181, 0.9171949625015259, 0.9139344096183777, 0.9079256057739258, 0.9006053805351257, 0.907576858997345, 0.9004240036010742, 0.9010910391807556, 0.8800129294395447, 0.8848130702972412, 0.8842028975486755, 0.8756260275840759, 0.8840616941452026, 0.8657638430595398, 0.8719338178634644, 0.8726310133934021, 0.8573517203330994, 0.8654319643974304, 0.8495222926139832, 0.8564472794532776, 0.8649237751960754, 0.846267819404602, 0.8647385835647583, 0.8478012681007385, 0.8388200998306274, 0.8421826362609863, 0.8384994864463806, 0.8426551222801208, 0.8276704549789429, 0.8290402293205261, 0.8317906260490417, 0.8386806845664978, 0.8425408601760864, 0.8319680094718933, 0.8376272320747375, 0.8335694670677185, 0.832933247089386, 0.8372844457626343, 0.8340198993682861, 0.8382628560066223, 0.8316959142684937, 0.833429753780365, 0.8349401950836182, 0.8192535638809204, 0.8194542527198792, 0.8234460353851318, 0.837128758430481, 0.8218817710876465, 0.8273401260375977, 0.8321532607078552, 0.8259636163711548, 0.816774308681488, 0.8343328237533569, 0.8265954852104187, 0.8237354755401611, 0.828886866569519, 0.9237383008003235, 0.822576105594635, 0.8262757062911987, 0.8304169178009033, 0.8300237059593201, 0.844443678855896, 0.8239057064056396, 0.8381652235984802, 0.8247918486595154, 0.8343727588653564, 0.8328402638435364, 0.8480329513549805, 0.8309640884399414, 0.8356949090957642, 0.8436777591705322, 0.8429385423660278, 0.8434160351753235, 0.8389778733253479, 0.8414275050163269, 0.8564935326576233, 0.8420987725257874, 0.8497620224952698, 0.8508602976799011, 0.8334125280380249, 0.8496835231781006, 0.838647186756134, 0.824206531047821, 0.8309630155563354, 0.8711217641830444, 0.8472702503204346, 0.8370217084884644, 0.8665656447410583],