{"loss": [1.3505780696868896, 1.1431396007537842, 1.03627347946167, 0.9595590233802795, 0.9036468863487244, 0.8607525825500488, 0.8249204158782959, 0.7977542281150818, 0.7717798948287964, 0.7499266862869263, 0.7286472320556641, 0.7087982296943665, 0.6875495314598083, 0.6687264442443848, 0.6478462815284729, 0.6299619078636169, 0.6107521653175354, 0.5942989587783813, 0.5837984085083008, 0.5682761669158936, 0.5581672787666321, 0.545977771282196, 0.5351961851119995, 0.5258156657218933, 0.5182051062583923, 0.5088151693344116, 0.4997074007987976, 0.4957255721092224, 0.4851030707359314, 0.4804081618785858, 0.47338593006134033, 0.46599772572517395, 0.4600023627281189, 0.45496174693107605, 0.4478563666343689, 0.44653481245040894, 0.4376828372478485, 0.434702605009079, 0.43115267157554626, 0.4275583326816559, 0.4220117926597595, 0.4195311665534973, 0.4134591221809387, 0.4064427614212036, 0.4052712917327881, 0.40175238251686096, 0.3980778753757477, 0.3940606117248535, 0.38882288336753845, 0.38750746846199036, 0.38183802366256714, 0.3797771632671356, 0.373203843832016, 0.37338417768478394, 0.3697706162929535, 0.36841684579849243, 0.36397308111190796, 0.363410621881485, 0.3593132495880127, 0.35478493571281433, 0.3525773882865906, 0.34771987795829773, 0.34986916184425354, 0.3486316502094269, 0.3411538600921631, 0.3384530544281006, 0.33493077754974365, 0.3359415531158447, 0.3361574709415436, 0.33274340629577637, 0.332901269197464, 0.32595518231391907, 0.3235584795475006, 0.3239075541496277, 0.32221490144729614, 0.3178797960281372, 0.31500542163848877, 0.31570062041282654, 0.3134893774986267, 0.31058526039123535, 0.31254830956459045, 0.3089291453361511, 0.30584731698036194, 0.30441778898239136, 0.30422520637512207, 0.3009128272533417, 0.2975458800792694, 0.2985761761665344, 0.30041593313217163, 0.2957973778247833, 0.29293113946914673, 0.2934545874595642, 0.2932170033454895, 0.2905987501144409, 0.2906050980091095, 0.2874300181865692, 0.28490719199180603, 0.2841770350933075, 0.2847948968410492, 0.28254202008247375], "accuracy": [0.4548729360103607, 0.5307184457778931, 0.5627376437187195, 0.5995597243309021, 0.6181709170341492, 0.6309785842895508, 0.6547929048538208, 0.6684010624885559, 0.6794076561927795, 0.6862117052078247, 0.6994196772575378, 0.7108265161514282, 0.7222333550453186, 0.7270362377166748, 0.7436462044715881, 0.7532519698143005, 0.7590554356575012, 0.7658595442771912, 0.7760656476020813, 0.778266966342926, 0.7842705845832825, 0.7894737124443054, 0.7884730696678162, 0.7932759523391724, 0.8000800609588623, 0.7974784970283508, 0.804282546043396, 0.8072843551635742, 0.8118871450424194, 0.8142885565757751, 0.8150890469551086, 0.8144887089729309, 0.8196918368339539, 0.8232939839363098, 0.8248949646949768, 0.8274964690208435, 0.8270962834358215, 0.8284971117973328, 0.8302981853485107, 0.8318991661071777, 0.8349009156227112, 0.8369021415710449, 0.8371022343635559, 0.8431058526039124, 0.8439063429832458, 0.8467079997062683, 0.8439063429832458, 0.8491094708442688, 0.8493095636367798, 0.8491094708442688, 0.8531118631362915, 0.8517110347747803, 0.8561136722564697, 0.8535121083259583, 0.8581148982048035, 0.855513334274292, 0.8581148982048035, 0.8585150837898254, 0.8601160645484924, 0.8621172904968262, 0.8651190996170044, 0.8635181188583374, 0.8661196827888489, 0.8649189472198486, 0.8695217370986938, 0.87432461977005, 0.8721233010292053, 0.8691214919090271, 0.8721233010292053, 0.8725234866142273, 0.8711226582527161, 0.8755252957344055, 0.8755252957344055, 0.8771262764930725, 0.876125693321228, 0.879927933216095, 0.878126859664917, 0.8805283308029175, 0.8789273500442505, 0.8803281784057617, 0.8773263692855835, 0.8823294043540955, 0.8855313062667847, 0.8869321346282959, 0.8829297423362732, 0.8829297423362732, 0.8895336985588074, 0.8867320418357849, 0.8853312134742737, 0.8877326250076294, 0.8899339437484741, 0.8913347721099854, 0.8921352624893188, 0.8897338509559631, 0.8909345865249634, 0.8941364884376526, 0.8923354148864746, 0.8959375619888306, 0.8945367336273193, 0.8971382975578308], "val_loss": [1.2204304933547974, 1.1032823324203491, 1.024893879890442, 0.9728541374206543, 0.9354453682899475, 0.9041993618011475, 0.8850699067115784, 0.8719021677970886, 0.8417338728904724, 0.8306856155395508, 0.8074755668640137, 0.8172272443771362, 0.7903488874435425, 0.7974731922149658, 0.7810103893280029, 0.7778050899505615, 0.7557541728019714, 0.762199878692627, 0.7394101619720459, 0.7315287590026855, 0.719756007194519, 0.7147037982940674, 0.7229753732681274, 0.7260098457336426, 0.7173871994018555, 0.7109593152999878, 0.7024890780448914, 0.7032143473625183, 0.7007039785385132, 0.7049777507781982, 0.700909435749054, 0.7023035883903503, 0.7034697532653809, 0.6972614526748657, 0.6993899345397949, 0.6946992874145508, 0.7030377388000488, 0.6827267408370972, 0.7039911150932312, 0.6902417540550232, 0.6808221340179443, 0.6875127553939819, 0.6939176321029663, 0.6917299032211304, 0.6930019855499268, 0.6925311088562012, 0.6857620477676392, 0.6912428736686707, 0.6960042715072632, 0.6863282918930054, 0.698899507522583, 0.6956355571746826, 0.695536196231842, 0.6951279640197754, 0.7065881490707397, 0.7106297612190247, 0.6878500580787659, 0.6917650699615479, 0.7084564566612244, 0.6940727233886719, 0.7045978903770447, 0.6922927498817444, 0.7012162208557129, 0.6873372793197632, 0.6988733410835266, 0.7042930126190186, 0.6966090798377991, 0.7028364539146423, 0.6963493824005127, 0.6963780522346497, 0.6941577792167664, 0.7189858555793762, 0.6998689770698547, 0.707718014717102, 0.7021633386611938, 0.7016150951385498, 0.7085018157958984, 0.6997812986373901, 0.699917197227478, 0.7008969783782959, 0.7122392654418945, 0.7051329612731934, 0.709369957447052, 0.700605571269989, 0.7101594805717468, 0.7047612071037292, 0.7043160200119019, 0.7102705240249634, 0.7036992311477661, 0.720668613910675, 0.7098917961120605, 0.7048147320747375, 0.7221407890319824, 0.7081310749053955, 0.7074650526046753, 0.7195791602134705, 0.7117631435394287, 0.7186266779899597, 0.7142101526260376, 0.7023243308067322],