{"loss": [1.3995274305343628, 1.175671935081482, 1.041081190109253, 0.9441200494766235, 0.8519319891929626, 0.7673620581626892, 0.7085281610488892, 0.6575921177864075, 0.6275754570960999, 0.5873327851295471, 0.5537368655204773, 0.5288295745849609, 0.4910624921321869, 0.4766467809677124, 0.444453626871109, 0.4370593726634979, 0.431456595659256, 0.4029015898704529, 0.4010201096534729, 0.3757988512516022, 0.3655366897583008, 0.3621462285518646, 0.3440234661102295, 0.3317317068576813, 0.3271001875400543, 0.3275943100452423, 0.31685519218444824, 0.3093165159225464, 0.2972504794597626, 0.30406898260116577, 0.2828666567802429, 0.2798369228839874, 0.27327656745910645, 0.2818898856639862, 0.26701119542121887, 0.2698749303817749, 0.25935208797454834, 0.2501036524772644, 0.24337364733219147, 0.2575429081916809, 0.24017983675003052, 0.23310711979866028, 0.22547410428524017, 0.228537917137146, 0.2173353135585785, 0.2212820053100586, 0.21349430084228516, 0.21725210547447205, 0.2090824693441391, 0.2190178632736206, 0.23449741303920746, 0.2044176459312439, 0.20394183695316315, 0.19573518633842468, 0.19453561305999756, 0.1936364769935608, 0.1920987367630005, 0.18411999940872192, 0.1891651451587677, 0.18864679336547852, 0.19677911698818207, 0.18248823285102844, 0.1760478913784027, 0.18687938153743744, 0.17881378531455994, 0.1964101493358612, 0.17491960525512695, 0.19621551036834717, 0.2177618443965912, 0.1707620769739151, 0.16898933053016663, 0.1703006476163864, 0.19527408480644226, 0.1692730039358139, 0.1646161526441574, 0.15988847613334656, 0.16173355281352997, 0.1571883112192154, 0.16483992338180542, 0.1607052981853485, 0.17528897523880005, 0.1566384881734848, 0.1600244641304016, 0.15397478640079498, 0.15286436676979065, 0.14958325028419495, 0.14888134598731995, 0.18925435841083527, 0.16431395709514618, 0.14877399802207947, 0.2376176118850708, 0.16265183687210083, 0.15000490844249725, 0.1458616405725479, 0.14474399387836456, 0.14117863774299622, 0.1397704929113388, 0.14014452695846558, 0.14086313545703888, 0.1468595415353775], "accuracy": [0.5098790526390076, 0.6256048679351807, 0.6546370983123779, 0.6695564389228821, 0.6993951797485352, 0.7334677577018738, 0.7566532492637634, 0.7760080695152283, 0.7881048321723938, 0.8100806474685669, 0.819556474685669, 0.8272177577018738, 0.8419354557991028, 0.842943549156189, 0.8552419543266296, 0.8560484051704407, 0.8548387289047241, 0.8669354915618896, 0.8683467507362366, 0.8796371221542358, 0.8796371221542358, 0.8830645084381104, 0.8885080814361572, 0.8933467864990234, 0.8933467864990234, 0.8951612710952759, 0.8973790407180786, 0.9014112949371338, 0.9020161032676697, 0.9006048440933228, 0.9110887050628662, 0.9086693525314331, 0.9131048321723938, 0.9078629016876221, 0.9159274101257324, 0.9127016067504883, 0.9183467626571655, 0.9215725660324097, 0.9211693406105042, 0.9163306355476379, 0.9239919185638428, 0.9272177219390869, 0.9322580695152283, 0.9286290407180786, 0.9326612949371338, 0.9318548440933228, 0.9358870983123779, 0.9318548440933228, 0.9336693286895752, 0.9302419424057007, 0.9278225898742676, 0.936693549156189, 0.9364919066429138, 0.9393145442008972, 0.9425403475761414, 0.9397177696228027, 0.9425403475761414, 0.944556474685669, 0.9411290287971497, 0.9403225779533386, 0.9375, 0.944556474685669, 0.9447580575942993, 0.9419354796409607, 0.9435483813285828, 0.9362903237342834, 0.9467741847038269, 0.9385080933570862, 0.9328628778457642, 0.9467741847038269, 0.9477822780609131, 0.9465726017951965, 0.9407258033752441, 0.9471774101257324, 0.9489919543266296, 0.9512096643447876, 0.949999988079071, 0.9514113068580627, 0.9504032135009766, 0.9516128897666931, 0.9449597001075745, 0.9514113068580627, 0.9487903118133545, 0.9536290168762207, 0.9556451439857483, 0.9526209831237793, 0.9564515948295593, 0.9419354796409607, 0.9485887289047241, 0.9546371102333069, 0.9221774339675903, 0.9508064389228821, 0.9518145322799683, 0.9542338848114014, 0.9536290168762207, 0.9564515948295593, 0.9580644965171814, 0.9566532373428345, 0.9566532373428345, 0.9526209831237793], "val_loss": [1.2675760984420776, 1.1192032098770142, 1.022751808166504, 0.9358869194984436, 0.8776530623435974, 0.832766056060791, 0.8326922059059143, 0.8149704337120056, 0.8005383610725403, 0.7927722334861755, 0.7900264263153076, 0.816646158695221, 0.8055997490882874, 0.7435120344161987, 0.7608550190925598, 0.7340810894966125, 0.7141945958137512, 0.7281202077865601, 0.7195176482200623, 0.7143903970718384, 0.7626937031745911, 0.702314555644989, 0.6932170987129211, 0.7298505306243896, 0.6871310472488403, 0.7667957544326782, 0.7170578837394714, 0.7087432146072388, 0.704011082649231, 0.6957608461380005, 0.7573329210281372, 0.7028903365135193, 0.7563430070877075, 0.7383998036384583, 0.8025953769683838, 0.7495564222335815, 0.7514469027519226, 0.678622305393219, 0.6785222291946411, 0.808176577091217, 0.706888735294342, 0.7365941405296326, 0.7668641805648804, 0.7598630785942078, 0.7583940625190735, 0.6924586892127991, 0.7534872889518738, 0.7000280022621155, 0.7338112592697144, 0.7322010397911072, 0.7586807012557983, 0.7521617412567139, 0.7361544966697693, 0.7266432642936707, 0.8083703517913818, 0.717917799949646, 0.7569712996482849, 0.7314524054527283, 0.7626771926879883, 0.7696317434310913, 0.7277820706367493, 0.7301589250564575, 0.7386016249656677, 0.7908750176429749, 0.7799959182739258, 0.8487299680709839, 0.7626282572746277, 1.276088833808899, 0.7527065873146057, 0.7606712579727173, 0.7744452953338623, 0.7387510538101196, 0.7706294655799866, 0.7513660788536072, 0.7607461810112, 0.7635008692741394, 0.8101868033409119, 0.8055583238601685, 0.7894339561462402, 0.7912176251411438, 0.760700523853302, 0.8265796303749084, 0.820989191532135, 0.822168231010437, 0.8306450843811035, 0.8435744047164917, 0.8378301858901978, 0.8261268138885498, 0.7666938304901123, 1.0030548572540283, 0.7535809874534607, 0.7341933250427246, 0.7798845767974854, 0.8206827640533447, 0.8198240399360657, 0.8235402703285217, 0.8445612788200378, 0.8644741773605347, 0.9157485365867615, 0.8819074034690857],