{"loss": [1.0298734903335571, 0.6835967898368835, 0.5259636640548706, 0.42267754673957825, 0.34027668833732605, 0.27913883328437805, 0.23246656358242035, 0.20509850978851318, 0.18041561543941498, 0.16178032755851746, 0.1472068876028061, 0.13764336705207825, 0.13120506703853607, 0.12575532495975494, 0.11424008011817932, 0.10322285443544388, 0.09352836012840271, 0.08592503517866135, 0.091897152364254, 0.07766701281070709, 0.08336544781923294, 0.07926441729068756, 0.0658842995762825, 0.0646343007683754, 0.06163103133440018, 0.06270318478345871, 0.07077229768037796, 0.054322145879268646, 0.04793013259768486, 0.052771441638469696, 0.059542711824178696, 0.051709748804569244, 0.041200533509254456, 0.037388380616903305, 0.03881283849477768, 0.0366978645324707, 0.038629405200481415, 0.03068017214536667, 0.04259956255555153, 0.03760619834065437, 0.02935008890926838, 0.02952519990503788, 0.031686920672655106, 0.04214976727962494, 0.030026409775018692, 0.025097021833062172, 0.02302955463528633, 0.021463781595230103, 0.019294749945402145, 0.039554301649332047, 0.03394044563174248, 0.035789817571640015, 0.021189820021390915, 0.017534509301185608, 0.03344130516052246, 0.015783607959747314, 0.016143787652254105, 0.01901048794388771, 0.016841944307088852, 0.014525699429214, 0.013652117922902107, 0.014708476141095161, 0.034389205276966095, 0.01209251955151558, 0.022173671051859856, 0.02326858974993229, 0.030304713174700737, 0.012106746435165405, 0.008356576785445213, 0.007048614788800478, 0.006149110849946737, 0.015446881763637066, 0.03552096709609032, 0.012269989587366581, 0.007734041195362806, 0.00922476314008236, 0.010321463458240032, 0.0392247699201107, 0.032324645668268204, 0.009763186797499657, 0.0057615418918430805, 0.005380893126130104, 0.00458495644852519, 0.003936116583645344, 0.00416584825143218, 0.028488701209425926, 0.050869859755039215, 0.01512068323791027, 0.007831753231585026, 0.006781427189707756, 0.0051244813948869705, 0.004127523861825466, 0.005466444417834282, 0.016637088730931282, 0.01095925085246563, 0.017694702371954918, 0.02165006659924984, 0.0072456360794603825, 0.004707990679889917, 0.0028948599938303232], "accuracy": [0.5927855968475342, 0.7414829730987549, 0.8130260705947876, 0.8561122417449951, 0.8865731358528137, 0.9086172580718994, 0.9268537163734436, 0.9324649572372437, 0.9426853656768799, 0.9494990110397339, 0.9531062245368958, 0.9535070061683655, 0.9581162333488464, 0.9593186378479004, 0.9651302695274353, 0.9663326740264893, 0.9695391058921814, 0.9713426828384399, 0.9683367013931274, 0.9755511283874512, 0.9713426828384399, 0.9731463193893433, 0.979158341884613, 0.9807615280151367, 0.9809619188308716, 0.9797595143318176, 0.9753506779670715, 0.981563150882721, 0.9865731596946716, 0.9835671186447144, 0.9811623096466064, 0.9857715368270874, 0.9875751733779907, 0.9887775778770447, 0.9875751733779907, 0.9899799823760986, 0.9887775778770447, 0.9905811548233032, 0.9883767366409302, 0.9879759550094604, 0.9915831685066223, 0.9903807640075684, 0.9917835593223572, 0.9855711460113525, 0.9911823868751526, 0.9937875866889954, 0.9941883683204651, 0.9951903820037842, 0.9957915544509888, 0.9867735505104065, 0.9887775778770447, 0.988577127456665, 0.9947896003723145, 0.995390772819519, 0.9893787503242493, 0.9967935681343079, 0.9959920048713684, 0.9955911636352539, 0.995390772819519, 0.996593177318573, 0.9973948001861572, 0.9969939589500427, 0.9887775778770447, 0.9971944093704224, 0.9941883683204651, 0.9939879775047302, 0.9903807640075684, 0.997795581817627, 0.9991983771324158, 0.9997996091842651, 0.9997996091842651, 0.9963927865028381, 0.9891783595085144, 0.9973948001861572, 0.9989979863166809, 0.9985972046852112, 0.997795581817627, 0.9867735505104065, 0.9887775778770447, 0.998797595500946, 0.9995992183685303, 0.9997996091842651, 0.9997996091842651, 1.0, 0.9995992183685303, 0.9925851821899414, 0.9843687415122986, 0.9961923956871033, 0.9991983771324158, 0.9991983771324158, 0.9995992183685303, 0.9995992183685303, 0.9989979863166809, 0.9943887591362, 0.9971944093704224, 0.995390772819519, 0.9925851821899414, 0.9985972046852112, 0.9995992183685303, 0.9997996091842651], "val_loss": [0.8287607431411743, 0.677763044834137, 0.5972189903259277, 0.549584686756134, 0.522250771522522, 0.4700240194797516, 0.4588109850883484, 0.47499793767929077, 0.47918763756752014, 0.4419168531894684, 0.4895220696926117, 0.4753025472164154, 0.47922593355178833, 0.48606833815574646, 0.476742148399353, 0.47375673055648804, 0.48241639137268066, 0.5352742075920105, 0.5066905617713928, 0.5605508685112, 0.5449222326278687, 0.4971913695335388, 0.50541090965271, 0.5708531737327576, 0.5424363613128662, 0.5317298173904419, 0.5684816837310791, 0.5462784767150879, 0.5558305978775024, 0.5919398069381714, 0.5804910659790039, 0.5852041840553284, 0.5954053997993469, 0.6023043394088745, 0.6350517272949219, 0.64176344871521, 0.6028035283088684, 0.6396093964576721, 0.6969219446182251, 0.623775064945221, 0.6417489051818848, 0.6553770303726196, 0.662894070148468, 0.6607613563537598, 0.6582457423210144, 0.6262150406837463, 0.6647699475288391, 0.6694255471229553, 0.7040456533432007, 0.7327777743339539, 0.6794978976249695, 0.6486191749572754, 0.6792005300521851, 0.6793193221092224, 0.6681569814682007, 0.6652208566665649, 0.7050328254699707, 0.7172076106071472, 0.7551183700561523, 0.7599343657493591, 0.7574860453605652, 0.739634096622467, 0.7534068822860718, 0.7756341099739075, 0.7562372088432312, 0.8264033198356628, 0.7444140315055847, 0.7542115449905396, 0.742469310760498, 0.7505164742469788, 0.7709526419639587, 0.7984774708747864, 0.7508154511451721, 0.7705122828483582, 0.792908787727356, 0.757621705532074, 0.7865153551101685, 0.8198738098144531, 0.7500200867652893, 0.7393867373466492, 0.7655476927757263, 0.7697573900222778, 0.7940152883529663, 0.8095760345458984, 0.8228654861450195, 0.8467369079589844, 0.7627326250076294, 0.7485219240188599, 0.7794861197471619, 0.7545498013496399, 0.7773521542549133, 0.7902593016624451, 0.8118624687194824, 0.7816730737686157, 0.8140398263931274, 0.7766289710998535, 0.7953903079032898, 0.826062798500061, 0.8276176452636719, 0.8406879305839539],