{"loss": [0.7344920635223389, 0.25492244958877563, 0.1627073884010315, 0.13275136053562164, 0.1274099051952362, 0.10085276514291763, 0.08578062057495117, 0.07471499592065811, 0.07282142341136932, 0.06547948718070984, 0.05783611536026001, 0.055364836007356644, 0.05030941590666771, 0.046850427985191345, 0.05597401410341263, 0.04879194125533104, 0.035817358642816544, 0.03977082297205925, 0.03294461965560913, 0.03261016309261322, 0.03392524644732475, 0.03979562968015671, 0.029057512059807777, 0.019484873861074448, 0.025150058791041374, 0.026649003848433495, 0.020019646733999252, 0.01751822605729103, 0.018387215211987495, 0.019687002524733543, 0.011936347931623459, 0.033735401928424835, 0.026547228917479515, 0.012299462221562862, 0.00952557660639286, 0.0059164962731301785, 0.005369446240365505, 0.017438866198062897, 0.017841948196291924, 0.020904898643493652, 0.00717882951721549, 0.0047075822949409485, 0.011718912981450558, 0.007987299002707005, 0.006671753246337175, 0.006762913893908262, 0.004679189994931221, 0.003932227846235037, 0.009154616855084896, 0.009469004347920418, 0.025425655767321587, 0.04000566154718399, 0.015339985489845276, 0.006751955486834049, 0.004628077615052462, 0.006697183940559626, 0.002690472174435854, 0.001285791047848761, 0.0011453214101493359, 0.0009416848188266158, 0.0007105049444362521, 0.0006455435650423169, 0.0005628851358778775, 0.0005025498103350401, 0.00047402532072737813, 0.00042050835327245295, 0.0007379858288913965, 0.039946265518665314, 0.04412315785884857, 0.021593250334262848, 0.010614817962050438, 0.005402163602411747, 0.0022637785878032446, 0.0013812232064083219, 0.0010193355847150087, 0.0015368961030617356, 0.0012203279184177518, 0.0018523300532251596, 0.0006832294166088104, 0.0005381340743042529, 0.00040682818507775664, 0.00037252114270813763, 0.0003756147052627057, 0.0003048730723094195, 0.0002805957046803087, 0.0002715095761232078, 0.01340691838413477, 0.04487170651555061, 0.013609361834824085, 0.005765941459685564, 0.0024881502613425255, 0.0011989299673587084, 0.0008689083624631166, 0.00218404084444046, 0.0006130245164968073, 0.0004978800425305963, 0.0004109439323656261, 0.00041474084719084203, 0.00031103004585020244, 0.00027779280208051205], "accuracy": [0.7016128897666931, 0.9086693525314331, 0.9407258033752441, 0.9512096643447876, 0.9528225660324097, 0.9649193286895752, 0.9691532254219055, 0.9711693525314331, 0.9717742204666138, 0.9739919304847717, 0.9776209592819214, 0.978225827217102, 0.9814516305923462, 0.9824596643447876, 0.9780241847038269, 0.9810484051704407, 0.9868951439857483, 0.9850806593894958, 0.9895161390304565, 0.987500011920929, 0.9864919185638428, 0.9852822422981262, 0.9901209473609924, 0.9935483932495117, 0.9911290407180786, 0.989112913608551, 0.9919354915618896, 0.9945564270019531, 0.9939516186714172, 0.9943548440933228, 0.9979838728904724, 0.9895161390304565, 0.9899193644523621, 0.9959677457809448, 0.9973790049552917, 0.999193549156189, 0.999193549156189, 0.9943548440933228, 0.9935483932495117, 0.9935483932495117, 0.9987903237342834, 0.9995967745780945, 0.9951612949371338, 0.9977822303771973, 0.9979838728904724, 0.9981854557991028, 0.9995967745780945, 0.9993951320648193, 0.9973790049552917, 0.9971774220466614, 0.9919354915618896, 0.9862903356552124, 0.9953628778457642, 0.9981854557991028, 0.9985886812210083, 0.9975806474685669, 0.9995967745780945, 1.0, 1.0, 1.0, 1.0, 1.0, 1.0, 1.0, 1.0, 1.0, 1.0, 0.9881048202514648, 0.9848790168762207, 0.9925402998924255, 0.9961693286895752, 0.9989919066429138, 0.9995967745780945, 0.9997983574867249, 1.0, 0.9997983574867249, 0.9995967745780945, 0.9995967745780945, 1.0, 1.0, 1.0, 1.0, 1.0, 1.0, 1.0, 1.0, 0.9953628778457642, 0.9840725660324097, 0.9947580695152283, 0.9985886812210083, 0.9993951320648193, 1.0, 1.0, 0.9993951320648193, 1.0, 1.0, 1.0, 1.0, 1.0, 1.0], "val_loss": [0.5005650520324707, 0.4019944965839386, 0.39416638016700745, 0.4463142156600952, 0.35951077938079834, 0.39171087741851807, 0.33481842279434204, 0.37696224451065063, 0.3998037874698639, 0.39891454577445984, 0.4943648874759674, 0.42767369747161865, 0.47297900915145874, 0.5382463335990906, 0.48330092430114746, 0.4892004728317261, 0.49256443977355957, 0.5054708123207092, 0.6427561044692993, 0.6413182616233826, 0.648474395275116, 0.5156288146972656, 0.5639381408691406, 0.6121412515640259, 0.6033273339271545, 0.6281655430793762, 0.7097271084785461, 0.666362464427948, 0.765313446521759, 0.796129047870636, 0.7196176052093506, 0.6230987310409546, 0.6123530864715576, 0.6786783337593079, 0.7100181579589844, 0.6984057426452637, 0.7304668426513672, 0.6833392977714539, 0.7603404521942139, 0.6377835869789124, 0.7243855595588684, 0.7933313250541687, 0.7178449034690857, 0.7288161516189575, 0.6868663430213928, 0.7423890829086304, 0.7336118817329407, 0.7485341429710388, 0.7846259474754333, 0.8293065428733826, 0.8568506240844727, 0.6408935785293579, 0.5759022235870361, 0.562908947467804, 0.5880261659622192, 0.5713472366333008, 0.6146959662437439, 0.5978866219520569, 0.6346120834350586, 0.6596235632896423, 0.6570764780044556, 0.6696418523788452, 0.6888344287872314, 0.690140426158905, 0.7066003680229187, 0.7149839997291565, 0.7350453734397888, 0.853783905506134, 0.628401517868042, 0.5938565731048584, 0.6659295558929443, 0.6643182039260864, 0.6520705223083496, 0.6684018969535828, 0.6747570633888245, 0.6664122939109802, 0.7119580507278442, 0.6929805874824524, 0.693163275718689, 0.7016034126281738, 0.7027168869972229, 0.7151404619216919, 0.7235922813415527, 0.7275884747505188, 0.7449092864990234, 0.7369151711463928, 0.7107428312301636, 0.7077379822731018, 0.7816677093505859, 0.775309681892395, 0.7561443448066711, 0.7656424045562744, 0.7657039761543274, 0.7613040804862976, 0.7662695050239563, 0.7776421904563904, 0.7772104740142822, 0.7886065244674683, 0.7941588163375854, 0.8007389903068542], "val_accuracy": [0.8252016305923462, 0.8627015948295593, 0.8627015948295593, 0.8592742085456848, 0.8747983574867249, 0.8850806355476379, 0.8933467864990234, 0.8812500238418579, 0.8808467984199524, 0.8826612830162048, 0.8580645322799683, 0.875, 0.8731854557991028, 0.8683467507362366, 0.8840726017951965, 0.8772177696228027, 0.8737903237342834, 0.8778225779533386, 0.8500000238418579, 0.8616935610771179, 0.8695564270019531, 0.8770161271095276, 0.8743951320648193, 0.8723790049552917, 0.8697580695152283, 0.8661290407180786, 0.8639112710952759, 0.8651209473609924, 0.8620967864990234, 0.8469758033752441, 0.8667338490486145, 0.8651209473609924, 0.8695564270019531, 0.8675402998924255, 0.8653225898742676, 0.8689516186714172, 0.8645161390304565, 0.8699596524238586, 0.8459677696228027, 0.8719757795333862, 0.86330646276474, 0.8542338609695435, 0.8695564270019531, 0.8661290407180786, 0.8780242204666138, 0.8701612949371338, 0.8731854557991028, 0.8739919066429138, 0.8703628778457642, 0.865524172782898, 0.8594757914543152, 0.8689516186714172, 0.8806451559066772, 0.8852822780609131, 0.8848790526390076, 0.8881048560142517, 0.8814516067504883, 0.8868951797485352, 0.8814516067504883, 0.8814516067504883, 0.8832661509513855, 0.882056474685669, 0.8804435729980469, 0.882056474685669, 0.8812500238418579, 0.8792338967323303, 0.8810483813285828, 0.8451613187789917, 0.8747983574867249, 0.8864919543266296, 0.8778225779533386, 0.8846774101257324, 0.8895161151885986, 0.8895161151885986, 0.8881048560142517, 0.8887096643447876, 0.8842741847038269, 0.8860887289047241, 0.8864919543266296, 0.8883064389228821, 0.8864919543266296, 0.8870967626571655, 0.8864919543266296, 0.8879032135009766, 0.8862903118133545, 0.8872984051704407, 0.8723790049552917, 0.8729838728904724, 0.8745967745780945, 0.8705645203590393, 0.8762096762657166, 0.8776209950447083, 0.8752016425132751, 0.8760080933570862, 0.8752016425132751, 0.8754032254219055, 0.8766129016876221, 0.8756048679351807, 0.8747983574867249, 0.8756048679351807], "training_time": 150.49650192260742, "output_time": 0.08868060111999512}