{"loss": [1.3267022371292114, 1.1006439924240112, 0.9903079867362976, 0.9157531261444092, 0.8543755412101746, 0.8034328818321228, 0.7604264616966248, 0.7252931594848633, 0.6923376321792603, 0.6612990498542786, 0.6333537697792053, 0.6100581288337708, 0.5901355743408203, 0.5684496760368347, 0.5522372722625732, 0.5289174914360046, 0.5064545273780823, 0.4911051094532013, 0.47583624720573425, 0.46147337555885315, 0.4504002034664154, 0.4415588974952698, 0.42462727427482605, 0.41333436965942383, 0.40155428647994995, 0.39438650012016296, 0.38742658495903015, 0.3773247301578522, 0.36418646574020386, 0.361850380897522, 0.3511775732040405, 0.3429323136806488, 0.33703428506851196, 0.3264405131340027, 0.33380600810050964, 0.3192138075828552, 0.31271061301231384, 0.31558018922805786, 0.30198904871940613, 0.29681357741355896, 0.2984951138496399, 0.29310372471809387, 0.2814330458641052, 0.27903515100479126, 0.2795545160770416, 0.2728728652000427, 0.27220162749290466, 0.27267372608184814, 0.26542046666145325, 0.2584686577320099, 0.25919589400291443, 0.25827786326408386, 0.2523374557495117, 0.25026583671569824, 0.249803826212883, 0.2461245208978653, 0.24175667762756348, 0.2416151762008667, 0.23410490155220032, 0.23367354273796082, 0.23205432295799255, 0.23028072714805603, 0.22532153129577637, 0.22455106675624847, 0.22175341844558716, 0.216570645570755, 0.2191154509782791, 0.21677999198436737, 0.21630136668682098, 0.21232445538043976, 0.21077683568000793, 0.20689791440963745, 0.2065540850162506, 0.2000582069158554, 0.20323798060417175, 0.20397481322288513, 0.1956198662519455, 0.19437554478645325, 0.19342049956321716, 0.19338737428188324, 0.19135712087154388, 0.19120077788829803, 0.18701386451721191, 0.18465349078178406, 0.185292586684227, 0.1797633022069931, 0.17879466712474823, 0.20519572496414185, 0.17711381614208221, 0.17726701498031616, 0.1801237016916275, 0.17434683442115784, 0.17176154255867004, 0.17896385490894318, 0.16636860370635986, 0.16697795689105988, 0.1653616577386856, 0.16633597016334534, 0.16146591305732727, 0.1639428436756134], "accuracy": [0.47907906770706177, 0.5467467308044434, 0.5731731653213501, 0.6180180311203003, 0.642642617225647, 0.6682682633399963, 0.6914914846420288, 0.7071071267127991, 0.7197197079658508, 0.7259259223937988, 0.7457457184791565, 0.7573573589324951, 0.7651651501655579, 0.7809810042381287, 0.7889890074729919, 0.7995995879173279, 0.8178178071975708, 0.8190190196037292, 0.828228235244751, 0.8394394516944885, 0.840640664100647, 0.8446446657180786, 0.8518518805503845, 0.8512512445449829, 0.8606606721878052, 0.8606606721878052, 0.8634634613990784, 0.8656656742095947, 0.8678678870201111, 0.8676676750183105, 0.8768768906593323, 0.878478467464447, 0.8776776790618896, 0.8848848938941956, 0.8810811042785645, 0.8868868947029114, 0.8864864706993103, 0.8890891075134277, 0.8926926851272583, 0.8946946859359741, 0.8932933211326599, 0.8946946859359741, 0.8980981111526489, 0.901501476764679, 0.9029029011726379, 0.9043043255805969, 0.9069069027900696, 0.9043043255805969, 0.9087086915969849, 0.9099099040031433, 0.9089089035987854, 0.9087086915969849, 0.9141141176223755, 0.9131131172180176, 0.9099099040031433, 0.9111111164093018, 0.9183183312416077, 0.914314329624176, 0.9211211204528809, 0.9197196960449219, 0.918718695640564, 0.9199199080467224, 0.9207206964492798, 0.920120120048523, 0.9211211204528809, 0.9247246980667114, 0.9251251220703125, 0.9237236976623535, 0.9213213324546814, 0.9269269108772278, 0.9291291236877441, 0.9293293356895447, 0.9287286996841431, 0.932532548904419, 0.9289289116859436, 0.925325334072113, 0.9317317605018616, 0.9323323369026184, 0.93113112449646, 0.9327327609062195, 0.9329329133033752, 0.929729700088501, 0.9351351261138916, 0.9353353381156921, 0.9349349141120911, 0.9357357621192932, 0.9337337613105774, 0.9275275468826294, 0.9383383393287659, 0.9369369149208069, 0.9347347617149353, 0.937737762928009, 0.9403403401374817, 0.937337338924408, 0.9407407641410828, 0.9405405521392822, 0.9431431293487549, 0.9397397637367249, 0.9415415525436401, 0.942542552947998], "val_loss": [1.1887015104293823, 1.0717986822128296, 0.9962889552116394, 0.9358471035957336, 0.9086206555366516, 0.8748897314071655, 0.8853330016136169, 0.8176224827766418, 0.8117613196372986, 0.7992874979972839, 0.7965109348297119, 0.7911562919616699, 0.7566370964050293, 0.7529404163360596, 0.7383175492286682, 0.7295919060707092, 0.7315418720245361, 0.7109357118606567, 0.7146716117858887, 0.690498411655426, 0.7070097327232361, 0.6849668025970459, 0.6790096759796143, 0.6785008907318115, 0.6596801280975342, 0.6653227806091309, 0.6559037566184998, 0.6551511883735657, 0.6739830374717712, 0.6420207023620605, 0.6331846117973328, 0.6337425112724304, 0.6272488236427307, 0.6278945207595825, 0.6178619265556335, 0.632167637348175, 0.6491106748580933, 0.6270235776901245, 0.6255286335945129, 0.6223588585853577, 0.6187191605567932, 0.6089528203010559, 0.637272298336029, 0.636626124382019, 0.6269059777259827, 0.613364577293396, 0.6142575144767761, 0.63097083568573, 0.6102716326713562, 0.6294000744819641, 0.6179105639457703, 0.6151034235954285, 0.6012052893638611, 0.6143296360969543, 0.6234346628189087, 0.6066790223121643, 0.6150307655334473, 0.6147899031639099, 0.6138447523117065, 0.6147714257240295, 0.6164296865463257, 0.6269015073776245, 0.6201872229576111, 0.6189552545547485, 0.6089321970939636, 0.6098737716674805, 0.62019282579422, 0.6077172160148621, 0.6247408390045166, 0.6201227903366089, 0.6189644932746887, 0.6321607232093811, 0.6468525528907776, 0.6402237415313721, 0.638282299041748, 0.6253365874290466, 0.6312495470046997, 0.6342887878417969, 0.6327996253967285, 0.6273137927055359, 0.6496033072471619, 0.6530776619911194, 0.6569735407829285, 0.6557965874671936, 0.6893041133880615, 0.6644194722175598, 0.64616459608078, 0.6485409140586853, 0.680218517780304, 0.6793382167816162, 0.6604947447776794, 0.6581881642341614, 0.6651729941368103, 0.6720541715621948, 0.677047848701477, 0.6652286648750305, 0.700140118598938, 0.6485000252723694, 0.6718786358833313, 0.6794695854187012],