{"loss": [1.1499031782150269, 0.9202966094017029, 0.828572154045105, 0.7597182989120483, 0.7076230049133301, 0.6724597811698914, 0.6369615197181702, 0.6121575236320496, 0.5941143035888672, 0.5658761262893677, 0.5488792657852173, 0.532238781452179, 0.51621413230896, 0.5006685853004456, 0.48958393931388855, 0.4775114953517914, 0.45771026611328125, 0.44310757517814636, 0.44308748841285706, 0.4223119914531708, 0.4230913519859314, 0.4075610041618347, 0.39372023940086365, 0.38972020149230957, 0.3843386173248291, 0.38161519169807434, 0.36678367853164673, 0.36616960167884827, 0.35338276624679565, 0.3506913185119629, 0.3409329950809479, 0.3357163369655609, 0.33457455039024353, 0.3260106146335602, 0.32097116112709045, 0.31219685077667236, 0.3090784549713135, 0.3018413484096527, 0.3001942038536072, 0.30374106764793396, 0.28918588161468506, 0.2952089011669159, 0.29456308484077454, 0.27986621856689453, 0.2773233950138092, 0.2714585065841675, 0.2673177421092987, 0.2683957815170288, 0.2683163285255432, 0.25967201590538025, 0.2658136487007141, 0.2577385902404785, 0.2533445954322815, 0.25396835803985596, 0.2442881017923355, 0.24013273417949677, 0.23803573846817017, 0.23966579139232635, 0.23492801189422607, 0.22789083421230316, 0.22713427245616913, 0.23023156821727753, 0.22833575308322906, 0.22377552092075348, 0.21563799679279327, 0.21327969431877136, 0.2134750783443451, 0.2085782289505005, 0.2110900580883026, 0.21564406156539917, 0.20640714466571808, 0.2093634158372879, 0.20015546679496765, 0.1951041966676712, 0.1969226896762848, 0.18957655131816864, 0.1965721994638443, 0.1981755644083023, 0.18394067883491516, 0.19864995777606964, 0.18441398441791534, 0.1793304979801178, 0.18193447589874268, 0.17876766622066498, 0.18305328488349915, 0.17375124990940094, 0.17272602021694183, 0.17177078127861023, 0.17588520050048828, 0.1689128875732422, 0.16917407512664795, 0.1714424192905426, 0.17606614530086517, 0.16593322157859802, 0.16336533427238464, 0.16091209650039673, 0.1600005179643631, 0.15908639132976532, 0.15291889011859894, 0.15133428573608398], "accuracy": [0.5141084790229797, 0.5963578224182129, 0.6389833688735962, 0.6780068278312683, 0.6986191868782043, 0.7152291536331177, 0.737042248249054, 0.7450470328330994, 0.7508504986763, 0.7648589015007019, 0.7768661379814148, 0.7856714129447937, 0.7926756143569946, 0.804082453250885, 0.802481472492218, 0.8112867474555969, 0.8202921748161316, 0.8276966214179993, 0.8304982781410217, 0.8359015583992004, 0.8363018035888672, 0.8379027247428894, 0.8459075689315796, 0.8519111275672913, 0.8547128438949585, 0.8543125987052917, 0.8601160645484924, 0.8585150837898254, 0.8659195303916931, 0.8667200207710266, 0.8691214919090271, 0.8739243745803833, 0.8735241293907166, 0.8789273500442505, 0.8819291591644287, 0.8845307230949402, 0.8841304779052734, 0.8885331153869629, 0.8893336057662964, 0.8869321346282959, 0.8955373167991638, 0.8873323798179626, 0.8885331153869629, 0.898739218711853, 0.8963378071784973, 0.896938145160675, 0.9041424989700317, 0.9009405374526978, 0.9015409350395203, 0.9065439105033875, 0.90034019947052, 0.907344400882721, 0.9047428369522095, 0.905743420124054, 0.9111467003822327, 0.9135481119155884, 0.9109465479850769, 0.9085451364517212, 0.9129477739334106, 0.9145487546920776, 0.9229537844657898, 0.9119471907615662, 0.9171503186225891, 0.9183509945869446, 0.922553539276123, 0.9193516373634338, 0.9231538772583008, 0.9235541224479675, 0.9235541224479675, 0.9213528037071228, 0.9237542748451233, 0.922753632068634, 0.9269561767578125, 0.9317590594291687, 0.9269561767578125, 0.9283570051193237, 0.927956759929657, 0.926155686378479, 0.9325595498085022, 0.9233540296554565, 0.9321593046188354, 0.9365619421005249, 0.9355613589286804, 0.9343606233596802, 0.9331598877906799, 0.9379627704620361, 0.9391635060310364, 0.9389633536338806, 0.9359616041183472, 0.9383630156517029, 0.9387632608413696, 0.9353612065315247, 0.9379627704620361, 0.9377626776695251, 0.9425655603408813, 0.9425655603408813, 0.9395637512207031, 0.9435661435127258, 0.9469681978225708, 0.9461677074432373], "val_loss": [1.0015994310379028, 0.9040612578392029, 0.8491120338439941, 0.8168123364448547, 0.7756524682044983, 0.7644791603088379, 0.7563093900680542, 0.7339503765106201, 0.7390137314796448, 0.69984370470047, 0.7068488001823425, 0.6982380151748657, 0.6769648194313049, 0.705022394657135, 0.6835189461708069, 0.67494136095047, 0.6598615646362305, 0.6532459259033203, 0.6468996405601501, 0.6500938534736633, 0.644189178943634, 0.6609508991241455, 0.6493749022483826, 0.6479266881942749, 0.6354041695594788, 0.6583989858627319, 0.6431900858879089, 0.6429982781410217, 0.6509275436401367, 0.6360108256340027, 0.6331887245178223, 0.6722745895385742, 0.6488450765609741, 0.6731066703796387, 0.6467762589454651, 0.6472101807594299, 0.6467104554176331, 0.6466819047927856, 0.6730400323867798, 0.6715887188911438, 0.6444841027259827, 0.649631679058075, 0.6512765288352966, 0.6461551189422607, 0.656653881072998, 0.6773965358734131, 0.6704716086387634, 0.6591158509254456, 0.6543627977371216, 0.6529362201690674, 0.6896832585334778, 0.6849942207336426, 0.670482337474823, 0.6749584674835205, 0.6794707775115967, 0.7067164778709412, 0.6834856271743774, 0.6986643671989441, 0.6979863047599792, 0.7057731747627258, 0.7166857123374939, 0.7071460485458374, 0.7278439998626709, 0.7024613618850708, 0.7102435827255249, 0.7024800777435303, 0.7012248039245605, 0.7135946750640869, 0.7209620475769043, 0.7255333662033081, 0.722935140132904, 0.7175976634025574, 0.7252746820449829, 0.7582269310951233, 0.7386103272438049, 0.787128210067749, 0.750518798828125, 0.755891740322113, 0.7907636165618896, 0.7410969734191895, 0.7547709345817566, 0.7354183197021484, 0.7501494288444519, 0.7768600583076477, 0.763131856918335, 0.7641184329986572, 0.7749515175819397, 0.7752916216850281, 0.7901923060417175, 0.7925217747688293, 0.789456844329834, 0.7758384943008423, 0.7926583886146545, 0.7794929146766663, 0.8102811574935913, 0.8092254996299744, 0.7827509641647339, 0.7969660758972168, 0.7825129628181458, 0.7842475175857544],