{"loss": [1.309065580368042, 1.118049144744873, 1.0235319137573242, 0.9600036144256592, 0.9140151143074036, 0.8777524828910828, 0.8472949266433716, 0.821077287197113, 0.7971009016036987, 0.7772557735443115, 0.758972704410553, 0.7417912483215332, 0.7260914444923401, 0.7099337577819824, 0.6971600651741028, 0.6824387907981873, 0.6731317043304443, 0.6611682772636414, 0.6510606408119202, 0.6405361890792847, 0.632655680179596, 0.6230664849281311, 0.6137956380844116, 0.6066926717758179, 0.5986250042915344, 0.5900814533233643, 0.5826302170753479, 0.5760380029678345, 0.5701925754547119, 0.5640203952789307, 0.5584697127342224, 0.5533161163330078, 0.5475309491157532, 0.5424951314926147, 0.5378443002700806, 0.5316531658172607, 0.527775228023529, 0.5232303738594055, 0.5192546248435974, 0.5137339234352112, 0.5097047686576843, 0.5044947266578674, 0.5013934373855591, 0.4967702031135559, 0.49336057901382446, 0.4900120198726654, 0.48730000853538513, 0.48084959387779236, 0.48036324977874756, 0.47597166895866394, 0.47197335958480835, 0.4697490334510803, 0.46850648522377014, 0.4639964699745178, 0.4633980393409729, 0.45911282300949097, 0.4570619761943817, 0.4536832273006439, 0.4505298137664795, 0.4520571529865265, 0.4472774565219879, 0.44420892000198364, 0.4408018887042999, 0.44073325395584106, 0.4364558458328247, 0.4364006519317627, 0.43453890085220337, 0.43101316690444946, 0.4312567114830017, 0.42803117632865906, 0.4253653585910797, 0.42346516251564026, 0.4214728772640228, 0.41868647933006287, 0.41809237003326416, 0.4158746898174286, 0.4148060977458954, 0.41413429379463196, 0.4145698845386505, 0.40863946080207825, 0.40828537940979004, 0.40619543194770813, 0.4035368263721466, 0.4025556147098541, 0.39941781759262085, 0.4006058871746063, 0.39855509996414185, 0.39735162258148193, 0.3953390419483185, 0.39507442712783813, 0.3923855423927307, 0.3931858539581299, 0.3894694447517395, 0.38877642154693604, 0.3852478563785553, 0.38423460721969604, 0.38388460874557495, 0.38168975710868835, 0.38077691197395325, 0.3807719945907593], "accuracy": [0.46729347109794617, 0.5393078327178955, 0.5655130743980408, 0.5829165577888489, 0.5971194505691528, 0.6119223833084106, 0.6181236505508423, 0.6325265169143677, 0.6417283415794373, 0.6537307500839233, 0.6711342334747314, 0.6771354079246521, 0.6935387253761292, 0.7037407755851746, 0.7081416249275208, 0.7163432836532593, 0.7167433500289917, 0.7259451746940613, 0.7307461500167847, 0.7359471917152405, 0.7415482997894287, 0.7477495670318604, 0.7519503831863403, 0.7603520750999451, 0.758151650428772, 0.7663532495498657, 0.7651530504226685, 0.7693538665771484, 0.7727545499801636, 0.7799559831619263, 0.7771554589271545, 0.7813562750816345, 0.7837567329406738, 0.7891578078269958, 0.7901580333709717, 0.7929586172103882, 0.7947589755058289, 0.7975594997406006, 0.7971594333648682, 0.7961592078208923, 0.8003600835800171, 0.803560733795166, 0.8055611252784729, 0.8097619414329529, 0.8073614835739136, 0.807761549949646, 0.8115622997283936, 0.8155631422996521, 0.8107621669769287, 0.8163632750511169, 0.8141628503799438, 0.8179636001586914, 0.8219643831253052, 0.81856369972229, 0.821764349937439, 0.8225645422935486, 0.8215643167495728, 0.821764349937439, 0.8265653252601624, 0.8235647082328796, 0.8249650001525879, 0.8275654911994934, 0.8289657831192017, 0.8319664001464844, 0.8313663005828857, 0.8307661414146423, 0.8285657167434692, 0.8333666920661926, 0.833766758441925, 0.8335667252540588, 0.8387677669525146, 0.8363672494888306, 0.8373674750328064, 0.8365673422813416, 0.8389678001403809, 0.8405681252479553, 0.8373674750328064, 0.8387677669525146, 0.8367673754692078, 0.8437687754631042, 0.8429685831069946, 0.8429685831069946, 0.8447689414024353, 0.8449689745903015, 0.8455691337585449, 0.8471694588661194, 0.8443688750267029, 0.8457691669464111, 0.8491698503494263, 0.8451690077781677, 0.8483696579933167, 0.8487697243690491, 0.8493698835372925, 0.8529706001281738, 0.8523705005645752, 0.8549709916114807, 0.856371283531189, 0.8511702418327332, 0.8541708588600159, 0.8513702750205994], "val_loss": [1.1911898851394653, 1.084441065788269, 1.0138013362884521, 0.9619577527046204, 0.9318150877952576, 0.9029410481452942, 0.8854646682739258, 0.8695178627967834, 0.8503237962722778, 0.8342336416244507, 0.8259495496749878, 0.8184043765068054, 0.8057504296302795, 0.7940217852592468, 0.7807972431182861, 0.7780241370201111, 0.7723540663719177, 0.766739010810852, 0.7585201263427734, 0.7527561783790588, 0.7494153380393982, 0.7385991215705872, 0.7407790422439575, 0.7335302233695984, 0.7297272682189941, 0.7244710922241211, 0.7204053401947021, 0.7241562604904175, 0.7114237546920776, 0.7119823694229126, 0.7065449953079224, 0.7057805061340332, 0.7031996250152588, 0.701426088809967, 0.6939332485198975, 0.7016137838363647, 0.6939923167228699, 0.7020487189292908, 0.6872669458389282, 0.6906640529632568, 0.6931138038635254, 0.6832003593444824, 0.6843085885047913, 0.6800767183303833, 0.6769576072692871, 0.6879876852035522, 0.6715067028999329, 0.6817789673805237, 0.6747936010360718, 0.6711485981941223, 0.6664230227470398, 0.6781581044197083, 0.6707206964492798, 0.669054388999939, 0.6716809868812561, 0.673567533493042, 0.6629586815834045, 0.6679583191871643, 0.6680832505226135, 0.6632754802703857, 0.6624269485473633, 0.6671597957611084, 0.6639426350593567, 0.6672515869140625, 0.6749643683433533, 0.6646397113800049, 0.6617201566696167, 0.6623027920722961, 0.6634773015975952, 0.6579852104187012, 0.6624704599380493, 0.6641027927398682, 0.6587797999382019, 0.6668893098831177, 0.6643511056900024, 0.6702669262886047, 0.6673003435134888, 0.6628919243812561, 0.6633742451667786, 0.658613383769989, 0.6565449237823486, 0.6650170087814331, 0.6621524691581726, 0.6635774374008179, 0.6586628556251526, 0.6605879068374634, 0.6697938442230225, 0.6574689745903015, 0.6645094752311707, 0.6617356538772583, 0.6594337821006775, 0.6625991463661194, 0.6634845733642578, 0.652001678943634, 0.6632845401763916, 0.6600338816642761, 0.6651337146759033, 0.6605716943740845, 0.6796493530273438, 0.6784632802009583],