{"loss": [1.1880896091461182, 0.9412662386894226, 0.8191612958908081, 0.7266177535057068, 0.6565242409706116, 0.6003633141517639, 0.5511107444763184, 0.5139766335487366, 0.4825964868068695, 0.45344996452331543, 0.43374964594841003, 0.41206780076026917, 0.3881942331790924, 0.3691353499889374, 0.35737308859825134, 0.34589892625808716, 0.3283904790878296, 0.31614288687705994, 0.312754362821579, 0.29537591338157654, 0.2856796085834503, 0.2770106792449951, 0.26849091053009033, 0.26188233494758606, 0.2534935772418976, 0.2490442544221878, 0.23587270081043243, 0.23482678830623627, 0.22582204639911652, 0.22766602039337158, 0.21263059973716736, 0.21484526991844177, 0.20585136115550995, 0.19855614006519318, 0.19747206568717957, 0.19112597405910492, 0.18560652434825897, 0.18201659619808197, 0.18082498013973236, 0.17870575189590454, 0.1701333373785019, 0.1688142567873001, 0.1735948622226715, 0.1625298410654068, 0.1581553965806961, 0.15208575129508972, 0.15258969366550446, 0.14647214114665985, 0.15063832700252533, 0.1499180942773819, 0.142918199300766, 0.14101943373680115, 0.14011649787425995, 0.1323021948337555, 0.1301938146352768, 0.12438147515058517, 0.12022198736667633, 0.12283556908369064, 0.12789252400398254, 0.12129426002502441, 0.12030907720327377, 0.11137095093727112, 0.11529502272605896, 0.10938327014446259, 0.1049606204032898, 0.10599252581596375, 0.10148559510707855, 0.10042143613100052, 0.0992613285779953, 0.10050607472658157, 0.09316100925207138, 0.09561153501272202, 0.08855093270540237, 0.09781112521886826, 0.09050624817609787, 0.09107295423746109, 0.0827210396528244, 0.08517171442508698, 0.08121325820684433, 0.08035113662481308, 0.07762610167264938, 0.07591519504785538, 0.0750344842672348, 0.07241404056549072, 0.07043728232383728, 0.06967317312955856, 0.07187609374523163, 0.0682193860411644, 0.07307585328817368, 0.06651391088962555, 0.06793393194675446, 0.059264007955789566, 0.0631990060210228, 0.06248713657259941, 0.07578940689563751, 0.06103895604610443, 0.0537005290389061, 0.05494622513651848, 0.053090889006853104, 0.05969619378447533], "accuracy": [0.49489694833755493, 0.5861517190933228, 0.6445867419242859, 0.6906143426895142, 0.7272363305091858, 0.7588553428649902, 0.7842705845832825, 0.7946767807006836, 0.8168901205062866, 0.8278967142105103, 0.8351010680198669, 0.8445066809654236, 0.855713427066803, 0.8659195303916931, 0.8665199279785156, 0.8759255409240723, 0.8821292519569397, 0.8869321346282959, 0.8877326250076294, 0.8925355076789856, 0.898539125919342, 0.903942346572876, 0.9065439105033875, 0.9049429893493652, 0.9125475287437439, 0.9109465479850769, 0.9161496758460999, 0.9163498282432556, 0.924554705619812, 0.9173504114151001, 0.9257554411888123, 0.922753632068634, 0.9255553483963013, 0.9333600401878357, 0.931358814239502, 0.9309585690498352, 0.9339603781700134, 0.9357614517211914, 0.9339603781700134, 0.932959794998169, 0.9399639964103699, 0.9391635060310364, 0.9363617897033691, 0.9449669718742371, 0.9433659911155701, 0.948369026184082, 0.9455673694610596, 0.948369026184082, 0.946567952632904, 0.9447668790817261, 0.9477686882019043, 0.9511706829071045, 0.9481688737869263, 0.9551730751991272, 0.9547728896141052, 0.9571743011474609, 0.9587752819061279, 0.95697420835495, 0.9547728896141052, 0.9591755270957947, 0.9591755270957947, 0.9617770910263062, 0.9595757722854614, 0.9627776741981506, 0.9627776741981506, 0.9657794833183289, 0.9651790857315063, 0.9659795761108398, 0.9659795761108398, 0.9655793309211731, 0.9693816304206848, 0.9681808948516846, 0.9689813852310181, 0.9657794833183289, 0.9693816304206848, 0.9685811400413513, 0.9751850962638855, 0.9727836847305298, 0.974184513092041, 0.9751850962638855, 0.9729837775230408, 0.9751850962638855, 0.9761857390403748, 0.9773864150047302, 0.9779868125915527, 0.9771863222122192, 0.975985586643219, 0.9797878861427307, 0.9755853414535522, 0.9801881313323975, 0.9785871505737305, 0.9847908616065979, 0.979387640953064, 0.9803882241249084, 0.9735841751098633, 0.9797878861427307, 0.9833900332450867, 0.9833900332450867, 0.9835901260375977, 0.9807884693145752], "val_loss": [1.0307873487472534, 0.9049323201179504, 0.822942316532135, 0.7642168998718262, 0.7268886566162109, 0.6968575716018677, 0.6958906054496765, 0.6694999933242798, 0.6493715643882751, 0.6272551417350769, 0.6412736177444458, 0.6177300810813904, 0.6020536422729492, 0.6271407604217529, 0.6280573010444641, 0.5957056283950806, 0.5982025265693665, 0.594674825668335, 0.5894482731819153, 0.5889274477958679, 0.5787988901138306, 0.5850370526313782, 0.5882574915885925, 0.5819083452224731, 0.578892171382904, 0.5806366801261902, 0.5869879126548767, 0.5942243337631226, 0.5948817729949951, 0.593701958656311, 0.5921457409858704, 0.5933066606521606, 0.60480135679245, 0.5984283685684204, 0.6004259586334229, 0.59909987449646, 0.6118974685668945, 0.6083931922912598, 0.6001549363136292, 0.6163538694381714, 0.6085917353630066, 0.6302361488342285, 0.6247560381889343, 0.628231942653656, 0.6253450512886047, 0.6556212306022644, 0.6426665782928467, 0.6425557136535645, 0.6548405289649963, 0.6481785774230957, 0.6424979567527771, 0.6514081358909607, 0.6581124663352966, 0.6593301892280579, 0.671721339225769, 0.6805760860443115, 0.6771444082260132, 0.7039174437522888, 0.7026989459991455, 0.6810362339019775, 0.6917712688446045, 0.708014190196991, 0.69878751039505, 0.699131190776825, 0.7117428183555603, 0.7123149633407593, 0.7081055641174316, 0.7174330353736877, 0.7361921668052673, 0.7309536933898926, 0.7263118624687195, 0.7435954213142395, 0.7784721255302429, 0.7554395794868469, 0.7561390399932861, 0.7601494193077087, 0.7587393522262573, 0.7691453695297241, 0.798693835735321, 0.7765441536903381, 0.7902035117149353, 0.7682711482048035, 0.7898687720298767, 0.8329247832298279, 0.8324854969978333, 0.8252593874931335, 0.8269191980361938, 0.8291523456573486, 0.8232646584510803, 0.8388881087303162, 0.8246066570281982, 0.8049871325492859, 0.8392984867095947, 0.8799154758453369, 0.8587291240692139, 0.8497739434242249, 0.8499136567115784, 0.8650638461112976, 0.8621697425842285, 0.8648767471313477],