{"loss": [1.4145619869232178, 1.1511626243591309, 1.051501750946045, 0.9892377257347107, 0.9403266310691833, 0.898807168006897, 0.8717076778411865, 0.8466324806213379, 0.8236742615699768, 0.8034722805023193, 0.7849361896514893, 0.7712346911430359, 0.7538803219795227, 0.7332561612129211, 0.7204260230064392, 0.6956279873847961, 0.6864242553710938, 0.6785361170768738, 0.662643313407898, 0.6552411913871765, 0.6381136178970337, 0.6225904822349548, 0.6109001636505127, 0.6121717095375061, 0.6103610396385193, 0.6051806807518005, 0.5991166234016418, 0.5761434435844421, 0.5674033761024475, 0.5813527703285217, 0.5599302649497986, 0.5567726492881775, 0.5591703057289124, 0.5501390695571899, 0.549826979637146, 0.5299432277679443, 0.5483922362327576, 0.5484501123428345, 0.5234782695770264, 0.5279784202575684, 0.5705924034118652, 0.5143595337867737, 0.521604061126709, 0.5276026129722595, 0.5057403445243835, 0.5094058513641357, 0.5034170150756836, 0.5019873380661011, 0.49767056107521057, 0.5066105127334595, 0.4903307557106018, 0.5039446949958801, 0.4900828003883362, 0.4871350824832916, 0.5011507272720337, 0.47075605392456055, 0.4759787321090698, 0.48273369669914246, 0.4709044098854065, 0.4826016128063202, 0.46797722578048706, 0.4637655019760132, 0.46480315923690796, 0.4826067090034485, 0.47954776883125305, 0.45760539174079895, 0.46163034439086914, 0.4572197496891022, 0.4599267542362213, 0.44390740990638733, 0.4626307487487793, 0.4487055838108063, 0.44782373309135437, 0.440018892288208, 0.43654876947402954, 0.4481012225151062, 0.4764431416988373, 0.49085330963134766, 0.4315187633037567, 0.43529239296913147, 0.43130719661712646, 0.4225417375564575, 0.45017337799072266, 0.4250807464122772, 0.4174802601337433, 0.42206814885139465, 0.4610043466091156, 0.4269178509712219, 0.43045106530189514, 0.452156662940979, 0.40912094712257385, 0.40857088565826416, 0.4086019992828369, 0.41225165128707886, 0.4066743552684784, 0.45256704092025757, 0.40631812810897827, 0.397600382566452, 0.40498533844947815, 0.40823450684547424], "accuracy": [0.4445335865020752, 0.5331996083259583, 0.5532597899436951, 0.5749247670173645, 0.5903711318969727, 0.6192577481269836, 0.6320962905883789, 0.6421263813972473, 0.6519558429718018, 0.6645937561988831, 0.6700100302696228, 0.6748244762420654, 0.685255765914917, 0.697091281414032, 0.7017050981521606, 0.711735188961029, 0.7217652797698975, 0.7269809246063232, 0.7400200366973877, 0.7420260906219482, 0.7484453320503235, 0.7564694285392761, 0.7626880407333374, 0.7604814171791077, 0.7604814171791077, 0.7612838745117188, 0.7671012878417969, 0.7743229866027832, 0.7817452549934387, 0.7747241854667664, 0.7869608998298645, 0.7843530774116516, 0.7805415987968445, 0.7879638671875, 0.7859578728675842, 0.7995988130569458, 0.7899699211120605, 0.7903711199760437, 0.8040120601654053, 0.8008024096488953, 0.7815446257591248, 0.8026078343391418, 0.8008024096488953, 0.802808403968811, 0.8078234791755676, 0.8070210814476013, 0.8102306723594666, 0.8124372959136963, 0.8124372959136963, 0.8110330700874329, 0.8130391240119934, 0.8136409521102905, 0.8104313015937805, 0.8180541396141052, 0.8100301027297974, 0.823269784450531, 0.8186559677124023, 0.8152457475662231, 0.823269784450531, 0.8220661878585815, 0.8282848596572876, 0.8274824619293213, 0.8284854292869568, 0.8214644193649292, 0.8270812630653381, 0.8335005044937134, 0.8349047303199768, 0.8318957090377808, 0.8318957090377808, 0.8407221436500549, 0.83209627866745, 0.8417251706123352, 0.8401203751564026, 0.8417251706123352, 0.8417251706123352, 0.8391173481941223, 0.8339017033576965, 0.8198595643043518, 0.8453360199928284, 0.8431293964385986, 0.8457372188568115, 0.8505516648292542, 0.838314950466156, 0.8515546917915344, 0.8577733039855957, 0.8525576591491699, 0.841524600982666, 0.853159487247467, 0.8525576591491699, 0.8393179774284363, 0.8575727343559265, 0.8601805567741394, 0.8579739332199097, 0.8581745028495789, 0.8613841533660889, 0.8461384177207947, 0.8575727343559265, 0.8637913465499878, 0.8599799275398254, 0.8591775298118591], "val_loss": [1.227768898010254, 1.0977859497070312, 1.0413434505462646, 1.0007567405700684, 0.9699192047119141, 0.9547629356384277, 0.9260255098342896, 0.9193660020828247, 0.8992931842803955, 0.9020918011665344, 0.8864575028419495, 0.8889636397361755, 0.8820595741271973, 0.8961737751960754, 0.890008807182312, 0.9195243120193481, 0.8857678771018982, 0.9225006103515625, 0.8983404040336609, 0.889487087726593, 0.9030027389526367, 0.9107781648635864, 0.8860802054405212, 0.8985358476638794, 0.9078039526939392, 0.9270990490913391, 0.9183168411254883, 0.9146296381950378, 0.9112511277198792, 0.91554194688797, 0.9081359505653381, 0.9454822540283203, 0.90826815366745, 0.946031928062439, 0.9320812821388245, 0.9261465072631836, 1.1103196144104004, 0.9466382265090942, 0.9373418092727661, 0.9777514934539795, 0.9350237250328064, 0.9522241353988647, 0.9719181060791016, 0.9405429363250732, 0.9812726378440857, 0.9640859365463257, 0.9591171145439148, 0.94720458984375, 0.9789947867393494, 0.9436906576156616, 0.9614791870117188, 0.9672839045524597, 0.982681930065155, 1.1728123426437378, 0.9661552906036377, 0.9951509833335876, 0.9908254146575928, 1.0204716920852661, 0.9590178728103638, 0.9699440002441406, 0.9719356298446655, 1.0111961364746094, 1.1431889533996582, 1.0107141733169556, 0.9916637539863586, 1.0164846181869507, 0.9922584891319275, 1.0046871900558472, 0.9927778244018555, 1.0109645128250122, 0.9898465871810913, 1.0003658533096313, 0.9875690340995789, 1.0126519203186035, 1.0220646858215332, 1.0319122076034546, 1.4420274496078491, 0.9987889528274536, 1.0456652641296387, 0.9980971217155457, 1.0496009588241577, 1.0794259309768677, 1.060927391052246, 1.011446475982666, 1.0565613508224487, 1.0865209102630615, 1.0471874475479126, 1.0223941802978516, 1.1504937410354614, 1.0513283014297485, 1.0960725545883179, 1.0723254680633545, 1.0869156122207642, 1.079992651939392, 1.13588547706604, 1.0501724481582642, 1.0910720825195312, 1.093480110168457, 1.0542126893997192, 1.1195836067199707],