{"loss": [0.881941556930542, 0.4419262111186981, 0.24963204562664032, 0.17941612005233765, 0.13701359927654266, 0.11569546163082123, 0.10333731025457382, 0.09646163880825043, 0.08921147882938385, 0.07801936566829681, 0.07293469458818436, 0.06190359592437744, 0.06448252499103546, 0.05689757317304611, 0.05259350314736366, 0.06371475011110306, 0.04734790325164795, 0.04799043759703636, 0.04580654948949814, 0.03605227917432785, 0.03861594572663307, 0.03587748482823372, 0.03384816646575928, 0.027363646775484085, 0.027666717767715454, 0.031482234597206116, 0.02527504228055477, 0.020547745749354362, 0.023712903261184692, 0.018391309306025505, 0.03302989527583122, 0.025065690279006958, 0.021454164758324623, 0.02184494212269783, 0.015562768094241619, 0.012971504591405392, 0.011843375861644745, 0.013617525808513165, 0.014239751733839512, 0.018543414771556854, 0.012203088961541653, 0.009168240241706371, 0.006731643807142973, 0.005925221834331751, 0.028597360476851463, 0.011775270104408264, 0.010876026935875416, 0.005961368791759014, 0.005850961897522211, 0.006013308651745319, 0.0069545661099255085, 0.007807883899658918, 0.007610699627548456, 0.004022810608148575, 0.00740658538416028, 0.04703546687960625, 0.019914433360099792, 0.008038930594921112, 0.0034240097738802433, 0.0026505128480494022, 0.001824048231355846, 0.0015655392780900002, 0.012759504839777946, 0.007774487137794495, 0.009797189384698868, 0.0069410791620612144, 0.006024424452334642, 0.002860160544514656, 0.004011540208011866, 0.0034057311713695526, 0.0011508703464642167, 0.018495384603738785, 0.043351396918296814, 0.008970155380666256, 0.007401581387966871, 0.002329544397071004, 0.001663125236518681, 0.00128326250705868, 0.001151971984654665, 0.0008892465266399086, 0.0007480580825358629, 0.0007578905206173658, 0.0007227681926451623, 0.0009905594633892179, 0.006460856180638075, 0.030427636578679085, 0.024536466225981712, 0.01144722942262888, 0.00910722091794014, 0.002477128989994526, 0.002715054200962186, 0.0010975456098094583, 0.0009722465765662491, 0.000706797931343317, 0.0006460238364525139, 0.0005547659238800406, 0.0004864997754339129, 0.00043169010314159095, 0.000443951110355556, 0.045550234615802765], "accuracy": [0.63895583152771, 0.8465863466262817, 0.9180722832679749, 0.9365462064743042, 0.9522088170051575, 0.9594377279281616, 0.9634538292884827, 0.9658634662628174, 0.9678714871406555, 0.9732931852340698, 0.9744979739189148, 0.9781124591827393, 0.9765059947967529, 0.9785140752792358, 0.9811245203018188, 0.9773092269897461, 0.9821285009384155, 0.9815260767936707, 0.9827309250831604, 0.9879518151283264, 0.98574298620224, 0.9871485829353333, 0.9881526231765747, 0.9915662407875061, 0.989558219909668, 0.9877510070800781, 0.9923694729804993, 0.993574321269989, 0.9931727051734924, 0.994779109954834, 0.9917670488357544, 0.9917670488357544, 0.992168664932251, 0.9931727051734924, 0.9949799180030823, 0.9963855147361755, 0.9971887469291687, 0.9957831501960754, 0.9953815340995789, 0.9937751293182373, 0.9965863227844238, 0.9983935952186584, 0.9981927871704102, 0.9991967678070068, 0.9903614521026611, 0.9963855147361755, 0.9965863227844238, 0.9987951517105103, 0.9989959597587585, 0.9987951517105103, 0.9979919791221619, 0.9975903630256653, 0.9977911710739136, 0.9995983839035034, 0.9981927871704102, 0.9845381379127502, 0.9931727051734924, 0.9977911710739136, 0.9997991919517517, 0.9995983839035034, 1.0, 1.0, 0.9957831501960754, 0.9983935952186584, 0.9969879388809204, 0.9975903630256653, 0.9985944032669067, 0.9995983839035034, 0.9989959597587585, 0.9993975758552551, 1.0, 0.9959839582443237, 0.986947774887085, 0.9977911710739136, 0.9975903630256653, 1.0, 1.0, 1.0, 1.0, 1.0, 1.0, 1.0, 1.0, 1.0, 0.9983935952186584, 0.989558219909668, 0.9901606440544128, 0.9959839582443237, 0.996184766292572, 0.9997991919517517, 0.9993975758552551, 0.9997991919517517, 1.0, 1.0, 1.0, 1.0, 1.0, 1.0, 1.0, 0.986947774887085], "val_loss": [0.6650469303131104, 0.46468931436538696, 0.3972952663898468, 0.39226120710372925, 0.38478896021842957, 0.3743424415588379, 0.3860081434249878, 0.3652054965496063, 0.3954330384731293, 0.42613348364830017, 0.3802150785923004, 0.4360029399394989, 0.4322148859500885, 0.5045434236526489, 0.4465031027793884, 0.4716624915599823, 0.4866269826889038, 0.4986429214477539, 0.5290942788124084, 0.5314738154411316, 0.5294514894485474, 0.5426396131515503, 0.5274743437767029, 0.6158343553543091, 0.5731683373451233, 0.6045417189598083, 0.5768958926200867, 0.5920499563217163, 0.5812580585479736, 0.6175808310508728, 0.6068664789199829, 0.6458383798599243, 0.6697940230369568, 0.629621148109436, 0.6713359355926514, 0.7064527273178101, 0.7539403438568115, 0.6651016473770142, 0.7002959847450256, 0.7623811960220337, 0.6800702214241028, 0.7563416957855225, 0.7610952854156494, 0.7749724388122559, 0.6823825836181641, 0.6871781349182129, 0.7486888766288757, 0.7393788695335388, 0.7591363787651062, 0.7850638628005981, 0.7577478289604187, 0.7496227025985718, 0.7655571699142456, 0.8038054704666138, 0.8187063336372375, 0.7120262384414673, 0.7110733389854431, 0.7242607474327087, 0.7394793033599854, 0.751309335231781, 0.7508448958396912, 0.7521663904190063, 0.802827000617981, 0.7480887174606323, 0.7800939679145813, 0.7738580107688904, 0.8140380382537842, 0.8119543194770813, 0.8066679835319519, 0.8206984400749207, 0.8272236585617065, 1.0895285606384277, 0.7662871479988098, 0.774909257888794, 0.7806013226509094, 0.8108049035072327, 0.8125496506690979, 0.8356311917304993, 0.8438851237297058, 0.8474796414375305, 0.8609264492988586, 0.8734158277511597, 0.8674772381782532, 0.9115726351737976, 0.7973976135253906, 0.8154364228248596, 0.8371748924255371, 0.8088250756263733, 0.8871721029281616, 0.8326455354690552, 0.8306393623352051, 0.8534231781959534, 0.8492144346237183, 0.866693913936615, 0.8531956076622009, 0.8684334754943848, 0.8729841113090515, 0.8764815926551819, 0.887102484703064, 0.7643156051635742], "val_accuracy": [0.7337349653244019, 0.833734929561615, 0.8650602698326111, 0.8664658665657043, 0.8692771196365356, 0.8775100111961365, 0.8779116272926331, 0.8787148594856262, 0.8763052225112915, 0.8670682907104492, 0.8803212642669678, 0.877309262752533, 0.8769076466560364, 0.866265058517456, 0.8759036064147949, 0.8748996257781982, 0.8696787357330322, 0.8777108192443848, 0.8660642504692078, 0.8769076466560364, 0.8734939694404602, 0.8666666746139526, 0.8738955855369568, 0.8644578456878662, 0.8696787357330322, 0.8590361475944519, 0.8684738874435425, 0.8646586537361145, 0.8698795437812805, 0.8696787357330322, 0.8670682907104492, 0.8638554215431213, 0.8620482087135315, 0.8690763115882874, 0.8678714632987976, 0.8614457845687866, 0.8582329154014587, 0.8708835244178772, 0.8572289347648621, 0.8564257025718689, 0.8684738874435425, 0.8652610182762146, 0.8656626343727112, 0.8634538054466248, 0.8690763115882874, 0.8742972016334534, 0.8678714632987976, 0.8710843324661255, 0.8730923533439636, 0.8674699068069458, 0.8680722713470459, 0.8698795437812805, 0.8698795437812805, 0.8672690987586975, 0.8638554215431213, 0.8652610182762146, 0.8724899888038635, 0.8781124353408813, 0.8734939694404602, 0.8718875646591187, 0.8765060305595398, 0.8736947774887085, 0.8710843324661255, 0.87530118227005, 0.8720883727073669, 0.8742972016334534, 0.8736947774887085, 0.8716867566108704, 0.8740963935852051, 0.8708835244178772, 0.8710843324661255, 0.8379517793655396, 0.8680722713470459, 0.8724899888038635, 0.8755019903182983, 0.8728915452957153, 0.8738955855369568, 0.8732931613922119, 0.8722891807556152, 0.8718875646591187, 0.8738955855369568, 0.8714859485626221, 0.8720883727073669, 0.8692771196365356, 0.87469881772995, 0.8690763115882874, 0.8686746954917908, 0.8771084547042847, 0.8674699068069458, 0.8771084547042847, 0.8779116272926331, 0.8775100111961365, 0.8771084547042847, 0.8783132433891296, 0.8771084547042847, 0.8765060305595398, 0.8771084547042847, 0.8769076466560364, 0.8748996257781982, 0.8660642504692078], "training_time": 156.43355178833008,