{"loss": [1.0841971635818481, 0.8218534588813782, 0.7157633900642395, 0.6392689943313599, 0.5766558647155762, 0.5345032215118408, 0.4892328381538391, 0.4497179687023163, 0.4246579110622406, 0.3886359632015228, 0.37165817618370056, 0.3459264934062958, 0.32885435223579407, 0.3046192228794098, 0.2939598858356476, 0.2744237780570984, 0.2549465596675873, 0.24859556555747986, 0.24196487665176392, 0.22614921629428864, 0.22697021067142487, 0.21295377612113953, 0.19991382956504822, 0.1964469999074936, 0.19142311811447144, 0.18266290426254272, 0.16948258876800537, 0.1677570939064026, 0.1657431274652481, 0.1562754213809967, 0.14859601855278015, 0.14896062016487122, 0.1390949934720993, 0.12972278892993927, 0.13175296783447266, 0.12690074741840363, 0.12285403162240982, 0.11390069872140884, 0.11532439291477203, 0.11451254040002823, 0.10392246395349503, 0.1016952246427536, 0.10753531008958817, 0.09892222285270691, 0.092300184071064, 0.09193205833435059, 0.0866410881280899, 0.08593247830867767, 0.08429544419050217, 0.08675097674131393, 0.07504748553037643, 0.07661132514476776, 0.07297760248184204, 0.06794428825378418, 0.07087566703557968, 0.06904671341180801, 0.059610724449157715, 0.06134533882141113, 0.06885877251625061, 0.06277834624052048, 0.05433773621916771, 0.050680432468652725, 0.04999610781669617, 0.05430414155125618, 0.05126405879855156, 0.044498540461063385, 0.04473919793963432, 0.04410560429096222, 0.052696581929922104, 0.04547351971268654, 0.03629942610859871, 0.04184387996792793, 0.03586346656084061, 0.038307879120111465, 0.05871579051017761, 0.06693071126937866, 0.03456369787454605, 0.03388948366045952, 0.02708085998892784, 0.03019622154533863, 0.027600431814789772, 0.02430068515241146, 0.025479333475232124, 0.03788953274488449, 0.030136264860630035, 0.031102914363145828, 0.027952319011092186, 0.025353476405143738, 0.044468920677900314, 0.022825589403510094, 0.028839407488703728, 0.018501147627830505, 0.021251099184155464, 0.019718971103429794, 0.024713287129998207, 0.028854165226221085, 0.044596076011657715, 0.02303427644073963, 0.014153880998492241, 0.02012086659669876], "accuracy": [0.5183109641075134, 0.6333800554275513, 0.6908144950866699, 0.728437066078186, 0.7534520626068115, 0.7810686230659485, 0.8100860714912415, 0.8180908560752869, 0.8389033675193787, 0.8517110347747803, 0.85731440782547, 0.8705223202705383, 0.8793275952339172, 0.8885331153869629, 0.8893336057662964, 0.8967380523681641, 0.9067440629005432, 0.9095457196235657, 0.9107464551925659, 0.9205523133277893, 0.9183509945869446, 0.9265559315681458, 0.9271562695503235, 0.9309585690498352, 0.9303582310676575, 0.9369621872901917, 0.9419651627540588, 0.9407644867897034, 0.9407644867897034, 0.9443666338920593, 0.9475685358047485, 0.9481688737869263, 0.9541724920272827, 0.9559735655784607, 0.9509705901145935, 0.9561737179756165, 0.9541724920272827, 0.9631779193878174, 0.9601761102676392, 0.9601761102676392, 0.9631779193878174, 0.9661797285079956, 0.9639784097671509, 0.9669801592826843, 0.9675805568695068, 0.9695817232131958, 0.9721832871437073, 0.9715829491615295, 0.9717830419540405, 0.9709826111793518, 0.97398442029953, 0.975785493850708, 0.9763858318328857, 0.9797878861427307, 0.9735841751098633, 0.9763858318328857, 0.9815889596939087, 0.9807884693145752, 0.9745847582817078, 0.979587733745575, 0.9839903712272644, 0.9849910140037537, 0.9853912591934204, 0.9843906164169312, 0.9837902784347534, 0.9865919351577759, 0.9847908616065979, 0.9875925779342651, 0.9807884693145752, 0.9873924255371094, 0.9899939894676208, 0.9871923327445984, 0.9893936514854431, 0.9885931611061096, 0.9821892976760864, 0.9771863222122192, 0.9899939894676208, 0.9911947250366211, 0.9925955533981323, 0.9913948178291321, 0.9923954606056213, 0.9949970245361328, 0.9929957985877991, 0.9883930087089539, 0.9905943274497986, 0.9901941418647766, 0.9917950630187988, 0.9931958913803101, 0.9845907688140869, 0.9931958913803101, 0.9911947250366211, 0.9941965341567993, 0.994796872138977, 0.9943966269493103, 0.9925955533981323, 0.9901941418647766, 0.9845907688140869, 0.994796872138977, 0.9969981908798218, 0.9935961365699768], "val_loss": [0.9236655235290527, 0.8352735042572021, 0.7649432420730591, 0.740502119064331, 0.6754924058914185, 0.6748806834220886, 0.6899339556694031, 0.6284700036048889, 0.6272357106208801, 0.5981701016426086, 0.6207950115203857, 0.6020923256874084, 0.582417905330658, 0.6225025057792664, 0.6031444072723389, 0.5862404108047485, 0.579543948173523, 0.5821817517280579, 0.6012059450149536, 0.5847642421722412, 0.5828788876533508, 0.5802121758460999, 0.5679492354393005, 0.5987495183944702, 0.6178520321846008, 0.5943039655685425, 0.6006802916526794, 0.591107964515686, 0.5997402667999268, 0.6394093036651611, 0.6032662987709045, 0.6205018162727356, 0.6336209177970886, 0.6414259672164917, 0.6347416639328003, 0.6377928256988525, 0.6440504193305969, 0.6504815220832825, 0.6646293997764587, 0.6573253273963928, 0.6630860567092896, 0.6726280450820923, 0.6905307769775391, 0.6840833425521851, 0.6949872374534607, 0.7168390154838562, 0.7180134057998657, 0.7290476560592651, 0.7129365801811218, 0.7142691612243652, 0.7248644828796387, 0.7317984104156494, 0.7630509734153748, 0.7481986284255981, 0.75836580991745, 0.7583664655685425, 0.7711356282234192, 0.7864457368850708, 0.8203137516975403, 0.7711958289146423, 0.7896018624305725, 0.8160006403923035, 0.8099524974822998, 0.8358764052391052, 0.8433519005775452, 0.8485221862792969, 0.8236754536628723, 0.8410409688949585, 0.8780627846717834, 0.8439422249794006, 0.8740569353103638, 0.903546154499054, 0.918194055557251, 0.9124433398246765, 0.9227333068847656, 0.8768513202667236, 0.8887073397636414, 0.8720247745513916, 0.9014059901237488, 0.9145501852035522, 0.898300290107727, 0.9252781867980957, 0.9325111508369446, 0.9236623048782349, 0.9814969897270203, 0.9491996169090271, 0.9678810238838196, 0.9826552867889404, 0.9882171750068665, 0.9748334288597107, 0.9831947088241577, 0.9796730279922485, 0.9983648657798767, 0.9878459572792053, 1.0044478178024292, 0.9930076003074646, 1.062467098236084, 1.0413274765014648, 1.0229237079620361, 1.048938512802124],