{"loss": [1.3012824058532715, 1.020023226737976, 0.9303079843521118, 0.868775486946106, 0.8241139054298401, 0.7892571687698364, 0.7558009028434753, 0.7319299578666687, 0.7161582112312317, 0.6970270872116089, 0.6812487244606018, 0.6690427660942078, 0.650729775428772, 0.6447165608406067, 0.6321487426757812, 0.6206936240196228, 0.6076790690422058, 0.5982522964477539, 0.5935667157173157, 0.5820435881614685, 0.5779037475585938, 0.5671138763427734, 0.560371458530426, 0.5560792684555054, 0.5476316213607788, 0.5392636656761169, 0.5301933884620667, 0.5240786075592041, 0.5146279335021973, 0.5162391662597656, 0.5043404698371887, 0.5003186464309692, 0.49613556265830994, 0.48684772849082947, 0.482514888048172, 0.4744863510131836, 0.46824267506599426, 0.46484556794166565, 0.46275627613067627, 0.458896279335022, 0.4513598382472992, 0.4537566900253296, 0.4506785273551941, 0.4390603005886078, 0.43794918060302734, 0.43317529559135437, 0.43009141087532043, 0.42753782868385315, 0.41924935579299927, 0.4189586639404297, 0.42124009132385254, 0.4147316515445709, 0.40703314542770386, 0.40695223212242126, 0.40562695264816284, 0.40636295080184937, 0.39810895919799805, 0.396891713142395, 0.39667338132858276, 0.3953803479671478, 0.39050111174583435, 0.3865928649902344, 0.3869417607784271, 0.38741350173950195, 0.37862274050712585, 0.3733484148979187, 0.37417373061180115, 0.3713647723197937, 0.36857742071151733, 0.37325191497802734, 0.3703575134277344, 0.36865729093551636, 0.36147645115852356, 0.3594623804092407, 0.356553852558136, 0.3587590456008911, 0.36198997497558594, 0.35230451822280884, 0.35387611389160156, 0.3533531725406647, 0.349715918302536, 0.3473503887653351, 0.34717780351638794, 0.344175785779953, 0.3428291082382202, 0.34305423498153687, 0.33852002024650574, 0.33526548743247986, 0.3430686593055725, 0.3425354063510895, 0.3330329358577728, 0.33011963963508606, 0.33446168899536133, 0.3308514952659607, 0.33222123980522156, 0.32637786865234375, 0.32606855034828186, 0.32890114188194275, 0.32732051610946655, 0.3258783519268036], "accuracy": [0.4512707591056824, 0.5537322163581848, 0.6017610430717468, 0.6279767751693726, 0.6515909433364868, 0.6690014004707336, 0.6904142498970032, 0.6926155686378479, 0.6940163969993591, 0.7064238786697388, 0.7186312079429626, 0.7206323742866516, 0.7306383848190308, 0.7262357473373413, 0.735441267490387, 0.7394436597824097, 0.7464478611946106, 0.756053626537323, 0.7550530433654785, 0.7640584111213684, 0.7666599750518799, 0.7632579803466797, 0.7704622745513916, 0.7804682850837708, 0.7754652500152588, 0.7842705845832825, 0.7860716581344604, 0.7916750311851501, 0.7912747859954834, 0.7950770258903503, 0.8046827912330627, 0.8010806441307068, 0.804082453250885, 0.8062837719917297, 0.8142885565757751, 0.8106864094734192, 0.8166900277137756, 0.8208925127983093, 0.8214929103851318, 0.8216930031776428, 0.8256953954696655, 0.8284971117973328, 0.8248949646949768, 0.8286972045898438, 0.8302981853485107, 0.8330998420715332, 0.8361016511917114, 0.8359015583992004, 0.8385031223297119, 0.8385031223297119, 0.8399039506912231, 0.8399039506912231, 0.8473083972930908, 0.8429057598114014, 0.8441064357757568, 0.8445066809654236, 0.8459075689315796, 0.8483089804649353, 0.8451070785522461, 0.8473083972930908, 0.8461076617240906, 0.8509105443954468, 0.8469081521034241, 0.850310206413269, 0.8563137650489807, 0.8599159717559814, 0.8543125987052917, 0.8589153289794922, 0.8585150837898254, 0.8577146530151367, 0.859115481376648, 0.8583149909973145, 0.8625175356864929, 0.8631178736686707, 0.8665199279785156, 0.8617170453071594, 0.8639183640480042, 0.8693215847015381, 0.8669201731681824, 0.8681208491325378, 0.8675205111503601, 0.8693215847015381, 0.8667200207710266, 0.8709225654602051, 0.8671202659606934, 0.8721233010292053, 0.8723233938217163, 0.8759255409240723, 0.8719231486320496, 0.8723233938217163, 0.872923731803894, 0.879727840423584, 0.8739243745803833, 0.8753252029418945, 0.8771262764930725, 0.874524712562561, 0.8769261837005615, 0.8771262764930725, 0.8725234866142273, 0.8793275952339172], "val_loss": [1.0857681035995483, 0.9780282378196716, 0.9368825554847717, 0.9014086127281189, 0.869379460811615, 0.8617312908172607, 0.8523364067077637, 0.8435994386672974, 0.8173918128013611, 0.8091364502906799, 0.817488968372345, 0.7993079423904419, 0.7963971495628357, 0.8398345708847046, 0.795153021812439, 0.8056486248970032, 0.777219295501709, 0.792129635810852, 0.755260169506073, 0.7622278332710266, 0.7607209086418152, 0.7522499561309814, 0.7603514790534973, 0.7700923681259155, 0.7580816745758057, 0.7607695460319519, 0.7448664903640747, 0.7455116510391235, 0.7313593029975891, 0.7433606386184692, 0.7426024675369263, 0.7466117143630981, 0.7426180839538574, 0.7241395115852356, 0.7375487685203552, 0.722160816192627, 0.7387120127677917, 0.7232213020324707, 0.7518012523651123, 0.7488701343536377, 0.7262128591537476, 0.7270851731300354, 0.7351235747337341, 0.7232131958007812, 0.7186727523803711, 0.7327523231506348, 0.7162575125694275, 0.7239515781402588, 0.715991199016571, 0.7255598902702332, 0.7289078831672668, 0.7246348261833191, 0.7252269983291626, 0.7272467017173767, 0.7388485074043274, 0.7297973036766052, 0.7344945669174194, 0.7262400984764099, 0.7358154058456421, 0.7451602220535278, 0.7348986864089966, 0.7428144216537476, 0.7476601004600525, 0.7303451299667358, 0.7327777147293091, 0.7330297231674194, 0.733815610408783, 0.7319902181625366, 0.7529935240745544, 0.7412514090538025, 0.7212684750556946, 0.7308068871498108, 0.7367410063743591, 0.76157146692276, 0.7335344552993774, 0.730948805809021, 0.7251607775688171, 0.7460945844650269, 0.7391639351844788, 0.764849841594696, 0.7358863353729248, 0.7370213866233826, 0.7521824836730957, 0.7414926290512085, 0.7554085850715637, 0.7505828142166138, 0.7469782829284668, 0.7431470155715942, 0.7392259240150452, 0.7425267100334167, 0.7551796436309814, 0.7495512962341309, 0.741114616394043, 0.793166995048523, 0.7530900239944458, 0.7694918513298035, 0.7536200284957886, 0.7754034996032715, 0.771820604801178, 0.7671142816543579],