{"loss": [1.3206435441970825, 1.075453519821167, 0.9585415720939636, 0.8863117098808289, 0.8334367275238037, 0.7923933267593384, 0.7590442299842834, 0.7299860119819641, 0.7051117420196533, 0.6795775294303894, 0.6582627296447754, 0.6374503374099731, 0.6169384121894836, 0.599665641784668, 0.5781981348991394, 0.5650166869163513, 0.5444461107254028, 0.5314179062843323, 0.518547773361206, 0.504664421081543, 0.49753841757774353, 0.4829798638820648, 0.4715246856212616, 0.4586261212825775, 0.44820523262023926, 0.4409072995185852, 0.43192845582962036, 0.42425090074539185, 0.41169431805610657, 0.40350836515426636, 0.3992697596549988, 0.3906439244747162, 0.3851337730884552, 0.3755299150943756, 0.3697745203971863, 0.3621530532836914, 0.3556472361087799, 0.35594457387924194, 0.34567970037460327, 0.34043189883232117, 0.3359081745147705, 0.32924893498420715, 0.32502982020378113, 0.3199267089366913, 0.31873729825019836, 0.31686583161354065, 0.3085770010948181, 0.3070223033428192, 0.30081790685653687, 0.2945798933506012, 0.2951295077800751, 0.29217755794525146, 0.29205968976020813, 0.28388598561286926, 0.2857881188392639, 0.27986082434654236, 0.27992331981658936, 0.2760676145553589, 0.2742587924003601, 0.2724902033805847, 0.26663950085639954, 0.26819026470184326, 0.26310503482818604, 0.2599838972091675, 0.2548742890357971, 0.25520652532577515, 0.25415024161338806, 0.24711698293685913, 0.2521213889122009, 0.2479139119386673, 0.24821412563323975, 0.241598978638649, 0.2459179162979126, 0.23888468742370605, 0.24130311608314514, 0.23758602142333984, 0.23357808589935303, 0.23141109943389893, 0.23145994544029236, 0.2307257503271103, 0.22672171890735626, 0.2358478158712387, 0.22296109795570374, 0.2274133712053299, 0.22287358343601227, 0.22319695353507996, 0.21555766463279724, 0.21964621543884277, 0.21378445625305176, 0.21627575159072876, 0.21354663372039795, 0.20802870392799377, 0.2409273087978363, 0.24655361473560333, 0.20558857917785645, 0.20412620902061462, 0.20901021361351013, 0.20163333415985107, 0.20272856950759888, 0.20297130942344666], "accuracy": [0.4544544517993927, 0.5471471548080444, 0.5887888073921204, 0.6238238215446472, 0.6462462544441223, 0.6620620489120483, 0.6826826930046082, 0.6972972750663757, 0.706706702709198, 0.7211211323738098, 0.7307307124137878, 0.7435435652732849, 0.7527527809143066, 0.7637637853622437, 0.7687687873840332, 0.7807807922363281, 0.7915915846824646, 0.792792797088623, 0.8004003763198853, 0.8080080151557922, 0.8120120167732239, 0.8150150179862976, 0.822422444820404, 0.8292292356491089, 0.8372372388839722, 0.8348348140716553, 0.8432432413101196, 0.8412412405014038, 0.8458458185195923, 0.8538538813591003, 0.8534534573554993, 0.8586586713790894, 0.8618618845939636, 0.8672672510147095, 0.8664664626121521, 0.8712712526321411, 0.8756756782531738, 0.8758758902549744, 0.8772772550582886, 0.8800801038742065, 0.8818818926811218, 0.8864864706993103, 0.8858858942985535, 0.8884884715080261, 0.8888888955116272, 0.8866866827011108, 0.8930931091308594, 0.8948948979377747, 0.8960961103439331, 0.897097110748291, 0.8962963223457336, 0.8980981111526489, 0.8996996879577637, 0.9043043255805969, 0.8988988995552063, 0.9055054783821106, 0.9011011123657227, 0.9051051139831543, 0.9053053259849548, 0.907707691192627, 0.9085084795951843, 0.907707691192627, 0.9137136936187744, 0.9101101160049438, 0.9149149060249329, 0.9171171188354492, 0.9147146940231323, 0.9133133292198181, 0.914314329624176, 0.9163163304328918, 0.9153153300285339, 0.9213213324546814, 0.9171171188354492, 0.9207206964492798, 0.9189189076423645, 0.920520544052124, 0.9231231212615967, 0.9233233332633972, 0.9259259104728699, 0.9233233332633972, 0.9231231212615967, 0.9203203320503235, 0.9261261224746704, 0.9211211204528809, 0.924924910068512, 0.9251251220703125, 0.9279279112815857, 0.9261261224746704, 0.9283283352851868, 0.924924910068512, 0.9269269108772278, 0.9319319128990173, 0.9183183312416077, 0.912912905216217, 0.9307307600975037, 0.9329329133033752, 0.9291291236877441, 0.931531548500061, 0.9323323369026184, 0.9305305480957031], "val_loss": [1.1643028259277344, 1.0274771451950073, 0.9501386284828186, 0.9024770855903625, 0.8691360354423523, 0.8461118340492249, 0.8233698606491089, 0.8033619523048401, 0.7886372208595276, 0.779301643371582, 0.7713465690612793, 0.76347416639328, 0.7508164644241333, 0.7355907559394836, 0.7347862720489502, 0.7258818745613098, 0.7199404835700989, 0.7188503742218018, 0.7182842493057251, 0.7097596526145935, 0.7152330279350281, 0.7073162794113159, 0.7031652331352234, 0.7044849991798401, 0.6969533562660217, 0.6932262182235718, 0.677155077457428, 0.6816931366920471, 0.6819542050361633, 0.6696750521659851, 0.6700433492660522, 0.6706967949867249, 0.6614854335784912, 0.6592394113540649, 0.6728852987289429, 0.647663414478302, 0.6951885223388672, 0.6683157086372375, 0.663406491279602, 0.6610807776451111, 0.6537534594535828, 0.6621960401535034, 0.6397151947021484, 0.6646671295166016, 0.6589838862419128, 0.6492905020713806, 0.6663831472396851, 0.6699226498603821, 0.6670993566513062, 0.6643182039260864, 0.6422094702720642, 0.6795685887336731, 0.6609004735946655, 0.658673882484436, 0.65842205286026, 0.6652534604072571, 0.661331057548523, 0.6482514142990112, 0.6520164012908936, 0.6562343835830688, 0.6688559055328369, 0.6435677409172058, 0.6538524031639099, 0.6562662124633789, 0.6731300950050354, 0.6603683829307556, 0.6750987768173218, 0.6722162961959839, 0.6586432456970215, 0.6624778509140015, 0.6719313263893127, 0.6679742932319641, 0.701160728931427, 0.6871361136436462, 0.6728082299232483, 0.6776058673858643, 0.6804853081703186, 0.6822137832641602, 0.6712429523468018, 0.715022087097168, 0.6812316179275513, 0.6906322240829468, 0.6965950131416321, 0.6970658898353577, 0.7294313311576843, 0.7081106305122375, 0.6925047039985657, 0.6810800433158875, 0.6918853521347046, 0.6960880756378174, 0.6853195428848267, 0.7019558548927307, 0.728340744972229, 0.6885325908660889, 0.7088653445243835, 0.6960073113441467, 0.7400485277175903, 0.6986792683601379, 0.7169118523597717, 0.703198254108429],