{"loss": [1.049555778503418, 0.7265174388885498, 0.5785053968429565, 0.4694783687591553, 0.3848339319229126, 0.31481748819351196, 0.27228978276252747, 0.22942791879177094, 0.19750167429447174, 0.17438870668411255, 0.15464679896831512, 0.14144296944141388, 0.1303529590368271, 0.11802922189235687, 0.11339148879051208, 0.10687828063964844, 0.10150197148323059, 0.09324382990598679, 0.08337400108575821, 0.08192597329616547, 0.08260837197303772, 0.07400716841220856, 0.07218917459249496, 0.06716486811637878, 0.06818874925374985, 0.06894327700138092, 0.060075730085372925, 0.05731569230556488, 0.051560841500759125, 0.04885438457131386, 0.06342718750238419, 0.06433580815792084, 0.0602034255862236, 0.04153352603316307, 0.041635699570178986, 0.039375096559524536, 0.04268184304237366, 0.03506035357713699, 0.03034406155347824, 0.0364438071846962, 0.03136978670954704, 0.03312095254659653, 0.04208735376596451, 0.03359118849039078, 0.029183387756347656, 0.02572121098637581, 0.022423552349209785, 0.04488898441195488, 0.025687694549560547, 0.019991427659988403, 0.020449165254831314, 0.027707306668162346, 0.021258048713207245, 0.017104633152484894, 0.015889840200543404, 0.01635642722249031, 0.026057569310069084, 0.024222481995821, 0.0240109134465456, 0.022233186289668083, 0.018586210906505585, 0.014322872273623943, 0.01097367238253355, 0.01040688157081604, 0.01436363160610199, 0.02297249063849449, 0.04418530687689781, 0.016327092424035072, 0.009820979088544846, 0.007727823685854673, 0.006861913949251175, 0.016246825456619263, 0.007665044628083706, 0.006494444329291582, 0.007102161180227995, 0.007390177808701992, 0.018067549914121628, 0.02558748796582222, 0.016488680616021156, 0.010004764422774315, 0.007155852857977152, 0.006943945307284594, 0.007829529233276844, 0.005522495601326227, 0.007265125401318073, 0.048630498349666595, 0.019445188343524933, 0.017724132165312767, 0.0055336421355605125, 0.00452341279014945, 0.0040071518160402775, 0.00321844476275146, 0.0035460416693240404, 0.0027689875569194555, 0.0028381305746734142, 0.0043464056216180325, 0.053948529064655304, 0.01649533398449421, 0.004773557651787996, 0.0036877566017210484], "accuracy": [0.5695390701293945, 0.7168336510658264, 0.7843687534332275, 0.8296593427658081, 0.8683366775512695, 0.8975951671600342, 0.9108216166496277, 0.9246492981910706, 0.9352705478668213, 0.943687379360199, 0.9496994018554688, 0.9543086290359497, 0.9555110335350037, 0.9631262421607971, 0.9605210423469543, 0.9651302695274353, 0.9675350785255432, 0.9705410599708557, 0.9743487238883972, 0.9743487238883972, 0.9733467102050781, 0.978156328201294, 0.9787575006484985, 0.9789578914642334, 0.978156328201294, 0.9793587327003479, 0.981563150882721, 0.9837675094604492, 0.9841683506965637, 0.9869739413261414, 0.9785571098327637, 0.9799599051475525, 0.9807615280151367, 0.988577127456665, 0.9873747229576111, 0.9873747229576111, 0.9867735505104065, 0.988577127456665, 0.993186354637146, 0.9893787503242493, 0.9917835593223572, 0.9899799823760986, 0.9851703643798828, 0.9899799823760986, 0.9921843409538269, 0.9929859638214111, 0.9955911636352539, 0.9871743321418762, 0.9933867454528809, 0.9951903820037842, 0.9945891499519348, 0.991983950138092, 0.9945891499519348, 0.9963927865028381, 0.9961923956871033, 0.996593177318573, 0.9913827776908875, 0.9923847913742065, 0.9921843409538269, 0.9929859638214111, 0.9951903820037842, 0.9969939589500427, 0.9979959726333618, 0.997795581817627, 0.9959920048713684, 0.9941883683204651, 0.9881763458251953, 0.9951903820037842, 0.9979959726333618, 0.9983968138694763, 0.9991983771324158, 0.9959920048713684, 0.9993987679481506, 0.9989979863166809, 0.9989979863166809, 0.9989979863166809, 0.9945891499519348, 0.9917835593223572, 0.995390772819519, 0.9979959726333618, 0.998797595500946, 0.9985972046852112, 0.9979959726333618, 0.9993987679481506, 0.9985972046852112, 0.9855711460113525, 0.9943887591362, 0.9955911636352539, 0.9993987679481506, 0.9997996091842651, 0.9997996091842651, 0.9997996091842651, 0.9997996091842651, 1.0, 0.9997996091842651, 0.9993987679481506, 0.9833667278289795, 0.9955911636352539, 0.9995992183685303, 1.0], "val_loss": [0.8642836213111877, 0.7237513661384583, 0.6412904858589172, 0.577960193157196, 0.5505656003952026, 0.48031556606292725, 0.4567832052707672, 0.4489697515964508, 0.45160427689552307, 0.429085910320282, 0.46075358986854553, 0.44006627798080444, 0.4568682312965393, 0.45184072852134705, 0.4563392996788025, 0.47776657342910767, 0.4951283037662506, 0.4792350232601166, 0.47816380858421326, 0.5143844485282898, 0.4790860414505005, 0.5261837244033813, 0.5328525900840759, 0.5090990662574768, 0.5386718511581421, 0.5614107847213745, 0.5532267689704895, 0.5411574244499207, 0.5467517375946045, 0.5991280674934387, 0.5547324419021606, 0.6478262543678284, 0.5520349740982056, 0.5381888747215271, 0.5781161785125732, 0.581201434135437, 0.5734610557556152, 0.5988385677337646, 0.6155704259872437, 0.5989639759063721, 0.6446717381477356, 0.5906604528427124, 0.6107532978057861, 0.6520582437515259, 0.654762864112854, 0.646317720413208, 0.667728841304779, 0.667955219745636, 0.6625712513923645, 0.6275278329849243, 0.6565166711807251, 0.656086802482605, 0.6620311737060547, 0.6693169474601746, 0.6904863715171814, 0.7039926052093506, 0.7749853730201721, 0.6945881843566895, 0.6891984939575195, 0.7255546450614929, 0.7450198531150818, 0.7570894360542297, 0.7589025497436523, 0.7593918442726135, 0.7759584784507751, 0.8871204257011414, 0.7289092540740967, 0.7638651132583618, 0.7361682653427124, 0.7660617828369141, 0.7724403738975525, 0.7434663772583008, 0.7778128981590271, 0.7642589211463928, 0.7862344980239868, 0.7937319874763489, 0.7560473680496216, 0.7638206481933594, 0.7533451914787292, 0.7663204073905945, 0.8083025813102722, 0.7736496925354004, 0.821577250957489, 0.826461911201477, 0.9041846394538879, 0.7998424172401428, 0.8547442555427551, 0.7489124536514282, 0.7635756134986877, 0.7662592530250549, 0.7921357154846191, 0.8011768460273743, 0.8145455121994019, 0.8164367079734802, 0.8321425914764404, 0.9247034192085266, 0.8821275234222412, 0.8109855651855469, 0.8030738234519958, 0.8457201719284058],