{"loss": [0.7766705751419067, 0.3323410451412201, 0.2294689565896988, 0.17702877521514893, 0.14127032458782196, 0.11774177104234695, 0.10049661248922348, 0.09190696477890015, 0.08378366380929947, 0.08066526055335999, 0.073845773935318, 0.061614830046892166, 0.05892030522227287, 0.07046127319335938, 0.05455968156456947, 0.05620679259300232, 0.04476205259561539, 0.053961243480443954, 0.052206140011548996, 0.03814098984003067, 0.03636936843395233, 0.03615553677082062, 0.037583544850349426, 0.03563705459237099, 0.046406522393226624, 0.030272340402007103, 0.024724947288632393, 0.04656478017568588, 0.029717475175857544, 0.022424397990107536, 0.018274469301104546, 0.020019302144646645, 0.019329644739627838, 0.03522038459777832, 0.025243381038308144, 0.017598189413547516, 0.015412189066410065, 0.026033682748675346, 0.04818297177553177, 0.021492499858140945, 0.012378714978694916, 0.010369017720222473, 0.011471332050859928, 0.011922749690711498, 0.013142433017492294, 0.012290756218135357, 0.008631480857729912, 0.00849303137511015, 0.008805353194475174, 0.018102599307894707, 0.045978933572769165, 0.026351753622293472, 0.011209377087652683, 0.009829564020037651, 0.005119409412145615, 0.0037172329612076283, 0.0035319537855684757, 0.0039028350729495287, 0.0036814697086811066, 0.004756600596010685, 0.004058683756738901, 0.058941520750522614, 0.03162374719977379, 0.011923770420253277, 0.005524824373424053, 0.004850251134485006, 0.007650807965546846, 0.003222729079425335, 0.0038358806632459164, 0.004583544097840786, 0.002892570337280631, 0.0017954896902665496, 0.0014586650067940354, 0.002865944057703018, 0.011347098276019096, 0.049879346042871475, 0.038666486740112305, 0.01743221841752529, 0.007776725571602583, 0.004176083952188492, 0.002385491505265236, 0.0016170673770830035, 0.0014408589340746403, 0.0012050314107909799, 0.001016611116938293, 0.0010562494862824678, 0.0009067702922038734, 0.0008482580888085067, 0.0008329761330969632, 0.000686869490891695, 0.000629865622613579, 0.000562082976102829, 0.0005385804106481373, 0.0005228391382843256, 0.008960803039371967, 0.07081852108240128, 0.0380689911544323, 0.011076586320996284, 0.005363476928323507, 0.0038974524941295385], "accuracy": [0.689558207988739, 0.8951807022094727, 0.9232931733131409, 0.9379518032073975, 0.9536144733428955, 0.9602409601211548, 0.9638554453849792, 0.9670682549476624, 0.968875527381897, 0.9736948013305664, 0.9736948013305664, 0.9787148833274841, 0.9773092269897461, 0.9730923771858215, 0.9815260767936707, 0.9791164398193359, 0.9839357137680054, 0.983132541179657, 0.9821285009384155, 0.9879518151283264, 0.9877510070800781, 0.9875501990318298, 0.9877510070800781, 0.988353431224823, 0.9841365218162537, 0.9901606440544128, 0.9927710890769958, 0.9821285009384155, 0.9899598360061646, 0.9927710890769958, 0.994779109954834, 0.993574321269989, 0.9951807260513306, 0.986947774887085, 0.9923694729804993, 0.9951807260513306, 0.9945783019065857, 0.9929718971252441, 0.9829317331314087, 0.9939758777618408, 0.9975903630256653, 0.9975903630256653, 0.9975903630256653, 0.9971887469291687, 0.996184766292572, 0.9969879388809204, 0.9983935952186584, 0.9971887469291687, 0.997389554977417, 0.994779109954834, 0.9837349653244019, 0.9913654327392578, 0.9969879388809204, 0.9971887469291687, 0.9995983839035034, 0.9997991919517517, 0.9995983839035034, 0.9989959597587585, 0.9993975758552551, 0.9983935952186584, 0.9989959597587585, 0.9811245203018188, 0.9879518151283264, 0.9971887469291687, 0.9991967678070068, 0.9995983839035034, 0.9977911710739136, 1.0, 0.9991967678070068, 0.9991967678070068, 0.9997991919517517, 1.0, 1.0, 0.9993975758552551, 0.9959839582443237, 0.984337329864502, 0.9849397540092468, 0.9943774938583374, 0.9979919791221619, 0.9993975758552551, 0.9995983839035034, 1.0, 1.0, 1.0, 1.0, 1.0, 1.0, 1.0, 1.0, 1.0, 1.0, 1.0, 1.0, 1.0, 0.9977911710739136, 0.9775100350379944, 0.9867469668388367, 0.9975903630256653, 0.9985944032669067, 0.9991967678070068], "val_loss": [0.6186143755912781, 0.4327859878540039, 0.4371306896209717, 0.4740583300590515, 0.4400130808353424, 0.40304630994796753, 0.43756043910980225, 0.3911108672618866, 0.48858171701431274, 0.4520052969455719, 0.4263079762458801, 0.4593753516674042, 0.44368788599967957, 0.40636682510375977, 0.5134086012840271, 0.4718698561191559, 0.48514777421951294, 0.43675193190574646, 0.5042259097099304, 0.44035840034484863, 0.5230664014816284, 0.5068387985229492, 0.48178479075431824, 0.5061792135238647, 0.47843626141548157, 0.5239068865776062, 0.5674683451652527, 0.47850337624549866, 0.5084670782089233, 0.5441004037857056, 0.5514563918113708, 0.556439995765686, 0.6387919187545776, 0.5784673094749451, 0.5837002992630005, 0.6594184041023254, 0.6288290619850159, 0.5706855058670044, 0.5342034101486206, 0.5017363429069519, 0.5054910778999329, 0.5309719443321228, 0.5529375076293945, 0.6115207672119141, 0.5154940485954285, 0.564174473285675, 0.5960637331008911, 0.6354540586471558, 0.6579798460006714, 0.6543147563934326, 0.5567895770072937, 0.6059601306915283, 0.6533141732215881, 0.7013247609138489, 0.6464554667472839, 0.6835563778877258, 0.7187606692314148, 0.7193397283554077, 0.6869663000106812, 0.7054018974304199, 0.7209820747375488, 0.5217993855476379, 0.5945343971252441, 0.5810129046440125, 0.6448941230773926, 0.6581594944000244, 0.6392367482185364, 0.6908847093582153, 0.6418355107307434, 0.6570155024528503, 0.6446309089660645, 0.6563873887062073, 0.6725186109542847, 0.6940568685531616, 0.7591271996498108, 0.7934372425079346, 0.61417156457901, 0.5986507534980774, 0.6402243375778198, 0.6112266182899475, 0.6130245923995972, 0.6243559122085571, 0.6357702016830444, 0.6430432796478271, 0.6472630500793457, 0.6573048830032349, 0.6657500863075256, 0.6734817028045654, 0.6856998205184937, 0.6953824162483215, 0.704188883304596, 0.7106372714042664, 0.7162452936172485, 0.7209442257881165, 0.7059837579727173, 0.6051025390625, 0.5394212007522583, 0.582275927066803, 0.5670907497406006, 0.5781448483467102], "val_accuracy": [0.7602409720420837, 0.8455823063850403, 0.8548192977905273, 0.8413654565811157, 0.8582329154014587, 0.8728915452957153, 0.8648594617843628, 0.879919707775116, 0.853212833404541, 0.872690737247467, 0.87530118227005, 0.8728915452957153, 0.8767068386077881, 0.879919707775116, 0.8608433604240417, 0.8805220723152161, 0.8748996257781982, 0.8801204562187195, 0.8724899888038635, 0.8851405382156372, 0.8716867566108704, 0.8751003742218018, 0.8801204562187195, 0.8791164755821228, 0.8789156675338745, 0.8781124353408813, 0.8714859485626221, 0.8785140514373779, 0.8771084547042847, 0.8815261125564575, 0.8765060305595398, 0.87469881772995, 0.8720883727073669, 0.866265058517456, 0.8742972016334534, 0.8724899888038635, 0.8789156675338745, 0.8740963935852051, 0.8793172836303711, 0.8877509832382202, 0.8923694491386414, 0.8887550234794617, 0.8857429623603821, 0.8831325173377991, 0.8885542154312134, 0.886345386505127, 0.8823293447494507, 0.8843373656272888, 0.8803212642669678, 0.8728915452957153, 0.8865461945533752, 0.8823293447494507, 0.8755019903182983, 0.8761044144630432, 0.8829317092895508, 0.8785140514373779, 0.8781124353408813, 0.87530118227005, 0.8819277286529541, 0.879919707775116, 0.8732931613922119, 0.87530118227005, 0.8807228803634644, 0.8873494267463684, 0.8757027983665466, 0.8738955855369568, 0.879919707775116, 0.8748996257781982, 0.8793172836303711, 0.8781124353408813, 0.8809236884117126, 0.8821285367012024, 0.8805220723152161, 0.8825300931930542, 0.8738955855369568, 0.8283132314682007, 0.8751003742218018, 0.8829317092895508, 0.8706827163696289, 0.8823293447494507, 0.8813253045082092, 0.8821285367012024, 0.8811244964599609, 0.8829317092895508, 0.8825300931930542, 0.8817269206047058, 0.8819277286529541, 0.8813253045082092, 0.8815261125564575, 0.8797188997268677, 0.879919707775116, 0.8795180916786194, 0.8783132433891296, 0.8779116272926331, 0.8821285367012024, 0.8783132433891296, 0.8803212642669678, 0.8873494267463684, 0.8875501751899719, 0.8903614282608032],