{"loss": [1.30038583278656, 1.0470902919769287, 0.9036467671394348, 0.7947388887405396, 0.715472400188446, 0.6587982773780823, 0.6338277459144592, 0.568574070930481, 0.5294176340103149, 0.47774654626846313, 0.4480236768722534, 0.41541045904159546, 0.39775365591049194, 0.3615840673446655, 0.3442189693450928, 0.3240708112716675, 0.30893591046333313, 0.29586198925971985, 0.29044291377067566, 0.2691138982772827, 0.26098981499671936, 0.25169137120246887, 0.23496784269809723, 0.22755560278892517, 0.2238747477531433, 0.2147558480501175, 0.20928619801998138, 0.19590163230895996, 0.19022972881793976, 0.18631835281848907, 0.18270891904830933, 0.17758382856845856, 0.1759582757949829, 0.16996647417545319, 0.1655951589345932, 0.16303451359272003, 0.15919703245162964, 0.155490443110466, 0.15443013608455658, 0.15591299533843994, 0.1462664008140564, 0.14958640933036804, 0.1448897421360016, 0.13670764863491058, 0.1347026377916336, 0.13482508063316345, 0.13388550281524658, 0.1409132331609726, 0.12631528079509735, 0.1287158876657486, 0.12395759671926498, 0.11875083297491074, 0.11483753472566605, 0.11643002927303314, 0.12246294319629669, 0.11524032801389694, 0.11076202988624573, 0.11870680749416351, 0.1064886599779129, 0.10549897700548172, 0.10257720947265625, 0.09781954437494278, 0.09669417887926102, 0.10219387710094452, 0.1212095096707344, 0.10043467581272125, 0.09366542845964432, 0.09246516972780228, 0.09516412019729614, 0.08880338072776794, 0.0923672467470169, 0.09424462914466858, 0.08754418045282364, 0.09555352479219437, 0.08443616330623627, 0.08623483031988144, 0.08369262516498566, 0.08129484951496124, 0.08220115303993225, 0.08359581977128983, 0.08145162463188171, 0.07903625071048737, 0.07959999144077301, 0.07785437256097794, 0.09111705422401428, 0.07856547832489014, 0.07366212457418442, 0.07465513795614243, 0.07453101873397827, 0.10889314115047455, 0.06990000605583191, 0.06981169432401657, 0.06804485619068146, 0.06960665434598923, 0.06697629392147064, 0.06625223159790039, 0.06558443605899811, 0.07927952706813812, 0.06854317337274551, 0.07132413983345032], "accuracy": [0.47615230083465576, 0.5729458928108215, 0.6486973762512207, 0.7082164287567139, 0.7434870004653931, 0.7681362628936768, 0.7639278769493103, 0.8006011843681335, 0.8190380930900574, 0.8428857922554016, 0.8519037961959839, 0.8635270595550537, 0.8661322593688965, 0.8851703405380249, 0.8857715725898743, 0.8937875628471375, 0.8983967900276184, 0.9034067988395691, 0.9022043943405151, 0.9118236303329468, 0.9108216166496277, 0.9170340895652771, 0.9212424755096436, 0.9244489073753357, 0.9264529347419739, 0.9296593070030212, 0.9320641160011292, 0.936873733997345, 0.9388777613639832, 0.9388777613639832, 0.9396793842315674, 0.943687379360199, 0.9422845840454102, 0.945891797542572, 0.9446893930435181, 0.9472945928573608, 0.9460921883583069, 0.9482966065406799, 0.9496994018554688, 0.9466933608055115, 0.9533066153526306, 0.9501001834869385, 0.9527053833007812, 0.9555110335350037, 0.9549098014831543, 0.9547094106674194, 0.9555110335350037, 0.9545090198516846, 0.958717405796051, 0.9545090198516846, 0.9589178562164307, 0.9615230560302734, 0.9643286466598511, 0.9601202607154846, 0.9631262421607971, 0.9625250697135925, 0.9643286466598511, 0.9613226652145386, 0.965531051158905, 0.9637274742126465, 0.9643286466598511, 0.970140278339386, 0.970140278339386, 0.9663326740264893, 0.9613226652145386, 0.9691382646560669, 0.968937873840332, 0.9695391058921814, 0.9673346877098083, 0.9721443057060242, 0.9709419012069702, 0.9683367013931274, 0.9717434644699097, 0.9683367013931274, 0.9731463193893433, 0.9751502871513367, 0.9731463193893433, 0.975751519203186, 0.9737474918365479, 0.9721443057060242, 0.9733467102050781, 0.9741482734680176, 0.9733467102050781, 0.9751502871513367, 0.9677354693412781, 0.9727454781532288, 0.97695392370224, 0.9763526916503906, 0.9765530824661255, 0.9629258513450623, 0.9773547053337097, 0.9773547053337097, 0.9789578914642334, 0.9779559373855591, 0.9789578914642334, 0.9795591235160828, 0.9805611371994019, 0.9741482734680176, 0.9779559373855591, 0.9771543145179749], "val_loss": [1.1524263620376587, 1.0015209913253784, 0.897990882396698, 0.8455044627189636, 0.7649329304695129, 0.7412776947021484, 0.7199514508247375, 0.6859113574028015, 0.6451857686042786, 0.6158792972564697, 0.5998312830924988, 0.5882008671760559, 0.5583805441856384, 0.5411118268966675, 0.551401674747467, 0.5277106165885925, 0.5266703367233276, 0.5540449619293213, 0.5134168863296509, 0.5246787667274475, 0.5279209017753601, 0.49684828519821167, 0.5050637125968933, 0.5254649519920349, 0.49663084745407104, 0.5137733221054077, 0.5003018379211426, 0.4978027939796448, 0.49761515855789185, 0.5098080039024353, 0.48696935176849365, 0.5043826699256897, 0.5174701809883118, 0.515582799911499, 0.5213886499404907, 0.515229344367981, 0.5565436482429504, 0.5220593810081482, 0.5157402157783508, 0.5078233480453491, 0.5327084064483643, 0.5338780283927917, 0.5554162263870239, 0.5349048972129822, 0.5473803877830505, 0.5757154226303101, 0.5299777984619141, 0.5354030728340149, 0.5470322966575623, 0.547808825969696, 0.5581272840499878, 0.5466073751449585, 0.5792986154556274, 0.5809766054153442, 0.5744891166687012, 0.6237879991531372, 0.5665644407272339, 0.5777825117111206, 0.5964272022247314, 0.5878224968910217, 0.5934699773788452, 0.599023699760437, 0.6030099987983704, 0.6196819543838501, 0.6002336144447327, 0.5963456034660339, 0.5827815532684326, 0.5997294187545776, 0.5965496301651001, 0.6398371458053589, 0.6115700006484985, 0.6185454726219177, 0.6684878468513489, 0.5994003415107727, 0.6311588883399963, 0.599934995174408, 0.6530315279960632, 0.6367316246032715, 0.6098754405975342, 0.6173697710037231, 0.6426563858985901, 0.6662104725837708, 0.6496274471282959, 0.6672669649124146, 0.6937510967254639, 0.6573519110679626, 0.6675494313240051, 0.6758075952529907, 0.6531020998954773, 0.6590256690979004, 0.6651708483695984, 0.6760864853858948, 0.6728732585906982, 0.6914021372795105, 0.6965585350990295, 0.7112398147583008, 0.7041494846343994, 0.6848283410072327, 0.7245977520942688, 0.7192113995552063],