{"loss": [0.8663098812103271, 0.5447577834129333, 0.3798808455467224, 0.25795185565948486, 0.22656260430812836, 0.23269787430763245, 0.15717877447605133, 0.1555212289094925, 0.11337228119373322, 0.13452963531017303, 0.140849769115448, 0.09588976949453354, 0.11395668983459473, 0.07799509167671204, 0.08170656114816666, 0.10430168360471725, 0.09690826386213303, 0.06534957140684128, 0.05995892360806465, 0.056270960718393326, 0.1308441013097763, 0.07461313158273697, 0.0982561856508255, 0.08424491435289383, 0.05713387206196785, 0.041010089218616486, 0.050899870693683624, 0.08065509051084518, 0.0477551631629467, 0.03513360396027565, 0.0569695346057415, 0.12536883354187012, 0.048766590654850006, 0.031059518456459045, 0.02753691002726555, 0.022386252880096436, 0.04396035522222519, 0.09492142498493195, 0.04516836255788803, 0.044715266674757004, 0.03250503912568092, 0.024850040674209595, 0.029102513566613197, 0.1499442458152771, 0.11122013628482819, 0.04999462142586708, 0.02366337925195694, 0.011568610556423664, 0.008082416839897633, 0.00536616425961256, 0.00366936344653368, 0.004276585299521685, 0.0022460888139903545, 0.10309943556785583, 0.14350202679634094, 0.06311177462339401, 0.04343065991997719, 0.02666352689266205, 0.035158850252628326, 0.02625763602554798, 0.03223099187016487, 0.047268256545066833, 0.07231917232275009, 0.02862435206770897, 0.01229197345674038, 0.038421425968408585, 0.05287479981780052, 0.03798378258943558, 0.01616385392844677, 0.012220650911331177, 0.004909495823085308, 0.002341368468478322, 0.001415647566318512, 0.0012360255932435393, 0.0009254190372303128, 0.0007582624675706029, 0.0006731198518536985, 0.0005996124818921089, 0.0005373393069021404, 0.00048527776380069554, 0.00044054974569007754, 0.0004013368161395192, 0.00036629775422625244, 0.0003359991533216089, 0.0003085783391725272, 0.00028254196513444185, 0.0002588675415609032, 0.00023689327645115554, 0.00021818181267008185, 0.00020095708896405995, 0.0001847567327786237, 0.0001695252867648378, 0.00015630909183528274, 0.00014348296099342406, 0.00013422095798887312, 0.0001225759624503553, 0.00011264337808825076, 0.00010413277050247416, 9.617102477932349e-05, 8.797497866908088e-05], "accuracy": [0.6407221555709839, 0.779538631439209, 0.8670009970664978, 0.9133400321006775, 0.9197592735290527, 0.9183550477027893, 0.9436308741569519, 0.9476429224014282, 0.9570711851119995, 0.9484453201293945, 0.9510531425476074, 0.964493453502655, 0.9588766098022461, 0.970912754535675, 0.9697090983390808, 0.9652959108352661, 0.9656971096992493, 0.9761283993721008, 0.9767301678657532, 0.9807422161102295, 0.9552658200263977, 0.9725175499916077, 0.9640922546386719, 0.9717151522636414, 0.9807422161102295, 0.9863590598106384, 0.9811434149742126, 0.9693078994750977, 0.9833500385284424, 0.9865596890449524, 0.97953861951828, 0.9536609649658203, 0.9841524362564087, 0.9893680810928345, 0.9905717372894287, 0.9929789304733276, 0.9841524362564087, 0.9683049321174622, 0.9845536351203918, 0.9843530654907227, 0.9885656833648682, 0.9919759035110474, 0.9903711080551147, 0.9566699862480164, 0.9632898569107056, 0.9843530654907227, 0.9929789304733276, 0.9975928068161011, 0.9983952045440674, 0.9993981719017029, 0.999799370765686, 0.9993981719017029, 1.0, 0.9693078994750977, 0.9492477178573608, 0.9791374206542969, 0.9847542643547058, 0.9917753338813782, 0.9867602586746216, 0.9891675114631653, 0.991173505783081, 0.9847542643547058, 0.9753260016441345, 0.9907723069190979, 0.9957873821258545, 0.9861584901809692, 0.9823470115661621, 0.9859578609466553, 0.9949849843978882, 0.9975928068161011, 0.9991976022720337, 0.999799370765686, 1.0, 1.0, 1.0, 1.0, 1.0, 1.0, 1.0, 1.0, 1.0, 1.0, 1.0, 1.0, 1.0, 1.0, 1.0, 1.0, 1.0, 1.0, 1.0, 1.0, 1.0, 1.0, 1.0, 1.0, 1.0, 1.0, 1.0, 1.0], "val_loss": [0.6842823028564453, 0.587475061416626, 0.5371325612068176, 0.5295639634132385, 0.8058663010597229, 0.47355586290359497, 0.5979740619659424, 0.4781307280063629, 0.537095308303833, 0.5909226536750793, 0.48477602005004883, 0.6105044484138489, 0.493437796831131, 0.46252572536468506, 0.534758448600769, 0.7174978256225586, 0.4838678538799286, 0.565996527671814, 0.5738669633865356, 0.5733866095542908, 0.5081750154495239, 0.5369945764541626, 0.5345096588134766, 0.6262244582176208, 0.5633543133735657, 0.5487993955612183, 0.7535205483436584, 0.6341445446014404, 0.6166225075721741, 0.5516201853752136, 0.8490276336669922, 0.5330038666725159, 0.5046473145484924, 0.6037693023681641, 0.5012375712394714, 0.5597017407417297, 0.5525131821632385, 0.6651237607002258, 0.7021728157997131, 0.6143981218338013, 0.6287468075752258, 0.5513070225715637, 0.6165609359741211, 0.8237186074256897, 0.7798660397529602, 0.6135494112968445, 0.6346509456634521, 0.584997296333313, 0.6556958556175232, 0.6346966028213501, 0.6479019522666931, 0.6488580703735352, 0.6780785322189331, 0.7571884393692017, 0.5614318251609802, 0.7011352181434631, 0.6169007420539856, 0.6907536387443542, 0.5966244339942932, 0.7623779773712158, 0.6344740986824036, 0.68124920129776, 0.6280446648597717, 0.634655237197876, 0.6590374708175659, 0.646818220615387, 0.7824780344963074, 0.6852059960365295, 0.6643936038017273, 0.6902099847793579, 0.6625840663909912, 0.6597153544425964, 0.676783561706543, 0.6829306483268738, 0.6903089284896851, 0.6984105110168457, 0.7050843238830566, 0.7133732438087463, 0.7184785008430481, 0.7241862416267395, 0.7299577593803406, 0.7349815368652344, 0.7418747544288635, 0.7466650605201721, 0.7537829875946045, 0.7597379684448242, 0.7666811943054199, 0.7711814641952515, 0.7792109251022339, 0.7849106788635254, 0.789760172367096, 0.7957437634468079, 0.8003947138786316, 0.8081647753715515, 0.8120549321174622, 0.8204552531242371, 0.8272040486335754, 0.8325149416923523, 0.8390781879425049, 0.8428932428359985], "val_accuracy": [0.7189568877220154, 0.7592778205871582, 0.8096289038658142, 0.8194583654403687, 0.759077250957489, 0.8401203751564026, 0.800000011920929, 0.8495486378669739, 0.8367101550102234, 0.8280842304229736, 0.8483450412750244, 0.8369107246398926, 0.8535606861114502, 0.8678033947944641, 0.8521564602851868, 0.811835527420044, 0.8561685085296631, 0.8523570895195007, 0.8533600568771362, 0.8503510355949402, 0.8571715354919434, 0.8525576591491699, 0.849949836730957, 0.8443329930305481, 0.8589769601821899, 0.8643931746482849, 0.8134403228759766, 0.8477432131767273, 0.8515546917915344, 0.8639919757843018, 0.8134403228759766, 0.8589769601821899, 0.870411217212677, 0.8589769601821899, 0.8746238946914673, 0.8623871803283691, 0.8661985993385315, 0.838314950466156, 0.8455365896224976, 0.8567703366279602, 0.855566680431366, 0.8728184700012207, 0.8581745028495789, 0.7889668941497803, 0.8284854292869568, 0.858575701713562, 0.8631895780563354, 0.8692076206207275, 0.8651955723762512, 0.8672016263008118, 0.8655967712402344, 0.867402195930481, 0.867402195930481, 0.7995988130569458, 0.8639919757843018, 0.8443329930305481, 0.8629889488220215, 0.8465396165847778, 0.8678033947944641, 0.8399197459220886, 0.8639919757843018, 0.8491474390029907, 0.861985981464386, 0.861985981464386, 0.8597793579101562, 0.8595787286758423, 0.8377131223678589, 0.8513540625572205, 0.8639919757843018, 0.8575727343559265, 0.8643931746482849, 0.8672016263008118, 0.867402195930481, 0.8663991689682007, 0.8672016263008118, 0.867402195930481, 0.8670009970664978, 0.8665997982025146, 0.8680040240287781, 0.8665997982025146, 0.8663991689682007, 0.8668004274368286, 0.8668004274368286, 0.8672016263008118, 0.8672016263008118, 0.8672016263008118, 0.8676028251647949, 0.867402195930481, 0.8672016263008118, 0.8665997982025146, 0.867402195930481, 0.867402195930481, 0.8672016263008118, 0.8670009970664978, 0.8665997982025146, 0.8663991689682007, 0.8663991689682007, 0.8663991689682007, 0.8655967712402344, 0.8665997982025146], "training_time": 454.32003235816956, "output_time": 0.3835065126419067}