{"loss": [0.8296947479248047, 0.44358381628990173, 0.2853235602378845, 0.20456479489803314, 0.15988747775554657, 0.13206538558006287, 0.11686496436595917, 0.10953747481107712, 0.08754587173461914, 0.08199403434991837, 0.07868660241365433, 0.07272163778543472, 0.06440330296754837, 0.06136726215481758, 0.054599933326244354, 0.05330883339047432, 0.048121508210897446, 0.047359224408864975, 0.05409497022628784, 0.05282152444124222, 0.037369441241025925, 0.03362018242478371, 0.03483903035521507, 0.03267347812652588, 0.031036432832479477, 0.025296829640865326, 0.024431273341178894, 0.03411133214831352, 0.023886822164058685, 0.034787993878126144, 0.052435118705034256, 0.025102687999606133, 0.01851929910480976, 0.015184729360044003, 0.020187223330140114, 0.014975220896303654, 0.016971588134765625, 0.010632005520164967, 0.01686899922788143, 0.04044747352600098, 0.02649102360010147, 0.01312920544296503, 0.013413641601800919, 0.013832565397024155, 0.04242316633462906, 0.01517361868172884, 0.00730189448222518, 0.006285157985985279, 0.0054113660007715225, 0.014142218977212906, 0.024217719212174416, 0.020102377980947495, 0.013688853941857815, 0.007799205370247364, 0.00563056580722332, 0.002777133835479617, 0.0020936117507517338, 0.004971584305167198, 0.009624994359910488, 0.044788721948862076, 0.028542933985590935, 0.015986204147338867, 0.004473278298974037, 0.0030188485980033875, 0.002128925872966647, 0.001827465952374041, 0.0015997140435501933, 0.0014079164247959852, 0.001345786266028881, 0.0010676112724468112, 0.0009958904702216387, 0.0008783192024566233, 0.0007905742968432605, 0.0007583717815577984, 0.00068034598371014, 0.0006200622301548719, 0.000546815397683531, 0.0005181176820769906, 0.0004683893930632621, 0.0004381939652375877, 0.036819327622652054, 0.08516345173120499, 0.020489931106567383, 0.017554080113768578, 0.008399580605328083, 0.006235818844288588, 0.006421252619475126, 0.003311033360660076, 0.002405020175501704, 0.001436356222257018, 0.0014298867899924517, 0.0011471359757706523, 0.001022318028844893, 0.0036857598461210728, 0.05035179853439331, 0.020608093589544296, 0.012914876453578472, 0.003626905381679535, 0.0026128324680030346, 0.0018571583786979318], "accuracy": [0.6629889607429504, 0.8405215740203857, 0.9033099412918091, 0.9303911924362183, 0.9468405246734619, 0.9564694166183472, 0.9608826637268066, 0.9590772390365601, 0.9699097275733948, 0.9711133241653442, 0.9725175499916077, 0.9749248027801514, 0.9769307971000671, 0.97953861951828, 0.9813440442085266, 0.9833500385284424, 0.9835506677627563, 0.9817452430725098, 0.981945812702179, 0.9817452430725098, 0.988365113735199, 0.9909729361534119, 0.9879639148712158, 0.9889668822288513, 0.9887663125991821, 0.9933801293373108, 0.9921765327453613, 0.9875627160072327, 0.9933801293373108, 0.9871614575386047, 0.9817452430725098, 0.9935807585716248, 0.9945837259292603, 0.9971915483474731, 0.9943831562995911, 0.9963891506195068, 0.9941825270652771, 0.9975928068161011, 0.9951855540275574, 0.9849548935890198, 0.9909729361534119, 0.9965897798538208, 0.9961885809898376, 0.9953861832618713, 0.9857572913169861, 0.9951855540275574, 0.9993981719017029, 0.9995988011360168, 0.9991976022720337, 0.9955867528915405, 0.9919759035110474, 0.9925777316093445, 0.9963891506195068, 0.9987964034080505, 0.9991976022720337, 1.0, 1.0, 0.9991976022720337, 0.9973921775817871, 0.9861584901809692, 0.9903711080551147, 0.9953861832618713, 0.9995988011360168, 1.0, 1.0, 1.0, 1.0, 1.0, 1.0, 1.0, 1.0, 1.0, 1.0, 1.0, 1.0, 1.0, 1.0, 1.0, 1.0, 1.0, 0.988365113735199, 0.9721163511276245, 0.9923771023750305, 0.9955867528915405, 0.9975928068161011, 0.9985957741737366, 0.9985957741737366, 0.9993981719017029, 0.999799370765686, 1.0, 1.0, 1.0, 1.0, 0.9985957741737366, 0.9863590598106384, 0.9925777316093445, 0.9959879517555237, 0.9995988011360168, 1.0, 1.0], "val_loss": [0.6795433759689331, 0.5168100595474243, 0.4615291655063629, 0.4650733470916748, 0.4003894627094269, 0.45066913962364197, 0.38623106479644775, 0.3849540948867798, 0.42161351442337036, 0.4180152416229248, 0.4229225218296051, 0.41221296787261963, 0.46946749091148376, 0.454249769449234, 0.5294846892356873, 0.5127221941947937, 0.4650619924068451, 0.5287545919418335, 0.6441773772239685, 0.4836551249027252, 0.5046933889389038, 0.5224003791809082, 0.5550376772880554, 0.5324215292930603, 0.5087181329727173, 0.5251464247703552, 0.5461985468864441, 0.6055410504341125, 0.6337457895278931, 0.5787903666496277, 0.4997656047344208, 0.5410555601119995, 0.5612192749977112, 0.5752686262130737, 0.5758009552955627, 0.6268872618675232, 0.6082744598388672, 0.6428800821304321, 0.8204131126403809, 0.6103520393371582, 0.5881962776184082, 0.627299427986145, 0.6067944765090942, 0.6445517539978027, 0.5766105055809021, 0.5790171027183533, 0.5889080166816711, 0.5974671840667725, 0.63209068775177, 0.6727315187454224, 0.6573632955551147, 0.6376091241836548, 0.6683014631271362, 0.691434383392334, 0.6469900012016296, 0.6543765664100647, 0.6864199638366699, 0.6724303364753723, 0.7747642397880554, 0.602680504322052, 0.6448209285736084, 0.6291914582252502, 0.647236704826355, 0.656295120716095, 0.6712692975997925, 0.6860054135322571, 0.7119353413581848, 0.7171490788459778, 0.7226166129112244, 0.742002546787262, 0.7476369142532349, 0.7600110173225403, 0.7659802436828613, 0.7773230075836182, 0.7887784838676453, 0.7999643087387085, 0.8076563477516174, 0.8122348189353943, 0.8248724937438965, 0.8310941457748413, 0.7645444273948669, 0.5829231142997742, 0.606225848197937, 0.6425466537475586, 0.6427004337310791, 0.6615588665008545, 0.672295093536377, 0.6700344681739807, 0.6949732303619385, 0.7059154510498047, 0.7260035872459412, 0.7336364388465881, 0.747854471206665, 0.7789407968521118, 0.650234043598175, 0.6519206762313843, 0.6431583762168884, 0.659767210483551, 0.6994840502738953, 0.7015036344528198], "val_accuracy": [0.7157472372055054, 0.8112336993217468, 0.83209627866745, 0.8425275683403015, 0.8633901476860046, 0.8567703366279602, 0.867402195930481, 0.8712136149406433, 0.8653962016105652, 0.8688064217567444, 0.8724172711372375, 0.873420238494873, 0.8597793579101562, 0.8672016263008118, 0.8565697073936462, 0.8561685085296631, 0.8668004274368286, 0.8553661108016968, 0.8355064988136292, 0.8663991689682007, 0.8682045936584473, 0.8680040240287781, 0.8547642827033997, 0.8663991689682007, 0.8744232654571533, 0.8718154430389404, 0.8663991689682007, 0.8549649119377136, 0.8573721051216125, 0.8629889488220215, 0.8692076206207275, 0.8702106475830078, 0.8688064217567444, 0.8690069913864136, 0.8708124160766602, 0.8637913465499878, 0.8665997982025146, 0.8615847826004028, 0.8435305953025818, 0.8621865510940552, 0.864995002746582, 0.8663991689682007, 0.8668004274368286, 0.8625877499580383, 0.8726178407669067, 0.8730190396308899, 0.873420238494873, 0.8718154430389404, 0.8672016263008118, 0.8605817556381226, 0.8609829545021057, 0.8688064217567444, 0.8672016263008118, 0.8647943735122681, 0.8726178407669067, 0.8710130453109741, 0.8678033947944641, 0.8686057925224304, 0.8525576591491699, 0.8645938038825989, 0.861985981464386, 0.8647943735122681, 0.8688064217567444, 0.870611846446991, 0.8718154430389404, 0.8694082498550415, 0.8694082498550415, 0.8676028251647949, 0.8665997982025146, 0.8651955723762512, 0.8680040240287781, 0.8657974004745483, 0.8663991689682007, 0.864995002746582, 0.8651955723762512, 0.8643931746482849, 0.864995002746582, 0.8661985993385315, 0.8655967712402344, 0.8627883791923523, 0.8332998752593994, 0.8665997982025146, 0.8653962016105652, 0.8678033947944641, 0.8732196688652039, 0.8716148734092712, 0.8702106475830078, 0.8692076206207275, 0.8702106475830078, 0.8716148734092712, 0.8694082498550415, 0.870611846446991, 0.8692076206207275, 0.864995002746582, 0.8746238946914673, 0.8728184700012207, 0.8746238946914673, 0.8778334856033325, 0.873620867729187, 0.8722166419029236], "training_time": 180.6156725883484, "output_time": 0.08908092975616455}