{"loss": [0.9972345232963562, 0.6632232069969177, 0.5297767519950867, 0.4473000168800354, 0.3889990448951721, 0.34425118565559387, 0.30608054995536804, 0.2792145311832428, 0.24944794178009033, 0.22527019679546356], "accuracy": [0.6064128279685974, 0.7372745275497437, 0.7995991706848145, 0.8408817648887634, 0.8715431094169617, 0.8845691084861755, 0.8983967900276184, 0.910420835018158, 0.9218437075614929, 0.9296593070030212], "val_loss": [0.8443101048469543, 0.7749055027961731, 0.7290114164352417, 0.7005548477172852, 0.7183259725570679, 0.6679597496986389, 0.6741340160369873, 0.6732168793678284, 0.6725389957427979, 0.6482815742492676], "val_accuracy": [0.6561122536659241, 0.6957916021347046, 0.7142284512519836, 0.7348697185516357, 0.7292585372924805, 0.7645290493965149, 0.7647294402122498, 0.7641282677650452, 0.7709419131278992, 0.7821643352508545], "training_time": 8.408783912658691, "output_time": 0.053602051734924314}