{"loss": [1.1124063730239868, 0.943523108959198, 0.8838326334953308, 0.8432829976081848, 0.811590313911438, 0.7809996604919434, 0.7595669031143188, 0.7361757755279541, 0.7159295678138733, 0.7001095414161682, 0.6876670718193054, 0.6793907880783081, 0.654546856880188, 0.6351118683815002, 0.6239506602287292, 0.6129128336906433, 0.602216899394989, 0.5909391045570374, 0.579697847366333, 0.5642695426940918, 0.5619916915893555, 0.5522881150245667, 0.5454652905464172, 0.5379247665405273, 0.5268456339836121, 0.5196542143821716, 0.5181471109390259, 0.5044764876365662, 0.4972935914993286, 0.4908532500267029, 0.48234814405441284, 0.4768775403499603, 0.4818495512008667, 0.4675234854221344, 0.462040513753891, 0.4632681906223297, 0.45862898230552673, 0.4459328353404999, 0.4502035081386566, 0.4358828365802765, 0.4310625195503235, 0.4328901469707489, 0.42564836144447327, 0.41965794563293457, 0.416718453168869, 0.40863069891929626, 0.40919193625450134, 0.39876076579093933, 0.3998888432979584, 0.39307841658592224, 0.3927363455295563, 0.3891613185405731, 0.38440483808517456, 0.380514919757843, 0.3743489384651184, 0.37115442752838135, 0.37313371896743774, 0.36717262864112854, 0.35758334398269653, 0.37271055579185486, 0.3595304787158966, 0.3536224961280823, 0.3455430269241333, 0.34875941276550293, 0.3455355763435364, 0.3455006778240204, 0.3366204798221588, 0.3317723572254181, 0.3367989957332611, 0.33618712425231934, 0.3305943012237549, 0.3288538455963135, 0.3201918601989746, 0.3251715302467346, 0.32034289836883545, 0.30956757068634033, 0.3079996407032013, 0.3109118342399597, 0.31228822469711304, 0.29913854598999023, 0.3011375665664673, 0.29922544956207275, 0.2938734292984009, 0.28953665494918823, 0.28565290570259094, 0.29563409090042114, 0.2875678539276123, 0.28677523136138916, 0.2822640538215637, 0.2860676348209381, 0.2840757668018341, 0.279385507106781, 0.27730491757392883, 0.2796913683414459, 0.2694894075393677, 0.26794368028640747, 0.2674638628959656, 0.2668873369693756, 0.2696436047554016, 0.26110389828681946], "accuracy": [0.5219044089317322, 0.5847169160842896, 0.6061212420463562, 0.622124433517456, 0.6409282088279724, 0.660932183265686, 0.6713342666625977, 0.6775355339050293, 0.693138599395752, 0.6981396079063416, 0.7075415253639221, 0.7145429253578186, 0.7279455661773682, 0.7345468997955322, 0.7443488836288452, 0.7451490163803101, 0.7499499917030334, 0.7567513585090637, 0.763552725315094, 0.7719544172286987, 0.7687537670135498, 0.7747549414634705, 0.7793558835983276, 0.784156858921051, 0.793758749961853, 0.7909581661224365, 0.7921584248542786, 0.7947589755058289, 0.7985597252845764, 0.8083616495132446, 0.8053610920906067, 0.8053610920906067, 0.8059611916542053, 0.8167633414268494, 0.8181636333465576, 0.8161632418632507, 0.8165633082389832, 0.8277655243873596, 0.8207641243934631, 0.8287657499313354, 0.8351670503616333, 0.8269653916358948, 0.8373674750328064, 0.8389678001403809, 0.8375675082206726, 0.8405681252479553, 0.841168224811554, 0.8449689745903015, 0.8487697243690491, 0.8445689082145691, 0.8487697243690491, 0.8509702086448669, 0.851970374584198, 0.8517703413963318, 0.8613722920417786, 0.8559712171554565, 0.8615723252296448, 0.8603720664978027, 0.8681736588478088, 0.8547709584236145, 0.8619723916053772, 0.868373692035675, 0.8687737584114075, 0.8655731081962585, 0.8665733337402344, 0.8695738911628723, 0.8751750588417053, 0.8739748001098633, 0.871374249458313, 0.871374249458313, 0.8745748996734619, 0.8753750920295715, 0.881176233291626, 0.8745748996734619, 0.8767753839492798, 0.8841768503189087, 0.88777756690979, 0.8815762996673584, 0.8845769166946411, 0.8915783166885376, 0.8871774077415466, 0.8857771754264832, 0.8903780579566956, 0.896379292011261, 0.895179033279419, 0.885377049446106, 0.8935787081718445, 0.8913782835006714, 0.8967793583869934, 0.8959792256355286, 0.8911782503128052, 0.8955790996551514, 0.8985797166824341, 0.896379292011261, 0.9033806920051575, 0.8991798162460327, 0.8991798162460327, 0.8997799754142761, 0.8999800086021423, 0.9043808579444885], "val_loss": [1.0252017974853516, 0.9609094858169556, 0.9388803839683533, 0.909071683883667, 0.8845968246459961, 0.8726052641868591, 0.8466452360153198, 0.8356183171272278, 0.8500028252601624, 0.8158032894134521, 0.834506630897522, 0.8351528644561768, 0.8183853030204773, 0.8074424862861633, 0.7792023420333862, 0.7965441942214966, 0.8371663689613342, 0.7751151323318481, 0.7640241384506226, 0.7638154625892639, 0.7704340815544128, 0.7666869163513184, 0.7829329967498779, 0.7698890566825867, 0.7845372557640076, 0.766448974609375, 0.7796044945716858, 0.769453227519989, 0.798496425151825, 0.7790678143501282, 0.7721248865127563, 0.7938801646232605, 0.7568056583404541, 0.7470585703849792, 0.7549819350242615, 0.7433139681816101, 0.7667872905731201, 0.7743663191795349, 0.7365585565567017, 0.7648648619651794, 0.7535419464111328, 0.8017880320549011, 0.7423506379127502, 0.7495408654212952, 0.7523931264877319, 0.7947694659233093, 0.7605952620506287, 0.7787232995033264, 0.7840750217437744, 0.7735106945037842, 0.7912487983703613, 0.7728422284126282, 0.7775672674179077, 0.7467359900474548, 0.7782114148139954, 0.754784882068634, 0.7298978567123413, 0.7467614412307739, 0.7680824398994446, 0.7940175533294678, 0.756462037563324, 0.750454306602478, 0.7662526369094849, 0.7628985047340393, 0.754039466381073, 0.7778995633125305, 0.7504393458366394, 0.7702676057815552, 0.7830340266227722, 0.759472131729126, 0.7639975547790527, 0.7686293125152588, 0.7553207278251648, 0.7858165502548218, 0.7713238000869751, 0.7577592134475708, 0.7675893306732178, 0.788464367389679, 0.7665191292762756, 0.7719130516052246, 0.7655249834060669, 0.7881024479866028, 0.8057182431221008, 0.783292829990387, 0.7823734879493713, 0.7788987755775452, 0.813277542591095, 0.77884441614151, 0.7985846400260925, 0.8315394520759583, 0.7772552967071533, 0.784961998462677, 0.7781171202659607, 0.7928857207298279, 0.7994916439056396, 0.7938562035560608, 0.8327582478523254, 0.8115741014480591, 0.8311770558357239, 0.8384664058685303],