{"loss": [0.94141685962677, 0.4411141574382782, 0.30761829018592834, 0.22611303627490997, 0.19167271256446838, 0.1744987815618515, 0.149580180644989, 0.13768799602985382, 0.11768856644630432, 0.1193988025188446, 0.13047173619270325, 0.09642618149518967, 0.08379609137773514, 0.07945525646209717, 0.07690094411373138, 0.07161054760217667, 0.0715806633234024, 0.06508044898509979, 0.06118997931480408, 0.0613701157271862, 0.05510322377085686, 0.05421869084239006, 0.06276337802410126, 0.094056136906147, 0.0549253448843956, 0.047105781733989716, 0.04651019349694252, 0.0409126952290535, 0.0458611436188221, 0.05657253414392471, 0.04872162267565727, 0.04021774232387543, 0.03675447031855583, 0.03316561132669449, 0.0363173671066761, 0.03188583627343178, 0.030478009954094887, 0.028728824108839035, 0.02844216115772724, 0.03126000612974167, 0.03245524689555168, 0.03773580491542816, 0.04394375905394554, 0.028134481981396675, 0.024685343727469444, 0.02094375155866146, 0.020256340503692627, 0.021249135956168175, 0.02224016934633255, 0.01969214156270027, 0.01888439990580082, 0.01668407768011093, 0.023327622562646866, 0.02107994630932808, 0.04210548847913742, 0.06437942385673523, 0.020669426769018173, 0.01748688332736492, 0.01605111174285412, 0.014095255173742771, 0.013410967774689198, 0.013381073251366615, 0.08359711617231369, 0.029384244233369827, 0.021546021103858948, 0.01563231647014618, 0.014588601887226105, 0.015034017153084278, 0.013494860380887985, 0.010295445099473, 0.012404458597302437, 0.011465239338576794, 0.010901696048676968, 0.009277448989450932, 0.00900929793715477, 0.022184792906045914, 0.017982829362154007, 0.012922783382236958, 0.008501245640218258, 0.0074832807295024395, 0.010097691789269447, 0.013481194153428078, 0.00964007806032896, 0.00755648547783494, 0.010667203925549984, 0.015813833102583885, 0.015158846974372864, 0.010760189034044743, 0.006567354314029217, 0.0062010036781430244, 0.0072134980000555515, 0.009008415043354034, 0.015266424976289272, 0.010297857224941254, 0.008642776869237423, 0.014890981838107109, 0.0145497415214777, 0.009461665526032448, 0.005572565831243992, 0.002788407262414694], "accuracy": [0.6433467864990234, 0.8653225898742676, 0.9056451320648193, 0.92963707447052, 0.9338709712028503, 0.9413306713104248, 0.9479838609695435, 0.9538306593894958, 0.9590725898742676, 0.9598790407180786, 0.9550403356552124, 0.96875, 0.9739919304847717, 0.9747983813285828, 0.9731854796409607, 0.9800403118133545, 0.9739919304847717, 0.9772177338600159, 0.9798387289047241, 0.9792338609695435, 0.9806451797485352, 0.981249988079071, 0.9806451797485352, 0.9657257795333862, 0.9818548560142517, 0.9856854677200317, 0.9834677577018738, 0.9848790168762207, 0.9844757914543152, 0.9826613068580627, 0.9844757914543152, 0.9866935610771179, 0.9885080456733704, 0.991330623626709, 0.989112913608551, 0.9887096881866455, 0.9909273982048035, 0.9919354915618896, 0.9919354915618896, 0.991330623626709, 0.9915322661399841, 0.9866935610771179, 0.987500011920929, 0.9915322661399841, 0.9935483932495117, 0.9945564270019531, 0.9937499761581421, 0.9947580695152283, 0.9951612949371338, 0.9949596524238586, 0.9949596524238586, 0.9955645203590393, 0.9945564270019531, 0.9941532015800476, 0.9885080456733704, 0.9788306355476379, 0.9961693286895752, 0.9959677457809448, 0.9961693286895752, 0.9969757795333862, 0.9971774220466614, 0.9971774220466614, 0.9745967984199524, 0.9911290407180786, 0.9941532015800476, 0.9969757795333862, 0.9971774220466614, 0.9967741966247559, 0.9967741966247559, 0.9985886812210083, 0.9971774220466614, 0.9969757795333862, 0.9977822303771973, 0.9985886812210083, 0.9983870983123779, 0.9945564270019531, 0.9943548440933228, 0.9971774220466614, 0.9983870983123779, 0.9987903237342834, 0.9977822303771973, 0.9969757795333862, 0.9977822303771973, 0.9989919066429138, 0.9977822303771973, 0.9953628778457642, 0.9951612949371338, 0.9963709712028503, 0.9985886812210083, 0.9983870983123779, 0.9983870983123779, 0.9975806474685669, 0.9953628778457642, 0.9985886812210083, 0.9979838728904724, 0.9943548440933228, 0.9955645203590393, 0.9969757795333862, 0.9987903237342834, 1.0], "val_loss": [0.7274580597877502, 0.5788356065750122, 0.4953485429286957, 0.5070319771766663, 0.5647366046905518, 0.4872189462184906, 0.4601913392543793, 0.4450870156288147, 0.5265265703201294, 0.6383089423179626, 0.5648728013038635, 0.5320428013801575, 0.5711278319358826, 0.610504150390625, 0.5817734599113464, 0.6452103853225708, 0.7079480886459351, 0.6178305745124817, 0.6817631125450134, 0.6820445656776428, 0.7106534838676453, 0.7539066076278687, 0.7501955032348633, 0.6005385518074036, 0.611848771572113, 0.6383028030395508, 0.6634647846221924, 0.682449221611023, 0.6873407959938049, 0.5959101319313049, 0.6183509230613708, 0.5961927175521851, 0.6491312980651855, 0.6722626686096191, 0.6618516445159912, 0.6413140892982483, 0.664884090423584, 0.7035837173461914, 0.7014638185501099, 0.8463019728660583, 0.7372029423713684, 0.6767746806144714, 0.6330646872520447, 0.6595327258110046, 0.762576699256897, 0.7540476322174072, 0.8187184929847717, 0.7587031126022339, 0.788956880569458, 0.7882087230682373, 0.7877057194709778, 0.798577606678009, 0.8388851284980774, 0.7904374599456787, 0.6664023399353027, 0.6635164618492126, 0.727354109287262, 0.7636112570762634, 0.7202370166778564, 0.7509461641311646, 0.7904691100120544, 0.8537076711654663, 0.6919963359832764, 0.7765419483184814, 0.7887702584266663, 0.8033950328826904, 0.8175386786460876, 0.8585560321807861, 0.7957296371459961, 0.8351650238037109, 0.88547283411026, 0.9088074564933777, 0.8621341586112976, 0.9187387824058533, 0.8663650155067444, 0.7492091059684753, 0.8343417048454285, 0.8686790466308594, 0.8599667549133301, 0.9132673740386963, 0.8555766344070435, 0.9574982523918152, 0.8895556330680847, 0.9024996161460876, 0.8963742852210999, 0.8497477769851685, 0.8801413178443909, 0.9379357099533081, 0.9013062715530396, 0.9284535050392151, 0.9510853290557861, 0.9174882173538208, 0.9887068271636963, 1.0646259784698486, 0.9830979108810425, 0.9964409470558167, 0.8873623609542847, 0.9056085348129272, 0.975493311882019, 0.9658213257789612],