{"loss": [3.328165054321289, 2.8517072200775146, 2.3233444690704346, 1.8023737668991089, 1.3659780025482178, 1.1350399255752563, 1.001985788345337, 0.9161088466644287, 0.8550071716308594, 0.808866560459137, 0.7727662920951843, 0.7431693077087402, 0.716039776802063, 0.6945425271987915, 0.6757147908210754, 0.6604616641998291, 0.6454551219940186, 0.6295487880706787, 0.613818347454071, 0.600454568862915, 0.5896766781806946, 0.5793547630310059, 0.56974196434021, 0.5610345602035522, 0.5533031821250916, 0.5464772582054138, 0.5393602252006531, 0.5329256653785706, 0.5262672305107117, 0.5203887820243835, 0.5120951533317566, 0.5067177414894104, 0.5001096129417419, 0.4953894019126892, 0.4905960261821747, 0.48437216877937317, 0.4808076322078705, 0.47434914112091064, 0.47119995951652527, 0.46667081117630005, 0.4631446599960327, 0.4579979181289673, 0.4543374478816986, 0.4493900239467621, 0.4444847106933594, 0.44048041105270386, 0.43631014227867126, 0.43307188153266907, 0.4292643368244171, 0.4257185459136963, 0.42186617851257324, 0.4183198809623718, 0.4148612320423126, 0.4117562472820282, 0.4087824821472168, 0.40496671199798584, 0.40285032987594604, 0.3991333246231079, 0.39830508828163147, 0.39432621002197266, 0.3914838433265686, 0.3886503577232361, 0.3870505094528198, 0.38384750485420227, 0.38190746307373047, 0.37940552830696106, 0.37703394889831543, 0.37392309308052063, 0.37245872616767883, 0.36945244669914246, 0.3660629689693451, 0.3650762140750885, 0.36233434081077576, 0.3609600067138672, 0.3601036071777344, 0.35879600048065186, 0.35457372665405273, 0.35234877467155457, 0.3516125977039337, 0.3495541512966156, 0.34682735800743103, 0.345348060131073, 0.3435230553150177, 0.34214168787002563, 0.33969831466674805, 0.33888572454452515, 0.33757317066192627, 0.3372628390789032, 0.3347740173339844, 0.3327479064464569, 0.33178436756134033, 0.330586314201355, 0.3270491361618042, 0.32549819350242615, 0.32526713609695435, 0.3239142894744873, 0.32109948992729187, 0.31983837485313416, 0.3186352849006653, 0.3175410032272339], "accuracy": [0.25195518136024475, 0.3597548007965088, 0.45127880573272705, 0.5366730093955994, 0.5962798595428467, 0.6322130560874939, 0.6662439107894897, 0.6922426819801331, 0.714013934135437, 0.7243711948394775, 0.7336715459823608, 0.7421264052391052, 0.7484675645828247, 0.7514267563819885, 0.7569224238395691, 0.7628408074378967, 0.7670682668685913, 0.7721412181854248, 0.77700275182724, 0.783555269241333, 0.7865144610404968, 0.7920101284980774, 0.7911646366119385, 0.7922215461730957, 0.796660304069519, 0.8006764054298401, 0.797505795955658, 0.8053265810012817, 0.8053265810012817, 0.8042697310447693, 0.8072289228439331, 0.8095539808273315, 0.8099767565727234, 0.8127245903015137, 0.8150496482849121, 0.8169519901275635, 0.8171634078025818, 0.8201225996017456, 0.8188543915748596, 0.8222362995147705, 0.8243500590324402, 0.8254069089889526, 0.8258296251296997, 0.8311139345169067, 0.8317480683326721, 0.8328049182891846, 0.833861768245697, 0.8366096019744873, 0.8376664519309998, 0.8378778100013733, 0.841682493686676, 0.841682493686676, 0.8395687937736511, 0.8418939113616943, 0.8433734774589539, 0.8448531031608582, 0.8476009368896484, 0.8471781611442566, 0.8448531031608582, 0.8484464287757874, 0.847812294960022, 0.8497146368026733, 0.8492919206619263, 0.853096604347229, 0.854364812374115, 0.853096604347229, 0.8535193204879761, 0.8564785718917847, 0.8549989461898804, 0.8581694960594177, 0.8575354218482971, 0.859226405620575, 0.8617628216743469, 0.8604946136474609, 0.8642992973327637, 0.8647220730781555, 0.8640879392623901, 0.866201639175415, 0.8651447892189026, 0.8645106554031372, 0.8700063228607178, 0.8693722486495972, 0.8685267567634583, 0.872331440448761, 0.8721200823783875, 0.8733882904052734, 0.8710631728172302, 0.8742337822914124, 0.872331440448761, 0.8733882904052734, 0.8774043321609497, 0.8793066740036011, 0.8769816160202026, 0.8816317915916443, 0.8774043321609497, 0.8807862997055054, 0.88015216588974, 0.8858592510223389, 0.8862819671630859, 0.8828999996185303], "val_loss": [3.144911050796509, 2.7012460231781006, 2.321838617324829, 1.9698059558868408, 1.7743459939956665, 1.6858164072036743, 1.6345552206039429, 1.6073601245880127, 1.5768917798995972, 1.5914236307144165, 1.5848966836929321, 1.5944838523864746, 1.605794906616211, 1.6441985368728638, 1.6417232751846313, 1.6263588666915894, 1.610921025276184, 1.6452910900115967, 1.640020728111267, 1.676039457321167, 1.6795296669006348, 1.6785414218902588, 1.6761143207550049, 1.685776948928833, 1.7111809253692627, 1.6904548406600952, 1.7109653949737549, 1.7019909620285034, 1.7122620344161987, 1.7190874814987183, 1.7177255153656006, 1.7717807292938232, 1.7205054759979248, 1.7223436832427979, 1.7126048803329468, 1.775143027305603, 1.7385015487670898, 1.7225784063339233, 1.699874997138977, 1.6842906475067139, 1.6865718364715576, 1.7731544971466064, 1.750712513923645, 1.699568510055542, 1.7584065198898315, 1.7126108407974243, 1.723899483680725, 1.7462648153305054, 1.7604564428329468, 1.77090322971344, 1.7886155843734741, 1.7496533393859863, 1.754972219467163, 1.7650636434555054, 1.7702932357788086, 1.7295000553131104, 1.7557226419448853, 1.731974482536316, 1.7613760232925415, 1.764245867729187, 1.741652011871338, 1.755436897277832, 1.7574424743652344, 1.7523301839828491, 1.7337383031845093, 1.7569242715835571, 1.7521456480026245, 1.7704535722732544, 1.787592887878418, 1.8003090620040894, 1.7812446355819702, 1.7889612913131714, 1.820820927619934, 1.7755378484725952, 1.803679347038269, 1.7995948791503906, 1.8164340257644653, 1.8141518831253052, 1.8043168783187866, 1.7923743724822998, 1.7954083681106567, 1.7764315605163574, 1.7824068069458008, 1.79986572265625, 1.7986047267913818, 1.8218233585357666, 1.8232641220092773, 1.8317642211914062, 1.7987606525421143, 1.8177381753921509, 1.8067585229873657, 1.8336411714553833, 1.822577953338623, 1.795477271080017, 1.820801019668579, 1.8270306587219238, 1.8402719497680664, 1.8524013757705688, 1.842878818511963, 1.8644598722457886],