{"loss": [4.6977314949035645, 4.044826507568359, 3.4837114810943604, 2.994342803955078, 2.574460744857788, 2.2316155433654785, 1.9747157096862793, 1.796728253364563, 1.6801997423171997, 1.6043280363082886, 1.5530215501785278, 1.5149898529052734, 1.485864520072937, 1.460044026374817, 1.437654733657837, 1.4191956520080566, 1.402960181236267, 1.3892133235931396, 1.3744033575057983, 1.3620641231536865, 1.3508671522140503, 1.3417690992355347, 1.3336963653564453, 1.3261895179748535, 1.3194293975830078, 1.3123888969421387, 1.3065153360366821, 1.3003425598144531, 1.2952178716659546, 1.290401577949524, 1.2855572700500488, 1.282045841217041, 1.2766528129577637, 1.2704906463623047, 1.266684651374817, 1.2602174282073975, 1.2559312582015991, 1.2514748573303223, 1.2483055591583252, 1.243425726890564, 1.240092396736145, 1.2347533702850342, 1.2290949821472168, 1.222974181175232, 1.2155247926712036, 1.2031792402267456, 1.186248779296875, 1.1606603860855103, 1.1267707347869873, 1.106370210647583, 1.1012994050979614, 1.0850402116775513, 1.0706735849380493, 1.0603220462799072, 1.0578808784484863, 1.0520957708358765, 1.0429983139038086, 1.0406684875488281, 1.030732274055481, 1.0270168781280518, 1.0358426570892334, 1.0185900926589966, 1.0095986127853394, 1.0060936212539673, 1.0127177238464355, 0.9993795156478882, 1.0024240016937256, 1.0016967058181763, 0.9988139271736145, 0.9964861273765564, 0.9871563911437988, 0.9892136454582214, 0.9898881912231445, 1.079227328300476, 1.044788122177124, 1.016738772392273, 1.005171537399292, 0.9914417862892151, 0.9872227311134338, 0.9808095693588257, 0.9773631691932678, 0.9747167229652405, 0.9686080813407898, 0.9806041717529297, 0.9831729531288147, 0.9750517010688782, 0.9660031199455261, 0.9546068906784058, 0.9553859233856201, 0.9526072144508362, 0.9527812004089355, 0.9545250535011292, 0.9446227550506592, 0.9555894136428833, 0.953196108341217, 0.9520982503890991, 0.9403699040412903, 0.9336845874786377, 0.9343368411064148, 0.9565607309341431], "accuracy": [0.2101035714149475, 0.28788840770721436, 0.32001692056655884, 0.362714022397995, 0.3893468677997589, 0.4301416277885437, 0.4546607434749603, 0.4500105679035187, 0.4134432375431061, 0.41386598348617554, 0.41767069697380066, 0.4187275469303131, 0.420207142829895, 0.42464596033096313, 0.4292961359024048, 0.438807874917984, 0.44197845458984375, 0.45043331384658813, 0.4607905447483063, 0.47917988896369934, 0.47917988896369934, 0.4831959307193756, 0.49080532789230347, 0.490382581949234, 0.49080532789230347, 0.49651235342025757, 0.49566689133644104, 0.4958782494068146, 0.4967237412929535, 0.49799197912216187, 0.49651235342025757, 0.5007398128509521, 0.4988374412059784, 0.5026421546936035, 0.49862608313560486, 0.5083491802215576, 0.5045444965362549, 0.5081378221511841, 0.508983314037323, 0.51426762342453, 0.5123652219772339, 0.5212428569793701, 0.5161699652671814, 0.5254703164100647, 0.5284295082092285, 0.5326569676399231, 0.5495666861534119, 0.5690128803253174, 0.5783132314682007, 0.5886704921722412, 0.5920524001121521, 0.60558021068573, 0.618262529373169, 0.6243923306465149, 0.6231240630149841, 0.6258718967437744, 0.6277742385864258, 0.6265060305595398, 0.6311562061309814, 0.6377087235450745, 0.6265060305595398, 0.6362290978431702, 0.644472599029541, 0.6415134072303772, 0.6347495317459106, 0.6482773423194885, 0.6417247653007507, 0.6448953747749329, 0.6410906910896301, 0.6423588991165161, 0.6478545665740967, 0.6470090746879578, 0.6474318504333496, 0.6013527512550354, 0.616994321346283, 0.6345381736755371, 0.6389769315719604, 0.643204391002655, 0.6457408666610718, 0.6533502340316772, 0.6518706679344177, 0.6560980677604675, 0.6582117676734924, 0.6556753516197205, 0.6525047421455383, 0.6567322015762329, 0.6609596014022827, 0.6632847189903259, 0.6658211946487427, 0.6630733609199524, 0.6670894026756287, 0.6670894026756287, 0.6713168621063232, 0.6649757027626038, 0.6634960770606995, 0.6700485944747925, 0.6778693795204163, 0.6766011118888855, 0.6835764050483704, 0.6744874119758606], "val_loss": [4.473781108856201, 3.926318883895874, 3.4461190700531006, 3.0297322273254395, 2.674093723297119, 2.390805721282959, 2.1834051609039307, 2.0375778675079346, 1.9432404041290283, 1.8778067827224731, 1.8354629278182983, 1.8059951066970825, 1.781302571296692, 1.7570372819900513, 1.7436068058013916, 1.7286487817764282, 1.7185561656951904, 1.7079013586044312, 1.7031080722808838, 1.698850154876709, 1.6878687143325806, 1.6855448484420776, 1.682150959968567, 1.6804635524749756, 1.673616886138916, 1.6690763235092163, 1.669447898864746, 1.6672906875610352, 1.6663880348205566, 1.659873366355896, 1.6618125438690186, 1.669219732284546, 1.6646993160247803, 1.6633312702178955, 1.6694985628128052, 1.6557869911193848, 1.6647204160690308, 1.6664296388626099, 1.6686720848083496, 1.66323721408844, 1.672378659248352, 1.667006492614746, 1.6759788990020752, 1.6709357500076294, 1.6672283411026, 1.6782644987106323, 1.6963828802108765, 1.709936261177063, 1.7343978881835938, 1.746845006942749, 1.754995346069336, 1.7593070268630981, 1.766845703125, 1.771380066871643, 1.7741246223449707, 1.7845792770385742, 1.7917523384094238, 1.797239065170288, 1.8140649795532227, 1.7973049879074097, 1.804047703742981, 1.8169147968292236, 1.806740403175354, 1.8003610372543335, 1.81504487991333, 1.818131923675537, 1.8227752447128296, 1.8117107152938843, 1.8252025842666626, 1.8264834880828857, 1.825516700744629, 1.8384747505187988, 1.8390626907348633, 1.8424080610275269, 1.836991786956787, 1.8415788412094116, 1.832908034324646, 1.8537015914916992, 1.8421422243118286, 1.8611171245574951, 1.8557801246643066, 1.8369251489639282, 1.8743938207626343, 1.8879977464675903, 1.8788542747497559, 1.8779350519180298, 1.8868577480316162, 1.8963361978530884, 1.9063456058502197, 1.9113080501556396, 1.928046703338623, 1.9059927463531494, 1.9317958354949951, 1.9468013048171997, 1.941483497619629, 1.9320964813232422, 1.9470793008804321, 1.9532701969146729, 1.9531095027923584, 1.9904725551605225],