{"loss": [4.399336814880371, 3.4061672687530518, 2.537973642349243, 1.9247252941131592, 1.5819361209869385, 1.4009902477264404, 1.2951167821884155, 1.2230122089385986, 1.1672685146331787, 1.1240158081054688, 1.0857244729995728, 1.0531489849090576, 1.0249189138412476, 0.9978067874908447, 0.9726632237434387, 0.9468088150024414, 0.9204216599464417, 0.8956992626190186, 0.8703345656394958, 0.8455989360809326, 0.821991503238678, 0.7997851371765137, 0.7751902937889099, 0.7544693946838379, 0.7324585914611816, 0.7137947082519531, 0.6963213682174683, 0.6820600032806396, 0.6700700521469116, 0.6557530164718628, 0.642536997795105, 0.6322556138038635, 0.6229425072669983, 0.6134993433952332, 0.6047205328941345, 0.5966529250144958, 0.5893244743347168, 0.5834795236587524, 0.5755457878112793, 0.570538341999054, 0.5647011995315552, 0.5592269897460938, 0.5535560846328735, 0.5496024489402771, 0.5417535901069641, 0.5373539924621582, 0.535697340965271, 0.5265353918075562, 0.5221961140632629, 0.518327534198761, 0.5162550806999207, 0.5148906111717224, 0.5078069567680359, 0.5064786076545715, 0.5018466114997864, 0.4990130662918091, 0.4980524182319641, 0.4929036796092987, 0.49009403586387634, 0.48691537976264954, 0.4842352271080017, 0.4801825284957886, 0.47707170248031616, 0.4753473401069641, 0.4728016257286072, 0.4707849323749542, 0.47651228308677673, 0.46954721212387085, 0.46345552802085876, 0.4603021442890167, 0.45651975274086, 0.4543279707431793, 0.4520551264286041, 0.45052942633628845, 0.447037011384964, 0.4475082755088806, 0.4478450119495392, 0.4440014064311981, 0.44129881262779236, 0.4378049373626709, 0.4358239471912384, 0.43986377120018005, 0.4333462715148926, 0.43233415484428406, 0.43129149079322815, 0.42814576625823975, 0.4276530146598816, 0.42836374044418335, 0.4250435531139374, 0.42460569739341736, 0.4217491149902344, 0.4204568862915039, 0.41943591833114624, 0.42008474469184875, 0.41853970289230347, 0.41762036085128784, 0.4153123199939728, 0.413899302482605, 0.41454067826271057, 0.4159514605998993], "accuracy": [0.2353188842535019, 0.3550831377506256, 0.4365396797657013, 0.483266681432724, 0.5194695591926575, 0.5453588962554932, 0.5541990995407104, 0.5590401887893677, 0.5775626301765442, 0.5866133570671082, 0.5994527339935303, 0.6106082797050476, 0.6175541877746582, 0.6268153786659241, 0.6337612867355347, 0.6455482840538025, 0.6556514501571655, 0.6642811894416809, 0.6745948195457458, 0.6863818168640137, 0.698800265789032, 0.7051147222518921, 0.7158492803573608, 0.7272153496742249, 0.7373184561729431, 0.7415280938148499, 0.7476320862770081, 0.7474216222763062, 0.7583666443824768, 0.7573142647743225, 0.7611029148101807, 0.765733540058136, 0.7682592868804932, 0.7684698104858398, 0.7699431777000427, 0.7743632793426514, 0.7775205373764038, 0.7798358201980591, 0.7808882594108582, 0.7855188250541687, 0.7869921922683716, 0.7920438051223755, 0.7958324551582336, 0.7945695519447327, 0.7996211051940918, 0.8017259240150452, 0.8021469116210938, 0.806988000869751, 0.806988000869751, 0.8122500777244568, 0.8111976385116577, 0.8099347352981567, 0.8122500777244568, 0.8107766509056091, 0.8156177401542664, 0.8168806433677673, 0.8160387277603149, 0.8208798170089722, 0.8198273777961731, 0.824878990650177, 0.8242475390434265, 0.8257209062576294, 0.8292990922927856, 0.8288781046867371, 0.8280361890792847, 0.8295095562934875, 0.8259313702583313, 0.8269838094711304, 0.8318248987197876, 0.8324563503265381, 0.8362450003623962, 0.8364554643630981, 0.8366659879684448, 0.8419280052185059, 0.841717541217804, 0.841717541217804, 0.8402441740036011, 0.8431909084320068, 0.8427699208259583, 0.8431909084320068, 0.8446642756462097, 0.8429804444313049, 0.8444538116455078, 0.8446642756462097, 0.8446642756462097, 0.8450852632522583, 0.8452957272529602, 0.8444538116455078, 0.848242461681366, 0.8474005460739136, 0.8497158288955688, 0.8503472805023193, 0.8490843772888184, 0.8495053648948669, 0.8486634492874146, 0.8520311713218689, 0.8549779057502747, 0.8551883697509766, 0.8545569181442261, 0.8526626229286194], "val_loss": [3.9412639141082764, 3.0579073429107666, 2.3643620014190674, 1.9447882175445557, 1.729164481163025, 1.6151680946350098, 1.5438839197158813, 1.5014638900756836, 1.4593312740325928, 1.4255985021591187, 1.3997611999511719, 1.3804422616958618, 1.3656851053237915, 1.355852484703064, 1.3424535989761353, 1.3366731405258179, 1.3329581022262573, 1.331192135810852, 1.3340728282928467, 1.337593913078308, 1.336371660232544, 1.3359025716781616, 1.3422969579696655, 1.3594986200332642, 1.3677839040756226, 1.3752713203430176, 1.3838951587677002, 1.3856462240219116, 1.3904770612716675, 1.3890960216522217, 1.3935776948928833, 1.3926658630371094, 1.3868411779403687, 1.3910244703292847, 1.394710659980774, 1.3952690362930298, 1.3902629613876343, 1.3751353025436401, 1.3896222114562988, 1.3668348789215088, 1.3573076725006104, 1.35415518283844, 1.347010850906372, 1.3485965728759766, 1.3381627798080444, 1.3374722003936768, 1.331431269645691, 1.3226231336593628, 1.3292477130889893, 1.3156940937042236, 1.3225096464157104, 1.3246920108795166, 1.3181402683258057, 1.3181495666503906, 1.3269596099853516, 1.331372618675232, 1.3454792499542236, 1.3509202003479004, 1.3395183086395264, 1.3512669801712036, 1.359565019607544, 1.3652366399765015, 1.367414951324463, 1.380302906036377, 1.3776153326034546, 1.3693385124206543, 1.3668367862701416, 1.3825544118881226, 1.3896809816360474, 1.385524868965149, 1.3911411762237549, 1.3824260234832764, 1.3870160579681396, 1.3863561153411865, 1.3884097337722778, 1.3919084072113037, 1.415197730064392, 1.4049898386001587, 1.406035304069519, 1.41376793384552, 1.4066219329833984, 1.4138953685760498, 1.404965877532959, 1.4335609674453735, 1.4348684549331665, 1.4293797016143799, 1.4385287761688232, 1.4595012664794922, 1.435649037361145, 1.440566897392273, 1.4585109949111938, 1.4493366479873657, 1.465381383895874, 1.473323106765747, 1.4838064908981323, 1.4744828939437866, 1.4879035949707031, 1.4916545152664185, 1.5483551025390625, 1.501773715019226],