{"loss": [2.0108695030212402, 1.752272129058838, 1.5412514209747314, 1.3987523317337036, 1.3027805089950562, 1.2339894771575928, 1.178212285041809, 1.133406400680542, 1.096835732460022, 1.067348837852478, 1.0411320924758911, 1.0174665451049805, 0.9972983002662659, 0.9784573912620544, 0.9609375, 0.9447425007820129, 0.9303517937660217, 0.9158841371536255, 0.9035100340843201, 0.8903660178184509, 0.8762097954750061, 0.8626680374145508, 0.8505123853683472, 0.8393282890319824, 0.8289889693260193, 0.8186818957328796, 0.8093901872634888, 0.8003261089324951, 0.7913321256637573, 0.783251941204071, 0.7758049368858337, 0.7679325342178345, 0.76132732629776, 0.7543383836746216, 0.7475907206535339, 0.7415033578872681, 0.7356547117233276, 0.7305461168289185, 0.7255127429962158, 0.7203192710876465, 0.7161275148391724, 0.7119988203048706, 0.7081318497657776, 0.7039924263954163, 0.699486255645752, 0.696044385433197, 0.6929865479469299, 0.6882925629615784, 0.685282289981842, 0.6818920969963074, 0.6784676909446716, 0.6755080223083496, 0.6728377938270569, 0.6693552136421204, 0.6667230129241943, 0.6635452508926392, 0.6611371040344238, 0.6586472988128662, 0.6560239791870117, 0.6530077457427979, 0.6511788368225098, 0.648545503616333, 0.6462357640266418, 0.6444655656814575, 0.6419870257377625, 0.639815628528595, 0.6386233568191528, 0.635862410068512, 0.6337528824806213, 0.6322289109230042, 0.6300221085548401, 0.6288068890571594, 0.6265251040458679, 0.6250314116477966, 0.6230883598327637, 0.6217037439346313, 0.6195634007453918, 0.6180442571640015, 0.6163414120674133, 0.6150686740875244, 0.6144199967384338, 0.6117659211158752, 0.6107801795005798, 0.6087285280227661, 0.6071584820747375, 0.6053951382637024, 0.6047064661979675, 0.6027014255523682, 0.6013228893280029, 0.6004096269607544, 0.5984179377555847, 0.5979930758476257, 0.5961605310440063, 0.5944282412528992, 0.5931631326675415, 0.5908426642417908, 0.5905156135559082, 0.5888322591781616, 0.5871991515159607, 0.5849519968032837], "accuracy": [0.3402646481990814, 0.46649864315986633, 0.4883427917957306, 0.5095568299293518, 0.5301406979560852, 0.5500945448875427, 0.5734089612960815, 0.5960932374000549, 0.6021844148635864, 0.6202478408813477, 0.6336904168128967, 0.6370510458946228, 0.6473429799079895, 0.655534565448761, 0.6626759171485901, 0.6670867204666138, 0.6702373623847961, 0.6788489818572998, 0.6805292963981628, 0.683469831943512, 0.6920815110206604, 0.6943919062614441, 0.6983826756477356, 0.7046838998794556, 0.7067843079566956, 0.7099348902702332, 0.7141357064247131, 0.7170762419700623, 0.7191766500473022, 0.7181264162063599, 0.7242175936698914, 0.7240075469017029, 0.7267380952835083, 0.7298886775970459, 0.7309388518333435, 0.7336694002151489, 0.7361899018287659, 0.736609935760498, 0.737450122833252, 0.7382902503013611, 0.7403906583786011, 0.743331253528595, 0.743331253528595, 0.7435413002967834, 0.7481621503829956, 0.7475320100784302, 0.750892698764801, 0.7534131407737732, 0.7529930472373962, 0.7546733617782593, 0.7538332343101501, 0.7555135488510132, 0.7574039101600647, 0.7592942714691162, 0.7588741779327393, 0.7603444457054138, 0.7603444457054138, 0.7595043182373047, 0.7607645392417908, 0.7626549005508423, 0.7639151215553284, 0.7643352150917053, 0.7670657634735107, 0.7647553086280823, 0.7649653553962708, 0.7664356231689453, 0.7662255764007568, 0.7676958441734314, 0.7685360312461853, 0.7697962522506714, 0.7695862054824829, 0.7714765667915344, 0.7723167538642883, 0.7733669281005859, 0.7760974764823914, 0.7746272087097168, 0.7763075232505798, 0.7775677442550659, 0.7786179184913635, 0.7773576974868774, 0.778407871723175, 0.778407871723175, 0.778827965259552, 0.778407871723175, 0.7815585136413574, 0.7802982330322266, 0.782608687877655, 0.7817685604095459, 0.7815585136413574, 0.7815585136413574, 0.781348466873169, 0.7844990491867065, 0.7842890024185181, 0.7840789556503296, 0.7853392362594604, 0.7863894104957581, 0.7880697250366211, 0.7874395847320557, 0.786809504032135, 0.7903801798820496], "val_loss": [1.896828532218933, 1.6820029020309448, 1.5603529214859009, 1.4906679391860962, 1.450307011604309, 1.4186863899230957, 1.3990802764892578, 1.3813263177871704, 1.3624532222747803, 1.3551973104476929, 1.3505851030349731, 1.3417110443115234, 1.3405609130859375, 1.339807152748108, 1.3386855125427246, 1.334949254989624, 1.3380764722824097, 1.3440258502960205, 1.3419396877288818, 1.3449479341506958, 1.3471672534942627, 1.351276159286499, 1.3557746410369873, 1.3622528314590454, 1.3582913875579834, 1.3610882759094238, 1.364086389541626, 1.3663687705993652, 1.3762853145599365, 1.3866286277770996, 1.3916414976119995, 1.3953869342803955, 1.4059966802597046, 1.4139504432678223, 1.4197877645492554, 1.427647590637207, 1.4313640594482422, 1.4456019401550293, 1.4519213438034058, 1.448158621788025, 1.4585210084915161, 1.4679585695266724, 1.4678136110305786, 1.4745378494262695, 1.4883590936660767, 1.4878889322280884, 1.491226315498352, 1.5129274129867554, 1.511523962020874, 1.5164005756378174, 1.520491361618042, 1.535517692565918, 1.531796932220459, 1.5408151149749756, 1.5473803281784058, 1.5449296236038208, 1.565633773803711, 1.554922342300415, 1.5675599575042725, 1.5673526525497437, 1.5795890092849731, 1.5825090408325195, 1.6026561260223389, 1.6031100749969482, 1.6105268001556396, 1.6137423515319824, 1.61250901222229, 1.6271854639053345, 1.6341445446014404, 1.6294382810592651, 1.634124517440796, 1.6576021909713745, 1.6433676481246948, 1.6441088914871216, 1.6599987745285034, 1.6747641563415527, 1.690859317779541, 1.6891840696334839, 1.6835180521011353, 1.688917875289917, 1.6975747346878052, 1.711129069328308, 1.7030318975448608, 1.7126871347427368, 1.7156656980514526, 1.7186118364334106, 1.7133816480636597, 1.7402526140213013, 1.737826943397522, 1.748311161994934, 1.7421391010284424, 1.7485761642456055, 1.752203106880188, 1.7552838325500488, 1.7514992952346802, 1.766736626625061, 1.773207426071167, 1.774129867553711, 1.7816369533538818, 1.7807406187057495],