{"loss": [1.9769178628921509, 1.7067170143127441, 1.541654109954834, 1.442126750946045, 1.3799203634262085, 1.3370766639709473, 1.3033995628356934, 1.2747210264205933, 1.2499382495880127, 1.2283966541290283, 1.2094969749450684, 1.192840576171875, 1.178219199180603, 1.164507508277893, 1.152408480644226, 1.1410713195800781, 1.1309401988983154, 1.1206440925598145, 1.111332654953003, 1.102088212966919, 1.0934990644454956, 1.0853877067565918, 1.077668309211731, 1.0698851346969604, 1.0629193782806396, 1.0552796125411987, 1.0493288040161133, 1.0427945852279663, 1.0368868112564087, 1.0308051109313965, 1.0249419212341309, 1.019413709640503, 1.0140023231506348, 1.0088388919830322, 1.003491759300232, 0.998320996761322, 0.9932774305343628, 0.9883569478988647, 0.983985424041748, 0.9790529608726501, 0.9745836853981018, 0.970241367816925, 0.9657433032989502, 0.9612124562263489, 0.9569863080978394, 0.9527610540390015, 0.9486680030822754, 0.9442588090896606, 0.941118597984314, 0.9372628331184387, 0.9334322810173035, 0.9297487139701843, 0.9266641139984131, 0.9232755303382874, 0.9203236103057861, 0.9163665771484375, 0.9136573672294617, 0.9099994897842407, 0.9074971079826355, 0.9039667248725891, 0.900722861289978, 0.8978850841522217, 0.8954932689666748, 0.8921312093734741, 0.8893294334411621, 0.8864300847053528, 0.8840208053588867, 0.8813272714614868, 0.8784460425376892, 0.875622034072876, 0.8733182549476624, 0.8711940050125122, 0.8680546879768372, 0.8656162619590759, 0.8631078600883484, 0.8608207702636719, 0.8581992983818054, 0.8559397459030151, 0.8533723950386047, 0.8519904613494873, 0.8493649363517761, 0.8473522663116455, 0.8454021215438843, 0.8430705070495605, 0.841368556022644, 0.8393049836158752, 0.8374392986297607, 0.8353687524795532, 0.8334655165672302, 0.8318220376968384, 0.8297888040542603, 0.8278708457946777, 0.8258225321769714, 0.8244970440864563, 0.8226767182350159, 0.8202481269836426, 0.8190606832504272, 0.817230761051178, 0.8151736259460449, 0.8135579824447632], "accuracy": [0.3005453050136566, 0.39890938997268677, 0.41799497604370117, 0.42680367827415466, 0.42994967103004456, 0.43519294261932373, 0.4410654306411743, 0.44546979665756226, 0.4526006579399109, 0.4628775119781494, 0.4781879186630249, 0.4974832236766815, 0.510696291923523, 0.5234899520874023, 0.5354446172714233, 0.5446728467941284, 0.5463506579399109, 0.5541107654571533, 0.5578858852386475, 0.5625, 0.567533552646637, 0.5673238039016724, 0.5727768540382385, 0.5757130980491638, 0.5801174640655518, 0.5817952752113342, 0.5847315192222595, 0.5889261960983276, 0.5893456339836121, 0.5918624401092529, 0.5960570573806763, 0.5960570573806763, 0.5989933013916016, 0.6013003587722778, 0.6029781699180603, 0.6023489832878113, 0.6069630980491638, 0.6078020334243774, 0.6126258373260498, 0.6119966506958008, 0.6149328947067261, 0.6195470094680786, 0.618708074092865, 0.619966447353363, 0.6218540072441101, 0.6235318779945374, 0.6239513158798218, 0.6258389353752136, 0.6258389353752136, 0.6285654306411743, 0.6310822367668152, 0.6344379186630249, 0.6340184807777405, 0.635696291923523, 0.636325478553772, 0.6365352272987366, 0.6375839114189148, 0.6377936005592346, 0.6394714713096619, 0.6411493420600891, 0.6407298445701599, 0.6424077153205872, 0.6415687799453735, 0.6453439593315125, 0.6463926434516907, 0.6474412679672241, 0.6497483253479004, 0.6503775119781494, 0.649328887462616, 0.6531040072441101, 0.6539429426193237, 0.6552013158798218, 0.654991626739502, 0.656879186630249, 0.6596056818962097, 0.6591862440109253, 0.6596056818962097, 0.6614933013916016, 0.6656879186630249, 0.6648489832878113, 0.6640100479125977, 0.6686241626739502, 0.666946291923523, 0.6682047247886658, 0.6692533493041992, 0.6688339114189148, 0.6698825359344482, 0.6703020334243774, 0.6717701554298401, 0.6753355860710144, 0.6717701554298401, 0.676174521446228, 0.676174521446228, 0.6772231459617615, 0.6747063994407654, 0.6753355860710144, 0.680578887462616, 0.6784815192222595, 0.6803691387176514, 0.6816275119781494], "val_loss": [1.891253113746643, 1.69957435131073, 1.5889301300048828, 1.5228873491287231, 1.4797722101211548, 1.4436862468719482, 1.4197396039962769, 1.4011409282684326, 1.3869960308074951, 1.3769272565841675, 1.3679099082946777, 1.3617888689041138, 1.3588240146636963, 1.3554084300994873, 1.3504416942596436, 1.3478407859802246, 1.3457648754119873, 1.3461138010025024, 1.342888355255127, 1.3447614908218384, 1.3436896800994873, 1.3447093963623047, 1.3445484638214111, 1.3482240438461304, 1.351177453994751, 1.351975440979004, 1.3548061847686768, 1.3571490049362183, 1.355433702468872, 1.3595129251480103, 1.3642463684082031, 1.3687541484832764, 1.3719496726989746, 1.37029230594635, 1.3714054822921753, 1.3758410215377808, 1.37885582447052, 1.378598928451538, 1.377648115158081, 1.3810333013534546, 1.3809213638305664, 1.3877489566802979, 1.3895686864852905, 1.3923815488815308, 1.3933379650115967, 1.4000818729400635, 1.3985803127288818, 1.3964476585388184, 1.4008326530456543, 1.4025224447250366, 1.4052813053131104, 1.4034767150878906, 1.4078058004379272, 1.4070039987564087, 1.4130828380584717, 1.4104540348052979, 1.4173365831375122, 1.419004201889038, 1.416175127029419, 1.4247381687164307, 1.4255025386810303, 1.429178237915039, 1.4269627332687378, 1.431731939315796, 1.4351279735565186, 1.4367221593856812, 1.4402334690093994, 1.4460339546203613, 1.4461085796356201, 1.4509233236312866, 1.452091932296753, 1.4495010375976562, 1.4523158073425293, 1.4607802629470825, 1.461312174797058, 1.4625372886657715, 1.466543197631836, 1.4694687128067017, 1.4689189195632935, 1.4712985754013062, 1.4739737510681152, 1.472558617591858, 1.4746259450912476, 1.4776582717895508, 1.4770716428756714, 1.478901982307434, 1.4821252822875977, 1.4777010679244995, 1.483493685722351, 1.4813787937164307, 1.4828933477401733, 1.4921586513519287, 1.4932142496109009, 1.4923100471496582, 1.4928019046783447, 1.4913392066955566, 1.49644935131073, 1.4994832277297974, 1.5043264627456665, 1.4965100288391113],