{"loss": [4.702817916870117, 4.051107883453369, 3.4861655235290527, 2.9953911304473877, 2.574636936187744, 2.2329509258270264, 1.976710557937622, 1.8000189065933228, 1.6841182708740234, 1.6084264516830444, 1.5557361841201782, 1.518174648284912, 1.4886293411254883, 1.4633560180664062, 1.4409985542297363, 1.4234933853149414, 1.4094069004058838, 1.395224928855896, 1.3831709623336792, 1.3696093559265137, 1.358613133430481, 1.3484257459640503, 1.339455008506775, 1.3321681022644043, 1.3246654272079468, 1.317230224609375, 1.310916781425476, 1.3048475980758667, 1.298841118812561, 1.2940000295639038, 1.2885148525238037, 1.2832120656967163, 1.2775344848632812, 1.2733381986618042, 1.267122745513916, 1.2603167295455933, 1.254827618598938, 1.2512948513031006, 1.2468457221984863, 1.2427324056625366, 1.2378904819488525, 1.2325953245162964, 1.2268205881118774, 1.2188265323638916, 1.2111485004425049, 1.1983983516693115, 1.1811490058898926, 1.1589155197143555, 1.1409028768539429, 1.1283377408981323, 1.1199036836624146, 1.112701654434204, 1.104381799697876, 1.097861409187317, 1.09518563747406, 1.088053822517395, 1.083383321762085, 1.0782266855239868, 1.074044942855835, 1.0697333812713623, 1.0652856826782227, 1.0621249675750732, 1.0621001720428467, 1.0557161569595337, 1.0547338724136353, 1.0512148141860962, 1.0552568435668945, 1.0470826625823975, 1.0462435483932495, 1.0431653261184692, 1.039462685585022, 1.046617865562439, 1.0480684041976929, 1.0389840602874756, 1.0327026844024658, 1.0275754928588867, 1.0255537033081055, 1.018135666847229, 1.0197728872299194, 1.016448736190796, 1.017235279083252, 1.0124530792236328, 1.0050681829452515, 1.0032012462615967, 1.0014762878417969, 0.997376561164856, 0.9951583743095398, 0.991497814655304, 0.9900245070457458, 0.9824069142341614, 0.9809435606002808, 0.9844308495521545, 0.9736299514770508, 0.9654068946838379, 0.9611859321594238, 0.9553554058074951, 0.9522059559822083, 0.9506975412368774, 0.946440577507019, 0.9465900659561157], "accuracy": [0.2161480188369751, 0.2788057327270508, 0.31476029753685, 0.34777122735977173, 0.38141295313835144, 0.424726665019989, 0.4514297842979431, 0.4468040466308594, 0.41883936524391174, 0.41169050335884094, 0.41694700717926025, 0.4196804165840149, 0.4198906719684601, 0.4232548475265503, 0.4280908405780792, 0.4356602132320404, 0.4388141334056854, 0.45100924372673035, 0.46530696749687195, 0.47729185223579407, 0.48675358295440674, 0.48528173565864563, 0.4911690354347229, 0.4924306273460388, 0.49705633521080017, 0.5012615919113159, 0.4981076419353485, 0.4960050582885742, 0.4997897446155548, 0.5010513067245483, 0.5010513067245483, 0.5035744309425354, 0.5054667592048645, 0.5086206793785095, 0.5105130076408386, 0.5109335780143738, 0.511564314365387, 0.518502950668335, 0.5191337466239929, 0.5231286883354187, 0.5212363600730896, 0.5231286883354187, 0.5256518125534058, 0.5323801636695862, 0.5344827771186829, 0.5483599901199341, 0.5649705529212952, 0.5771656632423401, 0.5857864022254944, 0.5906223654747009, 0.5946173071861267, 0.5950378179550171, 0.6047098636627197, 0.6059713959693909, 0.6089150309562683, 0.6076534986495972, 0.6118587255477905, 0.6162741780281067, 0.6114381551742554, 0.6154331564903259, 0.617956280708313, 0.6194280982017517, 0.6236333250999451, 0.6244743466377258, 0.6278384923934937, 0.6282590627670288, 0.6202691197395325, 0.6312026977539062, 0.6255256533622742, 0.6312026977539062, 0.6345668435096741, 0.6301513910293579, 0.6293103694915771, 0.6286795735359192, 0.638351559638977, 0.6377207636833191, 0.6394028663635254, 0.6410849690437317, 0.6469722390174866, 0.64213627576828, 0.6492851376533508, 0.649915874004364, 0.6534903049468994, 0.654331386089325, 0.6581160426139832, 0.6534903049468994, 0.6608494520187378, 0.6646341681480408, 0.6629520654678345, 0.6719932556152344, 0.6694701313972473, 0.6701009273529053, 0.6724137663841248, 0.6795626282691956, 0.6780908107757568, 0.6787216067314148, 0.6816652417182922, 0.6806139349937439, 0.6831371188163757, 0.6843986511230469], "val_loss": [4.469184875488281, 3.920097589492798, 3.4365932941436768, 3.0115482807159424, 2.6516408920288086, 2.367783784866333, 2.158691644668579, 2.0149929523468018, 1.9210845232009888, 1.8566957712173462, 1.8161747455596924, 1.7835420370101929, 1.76029634475708, 1.739724040031433, 1.7241299152374268, 1.710315465927124, 1.6997061967849731, 1.6903201341629028, 1.6831039190292358, 1.673418641090393, 1.6664310693740845, 1.6623544692993164, 1.6605430841445923, 1.656224250793457, 1.654819130897522, 1.6507004499435425, 1.6529256105422974, 1.6467300653457642, 1.646352767944336, 1.6493116617202759, 1.642558217048645, 1.6477267742156982, 1.6564247608184814, 1.6592297554016113, 1.6482248306274414, 1.6516847610473633, 1.6444847583770752, 1.6552060842514038, 1.6544253826141357, 1.653640627861023, 1.6605204343795776, 1.6654778718948364, 1.6601943969726562, 1.6606016159057617, 1.6670461893081665, 1.666208267211914, 1.678377389907837, 1.6955140829086304, 1.6985020637512207, 1.7218981981277466, 1.704901933670044, 1.7208901643753052, 1.7240948677062988, 1.7168855667114258, 1.7311303615570068, 1.742967963218689, 1.761307716369629, 1.7552003860473633, 1.764603614807129, 1.7712602615356445, 1.7814621925354004, 1.7953312397003174, 1.7912986278533936, 1.797878623008728, 1.8095157146453857, 1.8144718408584595, 1.8188425302505493, 1.8364306688308716, 1.8353071212768555, 1.8377569913864136, 1.8391954898834229, 1.8448349237442017, 1.8582099676132202, 1.8543422222137451, 1.8730065822601318, 1.8798903226852417, 1.894653558731079, 1.8944909572601318, 1.8967252969741821, 1.9157782793045044, 1.921829342842102, 1.921213150024414, 1.9309576749801636, 1.9256540536880493, 1.9124349355697632, 1.9382115602493286, 1.9457533359527588, 1.9537644386291504, 1.9646953344345093, 1.9688109159469604, 1.97745680809021, 1.9876481294631958, 2.013399362564087, 2.007570743560791, 2.022455930709839, 2.0258474349975586, 2.0396296977996826, 2.060967445373535, 2.0564279556274414, 2.0751447677612305],