{"loss": [3.4143171310424805, 2.906432867050171, 2.5152671337127686, 2.2139251232147217, 1.9856418371200562, 1.8195139169692993, 1.7017241716384888, 1.6184412240982056, 1.561329960823059, 1.5180548429489136, 1.4858970642089844, 1.459563970565796, 1.4360378980636597, 1.4159175157546997, 1.3998371362686157, 1.3838752508163452, 1.3694047927856445, 1.356848955154419, 1.344652771949768, 1.3344312906265259, 1.3247510194778442, 1.3171814680099487, 1.3089869022369385, 1.3027883768081665, 1.2970668077468872, 1.2914597988128662, 1.2868863344192505, 1.2821877002716064, 1.2774767875671387, 1.272379755973816, 1.267521858215332, 1.2640380859375, 1.2603734731674194, 1.256100058555603, 1.2527742385864258, 1.2487355470657349, 1.2455987930297852, 1.2413887977600098, 1.2376288175582886, 1.2332466840744019, 1.2290619611740112, 1.2234092950820923, 1.217111349105835, 1.2103503942489624, 1.2012089490890503, 1.1901040077209473, 1.164462685585022, 1.1233340501785278, 1.088244080543518, 1.0761514902114868, 1.0644996166229248, 1.0686602592468262, 1.0502744913101196, 1.0445969104766846, 1.0307472944259644, 1.0265228748321533, 1.0230627059936523, 1.0641274452209473, 1.0638171434402466, 1.0180456638336182, 1.0051908493041992, 1.016758680343628, 1.005873441696167, 0.9944198131561279, 1.0055972337722778, 0.9942362904548645, 0.9968239665031433, 1.0017482042312622, 0.9912129044532776, 0.9939394593238831, 0.984379768371582, 1.0290454626083374, 0.9896149039268494, 0.9856891632080078, 0.9815682172775269, 0.9791503548622131, 0.9861918091773987, 0.9935809373855591, 0.9757159948348999, 0.9753304123878479, 0.973019540309906, 0.9714103937149048, 0.9773867130279541, 0.9885249137878418, 0.9833425879478455, 0.9680153727531433, 0.9686710238456726, 0.9668309092521667, 0.9757789373397827, 0.966078519821167, 0.9607865810394287, 0.9592697620391846, 0.9571225643157959, 0.9606770873069763, 0.9581542611122131, 0.9716475605964661, 0.9678959250450134, 0.9531673192977905, 0.9467941522598267, 0.9670459032058716], "accuracy": [0.23272036015987396, 0.3284717798233032, 0.37898963689804077, 0.42675966024398804, 0.45212429761886597, 0.42189812660217285, 0.407736212015152, 0.41259774565696716, 0.414288729429245, 0.4151342213153839, 0.41767069697380066, 0.4193616509437561, 0.41978439688682556, 0.42274361848831177, 0.42549145221710205, 0.4379623830318451, 0.445360392332077, 0.46269288659095764, 0.4694567620754242, 0.4768548011779785, 0.4831959307193756, 0.4831959307193756, 0.4886915981769562, 0.4876347482204437, 0.48784613609313965, 0.4901712238788605, 0.4933417737483978, 0.4912280738353729, 0.49291905760765076, 0.4975692331790924, 0.4973578453063965, 0.49630099534988403, 0.4975692331790924, 0.5015853047370911, 0.502853512763977, 0.502853512763977, 0.5053899884223938, 0.5136334896087646, 0.5104628801345825, 0.5178608894348145, 0.5134221315383911, 0.5191291570663452, 0.5182836651802063, 0.5242020487785339, 0.5299091339111328, 0.5411118268966675, 0.5679560303688049, 0.5888818502426147, 0.6144578456878662, 0.6167829036712646, 0.6222785711288452, 0.6144578456878662, 0.6296765804290771, 0.6311562061309814, 0.6305220723152161, 0.6381314992904663, 0.6324244141578674, 0.6165715456008911, 0.6125555038452148, 0.6368632316589355, 0.642781674861908, 0.6374973654747009, 0.643204391002655, 0.6467977166175842, 0.6374973654747009, 0.644049882888794, 0.6448953747749329, 0.6389769315719604, 0.6459522247314453, 0.637920081615448, 0.6478545665740967, 0.6279856562614441, 0.6451067328453064, 0.6487000584602356, 0.6495455503463745, 0.6499682664871216, 0.6467977166175842, 0.6436271667480469, 0.6482773423194885, 0.6522933840751648, 0.6508137583732605, 0.6495455503463745, 0.6522933840751648, 0.6455295085906982, 0.6457408666610718, 0.6510251760482788, 0.6552525758743286, 0.6512365341186523, 0.6465863585472107, 0.6516592502593994, 0.6537730097770691, 0.6548298597335815, 0.6527161002159119, 0.6510251760482788, 0.6554639339447021, 0.6503910422325134, 0.6518706679344177, 0.6552525758743286, 0.6590572595596313, 0.6514478921890259], "val_loss": [3.201512336730957, 2.7894644737243652, 2.470628023147583, 2.2277932167053223, 2.0480759143829346, 1.919791579246521, 1.8307511806488037, 1.773277759552002, 1.732848048210144, 1.7022390365600586, 1.6796529293060303, 1.6622706651687622, 1.6443434953689575, 1.6290229558944702, 1.618542194366455, 1.6069921255111694, 1.5993708372116089, 1.5914536714553833, 1.5882371664047241, 1.5847609043121338, 1.5781625509262085, 1.5797536373138428, 1.5780781507492065, 1.5774633884429932, 1.5725491046905518, 1.5712391138076782, 1.5712695121765137, 1.5698360204696655, 1.5697457790374756, 1.5672119855880737, 1.5692299604415894, 1.5767533779144287, 1.5713790655136108, 1.5737652778625488, 1.5764262676239014, 1.5703117847442627, 1.579185962677002, 1.5797061920166016, 1.5831218957901, 1.5836198329925537, 1.5916614532470703, 1.5899955034255981, 1.598658561706543, 1.5981674194335938, 1.5956816673278809, 1.6079412698745728, 1.6189074516296387, 1.6327670812606812, 1.650388240814209, 1.6860008239746094, 1.6626858711242676, 1.6825014352798462, 1.6956348419189453, 1.6997756958007812, 1.6956027746200562, 1.6823550462722778, 1.6752989292144775, 1.7274216413497925, 1.698406457901001, 1.707961082458496, 1.7049174308776855, 1.7231000661849976, 1.7096360921859741, 1.7113540172576904, 1.6991487741470337, 1.7128609418869019, 1.7075388431549072, 1.726036787033081, 1.7305392026901245, 1.7278763055801392, 1.7231535911560059, 1.7328284978866577, 1.7306158542633057, 1.7504053115844727, 1.7594923973083496, 1.7697484493255615, 1.7827856540679932, 1.7643675804138184, 1.7630789279937744, 1.7725183963775635, 1.7874690294265747, 1.7771098613739014, 1.7917848825454712, 1.8062015771865845, 1.7841482162475586, 1.7889881134033203, 1.7762303352355957, 1.7660510540008545, 1.7780643701553345, 1.7976020574569702, 1.7973452806472778, 1.7704386711120605, 1.7736296653747559, 1.799072265625, 1.8045796155929565, 1.7786028385162354, 1.7737805843353271, 1.7957781553268433, 1.82058846950531, 1.8257850408554077],