{"loss": [3.4147541522979736, 2.9058120250701904, 2.513957977294922, 2.2108001708984375, 1.9834659099578857, 1.8190453052520752, 1.7019063234329224, 1.6189669370651245, 1.5616610050201416, 1.5207703113555908, 1.4900333881378174, 1.4620076417922974, 1.438389539718628, 1.4189082384109497, 1.4024685621261597, 1.3878073692321777, 1.3739655017852783, 1.3605891466140747, 1.3484023809432983, 1.3381272554397583, 1.3277060985565186, 1.3195011615753174, 1.3120840787887573, 1.3045023679733276, 1.2983100414276123, 1.2921382188796997, 1.2864187955856323, 1.2817130088806152, 1.2760199308395386, 1.2714375257492065, 1.2664302587509155, 1.261669635772705, 1.258260726928711, 1.2541613578796387, 1.250107765197754, 1.2453625202178955, 1.2409697771072388, 1.2367055416107178, 1.232732892036438, 1.2274057865142822, 1.222687840461731, 1.2170498371124268, 1.2114307880401611, 1.2039368152618408, 1.1947720050811768, 1.1848393678665161, 1.1742860078811646, 1.164344072341919, 1.158793330192566, 1.1507642269134521, 1.1485826969146729, 1.1426798105239868, 1.13731849193573, 1.1264821290969849, 1.1256420612335205, 1.1208587884902954, 1.1134552955627441, 1.1094591617584229, 1.1047909259796143, 1.0975216627120972, 1.0979981422424316, 1.0947229862213135, 1.0873315334320068, 1.0839052200317383, 1.0811786651611328, 1.0786205530166626, 1.0714117288589478, 1.070468783378601, 1.0648691654205322, 1.0594342947006226, 1.0612306594848633, 1.0575441122055054, 1.0521419048309326, 1.0533808469772339, 1.0508477687835693, 1.0477937459945679, 1.0417208671569824, 1.0378566980361938, 1.0362380743026733, 1.0368224382400513, 1.0359435081481934, 1.0297385454177856, 1.0284123420715332, 1.0283840894699097, 1.0235737562179565, 1.0243333578109741, 1.0248299837112427, 1.0185192823410034, 1.0157883167266846, 1.0131409168243408, 1.00977623462677, 1.0105080604553223, 1.0082732439041138, 1.0022103786468506, 0.9991381168365479, 0.9986144304275513, 0.9942728281021118, 0.9891316890716553, 0.9882436394691467, 0.9826122522354126], "accuracy": [0.2274732142686844, 0.3219911754131317, 0.3717706501483917, 0.4221802055835724, 0.44990548491477966, 0.42260029911994934, 0.40831756591796875, 0.41251838207244873, 0.4135685861110687, 0.4139886498451233, 0.4169292151927948, 0.41629910469055176, 0.4207099378108978, 0.4217601418495178, 0.42260029911994934, 0.4301617443561554, 0.44087377190589905, 0.4585171043872833, 0.4669187068939209, 0.47616046667099, 0.4814114570617676, 0.4893929958343506, 0.4891829490661621, 0.4935937821865082, 0.49569419026374817, 0.49191346764564514, 0.49800461530685425, 0.49674439430236816, 0.49884477257728577, 0.4973745048046112, 0.4992648661136627, 0.5059861540794373, 0.5032556056976318, 0.5064061880111694, 0.5032556056976318, 0.5089266896247864, 0.5074564218521118, 0.5133375525474548, 0.5124973654747009, 0.5152279138565063, 0.5148078203201294, 0.5204789042472839, 0.515857994556427, 0.5301406979560852, 0.5337114334106445, 0.5425330996513367, 0.5488342642784119, 0.561436653137207, 0.561856746673584, 0.567737877368927, 0.567737877368927, 0.5729888677597046, 0.5752993226051331, 0.5847511291503906, 0.5816004872322083, 0.5866414904594421, 0.5900021195411682, 0.5883218050003052, 0.5950430631637573, 0.5969334244728088, 0.5933627486228943, 0.5971434712409973, 0.5988237857818604, 0.6055450439453125, 0.6059651374816895, 0.6070153117179871, 0.609115719795227, 0.609535813331604, 0.6126863956451416, 0.6131064891815186, 0.6145767569541931, 0.6143667101860046, 0.6198277473449707, 0.6164671182632446, 0.6198277473449707, 0.6229783892631531, 0.6250787377357483, 0.6278092861175537, 0.6292795538902283, 0.6318000555038452, 0.6284394264221191, 0.6332703232765198, 0.6376811861991882, 0.6351606845855713, 0.6339004635810852, 0.6341105103492737, 0.6339004635810852, 0.6408317685127258, 0.6423020362854004, 0.6481831669807434, 0.6429321765899658, 0.6456626653671265, 0.6511237025260925, 0.649653434753418, 0.6504936218261719, 0.650913655757904, 0.6549044251441956, 0.6565847396850586, 0.6603654623031616, 0.6601554155349731], "val_loss": [3.202024459838867, 2.782836437225342, 2.4624698162078857, 2.218817949295044, 2.042090654373169, 1.9160499572753906, 1.8317146301269531, 1.774453043937683, 1.7328357696533203, 1.7059898376464844, 1.6804190874099731, 1.6613993644714355, 1.6436243057250977, 1.6303272247314453, 1.6181962490081787, 1.6092000007629395, 1.6001906394958496, 1.5933228731155396, 1.5881253480911255, 1.5826232433319092, 1.5809605121612549, 1.5765589475631714, 1.5757570266723633, 1.5749322175979614, 1.573397159576416, 1.571115255355835, 1.571326494216919, 1.5700976848602295, 1.5710214376449585, 1.5739936828613281, 1.5725257396697998, 1.5727105140686035, 1.574479341506958, 1.5753028392791748, 1.5755691528320312, 1.5755184888839722, 1.5756503343582153, 1.5818544626235962, 1.585335373878479, 1.5872001647949219, 1.5877715349197388, 1.5912271738052368, 1.5974705219268799, 1.599379539489746, 1.5989537239074707, 1.5974239110946655, 1.6045289039611816, 1.6137279272079468, 1.6168476343154907, 1.6245098114013672, 1.6264163255691528, 1.6352949142456055, 1.6395350694656372, 1.65139901638031, 1.6672046184539795, 1.6628894805908203, 1.6561801433563232, 1.6621720790863037, 1.6807564496994019, 1.6718461513519287, 1.6747394800186157, 1.6862014532089233, 1.687092900276184, 1.6830905675888062, 1.6934847831726074, 1.6818859577178955, 1.6813844442367554, 1.692165493965149, 1.700497031211853, 1.701132893562317, 1.6924560070037842, 1.6934576034545898, 1.7002151012420654, 1.7007285356521606, 1.6997613906860352, 1.705173134803772, 1.7089462280273438, 1.7034927606582642, 1.7063798904418945, 1.7189022302627563, 1.730825424194336, 1.7291995286941528, 1.741140365600586, 1.7248188257217407, 1.7177577018737793, 1.7206653356552124, 1.720004677772522, 1.7257275581359863, 1.737686038017273, 1.748131275177002, 1.751118779182434, 1.7641854286193848, 1.7489473819732666, 1.7601419687271118, 1.7725725173950195, 1.777012825012207, 1.7909901142120361, 1.788534164428711, 1.7877951860427856, 1.7973016500473022],