{"loss": [1.9822447299957275, 1.7011855840682983, 1.515202522277832, 1.3980042934417725, 1.3165394067764282, 1.2523773908615112, 1.1994290351867676, 1.152493953704834, 1.11314857006073, 1.079386591911316, 1.0495814085006714, 1.0244615077972412, 1.0007277727127075, 0.9770206809043884, 0.9544540047645569, 0.9342568516731262, 0.9158597588539124, 0.8986490964889526, 0.8821638822555542, 0.8670501112937927, 0.8521053194999695, 0.8378804326057434, 0.8237317204475403, 0.8102409243583679, 0.7956755757331848, 0.7822985053062439, 0.7692446112632751, 0.7567858099937439, 0.7430689334869385, 0.7288350462913513, 0.7149864435195923, 0.7031647562980652, 0.690505862236023, 0.67987459897995, 0.6692934036254883, 0.6601800918579102, 0.6512526869773865, 0.6434620022773743, 0.6357883810997009, 0.6281448602676392, 0.6220242381095886, 0.6154507994651794, 0.6095206141471863, 0.6036033034324646, 0.5984716415405273, 0.5936368703842163, 0.5883811116218567, 0.5832651853561401, 0.5790218710899353, 0.5742011666297913, 0.5702532529830933, 0.5662354230880737, 0.5622159838676453, 0.5587393045425415, 0.554412841796875, 0.5514375567436218, 0.5477317571640015, 0.5452943444252014, 0.541000247001648, 0.537506103515625, 0.5352748036384583, 0.5311458110809326, 0.5287181735038757, 0.5260189175605774, 0.522554337978363, 0.5201100707054138, 0.518114447593689, 0.5151498317718506, 0.5136017799377441, 0.5099467039108276, 0.507882297039032, 0.5061358213424683, 0.503057599067688, 0.5012416243553162, 0.4982943534851074, 0.49756476283073425, 0.4974040687084198, 0.49289393424987793, 0.49084216356277466, 0.48889920115470886, 0.4870392382144928, 0.48613664507865906, 0.4849649667739868, 0.4827877879142761, 0.4805788993835449, 0.4779634475708008, 0.47687074542045593, 0.4748809337615967, 0.4735262989997864, 0.47197774052619934, 0.4702516496181488, 0.46885842084884644, 0.4669415354728699, 0.4651922583580017, 0.46404027938842773, 0.4632376432418823, 0.4612789750099182, 0.45975109934806824, 0.45895618200302124, 0.45665282011032104], "accuracy": [0.28847771883010864, 0.40811607241630554, 0.42556771636009216, 0.4407064616680145, 0.4514297842979431, 0.4753994941711426, 0.49768713116645813, 0.5494112968444824, 0.5780067443847656, 0.6007148623466492, 0.6118587255477905, 0.6230025291442871, 0.6282590627670288, 0.6415054798126221, 0.6503364443778992, 0.6579058170318604, 0.6616904735565186, 0.6755676865577698, 0.6814550161361694, 0.6831371188163757, 0.6904962062835693, 0.695752739906311, 0.7016400098800659, 0.7056350111961365, 0.7140454053878784, 0.7220353484153748, 0.7245584726333618, 0.7335996627807617, 0.7407485246658325, 0.7464255690574646, 0.7502102851867676, 0.7539949417114258, 0.7598822712898254, 0.7653490304946899, 0.7676619291305542, 0.7703952789306641, 0.7760723233222961, 0.7764928340911865, 0.7813288569450378, 0.782590389251709, 0.785744309425354, 0.7842724919319153, 0.7878469228744507, 0.7893187403678894, 0.789529025554657, 0.7891085147857666, 0.7912111282348633, 0.7939444780349731, 0.7960470914840698, 0.7983599901199341, 0.7985702157020569, 0.7985702157020569, 0.7996215224266052, 0.8008831143379211, 0.8017241358757019, 0.8031959533691406, 0.8046677708625793, 0.8059293627738953, 0.806770384311676, 0.8092935085296631, 0.810555100440979, 0.8128679394721985, 0.811185896396637, 0.8120269179344177, 0.8124474287033081, 0.8153910636901855, 0.8151808381080627, 0.8183347582817078, 0.8174936771392822, 0.8183347582817078, 0.8208578824996948, 0.8200168013572693, 0.8210681080818176, 0.8233810067176819, 0.8240118026733398, 0.8235912322998047, 0.8235912322998047, 0.8265349268913269, 0.827796459197998, 0.8267451524734497, 0.8273759484291077, 0.8273759484291077, 0.8292682766914368, 0.8273759484291077, 0.8303195834159851, 0.831581175327301, 0.8324221968650818, 0.834735095500946, 0.8324221968650818, 0.8336837887763977, 0.834735095500946, 0.8336837887763977, 0.8349453210830688, 0.8364171385765076, 0.8359966278076172, 0.8366274237632751, 0.8366274237632751, 0.8378889560699463, 0.8383095264434814, 0.8397813439369202], "val_loss": [1.883401870727539, 1.6707887649536133, 1.547890305519104, 1.4780069589614868, 1.4312634468078613, 1.3964074850082397, 1.3736317157745361, 1.3595235347747803, 1.3426874876022339, 1.335354208946228, 1.3217214345932007, 1.313727617263794, 1.3073374032974243, 1.3022546768188477, 1.3034354448318481, 1.3055731058120728, 1.3009247779846191, 1.3040611743927002, 1.3054066896438599, 1.3030376434326172, 1.306005835533142, 1.3080941438674927, 1.31618332862854, 1.323085904121399, 1.3294970989227295, 1.3413673639297485, 1.3406803607940674, 1.339982271194458, 1.3545899391174316, 1.3596917390823364, 1.3540750741958618, 1.3550643920898438, 1.3610275983810425, 1.364596962928772, 1.3614391088485718, 1.358742356300354, 1.3671318292617798, 1.3632285594940186, 1.3735742568969727, 1.3838731050491333, 1.3847582340240479, 1.3793342113494873, 1.3817604780197144, 1.3897289037704468, 1.404449701309204, 1.4150495529174805, 1.4050538539886475, 1.4279807806015015, 1.4277607202529907, 1.4331923723220825, 1.448142170906067, 1.4512578248977661, 1.4583085775375366, 1.471988558769226, 1.4770861864089966, 1.4757369756698608, 1.4840401411056519, 1.5073072910308838, 1.5020768642425537, 1.5220962762832642, 1.503829836845398, 1.5168558359146118, 1.537121295928955, 1.530738115310669, 1.5295804738998413, 1.5454699993133545, 1.552009105682373, 1.5550668239593506, 1.5467126369476318, 1.5495176315307617, 1.5499413013458252, 1.5634163618087769, 1.5628221035003662, 1.5752825736999512, 1.581467866897583, 1.5787924528121948, 1.5849641561508179, 1.5846974849700928, 1.578921914100647, 1.6248440742492676, 1.5924642086029053, 1.6137059926986694, 1.622388482093811, 1.6174601316452026, 1.602219820022583, 1.6223033666610718, 1.6175233125686646, 1.6351145505905151, 1.6209770441055298, 1.619281530380249, 1.619490146636963, 1.6408846378326416, 1.6304304599761963, 1.640438199043274, 1.654354453086853, 1.6478630304336548, 1.654138207435608, 1.6649657487869263, 1.6832141876220703, 1.6822103261947632], "val_accuracy": [0.31191039085388184, 0.3637971580028534, 0.3667452931404114, 0.37028300762176514, 0.37558960914611816, 0.38148584961891174, 0.4021226465702057, 0.4433962404727936, 0.463443398475647, 0.4628537595272064, 0.46933960914611816, 0.47228774428367615, 0.4716981053352356, 0.4775943458080292, 0.4799528419971466, 0.48231130838394165, 0.4858490526676178, 0.48820754885673523, 0.4870283007621765, 0.4899764060974121, 0.494693398475647, 0.4970518946647644, 0.494693398475647, 0.49056604504585266, 0.4941037595272064, 0.49351415038108826, 0.4929245412349701, 0.5005896091461182, 0.4958726465702057, 0.4958726465702057, 0.49528300762176514, 0.4958726465702057, 0.4929245412349701, 0.4917452931404114, 0.49528300762176514, 0.49941039085388184, 0.49764150381088257, 0.49941039085388184, 0.5041273832321167, 0.49646225571632385, 0.5023584961891174, 0.5005896091461182, 0.4982311427593231, 0.49528300762176514, 0.49351415038108826, 0.4911556541919708, 0.494693398475647, 0.48525944352149963, 0.4870283007621765, 0.4870283007621765, 0.4799528419971466, 0.48054245114326477, 0.48054245114326477, 0.47818395495414734, 0.4770047068595886, 0.4758254587650299, 0.474056601524353, 0.46933960914611816, 0.47228774428367615, 0.4604952931404114, 0.4699292480945587, 0.4669811427593231, 0.4628537595272064, 0.463443398475647, 0.46875, 0.4628537595272064, 0.46226415038108826, 0.4658018946647644, 0.46933960914611816, 0.4699292480945587, 0.47110849618911743, 0.4705188572406769, 0.4716981053352356, 0.46875, 0.47110849618911743, 0.46875, 0.47110849618911743, 0.4699292480945587, 0.4758254587650299, 0.46639150381088257, 0.4775943458080292, 0.46875, 0.46875, 0.46816039085388184, 0.474056601524353, 0.4675707519054413, 0.4699292480945587, 0.4705188572406769, 0.46639150381088257, 0.46816039085388184, 0.4716981053352356, 0.47110849618911743, 0.4699292480945587, 0.47110849618911743, 0.46639150381088257, 0.47228774428367615, 0.46875, 0.46933960914611816, 0.4628537595272064, 0.4658018946647644],