{"loss": [4.724673271179199, 4.2933783531188965, 3.6475234031677246, 2.901240825653076, 2.2267539501190186, 1.6891013383865356, 1.4419118165969849, 1.27500581741333, 1.1397342681884766, 1.0284909009933472, 0.9425972700119019, 0.8761743307113647, 0.8312249779701233, 0.7977795600891113, 0.7697763442993164, 0.7433986067771912, 0.7211056351661682, 0.6996415257453918, 0.6824083924293518, 0.6669645309448242, 0.6541323065757751, 0.6399854421615601, 0.6278151273727417, 0.618171215057373, 0.6090166568756104, 0.5995062589645386, 0.5910946130752563, 0.5828678607940674, 0.5757466554641724, 0.5696879029273987, 0.5630369186401367, 0.5569947957992554, 0.5498546361923218, 0.544411838054657, 0.5402225852012634, 0.5324596762657166, 0.5282020568847656, 0.5220284461975098, 0.5168219804763794, 0.5118986368179321, 0.5070733428001404, 0.5020595788955688, 0.4975530207157135, 0.4939460754394531, 0.48826664686203003, 0.48551344871520996, 0.48055213689804077, 0.47663190960884094, 0.47393181920051575, 0.4698900878429413, 0.4648244082927704, 0.46128955483436584, 0.4575171172618866, 0.45359089970588684, 0.4517155885696411, 0.4468367397785187, 0.4449355900287628, 0.4403619170188904, 0.439619243144989, 0.4364478886127472, 0.43321606516838074, 0.42886078357696533, 0.4257461428642273, 0.4232127070426941, 0.4196941554546356, 0.41725999116897583, 0.41365480422973633, 0.41210195422172546, 0.4076741635799408, 0.40576812624931335, 0.40254127979278564, 0.4006073474884033, 0.3981204926967621, 0.395238995552063, 0.3913532495498657, 0.38596391677856445, 0.38353231549263, 0.3798504173755646, 0.3782559931278229, 0.37469640374183655, 0.3720967471599579, 0.3713538646697998, 0.3673490881919861, 0.3671042323112488, 0.36352601647377014, 0.3618817925453186, 0.3604772388935089, 0.3581025004386902, 0.3562203049659729, 0.3522625267505646, 0.35280898213386536, 0.3514545261859894, 0.34699490666389465, 0.3448043465614319, 0.3439754247665405, 0.34265053272247314, 0.34025484323501587, 0.33732447028160095, 0.3364883065223694, 0.333408921957016], "accuracy": [0.25195518136024475, 0.38089197874069214, 0.42485731840133667, 0.4466286301612854, 0.504967212677002, 0.5874022245407104, 0.6307334303855896, 0.6550412178039551, 0.6746987700462341, 0.6888607144355774, 0.6949905157089233, 0.7047135829925537, 0.7154935598373413, 0.7243711948394775, 0.733248770236969, 0.7425491213798523, 0.7455083727836609, 0.7556542158126831, 0.7596702575683594, 0.7658000588417053, 0.7721412181854248, 0.7727752923965454, 0.7778482437133789, 0.7812302112579346, 0.7831325531005859, 0.7869372367858887, 0.789685070514679, 0.7920101284980774, 0.7941238880157471, 0.7958148121833801, 0.8002536296844482, 0.7958148121833801, 0.8023673892021179, 0.7996195554733276, 0.8002536296844482, 0.8057492971420288, 0.8046924471855164, 0.8059606552124023, 0.8095539808273315, 0.8089199066162109, 0.8097653985023499, 0.8144155740737915, 0.8152610659599304, 0.8167406320571899, 0.8171634078025818, 0.8180088996887207, 0.8188543915748596, 0.820756733417511, 0.8218135833740234, 0.8228704333305359, 0.8249841332435608, 0.8251954913139343, 0.8270978927612305, 0.8264637589454651, 0.8258296251296997, 0.8300570845603943, 0.8277319669723511, 0.832593560218811, 0.8300570845603943, 0.8311139345169067, 0.8315366506576538, 0.8372437357902527, 0.835129976272583, 0.8385119438171387, 0.8380892276763916, 0.84041428565979, 0.8425279855728149, 0.8429507613182068, 0.8427394032478333, 0.8459099531173706, 0.8452758193016052, 0.8476009368896484, 0.8501374125480652, 0.8482350707054138, 0.8520397543907166, 0.8539420962333679, 0.8552103042602539, 0.858380913734436, 0.8562671542167664, 0.8594377636909485, 0.860917329788208, 0.8604946136474609, 0.8600718379020691, 0.8619742393493652, 0.8642992973327637, 0.8642992973327637, 0.865778923034668, 0.865778923034668, 0.865778923034668, 0.8691608309745789, 0.8691608309745789, 0.8697949647903442, 0.8710631728172302, 0.8710631728172302, 0.8714859485626221, 0.8716973066329956, 0.8748679161071777, 0.8748679161071777, 0.8769816160202026, 0.8780384659767151], "val_loss": [4.557850360870361, 4.072873115539551, 3.4112179279327393, 2.9426493644714355, 2.53210711479187, 2.3374433517456055, 2.2112858295440674, 2.1183876991271973, 2.025773048400879, 1.9566987752914429, 1.8972207307815552, 1.8479222059249878, 1.8341915607452393, 1.8521263599395752, 1.8541494607925415, 1.859523892402649, 1.848379135131836, 1.8581010103225708, 1.852728009223938, 1.9194705486297607, 1.9097633361816406, 1.955788016319275, 1.9388270378112793, 1.9770927429199219, 1.9930331707000732, 1.9951462745666504, 2.0093283653259277, 2.0013856887817383, 2.04168438911438, 2.0202887058258057, 2.0492539405822754, 2.0504307746887207, 2.012289524078369, 2.010340690612793, 1.9804948568344116, 2.0022592544555664, 1.9730112552642822, 1.9551141262054443, 1.9490840435028076, 1.9525171518325806, 1.91861891746521, 1.9720455408096313, 1.950255274772644, 1.9029291868209839, 1.9380671977996826, 1.9124599695205688, 1.8912124633789062, 1.9069041013717651, 1.8948888778686523, 1.897813320159912, 1.9123742580413818, 1.8709172010421753, 1.8522921800613403, 1.8678605556488037, 1.8598906993865967, 1.8246960639953613, 1.8314834833145142, 1.805153727531433, 1.8183130025863647, 1.8237122297286987, 1.7890316247940063, 1.7876907587051392, 1.7831343412399292, 1.7925297021865845, 1.7779395580291748, 1.7996368408203125, 1.786908745765686, 1.812705159187317, 1.802100419998169, 1.7949988842010498, 1.7695538997650146, 1.7998172044754028, 1.7924546003341675, 1.7574198246002197, 1.7949615716934204, 1.7894129753112793, 1.786559820175171, 1.786502480506897, 1.77791166305542, 1.7692192792892456, 1.7836557626724243, 1.7641873359680176, 1.749521255493164, 1.76780104637146, 1.7508478164672852, 1.7691657543182373, 1.7765676975250244, 1.806796669960022, 1.7785429954528809, 1.7872557640075684, 1.7619595527648926, 1.771178960800171, 1.799870252609253, 1.7499730587005615, 1.7595574855804443, 1.7523081302642822, 1.7430713176727295, 1.769139051437378, 1.7486249208450317, 1.7369096279144287],