{"loss": [1.9813073873519897, 1.699273705482483, 1.5119702816009521, 1.3918216228485107, 1.3086992502212524, 1.242666482925415, 1.188802719116211, 1.1445552110671997, 1.1024140119552612, 1.065103530883789, 1.033962607383728, 1.0050413608551025, 0.9773900508880615, 0.952582061290741, 0.9281352162361145, 0.9045769572257996, 0.8800675272941589, 0.8583011031150818, 0.8386436104774475, 0.8211374878883362, 0.8039374947547913, 0.7882940769195557, 0.7721085548400879, 0.7577012181282043, 0.7427896857261658, 0.7279863953590393, 0.7141597867012024, 0.7008934020996094, 0.6879454851150513, 0.6759709119796753, 0.6643247008323669, 0.6533089280128479, 0.6430500149726868, 0.6335157155990601, 0.6247776746749878, 0.617382287979126, 0.6097132563591003, 0.6027345657348633, 0.5965035557746887, 0.5906205177307129, 0.5852422118186951, 0.5811120867729187, 0.5756440162658691, 0.5718821287155151, 0.5677163600921631, 0.5636348128318787, 0.5590372681617737, 0.5563408732414246, 0.5522695779800415, 0.5485666990280151, 0.5457126498222351, 0.5423497557640076, 0.5376652479171753, 0.5341432690620422, 0.5313088893890381, 0.5277908444404602, 0.5244581699371338, 0.5213910937309265, 0.5185657739639282, 0.5160465240478516, 0.5133600831031799, 0.5098968744277954, 0.5073367953300476, 0.5065657496452332, 0.5044366121292114, 0.5007471442222595, 0.49792832136154175, 0.4953386187553406, 0.49287423491477966, 0.4933087229728699, 0.4889228641986847, 0.48657068610191345, 0.4842701256275177, 0.4825328588485718, 0.48206812143325806, 0.4795668125152588, 0.4770423471927643, 0.4760429859161377, 0.4733744263648987, 0.4712020456790924, 0.4701516926288605, 0.46832868456840515, 0.4667082726955414, 0.4728691577911377, 0.46427488327026367, 0.4624035358428955, 0.4614046514034271, 0.4594838619232178, 0.4576387107372284, 0.45552268624305725, 0.4560132324695587, 0.4525231122970581, 0.45220455527305603, 0.45079895853996277, 0.4489416182041168, 0.4475141763687134, 0.44635966420173645, 0.44495511054992676, 0.44537949562072754, 0.4441039264202118], "accuracy": [0.29909491539001465, 0.4087560474872589, 0.4281204044818878, 0.4428541362285614, 0.4571669101715088, 0.4758998155593872, 0.5085245370864868, 0.547042727470398, 0.5817722678184509, 0.6040833592414856, 0.6103978157043457, 0.6242896318435669, 0.6341822743415833, 0.6451273560523987, 0.6510208249092102, 0.6617554426193237, 0.6708061695098877, 0.6771206259727478, 0.6857503652572632, 0.6916438937187195, 0.6985897421836853, 0.7061671018600464, 0.7137444615364075, 0.7198484539985657, 0.7288991808891296, 0.7320564389228821, 0.7398442625999451, 0.746579647064209, 0.7499473690986633, 0.757945716381073, 0.7600505352020264, 0.766996443271637, 0.7699431777000427, 0.7701536417007446, 0.7731003761291504, 0.7739423513412476, 0.773521363735199, 0.7739423513412476, 0.7728899121284485, 0.7758366465568542, 0.7762576341629028, 0.7760471701622009, 0.7794148325920105, 0.7804672718048096, 0.7798358201980591, 0.7817301750183105, 0.7821511030197144, 0.7810987234115601, 0.7846769094467163, 0.7855188250541687, 0.7874131798744202, 0.789097011089325, 0.7886760830879211, 0.7880446314811707, 0.7937276363372803, 0.7943590879440308, 0.7943590879440308, 0.7975162863731384, 0.7968848943710327, 0.7994106411933899, 0.8010945320129395, 0.8042517304420471, 0.8019364476203918, 0.8021469116210938, 0.8046727180480957, 0.808250904083252, 0.8074089884757996, 0.8084613680839539, 0.8103557229042053, 0.8074089884757996, 0.8084613680839539, 0.8122500777244568, 0.8141443729400635, 0.8120395541191101, 0.8141443729400635, 0.8141443729400635, 0.8151968121528625, 0.8156177401542664, 0.8189854621887207, 0.8202483654022217, 0.8183540105819702, 0.8202483654022217, 0.8198273777961731, 0.8173016309738159, 0.8206693530082703, 0.8208798170089722, 0.8215112686157227, 0.8210902810096741, 0.823616087436676, 0.8246684670448303, 0.8271942734718323, 0.8265628218650818, 0.8267732858657837, 0.8257209062576294, 0.8297200798988342, 0.8303515315055847, 0.83266681432724, 0.830141007900238, 0.830141007900238, 0.831403911113739], "val_loss": [1.8909984827041626, 1.6780974864959717, 1.5583021640777588, 1.4868053197860718, 1.4464457035064697, 1.4092708826065063, 1.38045334815979, 1.3580259084701538, 1.3315496444702148, 1.315604567527771, 1.2997604608535767, 1.2876160144805908, 1.278676152229309, 1.2720638513565063, 1.2659393548965454, 1.2642501592636108, 1.2697216272354126, 1.2760995626449585, 1.2863693237304688, 1.2925904989242554, 1.2959566116333008, 1.3064732551574707, 1.3101320266723633, 1.3103067874908447, 1.3211101293563843, 1.3246124982833862, 1.3344697952270508, 1.3368028402328491, 1.338462233543396, 1.3459237813949585, 1.3460561037063599, 1.3413341045379639, 1.3454582691192627, 1.3472033739089966, 1.347011923789978, 1.353478193283081, 1.3450919389724731, 1.3535823822021484, 1.3634079694747925, 1.3549796342849731, 1.3679397106170654, 1.3527168035507202, 1.3519898653030396, 1.3593839406967163, 1.3644189834594727, 1.3684842586517334, 1.368550419807434, 1.3744560480117798, 1.3733464479446411, 1.3772907257080078, 1.3748339414596558, 1.3892568349838257, 1.387763261795044, 1.389549732208252, 1.3859167098999023, 1.387521505355835, 1.3911736011505127, 1.3932245969772339, 1.3951126337051392, 1.4087029695510864, 1.4117345809936523, 1.411367654800415, 1.4153169393539429, 1.4267101287841797, 1.4326996803283691, 1.4339946508407593, 1.4468905925750732, 1.4625717401504517, 1.4688622951507568, 1.4636672735214233, 1.4673746824264526, 1.4793061017990112, 1.4777508974075317, 1.4821611642837524, 1.4863429069519043, 1.48868727684021, 1.4830838441848755, 1.4937214851379395, 1.5028040409088135, 1.5125283002853394, 1.5095220804214478, 1.5112162828445435, 1.5082342624664307, 1.5153049230575562, 1.5163723230361938, 1.5191086530685425, 1.5171270370483398, 1.5132286548614502, 1.5229886770248413, 1.5230956077575684, 1.5208961963653564, 1.5283617973327637, 1.5324383974075317, 1.539550542831421, 1.538598895072937, 1.5335360765457153, 1.5526994466781616, 1.5453855991363525, 1.5486879348754883, 1.5502148866653442],