{"loss": [4.736938953399658, 4.406323432922363, 4.053334712982178, 3.689452648162842, 3.30791974067688, 2.9720346927642822, 2.717775583267212, 2.5139975547790527, 2.346633195877075, 2.2054319381713867, 2.0819201469421387, 1.9726004600524902, 1.8757023811340332, 1.7954457998275757, 1.7327371835708618, 1.6819981336593628, 1.63981032371521, 1.6031570434570312, 1.5703803300857544, 1.5406773090362549, 1.5134540796279907, 1.4876141548156738, 1.463582158088684, 1.4409422874450684, 1.4192607402801514, 1.3987512588500977, 1.378876805305481, 1.3594037294387817, 1.3401312828063965, 1.3214643001556396, 1.302852988243103, 1.2841335535049438, 1.26591157913208, 1.2486594915390015, 1.2321140766143799, 1.2163441181182861, 1.200621485710144, 1.1857867240905762, 1.170717477798462, 1.1568857431411743, 1.144227385520935, 1.1303645372390747, 1.1184781789779663, 1.1082417964935303, 1.0981193780899048, 1.0883874893188477, 1.0783376693725586, 1.068800687789917, 1.0599461793899536, 1.0520994663238525, 1.0446457862854004, 1.0377062559127808, 1.031261682510376, 1.0252866744995117, 1.0193736553192139, 1.0136840343475342, 1.0081191062927246, 1.0028083324432373, 0.9970359802246094, 0.9919071793556213, 0.9868525862693787, 0.9818280935287476, 0.9769675731658936, 0.9722883701324463, 0.9677614569664001, 0.9634907841682434, 0.9596163034439087, 0.9560245871543884, 0.9522731304168701, 0.9495275616645813, 0.9462013840675354, 0.9432181119918823, 0.9405633807182312, 0.937665581703186, 0.9347249865531921, 0.9313647150993347, 0.928893506526947, 0.9262544512748718, 0.9237813949584961, 0.9212777018547058, 0.9189221858978271, 0.9165545105934143, 0.9142060279846191, 0.912149965763092, 0.9099229574203491, 0.9078257083892822, 0.9055469036102295, 0.903346836566925, 0.9011394381523132, 0.8986861705780029, 0.8968948125839233, 0.8943518400192261, 0.8923324346542358, 0.8906180262565613, 0.8884134888648987, 0.8866741061210632, 0.8847360014915466, 0.8830171227455139, 0.8811174631118774, 0.8793731331825256], "accuracy": [0.2251363843679428, 0.33759966492652893, 0.3741082549095154, 0.3973982334136963, 0.39550986886024475, 0.39613932371139526, 0.41250523924827576, 0.4370541274547577, 0.45362988114356995, 0.4687368869781494, 0.48069658875465393, 0.4895090162754059, 0.504406213760376, 0.5245488882064819, 0.5446915626525879, 0.5583298206329346, 0.5637851357460022, 0.5688208341598511, 0.5715484619140625, 0.5751153826713562, 0.5757448673248291, 0.5761644840240479, 0.5816197991371155, 0.5843474864959717, 0.5853965878486633, 0.5885438323020935, 0.5893831253051758, 0.5925304293632507, 0.5952580571174622, 0.5971464514732361, 0.5986151695251465, 0.6011330485343933, 0.6017624735832214, 0.603441059589386, 0.6057490706443787, 0.6080570816993713, 0.6088963747024536, 0.6114141941070557, 0.6128829121589661, 0.6130927205085754, 0.61477130651474, 0.6170793175697327, 0.6195971369743347, 0.6189677119255066, 0.6200168132781982, 0.6212757229804993, 0.6225346326828003, 0.6240033507347107, 0.6258917450904846, 0.6290390491485596, 0.6294586658477783, 0.6313470602035522, 0.6321862936019897, 0.6309273838996887, 0.634284496307373, 0.6347041726112366, 0.6359630823135376, 0.638690710067749, 0.63994961977005, 0.6422576308250427, 0.641838014125824, 0.6428871154785156, 0.645614743232727, 0.6460344195365906, 0.647503137588501, 0.6477129459381104, 0.6493915319442749, 0.6502308249473572, 0.6527486443519592, 0.651909351348877, 0.6527486443519592, 0.6542173624038696, 0.6550566554069519, 0.6548468470573425, 0.65568608045578, 0.6571548581123352, 0.660092294216156, 0.6577842831611633, 0.660092294216156, 0.6582039594650269, 0.6619806885719299, 0.6634494066238403, 0.6642886996269226, 0.6640788912773132, 0.6655476093292236, 0.6657574772834778, 0.6670163869857788, 0.6676458120346069, 0.6695342063903809, 0.6693243980407715, 0.6676458120346069, 0.6703734993934631, 0.6718422174453735, 0.6716324090957642, 0.6722618341445923, 0.6733109354972839, 0.674569845199585, 0.6731011271476746, 0.6741502285003662, 0.6747797131538391], "val_loss": [4.6028618812561035, 4.284182071685791, 3.9492948055267334, 3.5993664264678955, 3.276271343231201, 3.0430757999420166, 2.854780673980713, 2.7047579288482666, 2.58162260055542, 2.4740302562713623, 2.3752524852752686, 2.283968687057495, 2.2006516456604004, 2.1334242820739746, 2.0850377082824707, 2.046119213104248, 2.013465166091919, 1.9847599267959595, 1.9615569114685059, 1.940468430519104, 1.9217159748077393, 1.901857614517212, 1.8856391906738281, 1.8692010641098022, 1.852099061012268, 1.8333685398101807, 1.8169927597045898, 1.8002773523330688, 1.7841637134552002, 1.7671685218811035, 1.748979926109314, 1.7304269075393677, 1.7136189937591553, 1.6957379579544067, 1.6765331029891968, 1.6596946716308594, 1.6428619623184204, 1.6286083459854126, 1.614508867263794, 1.6051745414733887, 1.5931446552276611, 1.5805622339248657, 1.5729258060455322, 1.565704584121704, 1.5558182001113892, 1.5483317375183105, 1.5410937070846558, 1.5333927869796753, 1.5294888019561768, 1.5257658958435059, 1.5229626893997192, 1.5161268711090088, 1.5151381492614746, 1.5107331275939941, 1.5086710453033447, 1.5054582357406616, 1.5038338899612427, 1.503549337387085, 1.4983800649642944, 1.4995468854904175, 1.4975833892822266, 1.4979840517044067, 1.5002340078353882, 1.5027350187301636, 1.5031938552856445, 1.5041041374206543, 1.5030789375305176, 1.5033423900604248, 1.5076427459716797, 1.5035488605499268, 1.504199504852295, 1.5049176216125488, 1.504052758216858, 1.505128264427185, 1.5032280683517456, 1.5000801086425781, 1.5053473711013794, 1.5025315284729004, 1.5040442943572998, 1.5036548376083374, 1.5033190250396729, 1.50309157371521, 1.5072575807571411, 1.5060834884643555, 1.5044602155685425, 1.5049200057983398, 1.506290316581726, 1.5071338415145874, 1.5061298608779907, 1.5122607946395874, 1.5106759071350098, 1.5121811628341675, 1.5132193565368652, 1.5136957168579102, 1.5110505819320679, 1.513055682182312, 1.512316107749939, 1.5122132301330566, 1.515041708946228, 1.5144306421279907],