{"loss": [4.701995849609375, 4.048617839813232, 3.48274302482605, 2.9946224689483643, 2.587906837463379, 2.2675726413726807, 2.02793550491333, 1.85593843460083, 1.7345339059829712, 1.6498783826828003, 1.586315393447876, 1.5424314737319946, 1.508994460105896, 1.483941674232483, 1.462859869003296, 1.4434953927993774, 1.4283784627914429, 1.415958285331726, 1.4032692909240723, 1.390858769416809, 1.3800687789916992, 1.3673564195632935, 1.3589426279067993, 1.3509750366210938, 1.3437705039978027, 1.3377190828323364, 1.3314975500106812, 1.3259862661361694, 1.3204429149627686, 1.314849615097046, 1.3109517097473145, 1.3058818578720093, 1.3022137880325317, 1.2986589670181274, 1.2944644689559937, 1.291483759880066, 1.2879632711410522, 1.284960389137268, 1.2823729515075684, 1.2780170440673828, 1.273972988128662, 1.2725484371185303, 1.2688322067260742, 1.2665849924087524, 1.2642905712127686, 1.2619723081588745, 1.2600406408309937, 1.2578115463256836, 1.2534793615341187, 1.2506132125854492, 1.2493420839309692, 1.2472188472747803, 1.2440085411071777, 1.2426834106445312, 1.240920066833496, 1.2391122579574585, 1.2369509935379028, 1.235581398010254, 1.2340953350067139, 1.2313642501831055, 1.2288246154785156, 1.2274115085601807, 1.2254010438919067, 1.2233034372329712, 1.2214008569717407, 1.2200098037719727, 1.2171571254730225, 1.215704321861267, 1.2132586240768433, 1.210463285446167, 1.2088748216629028, 1.206663727760315, 1.204203486442566, 1.2027846574783325, 1.200286865234375, 1.197284460067749, 1.1953611373901367, 1.1931507587432861, 1.1912161111831665, 1.1894724369049072, 1.1873136758804321, 1.1847634315490723, 1.1825084686279297, 1.18043851852417, 1.1797645092010498, 1.1770952939987183, 1.1743921041488647, 1.172634482383728, 1.1703685522079468, 1.1690564155578613, 1.1670478582382202, 1.1650840044021606, 1.1625173091888428, 1.1603707075119019, 1.1573402881622314, 1.1553444862365723, 1.1528128385543823, 1.1506956815719604, 1.148656964302063, 1.14680814743042], "accuracy": [0.2061661034822464, 0.27957215905189514, 0.32424497604370117, 0.3536073863506317, 0.393456369638443, 0.4314177930355072, 0.4561661183834076, 0.4490352272987366, 0.4163171052932739, 0.41442951560020447, 0.41673657298088074, 0.41967281699180603, 0.4194630980491638, 0.4221895933151245, 0.4244966506958008, 0.42659395933151245, 0.42953020334243774, 0.43225669860839844, 0.43519294261932373, 0.4366610646247864, 0.4463087320327759, 0.4475671052932739, 0.45490771532058716, 0.4597315490245819, 0.4622483253479004, 0.4723154306411743, 0.47923657298088074, 0.48259228467941284, 0.4869966506958008, 0.4909815490245819, 0.4930788576602936, 0.501258373260498, 0.4970637559890747, 0.5046141147613525, 0.506921112537384, 0.5115352272987366, 0.5102768540382385, 0.5079697966575623, 0.5138422846794128, 0.5142617225646973, 0.5169882774353027, 0.5184563994407654, 0.5241191387176514, 0.5230704545974731, 0.5232802033424377, 0.524328887462616, 0.5268456339836121, 0.5346056818962097, 0.5297818779945374, 0.5302013158798218, 0.5316694378852844, 0.531879186630249, 0.5329278707504272, 0.5335570573806763, 0.5367029905319214, 0.5358641147613525, 0.5379614233970642, 0.5341862440109253, 0.5394295454025269, 0.5417366027832031, 0.5438339114189148, 0.5406879186630249, 0.5440436005592346, 0.5457214713096619, 0.5476090312004089, 0.5455117225646973, 0.5492869019508362, 0.5469798445701599, 0.5505452752113342, 0.551803708076477, 0.551174521446228, 0.5494966506958008, 0.5576761960983276, 0.5585150718688965, 0.556208074092865, 0.556837260723114, 0.5620805621147156, 0.5610318779945374, 0.5557885766029358, 0.5633389353752136, 0.5645973086357117, 0.5641778707504272, 0.5629194378852844, 0.5656459927558899, 0.5656459927558899, 0.5677433013916016, 0.569421112537384, 0.5690016746520996, 0.5690016746520996, 0.5727768540382385, 0.5729866027832031, 0.5723573565483093, 0.5734060406684875, 0.5721476674079895, 0.5761325359344482, 0.5765520334243774, 0.5790687799453735, 0.5790687799453735, 0.5820050239562988, 0.5784395933151245], "val_loss": [4.47147798538208, 3.9107561111450195, 3.4229953289031982, 3.003617763519287, 2.6591796875, 2.3940227031707764, 2.1965534687042236, 2.053250312805176, 1.9539374113082886, 1.8819925785064697, 1.83146333694458, 1.796768307685852, 1.771294355392456, 1.7506855726242065, 1.732334852218628, 1.7154901027679443, 1.7061095237731934, 1.6959573030471802, 1.6843273639678955, 1.6770167350769043, 1.6682697534561157, 1.6602388620376587, 1.6561557054519653, 1.6496469974517822, 1.6480618715286255, 1.647181749343872, 1.6433347463607788, 1.642828106880188, 1.6420965194702148, 1.6409026384353638, 1.6421451568603516, 1.6449381113052368, 1.6476362943649292, 1.646079182624817, 1.6465368270874023, 1.6471540927886963, 1.6502695083618164, 1.6522912979125977, 1.653052568435669, 1.6545860767364502, 1.6559468507766724, 1.6618276834487915, 1.658786654472351, 1.6672099828720093, 1.667642593383789, 1.669621467590332, 1.6723997592926025, 1.673693299293518, 1.6788640022277832, 1.6825462579727173, 1.6875900030136108, 1.6849384307861328, 1.6868067979812622, 1.6903635263442993, 1.6957669258117676, 1.7019158601760864, 1.7039883136749268, 1.7106873989105225, 1.7205601930618286, 1.7258766889572144, 1.7274701595306396, 1.728903889656067, 1.7319443225860596, 1.7324386835098267, 1.7374204397201538, 1.7391822338104248, 1.7435224056243896, 1.7446650266647339, 1.745029091835022, 1.7505333423614502, 1.7538201808929443, 1.751753568649292, 1.7575466632843018, 1.7585277557373047, 1.759900450706482, 1.765667200088501, 1.7662204504013062, 1.7700083255767822, 1.7726622819900513, 1.7771376371383667, 1.7802886962890625, 1.7803912162780762, 1.7836284637451172, 1.7857028245925903, 1.7871005535125732, 1.7883518934249878, 1.7962172031402588, 1.7947667837142944, 1.798291563987732, 1.7971563339233398, 1.7997220754623413, 1.8036413192749023, 1.8077799081802368, 1.8114373683929443, 1.813134789466858, 1.8173686265945435, 1.8241201639175415, 1.8222050666809082, 1.8247144222259521, 1.8260750770568848],