{"loss": [2.170255422592163, 1.9424629211425781, 1.7855615615844727, 1.6761995553970337, 1.6014419794082642, 1.5466686487197876, 1.5060142278671265, 1.4756920337677002, 1.4513580799102783, 1.4315528869628906, 1.4137665033340454, 1.3963310718536377, 1.3809318542480469, 1.3662025928497314, 1.3524328470230103, 1.3396937847137451, 1.3288980722427368, 1.3202762603759766, 1.311931848526001, 1.3053247928619385, 1.2992501258850098, 1.294345736503601, 1.2892135381698608, 1.2844319343566895, 1.2802040576934814, 1.2776665687561035, 1.2735966444015503, 1.2694092988967896, 1.266123652458191, 1.262857437133789, 1.2596927881240845, 1.2577043771743774, 1.2549118995666504, 1.2519105672836304, 1.2498106956481934, 1.2471139430999756, 1.244529128074646, 1.242942214012146, 1.2407028675079346, 1.2387584447860718, 1.236100196838379, 1.2341018915176392, 1.2314084768295288, 1.2298293113708496, 1.2278251647949219, 1.2259916067123413, 1.2243239879608154, 1.2211979627609253, 1.2189420461654663, 1.2180333137512207, 1.215084433555603, 1.2137203216552734, 1.2108631134033203, 1.2093353271484375, 1.207093596458435, 1.2043190002441406, 1.203542709350586, 1.2008975744247437, 1.1976912021636963, 1.196243166923523, 1.1946358680725098, 1.1932361125946045, 1.190596580505371, 1.1887567043304443, 1.1870739459991455, 1.1849011182785034, 1.1824668645858765, 1.181845784187317, 1.178415298461914, 1.1770658493041992, 1.1750845909118652, 1.1739121675491333, 1.171284556388855, 1.1708683967590332, 1.1689037084579468, 1.1666080951690674, 1.1646214723587036, 1.1648520231246948, 1.1609667539596558, 1.160461187362671, 1.1601734161376953, 1.1580228805541992, 1.157999873161316, 1.1553980112075806, 1.1532241106033325, 1.1548696756362915, 1.1532386541366577, 1.1514484882354736, 1.149863600730896, 1.1449856758117676, 1.1458181142807007, 1.1433165073394775, 1.1432030200958252, 1.1402263641357422, 1.138932704925537, 1.138298511505127, 1.1355983018875122, 1.1326357126235962, 1.132607340812683, 1.131845474243164], "accuracy": [0.19848929345607758, 0.2543013095855713, 0.3816617727279663, 0.4072597622871399, 0.4127150774002075, 0.41124632954597473, 0.41523289680480957, 0.4162819981575012, 0.41544270515441895, 0.4171212613582611, 0.4213176667690277, 0.42236676812171936, 0.4305497407913208, 0.4343264698982239, 0.44796475768089294, 0.45279058814048767, 0.4580360949039459, 0.4657994210720062, 0.46705833077430725, 0.4714645445346832, 0.47125470638275146, 0.48531264066696167, 0.47964751720428467, 0.48132607340812683, 0.4945446848869324, 0.4972723424434662, 0.49811163544654846, 0.5052455067634583, 0.5060847401618958, 0.5065044164657593, 0.5096517205238342, 0.5134284496307373, 0.5148971676826477, 0.5161560773849487, 0.5142677426338196, 0.513848066329956, 0.5176248550415039, 0.5159462690353394, 0.5190935730934143, 0.5184641480445862, 0.5165757536888123, 0.5148971676826477, 0.5203524827957153, 0.521401584148407, 0.5199328660964966, 0.5197230577468872, 0.5218212604522705, 0.5193033814430237, 0.523919403553009, 0.5249685049057007, 0.5279060006141663, 0.5276961922645569, 0.527066707611084, 0.5281158089637756, 0.5291649103164673, 0.5293747186660767, 0.5346202254295349, 0.5318925976753235, 0.5318925976753235, 0.5352497100830078, 0.5369282364845276, 0.5379773378372192, 0.5421737432479858, 0.5398657321929932, 0.5394460558891296, 0.5415442585945129, 0.5451111793518066, 0.5438522696495056, 0.5478388667106628, 0.5474191904067993, 0.5480486750602722, 0.5520352721214294, 0.5524548888206482, 0.5537137985229492, 0.5547628998756409, 0.5537137985229492, 0.5581200122833252, 0.5568611025810242, 0.5591691136360168, 0.5614771246910095, 0.5604280233383179, 0.5600084066390991, 0.5593789219856262, 0.5623164176940918, 0.5618967413902283, 0.5637851357460022, 0.5656735301017761, 0.5654637217521667, 0.5639949440956116, 0.5698699355125427, 0.5711288452148438, 0.56756192445755, 0.5690306425094604, 0.5684011578559875, 0.5721779465675354, 0.5715484619140625, 0.5719680786132812, 0.5791019797325134, 0.5799412727355957, 0.5744859576225281], "val_loss": [2.069458484649658, 1.910640835762024, 1.8020987510681152, 1.7309925556182861, 1.6828290224075317, 1.6539958715438843, 1.6263068914413452, 1.6075183153152466, 1.5913697481155396, 1.57794988155365, 1.5639806985855103, 1.5578278303146362, 1.551264762878418, 1.549866795539856, 1.5460411310195923, 1.5485632419586182, 1.5460084676742554, 1.546068549156189, 1.5479801893234253, 1.5477722883224487, 1.5455431938171387, 1.5462523698806763, 1.545171856880188, 1.545203685760498, 1.5476222038269043, 1.5524486303329468, 1.5514144897460938, 1.556617021560669, 1.5554261207580566, 1.5580538511276245, 1.5590293407440186, 1.560762882232666, 1.5655850172042847, 1.5663832426071167, 1.5672521591186523, 1.5674189329147339, 1.5694854259490967, 1.5675925016403198, 1.5719081163406372, 1.5747618675231934, 1.575717806816101, 1.5780335664749146, 1.5838861465454102, 1.5826630592346191, 1.5854113101959229, 1.5862658023834229, 1.5878199338912964, 1.5899970531463623, 1.5937365293502808, 1.592252254486084, 1.5934635400772095, 1.6036145687103271, 1.6051875352859497, 1.606309413909912, 1.6029492616653442, 1.609555721282959, 1.608811855316162, 1.6179765462875366, 1.6178876161575317, 1.621660828590393, 1.626713514328003, 1.6293989419937134, 1.631461262702942, 1.6343923807144165, 1.637737512588501, 1.64351487159729, 1.643568992614746, 1.6556024551391602, 1.6528931856155396, 1.65312659740448, 1.6540390253067017, 1.6607297658920288, 1.668312668800354, 1.6738749742507935, 1.671559453010559, 1.6676015853881836, 1.6719779968261719, 1.6862022876739502, 1.6851540803909302, 1.689640760421753, 1.69115149974823, 1.689448356628418, 1.7013509273529053, 1.708546757698059, 1.7135975360870361, 1.7115930318832397, 1.7163255214691162, 1.7218736410140991, 1.7288867235183716, 1.7377722263336182, 1.7187774181365967, 1.736055612564087, 1.7382638454437256, 1.7394983768463135, 1.7427488565444946, 1.7431398630142212, 1.748800277709961, 1.7428174018859863, 1.7538812160491943, 1.7546579837799072],