{"loss": [3.4092657566070557, 2.90415620803833, 2.512040615081787, 2.2065742015838623, 1.9795585870742798, 1.816210150718689, 1.7003904581069946, 1.6200555562973022, 1.5636820793151855, 1.5217171907424927, 1.4890401363372803, 1.4610722064971924, 1.4366260766983032, 1.415636420249939, 1.3985103368759155, 1.3840283155441284, 1.3701671361923218, 1.3574312925338745, 1.3458856344223022, 1.3355268239974976, 1.3258835077285767, 1.3180568218231201, 1.3099385499954224, 1.3030790090560913, 1.2965385913848877, 1.2912142276763916, 1.285788893699646, 1.2813035249710083, 1.2764462232589722, 1.272081732749939, 1.2659804821014404, 1.2620025873184204, 1.2581015825271606, 1.2538288831710815, 1.2513916492462158, 1.2476322650909424, 1.2441173791885376, 1.2412261962890625, 1.2383872270584106, 1.2354506254196167, 1.2323967218399048, 1.2294948101043701, 1.2255324125289917, 1.2229286432266235, 1.220275640487671, 1.216693639755249, 1.2135074138641357, 1.2101624011993408, 1.2059491872787476, 1.2044004201889038, 1.2003241777420044, 1.1975611448287964, 1.194435477256775, 1.1926589012145996, 1.188327670097351, 1.1846399307250977, 1.1818578243255615, 1.1765806674957275, 1.1753334999084473, 1.1713082790374756, 1.169586420059204, 1.1672217845916748, 1.1647931337356567, 1.1611549854278564, 1.1591553688049316, 1.1552213430404663, 1.1522977352142334, 1.1495797634124756, 1.14577054977417, 1.1431987285614014, 1.140777587890625, 1.1362828016281128, 1.1348918676376343, 1.1325162649154663, 1.1283206939697266, 1.127871036529541, 1.1219196319580078, 1.1250994205474854, 1.1181309223175049, 1.1146783828735352, 1.1123770475387573, 1.1100918054580688, 1.106266975402832, 1.1030797958374023, 1.0999363660812378, 1.1006323099136353, 1.0962985754013062, 1.094287395477295, 1.0911290645599365, 1.087907075881958, 1.0869275331497192, 1.0822923183441162, 1.0801681280136108, 1.0757259130477905, 1.0736725330352783, 1.0723398923873901, 1.0700464248657227, 1.068219542503357, 1.0650789737701416, 1.0603424310684204], "accuracy": [0.22618548572063446, 0.3237515687942505, 0.3730591833591461, 0.42383551597595215, 0.4498531222343445, 0.41544270515441895, 0.4108266830444336, 0.4122954308986664, 0.4135543406009674, 0.4150230884552002, 0.4171212613582611, 0.41879981756210327, 0.4192194640636444, 0.4215274751186371, 0.4255140721797943, 0.4292908012866974, 0.43453630805015564, 0.44796475768089294, 0.45929500460624695, 0.47272345423698425, 0.47922787070274353, 0.4815358817577362, 0.4922366738319397, 0.49118757247924805, 0.49328577518463135, 0.49748215079307556, 0.501258909702301, 0.4997901916503906, 0.5014687180519104, 0.5041964054107666, 0.5035669207572937, 0.5086026191711426, 0.5090222358703613, 0.5094418525695801, 0.5098615288734436, 0.5121695399284363, 0.516995370388031, 0.5184641480445862, 0.5199328660964966, 0.5222408771514893, 0.5205622911453247, 0.521401584148407, 0.5247586965560913, 0.5247586965560913, 0.5262274146080017, 0.525807797908783, 0.5316827297210693, 0.5304238200187683, 0.5360889434814453, 0.5373478531837463, 0.5392362475395203, 0.5386068224906921, 0.5417540669441223, 0.5390264391899109, 0.5430130362510681, 0.5432228446006775, 0.5463701486587524, 0.5490977764129639, 0.5511959791183472, 0.5520352721214294, 0.5526646971702576, 0.5558120012283325, 0.5577003955841064, 0.5583298206329346, 0.5553923845291138, 0.5591691136360168, 0.5629458427429199, 0.5623164176940918, 0.5692404508590698, 0.5631557106971741, 0.5646244287490845, 0.5698699355125427, 0.5690306425094604, 0.5723877549171448, 0.577633261680603, 0.5730171799659729, 0.5816197991371155, 0.5828787088394165, 0.5843474864959717, 0.5864456295967102, 0.5841376185417175, 0.5916911363601685, 0.5954679250717163, 0.5891733169555664, 0.5958875417709351, 0.593369722366333, 0.5994544625282288, 0.5988250374794006, 0.5948384404182434, 0.6011330485343933, 0.602182149887085, 0.6055392622947693, 0.6038606762886047, 0.6084766983985901, 0.610365092754364, 0.6130927205085754, 0.6114141941070557, 0.6126731038093567, 0.6164498329162598, 0.6189677119255066], "val_loss": [3.1968588829040527, 2.7768542766571045, 2.4574172496795654, 2.214822769165039, 2.039508819580078, 1.91916024684906, 1.8320579528808594, 1.774747610092163, 1.735353708267212, 1.703784465789795, 1.6798251867294312, 1.6597416400909424, 1.6399184465408325, 1.6278634071350098, 1.612982988357544, 1.6050846576690674, 1.5949370861053467, 1.588012933731079, 1.582153081893921, 1.5782134532928467, 1.5725167989730835, 1.5695277452468872, 1.565913438796997, 1.5649622678756714, 1.5634413957595825, 1.563886046409607, 1.562670111656189, 1.5639455318450928, 1.5639010667800903, 1.5635206699371338, 1.5643025636672974, 1.5659366846084595, 1.57144296169281, 1.5715279579162598, 1.573246955871582, 1.5742571353912354, 1.5767403841018677, 1.577581763267517, 1.5841255187988281, 1.5896915197372437, 1.5888807773590088, 1.5941447019577026, 1.5995057821273804, 1.6007193326950073, 1.6098823547363281, 1.6141307353973389, 1.6191205978393555, 1.623961329460144, 1.6314964294433594, 1.6295807361602783, 1.6322455406188965, 1.6420376300811768, 1.6471810340881348, 1.6473933458328247, 1.6482371091842651, 1.6506478786468506, 1.6507558822631836, 1.6598376035690308, 1.6624599695205688, 1.668768048286438, 1.6697264909744263, 1.6749776601791382, 1.6735106706619263, 1.6798990964889526, 1.6884881258010864, 1.6891846656799316, 1.6878299713134766, 1.7012923955917358, 1.6912771463394165, 1.701346755027771, 1.6997697353363037, 1.7045835256576538, 1.7069675922393799, 1.7157646417617798, 1.7225486040115356, 1.7183988094329834, 1.7174599170684814, 1.7442843914031982, 1.7331936359405518, 1.7362725734710693, 1.746201753616333, 1.7397948503494263, 1.7528609037399292, 1.755361557006836, 1.762831211090088, 1.7666146755218506, 1.7706831693649292, 1.7787349224090576, 1.7808462381362915, 1.789352297782898, 1.7725592851638794, 1.7922821044921875, 1.7853624820709229, 1.7912712097167969, 1.7868107557296753, 1.791053295135498, 1.7960984706878662, 1.793455719947815, 1.8009405136108398, 1.7951512336730957],