{"loss": [5.34823751449585, 4.672909259796143, 4.075345993041992, 3.53167986869812, 3.0322484970092773, 2.581648588180542, 2.2042794227600098, 1.9290480613708496, 1.7521510124206543, 1.6447875499725342, 1.5800448656082153, 1.5383411645889282, 1.5060994625091553, 1.4788953065872192, 1.4549548625946045, 1.4356542825698853, 1.4196736812591553, 1.4037957191467285, 1.3903913497924805, 1.3767790794372559, 1.3652503490447998, 1.3544334173202515, 1.344026803970337, 1.335452914237976, 1.3279633522033691, 1.3206143379211426, 1.31509268283844, 1.3096678256988525, 1.3042476177215576, 1.2998706102371216, 1.2954469919204712, 1.292072057723999, 1.287826657295227, 1.2844294309616089, 1.281063199043274, 1.276892900466919, 1.2730718851089478, 1.2697021961212158, 1.2657334804534912, 1.2616444826126099, 1.2580511569976807, 1.2535128593444824, 1.2493412494659424, 1.244375467300415, 1.2398381233215332, 1.232966661453247, 1.2277686595916748, 1.2205641269683838, 1.211808681488037, 1.200635313987732, 1.1878358125686646, 1.1710530519485474, 1.148673176765442, 1.1322829723358154, 1.1226351261138916, 1.112778902053833, 1.1071432828903198, 1.1037653684616089, 1.0938302278518677, 1.0899739265441895, 1.0840520858764648, 1.0833499431610107, 1.0836459398269653, 1.0795105695724487, 1.0779725313186646, 1.0755598545074463, 1.0711753368377686, 1.0701972246170044, 1.0653657913208008, 1.0666048526763916, 1.0641405582427979, 1.06143319606781, 1.056106448173523, 1.0580847263336182, 1.050909161567688, 1.0460748672485352, 1.0426995754241943, 1.0421345233917236, 1.0412989854812622, 1.038108229637146, 1.0345966815948486, 1.028147578239441, 1.0266609191894531, 1.0287636518478394, 1.0207664966583252, 1.017074704170227, 1.0122517347335815, 1.010394811630249, 1.0090372562408447, 1.0038208961486816, 1.0039061307907104, 1.00222909450531, 1.00020432472229, 0.9994771480560303, 0.9963944554328918, 0.9949458241462708, 0.9937766790390015, 0.997550368309021, 0.9924055337905884, 0.9917195439338684], "accuracy": [0.16505466401576996, 0.25294366478919983, 0.2941547632217407, 0.32590413093566895, 0.3626997470855713, 0.3891926109790802, 0.41715726256370544, 0.44890663027763367, 0.45458367466926575, 0.4148443937301636, 0.4125315248966217, 0.41316232085227966, 0.41190075874328613, 0.41526493430137634, 0.4175778031349182, 0.4217830002307892, 0.42977291345596313, 0.43692177534103394, 0.4486963748931885, 0.4655172526836395, 0.474768728017807, 0.474768728017807, 0.47981497645378113, 0.4842304587364197, 0.4859125316143036, 0.4859125316143036, 0.4854920208454132, 0.49011775851249695, 0.48675358295440674, 0.489486962556839, 0.4911690354347229, 0.49369218945503235, 0.4966358244419098, 0.49936920404434204, 0.4981076419353485, 0.49894869327545166, 0.4997897446155548, 0.5025231242179871, 0.5054667592048645, 0.50630784034729, 0.5113540887832642, 0.511564314365387, 0.5142977237701416, 0.5168208479881287, 0.5166106224060059, 0.5206055641174316, 0.5262826085090637, 0.5306980609893799, 0.5361648201942444, 0.5435239672660828, 0.5592935085296631, 0.5719091892242432, 0.5857864022254944, 0.5971404314041138, 0.5979815125465393, 0.5965096950531006, 0.5988225340843201, 0.5986123085021973, 0.6034482717514038, 0.6068124771118164, 0.6099663376808167, 0.6072329878807068, 0.6112279295921326, 0.6112279295921326, 0.6137510538101196, 0.6103869080543518, 0.6162741780281067, 0.6160638928413391, 0.6208999156951904, 0.614802360534668, 0.6215307116508484, 0.6225820183753967, 0.6238435506820679, 0.6190075874328613, 0.6272077560424805, 0.6303616762161255, 0.6274179816246033, 0.6328848004341125, 0.6301513910293579, 0.6309924125671387, 0.6370899677276611, 0.6396130919456482, 0.6398233771324158, 0.6406643986701965, 0.6415054798126221, 0.6446593999862671, 0.649915874004364, 0.6511774659156799, 0.6488645672798157, 0.6541211009025574, 0.6518082618713379, 0.6572750210762024, 0.653069794178009, 0.6560134291648865, 0.656854510307312, 0.6593776345252991, 0.6610597372055054, 0.6553826928138733, 0.6619007587432861, 0.6595878601074219], "val_loss": [5.042081356048584, 4.460352420806885, 3.9361839294433594, 3.4562880992889404, 3.020796775817871, 2.634328603744507, 2.3274500370025635, 2.1155805587768555, 1.9813233613967896, 1.8981893062591553, 1.847419023513794, 1.8087446689605713, 1.7817790508270264, 1.7597178220748901, 1.741642951965332, 1.7253422737121582, 1.7092257738113403, 1.6944599151611328, 1.684533715248108, 1.6724755764007568, 1.6635510921478271, 1.6596770286560059, 1.6555473804473877, 1.649907112121582, 1.647886037826538, 1.6454662084579468, 1.6492838859558105, 1.6421788930892944, 1.642158031463623, 1.644234538078308, 1.6364154815673828, 1.6404404640197754, 1.6450234651565552, 1.6490908861160278, 1.6381607055664062, 1.6395628452301025, 1.6333458423614502, 1.6391247510910034, 1.638504147529602, 1.6375246047973633, 1.6422985792160034, 1.645703673362732, 1.6395162343978882, 1.638662338256836, 1.6435327529907227, 1.63966965675354, 1.6402100324630737, 1.652087688446045, 1.6510342359542847, 1.6609481573104858, 1.649309754371643, 1.6633918285369873, 1.6644747257232666, 1.6652555465698242, 1.6695528030395508, 1.6807420253753662, 1.6791359186172485, 1.6742361783981323, 1.6771386861801147, 1.6809214353561401, 1.6883889436721802, 1.694148063659668, 1.6967521905899048, 1.7038859128952026, 1.700374722480774, 1.7091453075408936, 1.7138142585754395, 1.7251238822937012, 1.7280840873718262, 1.7356774806976318, 1.7287724018096924, 1.742879867553711, 1.7488796710968018, 1.7476398944854736, 1.7530266046524048, 1.7526304721832275, 1.7736679315567017, 1.7669470310211182, 1.7766218185424805, 1.792647123336792, 1.7823141813278198, 1.7858413457870483, 1.801306128501892, 1.8011982440948486, 1.8028285503387451, 1.80698823928833, 1.811532735824585, 1.8123382329940796, 1.831539511680603, 1.8314366340637207, 1.8202762603759766, 1.8290133476257324, 1.8383983373641968, 1.8324800729751587, 1.835481882095337, 1.8361122608184814, 1.8451045751571655, 1.8576370477676392, 1.8547496795654297, 1.8619978427886963],