{"loss": [3.1140341758728027, 2.4356908798217773, 1.9515905380249023, 1.6532164812088013, 1.4825186729431152, 1.3837186098098755, 1.319386601448059, 1.2723067998886108, 1.2364215850830078, 1.205680251121521, 1.1791820526123047, 1.1560083627700806, 1.1355507373809814, 1.1168380975723267, 1.0999493598937988, 1.084639072418213, 1.0710291862487793, 1.0578794479370117, 1.0456833839416504, 1.0340003967285156, 1.0230967998504639, 1.012999176979065, 1.0032397508621216, 0.9933677315711975, 0.9839382767677307, 0.9747253656387329, 0.9657710194587708, 0.9570430517196655, 0.9476777911186218, 0.9389122724533081, 0.9296485781669617, 0.9208308458328247, 0.9116548895835876, 0.9030178785324097, 0.8938920497894287, 0.884546160697937, 0.8763482570648193, 0.8686267137527466, 0.8596798777580261, 0.8524805903434753, 0.8447361588478088, 0.837285578250885, 0.8305550217628479, 0.8242815732955933, 0.8184599280357361, 0.8121073842048645, 0.8068990111351013, 0.8001351952552795, 0.7958518862724304, 0.7899313569068909, 0.7854450941085815, 0.7800661325454712, 0.7750550508499146, 0.7709259390830994, 0.7671058177947998, 0.7631138563156128, 0.7591382265090942, 0.755807638168335, 0.7518155574798584, 0.7480176091194153, 0.7451486587524414, 0.741007387638092, 0.7371273636817932, 0.7351707816123962, 0.7314847707748413, 0.7281008958816528, 0.725040853023529, 0.7228882908821106, 0.7185239791870117, 0.716132402420044, 0.713440477848053, 0.7099552750587463, 0.7073116898536682, 0.7048306465148926, 0.7010805010795593, 0.6986643075942993, 0.6962686777114868, 0.6934142112731934, 0.6894239187240601, 0.6871947646141052, 0.685387372970581, 0.68229740858078, 0.6812750697135925, 0.6765570044517517, 0.6753576397895813, 0.6723157167434692, 0.669376015663147, 0.6682334542274475, 0.6646802425384521, 0.6623653173446655, 0.6589033603668213, 0.6572052836418152, 0.6551855206489563, 0.652920126914978, 0.651185929775238, 0.6487286686897278, 0.6470687389373779, 0.6443180441856384, 0.6435527801513672, 0.6400734782218933], "accuracy": [0.2593369781970978, 0.3617289066314697, 0.433487206697464, 0.48195552825927734, 0.49538397789001465, 0.4637012183666229, 0.4758707582950592, 0.48426353931427, 0.5151070356369019, 0.5268568992614746, 0.5417540669441223, 0.5449013710021973, 0.5608476996421814, 0.5612673163414001, 0.5742761492729187, 0.5774233937263489, 0.5835081934928894, 0.5906420350074768, 0.597775936126709, 0.602182149887085, 0.604699969291687, 0.6128829121589661, 0.6145614981651306, 0.6219051480293274, 0.6231640577316284, 0.6275702714920044, 0.633025586605072, 0.6376416087150574, 0.6426773071289062, 0.6422576308250427, 0.6454049348831177, 0.6516995429992676, 0.6558959484100342, 0.6567351818084717, 0.6609315872192383, 0.6659672856330872, 0.6682752966880798, 0.6766680479049683, 0.6772975325584412, 0.6781368255615234, 0.6808644533157349, 0.6844313740730286, 0.6911455988883972, 0.6907259821891785, 0.693663477897644, 0.6942929029464722, 0.6961812973022461, 0.7003777027130127, 0.7012169361114502, 0.7024758458137512, 0.7045740485191345, 0.7081409692764282, 0.7064624428749084, 0.7112882733345032, 0.7112882733345032, 0.7127570509910583, 0.7148552536964417, 0.7173730731010437, 0.7188417911529541, 0.7201007008552551, 0.721989095211029, 0.7213596105575562, 0.7259756326675415, 0.7255560159683228, 0.7284935116767883, 0.7272346019744873, 0.7284935116767883, 0.7310113310813904, 0.7349979281425476, 0.7333193421363831, 0.7318506240844727, 0.7354175448417664, 0.7358371615409851, 0.7358371615409851, 0.7385648488998413, 0.7385648488998413, 0.7415022850036621, 0.7410826683044434, 0.7450692653656006, 0.7467477917671204, 0.743390679359436, 0.7486361861228943, 0.7469576001167297, 0.7496852874755859, 0.7492656111717224, 0.7536718249320984, 0.7524129152297974, 0.7530423998832703, 0.7587075233459473, 0.7572387456893921, 0.7561897039413452, 0.7587075233459473, 0.7597566246986389, 0.7620646357536316, 0.7645824551582336, 0.767939567565918, 0.7671002745628357, 0.7664708495140076, 0.764792263507843, 0.7681493759155273], "val_loss": [2.7825472354888916, 2.2306103706359863, 1.8739936351776123, 1.6668555736541748, 1.5530227422714233, 1.485215425491333, 1.4384368658065796, 1.4092676639556885, 1.3885146379470825, 1.3722275495529175, 1.357797622680664, 1.3474961519241333, 1.3392386436462402, 1.3303101062774658, 1.3268543481826782, 1.3220484256744385, 1.316463828086853, 1.314786434173584, 1.3119523525238037, 1.31014883518219, 1.3038344383239746, 1.3049635887145996, 1.3018461465835571, 1.3010553121566772, 1.2971190214157104, 1.2990636825561523, 1.296378254890442, 1.2982357740402222, 1.3006985187530518, 1.2987961769104004, 1.295099139213562, 1.295865535736084, 1.299316644668579, 1.3030585050582886, 1.3040212392807007, 1.3050909042358398, 1.3095180988311768, 1.3131356239318848, 1.3232645988464355, 1.3223042488098145, 1.327249526977539, 1.3269613981246948, 1.3378885984420776, 1.3360503911972046, 1.3411742448806763, 1.3528821468353271, 1.3498671054840088, 1.358262538909912, 1.3608733415603638, 1.3697096109390259, 1.3645509481430054, 1.3714299201965332, 1.3851131200790405, 1.3816667795181274, 1.3787786960601807, 1.3884624242782593, 1.3921101093292236, 1.3966655731201172, 1.3965072631835938, 1.405962347984314, 1.4018853902816772, 1.3999770879745483, 1.3970133066177368, 1.4112746715545654, 1.40725839138031, 1.410079002380371, 1.4199024438858032, 1.4207555055618286, 1.4316470623016357, 1.4264525175094604, 1.4381451606750488, 1.445103406906128, 1.4563337564468384, 1.4474873542785645, 1.4415342807769775, 1.4527511596679688, 1.4673444032669067, 1.458357810974121, 1.4617928266525269, 1.471127986907959, 1.474229335784912, 1.479264259338379, 1.48390531539917, 1.4923553466796875, 1.4881924390792847, 1.4785068035125732, 1.5001994371414185, 1.4940255880355835, 1.5060343742370605, 1.496591329574585, 1.4996778964996338, 1.5046855211257935, 1.5135374069213867, 1.511306881904602, 1.5146583318710327, 1.523072600364685, 1.5255149602890015, 1.5313842296600342, 1.5281249284744263, 1.532402753829956],