{"loss": [2.693938732147217, 2.4431161880493164, 2.2292888164520264, 2.0448691844940186, 1.8925373554229736, 1.7698585987091064, 1.6731258630752563, 1.5974345207214355, 1.5386474132537842, 1.49220609664917, 1.45450758934021, 1.4226453304290771, 1.3950101137161255, 1.3708995580673218, 1.349291443824768, 1.3297022581100464, 1.311617136001587, 1.2943452596664429, 1.2788128852844238, 1.2643847465515137, 1.2508978843688965, 1.2376813888549805, 1.225142002105713, 1.2141398191452026, 1.2042633295059204, 1.1948696374893188, 1.186280369758606, 1.1781810522079468, 1.1706537008285522, 1.1635878086090088, 1.156759262084961, 1.1503337621688843, 1.1441339254379272, 1.1381367444992065, 1.1324288845062256, 1.1270406246185303, 1.1217992305755615, 1.1167232990264893, 1.1119539737701416, 1.107408046722412, 1.1029306650161743, 1.098601222038269, 1.0944783687591553, 1.0903840065002441, 1.0865412950515747, 1.082770824432373, 1.0788377523422241, 1.0751936435699463, 1.0717229843139648, 1.068636178970337, 1.0652674436569214, 1.0621740818023682, 1.0591107606887817, 1.0561846494674683, 1.0533241033554077, 1.0503501892089844, 1.047566533088684, 1.0447674989700317, 1.0419994592666626, 1.0393708944320679, 1.036543369293213, 1.0340957641601562, 1.0317054986953735, 1.0291178226470947, 1.0267902612686157, 1.0246092081069946, 1.0223114490509033, 1.0201623439788818, 1.0177717208862305, 1.0154980421066284, 1.0134248733520508, 1.0114928483963013, 1.0094141960144043, 1.0074619054794312, 1.0056017637252808, 1.0036755800247192, 1.0016885995864868, 0.9999188780784607, 0.9981098771095276, 0.9965882897377014, 0.9947689771652222, 0.9930577874183655, 0.9914418458938599, 0.9898255467414856, 0.9885998368263245, 0.986871600151062, 0.9853864908218384, 0.9838612079620361, 0.9822585582733154, 0.9810468554496765, 0.979477047920227, 0.9780805110931396, 0.9763778448104858, 0.9752053618431091, 0.9736545085906982, 0.9723591804504395, 0.9709763526916504, 0.9695644378662109, 0.9683080315589905, 0.9670261740684509], "accuracy": [0.2562919557094574, 0.3567533493041992, 0.4087667763233185, 0.43603187799453735, 0.46140938997268677, 0.47944632172584534, 0.4905620813369751, 0.4970637559890747, 0.5018875598907471, 0.5075503587722778, 0.5104866027832031, 0.5151006579399109, 0.5192952752113342, 0.524958074092865, 0.5266358852386475, 0.5304110646247864, 0.5354446172714233, 0.5392197966575623, 0.5436241626739502, 0.5492869019508362, 0.5505452752113342, 0.5509647727012634, 0.5578858852386475, 0.5601929426193237, 0.5641778707504272, 0.5662751793861389, 0.5662751793861389, 0.5683724880218506, 0.569421112537384, 0.5708892345428467, 0.573825478553772, 0.5763422846794128, 0.5778104066848755, 0.5759228467941284, 0.5778104066848755, 0.5782298445701599, 0.583053708076477, 0.583053708076477, 0.5845218300819397, 0.5849412679672241, 0.5851510167121887, 0.5876677632331848, 0.588087260723114, 0.5889261960983276, 0.5910235047340393, 0.5895553827285767, 0.5912331938743591, 0.593120813369751, 0.5947986841201782, 0.5939597487449646, 0.5945889353752136, 0.5952181220054626, 0.5975251793861389, 0.5966862440109253, 0.5981543660163879, 0.5998322367668152, 0.600671112537384, 0.6015100479125977, 0.6004614233970642, 0.6029781699180603, 0.6038171052932739, 0.6048657894134521, 0.6059144139289856, 0.6063339114189148, 0.6071728467941284, 0.6073825359344482, 0.6098993420600891, 0.6086409687995911, 0.6103187799453735, 0.6101090312004089, 0.6122063994407654, 0.6117869019508362, 0.6134647727012634, 0.6155620813369751, 0.614303708076477, 0.6157718300819397, 0.6164010167121887, 0.6172399520874023, 0.6159815192222595, 0.6157718300819397, 0.618078887462616, 0.6174496412277222, 0.6168204545974731, 0.6178691387176514, 0.6195470094680786, 0.6176593899726868, 0.6203858852386475, 0.6189177632331848, 0.6201761960983276, 0.619966447353363, 0.619337260723114, 0.6201761960983276, 0.619966447353363, 0.6208053827285767, 0.6210150718688965, 0.619966447353363, 0.6224831938743591, 0.6205956339836121, 0.6245805621147156, 0.6218540072441101], "val_loss": [2.569594621658325, 2.3643951416015625, 2.193105697631836, 2.0496842861175537, 1.9307763576507568, 1.8391609191894531, 1.769917368888855, 1.7181143760681152, 1.677537202835083, 1.64622163772583, 1.620637059211731, 1.5980045795440674, 1.578554391860962, 1.5615923404693604, 1.5461934804916382, 1.5340709686279297, 1.523300290107727, 1.5134928226470947, 1.50527822971344, 1.4971373081207275, 1.490403413772583, 1.4821650981903076, 1.4748075008392334, 1.4674712419509888, 1.4615362882614136, 1.4550474882125854, 1.4494757652282715, 1.4442625045776367, 1.4384807348251343, 1.433995246887207, 1.4299885034561157, 1.426218032836914, 1.4219415187835693, 1.418190598487854, 1.415218472480774, 1.4122711420059204, 1.4091408252716064, 1.4065567255020142, 1.4040284156799316, 1.402696132659912, 1.4012048244476318, 1.3986337184906006, 1.3968067169189453, 1.395821452140808, 1.395111322402954, 1.394332766532898, 1.3921847343444824, 1.3913869857788086, 1.391257882118225, 1.3911163806915283, 1.3898853063583374, 1.3890222311019897, 1.3869773149490356, 1.3859485387802124, 1.3857437372207642, 1.3852866888046265, 1.3850957155227661, 1.3832095861434937, 1.3842501640319824, 1.3827381134033203, 1.383267879486084, 1.383496642112732, 1.3834154605865479, 1.382266640663147, 1.3818172216415405, 1.380652666091919, 1.3810291290283203, 1.3806475400924683, 1.3805776834487915, 1.3794493675231934, 1.3803294897079468, 1.3811615705490112, 1.3813705444335938, 1.380841612815857, 1.3806354999542236, 1.3793290853500366, 1.381310224533081, 1.3811393976211548, 1.38198983669281, 1.3823219537734985, 1.3830078840255737, 1.3840117454528809, 1.385249376296997, 1.385683298110962, 1.3857593536376953, 1.3861987590789795, 1.3873478174209595, 1.3876127004623413, 1.3880804777145386, 1.3869587182998657, 1.3880021572113037, 1.3865188360214233, 1.3890615701675415, 1.3883506059646606, 1.3889487981796265, 1.390350103378296, 1.3914210796356201, 1.3898320198059082, 1.3913562297821045, 1.391150712966919],