{"loss": [4.5180816650390625, 3.6523895263671875, 2.930262327194214, 2.396066665649414, 2.0412986278533936, 1.8176792860031128, 1.6744030714035034, 1.5839836597442627, 1.5217126607894897, 1.4772828817367554, 1.443164348602295, 1.4177581071853638, 1.3972578048706055, 1.3804786205291748, 1.3662222623825073, 1.3535370826721191, 1.342143177986145, 1.331056833267212, 1.3197108507156372, 1.3105835914611816, 1.3015971183776855, 1.2934778928756714, 1.2850044965744019, 1.2754038572311401, 1.26677405834198, 1.2599204778671265, 1.2522529363632202, 1.245105266571045, 1.2380328178405762, 1.2308988571166992, 1.2249729633331299, 1.2179324626922607, 1.2117589712142944, 1.2050045728683472, 1.1996855735778809, 1.1939036846160889, 1.1884539127349854, 1.1834309101104736, 1.17857027053833, 1.1736271381378174, 1.1690261363983154, 1.164924144744873, 1.1601213216781616, 1.1556322574615479, 1.1521886587142944, 1.1479244232177734, 1.1442992687225342, 1.1409498453140259, 1.1372756958007812, 1.1344951391220093, 1.1308963298797607, 1.1280066967010498, 1.1250015497207642, 1.1227017641067505, 1.119099736213684, 1.115915060043335, 1.1135348081588745, 1.1108810901641846, 1.1085941791534424, 1.1063026189804077, 1.1038187742233276, 1.1018956899642944, 1.0997812747955322, 1.0975416898727417, 1.0951905250549316, 1.093583106994629, 1.0916045904159546, 1.0899152755737305, 1.0887022018432617, 1.0860557556152344, 1.0845240354537964, 1.0827211141586304, 1.081139087677002, 1.0798512697219849, 1.0779905319213867, 1.0776280164718628, 1.0750788450241089, 1.073204755783081, 1.0722599029541016, 1.0706830024719238, 1.0689337253570557, 1.0681957006454468, 1.0665650367736816, 1.0651326179504395, 1.064091682434082, 1.0625208616256714, 1.0611943006515503, 1.0598084926605225, 1.0586175918579102, 1.0576319694519043, 1.0565922260284424, 1.0554239749908447, 1.0541869401931763, 1.052793025970459, 1.0522598028182983, 1.0508915185928345, 1.0499999523162842, 1.0486184358596802, 1.047516107559204, 1.0469450950622559], "accuracy": [0.23773585259914398, 0.31111112236976624, 0.35849055647850037, 0.40524110198020935, 0.45597484707832336, 0.4532494843006134, 0.41781970858573914, 0.41928720474243164, 0.4201257824897766, 0.4228511452674866, 0.42515721917152405, 0.4270440340042114, 0.4278826117515564, 0.428721159696579, 0.4293501079082489, 0.4274633228778839, 0.43102726340293884, 0.43060797452926636, 0.43207547068595886, 0.43354296684265137, 0.4345912039279938, 0.4433962404727936, 0.44507336616516113, 0.4488469660282135, 0.449266254901886, 0.4576520025730133, 0.4614255726337433, 0.4658280909061432, 0.4834381639957428, 0.4882599711418152, 0.4857442378997803, 0.5033543109893799, 0.5069182515144348, 0.5121593475341797, 0.5125786066055298, 0.5155135989189148, 0.5218029618263245, 0.5226414799690247, 0.5268343687057495, 0.5327044129371643, 0.5333333611488342, 0.5398322939872742, 0.5423480272293091, 0.547798752784729, 0.545073390007019, 0.550524115562439, 0.549475908279419, 0.5530398488044739, 0.5584905743598938, 0.553459107875824, 0.5601677298545837, 0.5549266338348389, 0.5593291521072388, 0.5675052404403687, 0.5597484111785889, 0.5651991367340088, 0.5660377144813538, 0.5672956109046936, 0.5647798776626587, 0.5681341886520386, 0.5696016550064087, 0.5704402327537537, 0.5704402327537537, 0.5716981291770935, 0.5691823959350586, 0.5765199065208435, 0.5790356397628784, 0.5756813287734985, 0.5807127952575684, 0.5756813287734985, 0.5790356397628784, 0.5813417434692383, 0.5777778029441833, 0.5756813287734985, 0.5825995802879333, 0.5825995802879333, 0.5825995802879333, 0.5830188393592834, 0.5817610025405884, 0.5817610025405884, 0.5832285284996033, 0.5888888835906982, 0.5861635208129883, 0.5853249430656433, 0.5886792540550232, 0.5867924690246582, 0.5863731503486633, 0.5884696245193481, 0.5863731503486633, 0.5939203500747681, 0.5897274613380432, 0.5895178318023682, 0.5890985131263733, 0.5890985131263733, 0.5903564095497131, 0.5899370908737183, 0.5918238759040833, 0.592872142791748, 0.5895178318023682, 0.5916142463684082], "val_loss": [4.148555278778076, 3.4283125400543213, 2.864591360092163, 2.4709529876708984, 2.214639663696289, 2.0453901290893555, 1.9359554052352905, 1.8587148189544678, 1.8048615455627441, 1.7648226022720337, 1.7336276769638062, 1.7104592323303223, 1.6884816884994507, 1.6734340190887451, 1.6596490144729614, 1.6503385305404663, 1.640263319015503, 1.6359038352966309, 1.6286736726760864, 1.6207404136657715, 1.6169066429138184, 1.6122736930847168, 1.6073710918426514, 1.6023091077804565, 1.5983648300170898, 1.5908564329147339, 1.5892695188522339, 1.5832923650741577, 1.5818121433258057, 1.5772355794906616, 1.5739874839782715, 1.5714818239212036, 1.572304129600525, 1.5670135021209717, 1.565026879310608, 1.5604997873306274, 1.5607998371124268, 1.556861400604248, 1.5591468811035156, 1.5593606233596802, 1.560422658920288, 1.5630654096603394, 1.5646222829818726, 1.56346595287323, 1.5617237091064453, 1.5654504299163818, 1.5623911619186401, 1.563313603401184, 1.5662667751312256, 1.5629643201828003, 1.5646626949310303, 1.5663508176803589, 1.5653436183929443, 1.5655139684677124, 1.5679069757461548, 1.565330982208252, 1.5648934841156006, 1.5674790143966675, 1.5619912147521973, 1.565943717956543, 1.568681001663208, 1.5694081783294678, 1.5696566104888916, 1.5710434913635254, 1.571020483970642, 1.5721487998962402, 1.5707381963729858, 1.5707228183746338, 1.569234013557434, 1.5766223669052124, 1.5745875835418701, 1.573712944984436, 1.5760235786437988, 1.5746853351593018, 1.5759178400039673, 1.5753273963928223, 1.5760579109191895, 1.5748051404953003, 1.5785729885101318, 1.576295256614685, 1.5805730819702148, 1.5802028179168701, 1.582059383392334, 1.5809881687164307, 1.5813907384872437, 1.5821138620376587, 1.5819393396377563, 1.5852771997451782, 1.5867387056350708, 1.5866672992706299, 1.5872234106063843, 1.5870152711868286, 1.5890218019485474, 1.5880106687545776, 1.5862177610397339, 1.5895576477050781, 1.5923269987106323, 1.5889813899993896, 1.5894091129302979, 1.5907357931137085],