{"loss": [2.7405552864074707, 2.577775001525879, 2.4326963424682617, 2.3025670051574707, 2.185922384262085, 2.0821986198425293, 1.9889761209487915, 1.9083874225616455, 1.8390920162200928, 1.7793300151824951, 1.7285358905792236, 1.684144377708435, 1.645329236984253, 1.610666275024414, 1.5795031785964966, 1.5515081882476807, 1.5256999731063843, 1.502004861831665, 1.480271577835083, 1.4604495763778687, 1.4422874450683594, 1.4255445003509521, 1.4101574420928955, 1.3959095478057861, 1.3826072216033936, 1.370303750038147, 1.3588277101516724, 1.3482075929641724, 1.3381760120391846, 1.3288030624389648, 1.3200006484985352, 1.3115657567977905, 1.3036997318267822, 1.295994758605957, 1.2890021800994873, 1.2823717594146729, 1.2759252786636353, 1.2699205875396729, 1.26425039768219, 1.258858561515808, 1.253662347793579, 1.2489736080169678, 1.2441171407699585, 1.239599347114563, 1.235315203666687, 1.2312699556350708, 1.2275363206863403, 1.2236194610595703, 1.2201224565505981, 1.2167564630508423, 1.213463306427002, 1.210328221321106, 1.2073050737380981, 1.2045214176177979, 1.2015976905822754, 1.198834776878357, 1.1962133646011353, 1.1937099695205688, 1.1913472414016724, 1.1889270544052124, 1.1865228414535522, 1.184446096420288, 1.1822588443756104, 1.1801491975784302, 1.1780868768692017, 1.1760648488998413, 1.1739808320999146, 1.172195315361023, 1.1703928709030151, 1.1685173511505127, 1.1667704582214355, 1.1650091409683228, 1.1633448600769043, 1.1617779731750488, 1.1602833271026611, 1.158795714378357, 1.1572362184524536, 1.155760407447815, 1.1544255018234253, 1.1532007455825806, 1.151676058769226, 1.1505024433135986, 1.1491050720214844, 1.1478580236434937, 1.14670991897583, 1.1453806161880493, 1.1440534591674805, 1.1428731679916382, 1.1417005062103271, 1.1405489444732666, 1.1394356489181519, 1.138412594795227, 1.1365842819213867, 1.1341524124145508, 1.1324197053909302, 1.1313332319259644, 1.130354404449463, 1.1291815042495728, 1.1282429695129395, 1.1274142265319824], "accuracy": [0.2553459107875824, 0.323689728975296, 0.3563941419124603, 0.3874213695526123, 0.4132075607776642, 0.43396225571632385, 0.449266254901886, 0.46016770601272583, 0.46666666865348816, 0.4687631130218506, 0.4683438241481781, 0.4580712914466858, 0.43983229994773865, 0.43438154458999634, 0.42620545625686646, 0.42662474513053894, 0.426834374666214, 0.4283019006252289, 0.43102726340293884, 0.43438154458999634, 0.43647798895835876, 0.44360587000846863, 0.4477987289428711, 0.451153039932251, 0.45492660999298096, 0.4591194987297058, 0.4643605947494507, 0.4631027281284332, 0.47693920135498047, 0.4779874086380005, 0.473584920167923, 0.48511528968811035, 0.48658281564712524, 0.48867926001548767, 0.48951780796051025, 0.49056604504585266, 0.49287211894989014, 0.4947589039802551, 0.49685534834861755, 0.4955974817276001, 0.5004192590713501, 0.4985325038433075, 0.50104820728302, 0.49895179271698, 0.5004192590713501, 0.5025157332420349, 0.5062893033027649, 0.5067086219787598, 0.5067086219787598, 0.5081760883331299, 0.5113207697868347, 0.5092242956161499, 0.5119496583938599, 0.5117400288581848, 0.5138365030288696, 0.5136268138885498, 0.5140461325645447, 0.5146750807762146, 0.5163521766662598, 0.5161425471305847, 0.5190775394439697, 0.5192872285842896, 0.5203354358673096, 0.5201258063316345, 0.5230607986450195, 0.5243186354637146, 0.5247379541397095, 0.5232704281806946, 0.5238993763923645, 0.5247379541397095, 0.5245283246040344, 0.5264151096343994, 0.5253669023513794, 0.5266247391700745, 0.5274633169174194, 0.5264151096343994, 0.5268343687057495, 0.5278825759887695, 0.5291404724121094, 0.5299790501594543, 0.5291404724121094, 0.5301886796951294, 0.5303983092308044, 0.5299790501594543, 0.5306079387664795, 0.5308176279067993, 0.5331236720085144, 0.5324947834014893, 0.5333333611488342, 0.5337526202201843, 0.5356394052505493, 0.5368973016738892, 0.5383647680282593, 0.5379455089569092, 0.5383647680282593, 0.5419287085533142, 0.5419287085533142, 0.5438154935836792, 0.5417190790176392, 0.5427672863006592], "val_loss": [2.6670124530792236, 2.539245843887329, 2.428380012512207, 2.3279504776000977, 2.234551191329956, 2.1523988246917725, 2.0798087120056152, 2.0187861919403076, 1.966307282447815, 1.9218981266021729, 1.8843002319335938, 1.8512444496154785, 1.8227750062942505, 1.7967840433120728, 1.7728039026260376, 1.7511277198791504, 1.7315173149108887, 1.7134559154510498, 1.6961398124694824, 1.6806762218475342, 1.6658021211624146, 1.6519180536270142, 1.6391406059265137, 1.6275297403335571, 1.616952657699585, 1.607506513595581, 1.599370002746582, 1.592700719833374, 1.5862330198287964, 1.58051598072052, 1.5752733945846558, 1.5706201791763306, 1.5662078857421875, 1.5623350143432617, 1.5589463710784912, 1.555363655090332, 1.5520851612091064, 1.5482466220855713, 1.5453883409500122, 1.5428131818771362, 1.539979338645935, 1.5363752841949463, 1.5339117050170898, 1.5309808254241943, 1.529136300086975, 1.5265192985534668, 1.5254347324371338, 1.5234222412109375, 1.5214509963989258, 1.5190656185150146, 1.5176551342010498, 1.5162228345870972, 1.5144374370574951, 1.5131498575210571, 1.511499285697937, 1.5101176500320435, 1.507973313331604, 1.5073987245559692, 1.5068638324737549, 1.5057059526443481, 1.5061653852462769, 1.5059725046157837, 1.504733920097351, 1.5042556524276733, 1.5039067268371582, 1.5029710531234741, 1.5008149147033691, 1.499731183052063, 1.4978622198104858, 1.497995376586914, 1.4964320659637451, 1.4967491626739502, 1.496880054473877, 1.4970301389694214, 1.4978375434875488, 1.4980213642120361, 1.4981554746627808, 1.497958779335022, 1.4985028505325317, 1.4981313943862915, 1.4984301328659058, 1.4978870153427124, 1.4987170696258545, 1.498810887336731, 1.4989442825317383, 1.4981142282485962, 1.4983949661254883, 1.498478889465332, 1.5002326965332031, 1.5001249313354492, 1.501061201095581, 1.5004067420959473, 1.5012125968933105, 1.5017300844192505, 1.5006240606307983, 1.5005199909210205, 1.5018717050552368, 1.5016969442367554, 1.5027004480361938, 1.5024940967559814],