{"loss": [2.192348003387451, 2.0334980487823486, 1.9151086807250977, 1.8234342336654663, 1.7510730028152466, 1.6932510137557983, 1.6442716121673584, 1.6067520380020142, 1.5770140886306763, 1.5527424812316895, 1.532315731048584, 1.51433527469635, 1.497621774673462, 1.483616828918457, 1.4721072912216187, 1.4627548456192017, 1.4539557695388794, 1.4455244541168213, 1.4379403591156006, 1.4311248064041138, 1.4227923154830933, 1.4144843816757202, 1.408481478691101, 1.4034477472305298, 1.3986581563949585, 1.3944671154022217, 1.3902719020843506, 1.387181282043457, 1.3833954334259033, 1.380100131034851, 1.3774515390396118, 1.3740640878677368, 1.3716150522232056, 1.3685212135314941, 1.3670986890792847, 1.3648735284805298, 1.362159013748169, 1.3606256246566772, 1.3585457801818848, 1.357197642326355, 1.3553458452224731, 1.354804277420044, 1.3522053956985474, 1.3506320714950562, 1.349491834640503, 1.3482959270477295, 1.347381353378296, 1.3451321125030518, 1.3450909852981567, 1.343713641166687, 1.342678427696228, 1.340110182762146, 1.3377659320831299, 1.337194561958313, 1.3361151218414307, 1.3348976373672485, 1.33436119556427, 1.3336113691329956, 1.3330950736999512, 1.3321701288223267, 1.3312712907791138, 1.3306031227111816, 1.3307915925979614, 1.3298242092132568, 1.3287358283996582, 1.3281235694885254, 1.3275877237319946, 1.3275047540664673, 1.326979398727417, 1.326000452041626, 1.3253060579299927, 1.3255176544189453, 1.324975848197937, 1.3245177268981934, 1.3237932920455933, 1.3234989643096924, 1.322804570198059, 1.3223493099212646, 1.322172999382019, 1.3216201066970825, 1.3210445642471313, 1.3213943243026733, 1.3205642700195312, 1.319940447807312, 1.3201758861541748, 1.3194799423217773, 1.3189153671264648, 1.3187432289123535, 1.3182364702224731, 1.3176963329315186, 1.3177376985549927, 1.3173314332962036, 1.3170453310012817, 1.3169329166412354, 1.3160682916641235, 1.3160498142242432, 1.315906047821045, 1.3153051137924194, 1.3153809309005737, 1.3150441646575928], "accuracy": [0.23710691928863525, 0.3138364851474762, 0.36918237805366516, 0.39454928040504456, 0.4058700203895569, 0.4146750569343567, 0.4157232642173767, 0.4142557680606842, 0.4161425530910492, 0.41781970858573914, 0.41781970858573914, 0.42033544182777405, 0.41844862699508667, 0.4194968640804291, 0.4209643602371216, 0.41928720474243164, 0.42033544182777405, 0.4224318563938141, 0.42138364911079407, 0.42117398977279663, 0.4201257824897766, 0.42222222685813904, 0.42368972301483154, 0.424947589635849, 0.424947589635849, 0.4224318563938141, 0.42515721917152405, 0.4226415157318115, 0.42431867122650146, 0.42368972301483154, 0.42473796010017395, 0.4245283007621765, 0.42515721917152405, 0.423899382352829, 0.42368972301483154, 0.42368972301483154, 0.424947589635849, 0.4228511452674866, 0.42620545625686646, 0.426834374666214, 0.42662474513053894, 0.4270440340042114, 0.4270440340042114, 0.426834374666214, 0.42662474513053894, 0.4264150857925415, 0.42767295241355896, 0.42767295241355896, 0.4274633228778839, 0.4283019006252289, 0.4283019006252289, 0.4293501079082489, 0.4303983151912689, 0.43291404843330383, 0.4318658411502838, 0.43207547068595886, 0.43144655227661133, 0.43207547068595886, 0.4348008334636688, 0.4316561818122864, 0.4331236779689789, 0.43207547068595886, 0.43291404843330383, 0.43501049280166626, 0.4333333373069763, 0.43542978167533875, 0.4341719150543213, 0.4341719150543213, 0.4371069073677063, 0.43878406286239624, 0.43626832962036133, 0.4381551444530487, 0.43626832962036133, 0.4352201223373413, 0.4377358555793762, 0.4385744333267212, 0.43689727783203125, 0.4385744333267212, 0.4396226406097412, 0.43983229994773865, 0.43731656670570374, 0.4404612183570862, 0.4392033517360687, 0.43878406286239624, 0.43941301107406616, 0.4415094256401062, 0.4396226406097412, 0.43878406286239624, 0.4396226406097412, 0.44025155901908875, 0.4429769515991211, 0.44067084789276123, 0.4421383738517761, 0.44129979610443115, 0.44171908497810364, 0.4404612183570862, 0.4410901367664337, 0.44360587000846863, 0.44465407729148865, 0.4433962404727936], "val_loss": [2.13968563079834, 2.0363237857818604, 1.9597824811935425, 1.8986976146697998, 1.851017951965332, 1.8096394538879395, 1.7765185832977295, 1.7488871812820435, 1.7259129285812378, 1.7076005935668945, 1.691412329673767, 1.678427815437317, 1.66536283493042, 1.6560453176498413, 1.6470403671264648, 1.6407281160354614, 1.6349135637283325, 1.6276352405548096, 1.6238317489624023, 1.6172418594360352, 1.611730694770813, 1.6095324754714966, 1.6068493127822876, 1.606683611869812, 1.6053030490875244, 1.6042391061782837, 1.6043609380722046, 1.6040171384811401, 1.6053763628005981, 1.6051892042160034, 1.6052294969558716, 1.6071951389312744, 1.6109148263931274, 1.6086773872375488, 1.6107298135757446, 1.611043095588684, 1.61204195022583, 1.6136560440063477, 1.6142504215240479, 1.6177470684051514, 1.618387222290039, 1.6202956438064575, 1.6205193996429443, 1.6233627796173096, 1.6250063180923462, 1.6250656843185425, 1.626375436782837, 1.6272343397140503, 1.6316334009170532, 1.6321802139282227, 1.6321161985397339, 1.6341582536697388, 1.6364854574203491, 1.637814998626709, 1.6376274824142456, 1.6382163763046265, 1.638857364654541, 1.6401629447937012, 1.6365137100219727, 1.6393332481384277, 1.6430714130401611, 1.6411380767822266, 1.6458314657211304, 1.6452561616897583, 1.6474376916885376, 1.6491764783859253, 1.6502759456634521, 1.6507879495620728, 1.6515101194381714, 1.6545754671096802, 1.6561428308486938, 1.6575309038162231, 1.658013939857483, 1.6585817337036133, 1.659163236618042, 1.6621499061584473, 1.6640048027038574, 1.663251280784607, 1.6666171550750732, 1.6678385734558105, 1.6704027652740479, 1.6711188554763794, 1.672289490699768, 1.6724843978881836, 1.6735849380493164, 1.6747121810913086, 1.6775861978530884, 1.6772372722625732, 1.6808559894561768, 1.6782617568969727, 1.6804618835449219, 1.6806942224502563, 1.6814039945602417, 1.6827751398086548, 1.6838364601135254, 1.6857669353485107, 1.6873209476470947, 1.6862889528274536, 1.6872658729553223, 1.685482144355774],