{"loss": [3.7606475353240967, 2.882474184036255, 2.2181529998779297, 1.79436457157135, 1.5463687181472778, 1.4006258249282837, 1.3073996305465698, 1.2433443069458008, 1.1957284212112427, 1.1573349237442017, 1.1238768100738525, 1.0953428745269775, 1.0697085857391357, 1.0468639135360718, 1.0256257057189941, 1.0052262544631958, 0.9857943058013916, 0.9674302935600281, 0.949175238609314, 0.9311770796775818, 0.914226770401001, 0.8971989154815674, 0.8806430697441101, 0.8648813962936401, 0.8499273657798767, 0.834876298904419, 0.8200105428695679, 0.8056825995445251, 0.7914644479751587, 0.7781709432601929, 0.7660156488418579, 0.7540699243545532, 0.743969738483429, 0.7326449155807495, 0.719509482383728, 0.7096443772315979, 0.7009149193763733, 0.691623866558075, 0.6857417225837708, 0.6789892911911011, 0.6715303063392639, 0.6660952568054199, 0.6611056327819824, 0.6564436554908752, 0.6507959365844727, 0.6455299854278564, 0.6419950127601624, 0.6380904912948608, 0.6350082159042358, 0.6308856010437012, 0.6274788975715637, 0.6218375563621521, 0.6179404258728027, 0.6155407428741455, 0.612356424331665, 0.6086643934249878, 0.607894241809845, 0.6033790707588196, 0.6007786393165588, 0.5977131128311157, 0.596439778804779, 0.5924168229103088, 0.5915812849998474, 0.588266134262085, 0.5860641002655029, 0.5838153958320618, 0.5832117795944214, 0.5799485445022583, 0.5772135257720947, 0.5748286247253418, 0.5720210075378418, 0.5699107646942139, 0.5690688490867615, 0.5648317337036133, 0.5617747902870178, 0.5603896975517273, 0.5589665770530701, 0.5566149353981018, 0.5538412928581238, 0.554901123046875, 0.5508370399475098, 0.5477749705314636, 0.5442068576812744, 0.5424171686172485, 0.5406122803688049, 0.5409469604492188, 0.5375047922134399, 0.537542998790741, 0.5322654843330383, 0.5294620394706726, 0.5267705917358398, 0.5276735424995422, 0.5236092209815979, 0.5238112807273865, 0.5177549719810486, 0.5167151689529419, 0.5113131999969482, 0.5075375437736511, 0.5077598690986633, 0.5058296322822571], "accuracy": [0.16908212006092072, 0.31253936886787415, 0.4150388538837433, 0.4923335313796997, 0.5253098011016846, 0.5250997543334961, 0.5148078203201294, 0.5398025512695312, 0.5572358965873718, 0.57571941614151, 0.5904221534729004, 0.5973535180091858, 0.6089056730270386, 0.6170972585678101, 0.6292795538902283, 0.6328502297401428, 0.6410418152809143, 0.6511237025260925, 0.6561646461486816, 0.6622558236122131, 0.6679269075393677, 0.6700273156166077, 0.6780087947845459, 0.6815794706344604, 0.6862003803253174, 0.6937618255615234, 0.7021633982658386, 0.7065742611885071, 0.7122453451156616, 0.7185465097427368, 0.7269481420516968, 0.7292585372924805, 0.7313589453697205, 0.7397605776786804, 0.744591474533081, 0.745431661605835, 0.7523629665374756, 0.7561436891555786, 0.7567737698554993, 0.7574039101600647, 0.7599244117736816, 0.7637050747871399, 0.7643352150917053, 0.7681159377098083, 0.7693761587142944, 0.7708464860916138, 0.772946834564209, 0.7731568813323975, 0.7756773829460144, 0.7763075232505798, 0.780508279800415, 0.7796681523323059, 0.7823986411094666, 0.7838689088821411, 0.784709095954895, 0.7878596782684326, 0.7878596782684326, 0.7880697250366211, 0.788909912109375, 0.7899600863456726, 0.7891199588775635, 0.7924805879592896, 0.7912203073501587, 0.7920604944229126, 0.7945809960365295, 0.7937408089637756, 0.7960512638092041, 0.8000420331954956, 0.8000420331954956, 0.7989917993545532, 0.8027725219726562, 0.8017223477363586, 0.7973114848136902, 0.8019323945045471, 0.8052930235862732, 0.8040327429771423, 0.8038227558135986, 0.8071833848953247, 0.8084436058998108, 0.8076034188270569, 0.8099138736724854, 0.8099138736724854, 0.8132745027542114, 0.8139046430587769, 0.8143247365951538, 0.8124343752861023, 0.8126444220542908, 0.8162150979042053, 0.8170552253723145, 0.8191556334495544, 0.8191556334495544, 0.8166351318359375, 0.8178954124450684, 0.8199958205223083, 0.8218861818313599, 0.8233564496040344, 0.8250367641448975, 0.826927125453949, 0.8271371722221375, 0.828607439994812], "val_loss": [3.343700885772705, 2.5925586223602295, 2.097381591796875, 1.8054499626159668, 1.6369324922561646, 1.5380134582519531, 1.475860834121704, 1.4285812377929688, 1.3973861932754517, 1.3748879432678223, 1.3562167882919312, 1.3411973714828491, 1.323752522468567, 1.314676284790039, 1.307153582572937, 1.304484248161316, 1.3001030683517456, 1.2955571413040161, 1.2916065454483032, 1.2881646156311035, 1.2877551317214966, 1.2887643575668335, 1.2909035682678223, 1.2948766946792603, 1.2938083410263062, 1.2946642637252808, 1.2950319051742554, 1.2974281311035156, 1.294830560684204, 1.296005368232727, 1.2973766326904297, 1.306160569190979, 1.3129695653915405, 1.3159974813461304, 1.321811556816101, 1.3266557455062866, 1.3349250555038452, 1.3460512161254883, 1.3504291772842407, 1.3505221605300903, 1.3711684942245483, 1.3676778078079224, 1.3772571086883545, 1.3814630508422852, 1.3815064430236816, 1.408111572265625, 1.3929311037063599, 1.4121590852737427, 1.4112215042114258, 1.3998594284057617, 1.409726858139038, 1.4260748624801636, 1.4280298948287964, 1.4475449323654175, 1.4391332864761353, 1.461119532585144, 1.4531702995300293, 1.4682834148406982, 1.472670078277588, 1.4847205877304077, 1.5158133506774902, 1.5272268056869507, 1.5360864400863647, 1.536730170249939, 1.5213310718536377, 1.57948899269104, 1.5676895380020142, 1.5419268608093262, 1.5561838150024414, 1.570865511894226, 1.5665130615234375, 1.5764676332473755, 1.5811362266540527, 1.5792927742004395, 1.5911763906478882, 1.5910340547561646, 1.604164481163025, 1.638313889503479, 1.6040399074554443, 1.58492910861969, 1.6111973524093628, 1.616349697113037, 1.6409047842025757, 1.6368850469589233, 1.6348586082458496, 1.6496565341949463, 1.630717158317566, 1.6403506994247437, 1.6625562906265259, 1.6476056575775146, 1.658607840538025, 1.685492753982544, 1.6722160577774048, 1.6883102655410767, 1.6947646141052246, 1.7057843208312988, 1.6997445821762085, 1.7079092264175415, 1.6920000314712524, 1.6931906938552856],