{"loss": [5.350235462188721, 4.678466796875, 4.07663631439209, 3.5308802127838135, 3.0380334854125977, 2.6132655143737793, 2.273688316345215, 2.021890640258789, 1.8418350219726562, 1.7190988063812256, 1.6354732513427734, 1.5789189338684082, 1.537810206413269, 1.5060138702392578, 1.4774537086486816, 1.4556671380996704, 1.4377336502075195, 1.4226391315460205, 1.4096784591674805, 1.3980114459991455, 1.3886570930480957, 1.3781477212905884, 1.3685466051101685, 1.3591455221176147, 1.3511096239089966, 1.3438166379928589, 1.3372973203659058, 1.3318675756454468, 1.326538324356079, 1.3211185932159424, 1.3166359663009644, 1.3120627403259277, 1.3074486255645752, 1.3040282726287842, 1.2995203733444214, 1.2962816953659058, 1.2928259372711182, 1.289325475692749, 1.2864441871643066, 1.2833844423294067, 1.2805521488189697, 1.278363585472107, 1.2750376462936401, 1.272322177886963, 1.270148515701294, 1.2674226760864258, 1.2639976739883423, 1.2620090246200562, 1.2597233057022095, 1.2571831941604614, 1.2547545433044434, 1.2530971765518188, 1.2499793767929077, 1.2483454942703247, 1.2461110353469849, 1.2439374923706055, 1.2421085834503174, 1.240263819694519, 1.2390574216842651, 1.2359850406646729, 1.2336663007736206, 1.2322616577148438, 1.2306523323059082, 1.2283134460449219, 1.2266994714736938, 1.2252388000488281, 1.2231380939483643, 1.2212393283843994, 1.219391107559204, 1.2170194387435913, 1.215686321258545, 1.2136098146438599, 1.2111647129058838, 1.2095221281051636, 1.2069635391235352, 1.2047771215438843, 1.2022850513458252, 1.2001838684082031, 1.1984542608261108, 1.1968433856964111, 1.1940984725952148, 1.1923103332519531, 1.189689040184021, 1.187209963798523, 1.186062216758728, 1.1830332279205322, 1.1805988550186157, 1.1784896850585938, 1.1752865314483643, 1.1730276346206665, 1.1702619791030884, 1.1687676906585693, 1.1661155223846436, 1.1637537479400635, 1.1616264581680298, 1.1599147319793701, 1.157474398612976, 1.155120849609375, 1.1542918682098389, 1.1515462398529053], "accuracy": [0.14890938997268677, 0.2529362440109253, 0.3064177930355072, 0.34207215905189514, 0.3695469796657562, 0.3972315490245819, 0.42617449164390564, 0.4494546949863434, 0.46455538272857666, 0.4349832236766815, 0.41401007771492004, 0.4150587320327759, 0.4150587320327759, 0.41401007771492004, 0.4158976376056671, 0.419043630361557, 0.418414443731308, 0.42009228467941284, 0.425335556268692, 0.4282718002796173, 0.4347735047340393, 0.4372902810573578, 0.44526007771492004, 0.4500838816165924, 0.4532298743724823, 0.4626677930355072, 0.4691694676876068, 0.474412739276886, 0.47944632172584534, 0.48049497604370117, 0.48657718300819397, 0.49161073565483093, 0.49203020334243774, 0.49517616629600525, 0.5016778707504272, 0.5016778707504272, 0.505033552646637, 0.5039849281311035, 0.5083892345428467, 0.5081795454025269, 0.5111157894134521, 0.5161493420600891, 0.5169882774353027, 0.5151006579399109, 0.5188758373260498, 0.5186660885810852, 0.5218120813369751, 0.5260066986083984, 0.5226510167121887, 0.519924521446228, 0.5245385766029358, 0.5276845693588257, 0.5266358852386475, 0.5268456339836121, 0.5304110646247864, 0.531879186630249, 0.5358641147613525, 0.5322986841201782, 0.5360738039016724, 0.5394295454025269, 0.538171112537384, 0.5385906100273132, 0.5411073565483093, 0.5450922846794128, 0.5427852272987366, 0.5463506579399109, 0.5453020334243774, 0.5446728467941284, 0.5450922846794128, 0.5478187799453735, 0.5484479665756226, 0.5471895933151245, 0.5509647727012634, 0.5553691387176514, 0.5501258373260498, 0.5507550239562988, 0.5543204545974731, 0.5547399520874023, 0.5503355860710144, 0.5601929426193237, 0.5564177632331848, 0.5559983253479004, 0.5536912679672241, 0.5597735047340393, 0.5591443181037903, 0.561241626739502, 0.5614513158798218, 0.5625, 0.5629194378852844, 0.5654362440109253, 0.5671141147613525, 0.5666946172714233, 0.567533552646637, 0.567533552646637, 0.5692114233970642, 0.5715184807777405, 0.5729866027832031, 0.5727768540382385, 0.5723573565483093, 0.5719379186630249], "val_loss": [5.043533802032471, 4.455529689788818, 3.922868251800537, 3.4427032470703125, 3.0152854919433594, 2.657320261001587, 2.3808796405792236, 2.1806466579437256, 2.0406863689422607, 1.9438176155090332, 1.8754795789718628, 1.827847957611084, 1.7945339679718018, 1.7669018507003784, 1.743366003036499, 1.7229214906692505, 1.7088277339935303, 1.6952641010284424, 1.6827861070632935, 1.6731559038162231, 1.6641175746917725, 1.655277967453003, 1.6482824087142944, 1.6411973237991333, 1.639064073562622, 1.6379222869873047, 1.6363121271133423, 1.6361297369003296, 1.6374750137329102, 1.6365646123886108, 1.6388777494430542, 1.6415101289749146, 1.6438149213790894, 1.6420842409133911, 1.642484188079834, 1.6439120769500732, 1.6459029912948608, 1.6487880945205688, 1.6507682800292969, 1.652691125869751, 1.6534088850021362, 1.6582926511764526, 1.6579264402389526, 1.6618692874908447, 1.6638810634613037, 1.664176106452942, 1.6660115718841553, 1.6658306121826172, 1.6677298545837402, 1.6709437370300293, 1.6747832298278809, 1.6752147674560547, 1.6784113645553589, 1.6806204319000244, 1.6862863302230835, 1.6909805536270142, 1.693041443824768, 1.6925523281097412, 1.6959834098815918, 1.701377272605896, 1.7030023336410522, 1.7038723230361938, 1.7072135210037231, 1.7081507444381714, 1.7136238813400269, 1.7146824598312378, 1.7181919813156128, 1.721078634262085, 1.7230277061462402, 1.7269941568374634, 1.7335312366485596, 1.728982925415039, 1.7325221300125122, 1.7348827123641968, 1.739622712135315, 1.7419246435165405, 1.7433558702468872, 1.7496888637542725, 1.7548956871032715, 1.7572633028030396, 1.7578223943710327, 1.7610682249069214, 1.7637462615966797, 1.7650588750839233, 1.7667088508605957, 1.7660900354385376, 1.7701351642608643, 1.7708438634872437, 1.772623062133789, 1.773897647857666, 1.77696692943573, 1.7783669233322144, 1.780981183052063, 1.7849518060684204, 1.7862489223480225, 1.790190577507019, 1.7972054481506348, 1.795815110206604, 1.8006112575531006, 1.8015508651733398],