{"loss": [3.1156086921691895, 2.4426393508911133, 1.9773352146148682, 1.690986156463623, 1.5254604816436768, 1.4287883043289185, 1.3654817342758179, 1.3200550079345703, 1.285996913909912, 1.2574512958526611, 1.2329305410385132, 1.2114646434783936, 1.1919862031936646, 1.1751831769943237, 1.159666895866394, 1.1459720134735107, 1.132968544960022, 1.1212691068649292, 1.110224962234497, 1.1004406213760376, 1.0909894704818726, 1.0820353031158447, 1.0743550062179565, 1.0653812885284424, 1.0581281185150146, 1.0507049560546875, 1.0435723066329956, 1.037312388420105, 1.0300965309143066, 1.023298978805542, 1.017354130744934, 1.011012315750122, 1.0047913789749146, 0.9992381930351257, 0.9930566549301147, 0.9875022172927856, 0.9818475842475891, 0.9764615297317505, 0.9712483286857605, 0.9661418795585632, 0.9605674147605896, 0.9555410146713257, 0.9505077600479126, 0.9451279640197754, 0.9406809210777283, 0.935975968837738, 0.9311707019805908, 0.9264687895774841, 0.9224045276641846, 0.9182599186897278, 0.9138816595077515, 0.909973680973053, 0.905517578125, 0.9017610549926758, 0.897857129573822, 0.8930462598800659, 0.889306902885437, 0.8859094977378845, 0.882526159286499, 0.8787254095077515, 0.8753278851509094, 0.8719622492790222, 0.8688560128211975, 0.8649502992630005, 0.8620595335960388, 0.859145998954773, 0.8559916019439697, 0.8532771468162537, 0.8499683737754822, 0.8469303846359253, 0.8443160653114319, 0.8415915966033936, 0.8390790224075317, 0.8363199830055237, 0.8339087963104248, 0.8315518498420715, 0.8284391760826111, 0.8258334994316101, 0.8226944804191589, 0.8212594389915466, 0.8183355331420898, 0.8158202171325684, 0.8138189911842346, 0.8113299012184143, 0.8092480301856995, 0.80747389793396, 0.8043121099472046, 0.8021180629730225, 0.7992273569107056, 0.7979447245597839, 0.7957568764686584, 0.7932016253471375, 0.791042685508728, 0.7894240021705627, 0.7876402735710144, 0.7849406003952026, 0.7833992838859558, 0.7809984087944031, 0.778520405292511, 0.7768516540527344], "accuracy": [0.26384228467941284, 0.37982383370399475, 0.4410654306411743, 0.4746224880218506, 0.4651845693588257, 0.43288591504096985, 0.4372902810573578, 0.4471476376056671, 0.46644294261932373, 0.48867449164390564, 0.5094379186630249, 0.5222315192222595, 0.5322986841201782, 0.5385906100273132, 0.5440436005592346, 0.5513842105865479, 0.556837260723114, 0.5614513158798218, 0.5654362440109253, 0.5717281699180603, 0.5706795454025269, 0.5723573565483093, 0.5803271532058716, 0.582424521446228, 0.5903943181037903, 0.5897650718688965, 0.5920721292495728, 0.5985738039016724, 0.5998322367668152, 0.6027684807777405, 0.6042366027832031, 0.6061241626739502, 0.6078020334243774, 0.6105285286903381, 0.6134647727012634, 0.6159815192222595, 0.619337260723114, 0.619337260723114, 0.6235318779945374, 0.6258389353752136, 0.6287751793861389, 0.6321308612823486, 0.6327600479125977, 0.6331795454025269, 0.6344379186630249, 0.6350671052932739, 0.6384228467941284, 0.6371644139289856, 0.6415687799453735, 0.6434563994407654, 0.644924521446228, 0.645553708076477, 0.6470218300819397, 0.6468120813369751, 0.6476510167121887, 0.6510066986083984, 0.655620813369751, 0.6552013158798218, 0.65625, 0.6579278707504272, 0.661283552646637, 0.6604446172714233, 0.6635906100273132, 0.6648489832878113, 0.661283552646637, 0.6665268540382385, 0.6671560406684875, 0.666946291923523, 0.6713506579399109, 0.6711409687995911, 0.6715604066848755, 0.6715604066848755, 0.6732382774353027, 0.6770133972167969, 0.6747063994407654, 0.676803708076477, 0.6776426434516907, 0.6780620813369751, 0.6833053827285767, 0.6782718300819397, 0.680578887462616, 0.6860318779945374, 0.6849831938743591, 0.6866610646247864, 0.6919043660163879, 0.6875, 0.6900168061256409, 0.6898070573806763, 0.694421112537384, 0.6919043660163879, 0.693791925907135, 0.6942114233970642, 0.693791925907135, 0.694421112537384, 0.6979866027832031, 0.6969379186630249, 0.6965184807777405, 0.6994547247886658, 0.7013422846794128, 0.7019714713096619], "val_loss": [2.786771535873413, 2.2519304752349854, 1.9105706214904785, 1.711764931678772, 1.5956721305847168, 1.5261036157608032, 1.4801158905029297, 1.4484702348709106, 1.4242050647735596, 1.4068257808685303, 1.3934354782104492, 1.3798305988311768, 1.3767356872558594, 1.3677480220794678, 1.3614615201950073, 1.3582313060760498, 1.356981635093689, 1.354357123374939, 1.3505443334579468, 1.3489272594451904, 1.34765625, 1.3433339595794678, 1.3436590433120728, 1.3395814895629883, 1.3432590961456299, 1.343855381011963, 1.3422080278396606, 1.3439455032348633, 1.3410664796829224, 1.33992338180542, 1.342158317565918, 1.347590446472168, 1.3529202938079834, 1.3474299907684326, 1.3492131233215332, 1.3517727851867676, 1.3537222146987915, 1.3539304733276367, 1.3583314418792725, 1.3609870672225952, 1.3579634428024292, 1.3653656244277954, 1.3668665885925293, 1.372480869293213, 1.3734207153320312, 1.3764320611953735, 1.3792192935943604, 1.3781169652938843, 1.3864301443099976, 1.3907607793807983, 1.3912453651428223, 1.3940083980560303, 1.394510269165039, 1.4023172855377197, 1.4003316164016724, 1.4070781469345093, 1.410517692565918, 1.407846212387085, 1.409480094909668, 1.4152077436447144, 1.416788101196289, 1.4229024648666382, 1.4220582246780396, 1.425999641418457, 1.4278292655944824, 1.4252874851226807, 1.4325758218765259, 1.4322482347488403, 1.441997766494751, 1.4448843002319336, 1.4470887184143066, 1.4484179019927979, 1.451991081237793, 1.4564590454101562, 1.4603502750396729, 1.4592936038970947, 1.4612369537353516, 1.4633933305740356, 1.4571912288665771, 1.464235782623291, 1.464479684829712, 1.4683408737182617, 1.4751479625701904, 1.4727718830108643, 1.4686428308486938, 1.4740235805511475, 1.4743491411209106, 1.4791967868804932, 1.4829723834991455, 1.482829213142395, 1.4825202226638794, 1.482979655265808, 1.4843382835388184, 1.4890397787094116, 1.490993618965149, 1.4979342222213745, 1.4963481426239014, 1.506868839263916, 1.4925912618637085, 1.5008034706115723], "val_accuracy": [0.33372366428375244, 0.3852458894252777, 0.4156908690929413, 0.43325525522232056, 0.4250585436820984, 0.4291568994522095, 0.4303278625011444, 0.432084321975708, 0.43735364079475403, 0.4420374631881714, 0.4396955370903015, 0.44262295961380005, 0.443793922662735, 0.4508196711540222, 0.4531615972518921, 0.4525761008262634, 0.4590163826942444, 0.4590163826942444, 0.4625292718410492, 0.466042160987854, 0.46896955370903015, 0.47072598338127136, 0.47423887252807617, 0.48067915439605713, 0.477751761674881, 0.477751761674881, 0.48009368777275085, 0.48770493268966675, 0.483021080493927, 0.4871194362640381, 0.4865339696407318, 0.488290399312973, 0.4888758659362793, 0.49004682898521423, 0.488290399312973, 0.49004682898521423, 0.488290399312973, 0.4871194362640381, 0.48770493268966675, 0.4865339696407318, 0.48770493268966675, 0.49004682898521423, 0.4871194362640381, 0.48946136236190796, 0.49004682898521423, 0.4888758659362793, 0.4888758659362793, 0.48770493268966675, 0.4906323254108429, 0.4888758659362793, 0.48419204354286194, 0.4865339696407318, 0.4865339696407318, 0.4847775101661682, 0.4871194362640381, 0.48419204354286194, 0.48419204354286194, 0.48243558406829834, 0.4836065471172333, 0.48185011744499207, 0.4853630065917969, 0.4847775101661682, 0.48594847321510315, 0.48594847321510315, 0.48419204354286194, 0.48594847321510315, 0.48594847321510315, 0.488290399312973, 0.4853630065917969, 0.48594847321510315, 0.48770493268966675, 0.4853630065917969, 0.48946136236190796, 0.488290399312973, 0.48946136236190796, 0.4871194362640381, 0.48594847321510315, 0.4871194362640381, 0.4853630065917969, 0.48594847321510315, 0.4871194362640381, 0.4836065471172333, 0.4795081913471222, 0.4795081913471222, 0.48594847321510315, 0.48419204354286194, 0.483021080493927, 0.483021080493927, 0.48009368777275085, 0.48009368777275085, 0.4812646508216858, 0.483021080493927, 0.4847775101661682, 0.48185011744499207, 0.48009368777275085, 0.4812646508216858, 0.48243558406829834, 0.483021080493927, 0.48594847321510315, 0.48419204354286194],