{"loss": [4.7031779289245605, 4.0503458976745605, 3.4817259311676025, 2.98590087890625, 2.562886953353882, 2.218519687652588, 1.96303391456604, 1.7888339757919312, 1.6753177642822266, 1.601185917854309, 1.5490529537200928, 1.5114474296569824, 1.4828554391860962, 1.4602965116500854, 1.4390697479248047, 1.42081880569458, 1.4036242961883545, 1.388521671295166, 1.375404715538025, 1.3629412651062012, 1.3501516580581665, 1.3408952951431274, 1.3320050239562988, 1.3253694772720337, 1.318342924118042, 1.3120206594467163, 1.3064024448394775, 1.301330804824829, 1.2962833642959595, 1.2907941341400146, 1.2846150398254395, 1.279106855392456, 1.273675560951233, 1.2687543630599976, 1.2641650438308716, 1.2600637674331665, 1.2565251588821411, 1.249549388885498, 1.2449613809585571, 1.2399671077728271, 1.2355164289474487, 1.2302966117858887, 1.2244412899017334, 1.2174816131591797, 1.2088593244552612, 1.195888876914978, 1.1777650117874146, 1.1549432277679443, 1.1407088041305542, 1.1276962757110596, 1.112969160079956, 1.1062287092208862, 1.099481463432312, 1.0914386510849, 1.088269591331482, 1.080581545829773, 1.0776134729385376, 1.077476143836975, 1.0721348524093628, 1.0682889223098755, 1.0634605884552002, 1.0551812648773193, 1.0554035902023315, 1.054925799369812, 1.0515403747558594, 1.0472735166549683, 1.0411747694015503, 1.0382887125015259, 1.0346266031265259, 1.0326831340789795, 1.0286815166473389, 1.027971863746643, 1.0262579917907715, 1.025123953819275, 1.0264474153518677, 1.0213044881820679, 1.0190720558166504, 1.0181609392166138, 1.016037106513977, 1.0163487195968628, 1.0151996612548828, 1.0120880603790283, 1.008386254310608, 1.0111585855484009, 1.0046520233154297, 1.005872368812561, 1.0018059015274048, 1.002074956893921, 1.001962423324585, 0.9951251149177551, 0.9927220344543457, 0.9894142150878906, 0.9861851930618286, 0.985281765460968, 0.9832442998886108, 0.9781181812286377, 0.9749435782432556, 0.9742456674575806, 0.9697485566139221, 0.9609285593032837], "accuracy": [0.2075352519750595, 0.2801515460014343, 0.3226689100265503, 0.3569774925708771, 0.39212796092033386, 0.43211954832077026, 0.45400968194007874, 0.4413807690143585, 0.4167543649673462, 0.4161229133605957, 0.4169648587703705, 0.4182277321815491, 0.4220164120197296, 0.4237002730369568, 0.42769941687583923, 0.4371711313724518, 0.44053882360458374, 0.4481161832809448, 0.4700063169002533, 0.47379499673843384, 0.48495054244995117, 0.4897916316986084, 0.48726582527160645, 0.4897916316986084, 0.4956851303577423, 0.49926331639289856, 0.4952641427516937, 0.4969480037689209, 0.49947378039360046, 0.495474636554718, 0.5022100806236267, 0.5005261898040771, 0.4973689615726471, 0.505577802658081, 0.5059987306594849, 0.5053672790527344, 0.5076826214790344, 0.5118922591209412, 0.512313187122345, 0.5196800827980042, 0.5182067155838013, 0.520101010799408, 0.5262050032615662, 0.5295727252960205, 0.5344138145446777, 0.5432540774345398, 0.5621974468231201, 0.5748263597488403, 0.5748263597488403, 0.5859819054603577, 0.5929278135299683, 0.5986108183860779, 0.6015575528144836, 0.6087139844894409, 0.6106082797050476, 0.6116607189178467, 0.6162912845611572, 0.6131340861320496, 0.6118711829185486, 0.6181856393814087, 0.6158703565597534, 0.6245000958442688, 0.624079167842865, 0.6183961033821106, 0.6219743490219116, 0.620500922203064, 0.6209219098091125, 0.6219743490219116, 0.6253420114517212, 0.6255525350570679, 0.6263944506645203, 0.6251315474510193, 0.6259734630584717, 0.6257629990577698, 0.6287097334861755, 0.6274468302726746, 0.6320774555206299, 0.6308145523071289, 0.6287097334861755, 0.6297621726989746, 0.6314460039138794, 0.629341185092926, 0.6339718103408813, 0.6299726366996765, 0.6348137259483337, 0.6327089071273804, 0.6360766291618347, 0.6346032619476318, 0.6356556415557861, 0.6381814479827881, 0.6430225372314453, 0.646179735660553, 0.647232174873352, 0.6478636264801025, 0.6503893733024597, 0.6512313485145569, 0.6583877205848694, 0.6609134674072266, 0.6695432662963867, 0.6739633679389954], "val_loss": [4.478740692138672, 3.931670904159546, 3.4493491649627686, 3.0241169929504395, 2.6649856567382812, 2.3774616718292236, 2.1723084449768066, 2.0262773036956787, 1.9308671951293945, 1.868373990058899, 1.8263802528381348, 1.7959284782409668, 1.7726529836654663, 1.7534642219543457, 1.7393157482147217, 1.7261455059051514, 1.7124353647232056, 1.7031145095825195, 1.6962776184082031, 1.6893327236175537, 1.6796460151672363, 1.6740782260894775, 1.6707673072814941, 1.667351245880127, 1.6608502864837646, 1.6610684394836426, 1.6550894975662231, 1.6512829065322876, 1.6476900577545166, 1.6440662145614624, 1.6495047807693481, 1.6478824615478516, 1.6532166004180908, 1.6468576192855835, 1.6514524221420288, 1.6498620510101318, 1.645032286643982, 1.6488908529281616, 1.6493892669677734, 1.6517537832260132, 1.6460130214691162, 1.641650915145874, 1.652997374534607, 1.651538610458374, 1.6492059230804443, 1.6611727476119995, 1.6795133352279663, 1.6955703496932983, 1.708781123161316, 1.7206315994262695, 1.7062652111053467, 1.7228502035140991, 1.7318061590194702, 1.7196180820465088, 1.7324540615081787, 1.7256689071655273, 1.731367826461792, 1.7288075685501099, 1.7445014715194702, 1.7602261304855347, 1.7755670547485352, 1.7698546648025513, 1.7783721685409546, 1.796964168548584, 1.7955645322799683, 1.7853249311447144, 1.8027986288070679, 1.7935608625411987, 1.8042985200881958, 1.8079285621643066, 1.8012315034866333, 1.8082045316696167, 1.8192079067230225, 1.8132381439208984, 1.8293977975845337, 1.8202069997787476, 1.8275573253631592, 1.8364551067352295, 1.8281501531600952, 1.8353157043457031, 1.8397643566131592, 1.8471044301986694, 1.8465917110443115, 1.8443467617034912, 1.8567790985107422, 1.8623791933059692, 1.8640025854110718, 1.8682595491409302, 1.8748531341552734, 1.8719217777252197, 1.8791420459747314, 1.8813551664352417, 1.876789927482605, 1.8705363273620605, 1.874411940574646, 1.8827497959136963, 1.8848493099212646, 1.894365668296814, 1.8988956212997437, 1.899623990058899],