{"loss": [1.9779279232025146, 1.7070541381835938, 1.5318255424499512, 1.4257961511611938, 1.358427882194519, 1.3094453811645508, 1.2688910961151123, 1.2358629703521729, 1.2076592445373535, 1.1837265491485596, 1.1625834703445435, 1.1436264514923096, 1.1266651153564453, 1.1108816862106323, 1.0962114334106445, 1.0828113555908203, 1.0703190565109253, 1.0580263137817383, 1.0469406843185425, 1.0341352224349976, 1.0217477083206177, 1.0109400749206543, 1.0005958080291748, 0.9914306998252869, 0.9817344546318054, 0.9737733602523804, 0.9649815559387207, 0.9571449756622314, 0.9492493867874146, 0.9416583776473999, 0.9342134594917297, 0.9276902079582214, 0.920834481716156, 0.9136796593666077, 0.9070277810096741, 0.9000799059867859, 0.8937782645225525, 0.8879977464675903, 0.8817067742347717, 0.8757073283195496, 0.8704129457473755, 0.8643137216567993, 0.8589416742324829, 0.854457676410675, 0.84893399477005, 0.8440287113189697, 0.8393177390098572, 0.8346342444419861, 0.8301663994789124, 0.8257272243499756, 0.8215375542640686, 0.8171529769897461, 0.8131531476974487, 0.8093838691711426, 0.8056436777114868, 0.8019580841064453, 0.7982531785964966, 0.7946789264678955, 0.7907691597938538, 0.787484884262085, 0.7840837836265564, 0.7802395820617676, 0.7766305804252625, 0.7738655209541321, 0.7704563140869141, 0.7667181491851807, 0.7634643316268921, 0.7607222199440002, 0.7567718625068665, 0.7548283338546753, 0.7522783279418945, 0.7484315633773804, 0.7461826205253601, 0.743687629699707, 0.7409204840660095, 0.7381895780563354, 0.7356324791908264, 0.7334423065185547, 0.7307071685791016, 0.72821444272995, 0.7265042662620544, 0.7240433096885681, 0.7215267419815063, 0.7191939949989319, 0.7173966765403748, 0.7149810194969177, 0.7126609086990356, 0.7103751301765442, 0.7084223628044128, 0.7055402398109436, 0.7034403681755066, 0.7009105086326599, 0.6990295052528381, 0.6971254944801331, 0.6949206590652466, 0.69309002161026, 0.6914783716201782, 0.6890549063682556, 0.6870072484016418, 0.6847965717315674], "accuracy": [0.29836341738700867, 0.40684011578559875, 0.42530423402786255, 0.43096935749053955, 0.4383130371570587, 0.44586655497550964, 0.45425933599472046, 0.4687368869781494, 0.49118757247924805, 0.5004196166992188, 0.5335711240768433, 0.5446915626525879, 0.5597985982894897, 0.5623164176940918, 0.5734368562698364, 0.5795215964317322, 0.587704598903656, 0.5925304293632507, 0.5994544625282288, 0.6051195859909058, 0.605958878993988, 0.6099454760551453, 0.6126731038093567, 0.6185480356216431, 0.6189677119255066, 0.6231640577316284, 0.6246328353881836, 0.6296684741973877, 0.6319764852523804, 0.634913980960846, 0.6370121836662292, 0.6422576308250427, 0.6445657014846802, 0.6454049348831177, 0.6485522389411926, 0.6525388360023499, 0.6529584527015686, 0.6567351818084717, 0.658833384513855, 0.6605119705200195, 0.6659672856330872, 0.6678556203842163, 0.6672261953353882, 0.6665967106819153, 0.6710029244422913, 0.6722618341445923, 0.6716324090957642, 0.6737306118011475, 0.6764582395553589, 0.6764582395553589, 0.6772975325584412, 0.6819135546684265, 0.6867393851280212, 0.6844313740730286, 0.6842215657234192, 0.6875786781311035, 0.6867393851280212, 0.6928241848945618, 0.6940830945968628, 0.6924045085906982, 0.6942929029464722, 0.6945027112960815, 0.6966009140014648, 0.6978598237037659, 0.6982795000076294, 0.7010071277618408, 0.7031053304672241, 0.7022660374641418, 0.7073017358779907, 0.7056231498718262, 0.7056231498718262, 0.7117079496383667, 0.7110784649848938, 0.7152748703956604, 0.7148552536964417, 0.7154846787452698, 0.716323971748352, 0.7173730731010437, 0.7198908925056458, 0.7211498022079468, 0.7188417911529541, 0.7211498022079468, 0.723877489566803, 0.7255560159683228, 0.7253462076187134, 0.7278640270233154, 0.728283703327179, 0.7291229367256165, 0.7299622297286987, 0.7301720380783081, 0.7293327450752258, 0.7337389588356018, 0.7337389588356018, 0.7337389588356018, 0.7358371615409851, 0.7333193421363831, 0.7360469698905945, 0.7394041419029236, 0.7402433753013611, 0.737725555896759], "val_loss": [1.8904883861541748, 1.6891052722930908, 1.570231318473816, 1.5017006397247314, 1.454087257385254, 1.4164116382598877, 1.387982726097107, 1.3676187992095947, 1.3516546487808228, 1.3408775329589844, 1.3311843872070312, 1.3237894773483276, 1.3206123113632202, 1.3137030601501465, 1.3117907047271729, 1.3073800802230835, 1.3050979375839233, 1.301971197128296, 1.3021049499511719, 1.3052347898483276, 1.3008798360824585, 1.3003581762313843, 1.2969141006469727, 1.2957499027252197, 1.2952003479003906, 1.2966499328613281, 1.2958041429519653, 1.2957086563110352, 1.29800283908844, 1.2963451147079468, 1.2959414720535278, 1.2973041534423828, 1.3001066446304321, 1.300735592842102, 1.301979660987854, 1.3005355596542358, 1.3048174381256104, 1.3088899850845337, 1.311942219734192, 1.3161007165908813, 1.3165756464004517, 1.3183879852294922, 1.3229001760482788, 1.3217111825942993, 1.32652747631073, 1.3262345790863037, 1.3323736190795898, 1.3316783905029297, 1.3347855806350708, 1.3353586196899414, 1.3395209312438965, 1.3416577577590942, 1.3464608192443848, 1.345259666442871, 1.345415711402893, 1.3512911796569824, 1.3516697883605957, 1.3583983182907104, 1.3542850017547607, 1.3619890213012695, 1.3646587133407593, 1.3611857891082764, 1.3628908395767212, 1.368851661682129, 1.3711960315704346, 1.372105360031128, 1.3708945512771606, 1.373604416847229, 1.3756409883499146, 1.3799093961715698, 1.3869688510894775, 1.3892920017242432, 1.395239233970642, 1.3967336416244507, 1.3961796760559082, 1.4025930166244507, 1.4078933000564575, 1.410518765449524, 1.4150540828704834, 1.4115955829620361, 1.425899863243103, 1.424261212348938, 1.4307438135147095, 1.4326859712600708, 1.4411598443984985, 1.4384208917617798, 1.4456132650375366, 1.4480218887329102, 1.4534083604812622, 1.4560816287994385, 1.452716588973999, 1.4615048170089722, 1.4696123600006104, 1.4721553325653076, 1.4705268144607544, 1.4775586128234863, 1.4842766523361206, 1.4877277612686157, 1.4898154735565186, 1.488268494606018],