{"loss": [2.6347992420196533, 2.230393171310425, 1.8827751874923706, 1.6156635284423828, 1.4170444011688232, 1.2775746583938599, 1.1797733306884766, 1.1073434352874756, 1.0512027740478516, 1.0046597719192505, 0.9662209153175354, 0.9342361092567444, 0.9073716402053833, 0.8828447461128235, 0.8598674535751343, 0.8409785628318787, 0.8218715190887451, 0.8057756423950195, 0.790906548500061, 0.7753230929374695, 0.7616943717002869, 0.7494457364082336, 0.7373461723327637, 0.7255553007125854, 0.714852511882782, 0.7053884863853455, 0.6968652009963989, 0.6890581846237183, 0.679979681968689, 0.67237788438797, 0.6654434204101562, 0.6584103107452393, 0.6520458459854126, 0.6462424993515015, 0.6407455205917358, 0.6352551579475403, 0.6289547085762024, 0.6244754791259766, 0.6190858483314514, 0.6147105693817139, 0.6106626987457275, 0.6053286194801331, 0.6015613079071045, 0.5973701477050781, 0.5936592221260071, 0.590203046798706, 0.5847264528274536, 0.5825335383415222, 0.577701985836029, 0.5729680061340332, 0.5703765749931335, 0.567141592502594, 0.5628853440284729, 0.5595160126686096, 0.5564514994621277, 0.5539633631706238, 0.5519598722457886, 0.548538863658905, 0.5455580949783325, 0.5429985523223877, 0.5405882000923157, 0.5364668965339661, 0.5347933769226074, 0.5317783951759338, 0.5301255583763123, 0.5273427963256836, 0.5256096124649048, 0.5217699408531189, 0.5212604403495789, 0.5176681876182556, 0.5143254995346069, 0.5119560360908508, 0.5095646977424622, 0.5071017742156982, 0.5044423937797546, 0.5023999810218811, 0.49984660744667053, 0.49895480275154114, 0.49637916684150696, 0.4936392903327942, 0.49264800548553467, 0.49016886949539185, 0.48865294456481934, 0.48631584644317627, 0.4856901466846466, 0.4826815128326416, 0.4812137484550476, 0.4785713255405426, 0.4768882691860199, 0.4756465554237366, 0.4736984074115753, 0.4696213901042938, 0.46624356508255005, 0.4643573760986328, 0.46223315596580505, 0.4603966474533081, 0.4587482511997223, 0.45674511790275574, 0.4552935063838959, 0.45274364948272705], "accuracy": [0.2977291941642761, 0.4343986511230469, 0.47371742129325867, 0.5340622663497925, 0.5830529928207397, 0.6091253161430359, 0.6234230399131775, 0.6356181502342224, 0.6492851376533508, 0.6642135977745056, 0.6736753582954407, 0.6804037094116211, 0.6852396726608276, 0.6970142722129822, 0.7020605802536011, 0.7060555219650269, 0.7121530771255493, 0.7163583040237427, 0.7178301215171814, 0.7241379022598267, 0.7287636399269104, 0.7302355170249939, 0.7335996627807617, 0.7371740937232971, 0.7405382394790649, 0.7451639771461487, 0.7476871609687805, 0.750630795955658, 0.7579898834228516, 0.7628259062767029, 0.7613540887832642, 0.7645080089569092, 0.767241358757019, 0.7708157896995544, 0.7731286883354187, 0.7714465856552124, 0.7735491991043091, 0.7771236300468445, 0.7739697098731995, 0.7767031192779541, 0.7762826085090637, 0.7796467542648315, 0.7790159583091736, 0.7802775502204895, 0.7830109596252441, 0.7836416959762573, 0.782590389251709, 0.785113513469696, 0.7853237986564636, 0.7884777188301086, 0.7903700470924377, 0.7933136820793152, 0.7922624349594116, 0.7979394197463989, 0.7966778874397278, 0.7989907264709473, 0.7996215224266052, 0.8008831143379211, 0.8013036251068115, 0.803616464138031, 0.8029857277870178, 0.8057190775871277, 0.8040370345115662, 0.8052985668182373, 0.806770384311676, 0.8055088520050049, 0.809924304485321, 0.8095037937164307, 0.8128679394721985, 0.8120269179344177, 0.8147603273391724, 0.8158116340637207, 0.8145500421524048, 0.8164423704147339, 0.8183347582817078, 0.8177039623260498, 0.8193860650062561, 0.8206475973129272, 0.8191757798194885, 0.8208578824996948, 0.8223296999931335, 0.8225399255752563, 0.8223296999931335, 0.8227502107620239, 0.8229604959487915, 0.8256938457489014, 0.825904130935669, 0.8271656632423401, 0.8269554376602173, 0.8254836201667786, 0.8286374807357788, 0.8271656632423401, 0.8309503793716431, 0.8296887874603271, 0.8332632184028625, 0.8334735035896301, 0.8328427076339722, 0.8334735035896301, 0.8341042995452881, 0.8351556062698364], "val_loss": [2.454770088195801, 2.1283462047576904, 1.895990014076233, 1.74273681640625, 1.6520072221755981, 1.5915639400482178, 1.559554100036621, 1.5303329229354858, 1.5100195407867432, 1.4931451082229614, 1.4830567836761475, 1.4773436784744263, 1.4733251333236694, 1.4694693088531494, 1.4739282131195068, 1.4692907333374023, 1.4689582586288452, 1.4851945638656616, 1.4816310405731201, 1.4752638339996338, 1.4785475730895996, 1.4736758470535278, 1.4810466766357422, 1.481087565422058, 1.4865745306015015, 1.495911955833435, 1.4962331056594849, 1.4868154525756836, 1.507373332977295, 1.5059168338775635, 1.5067018270492554, 1.5075584650039673, 1.5249853134155273, 1.5170537233352661, 1.5244739055633545, 1.5348806381225586, 1.5279145240783691, 1.551444411277771, 1.5480742454528809, 1.5634114742279053, 1.562958002090454, 1.5806008577346802, 1.5611029863357544, 1.5673842430114746, 1.6192024946212769, 1.5994073152542114, 1.5926576852798462, 1.6367506980895996, 1.6072355508804321, 1.6181515455245972, 1.6262742280960083, 1.6552588939666748, 1.6623592376708984, 1.650977611541748, 1.6590312719345093, 1.681445598602295, 1.6474337577819824, 1.688826560974121, 1.6869802474975586, 1.7083756923675537, 1.6923202276229858, 1.686202883720398, 1.6942390203475952, 1.6952520608901978, 1.6926348209381104, 1.7089506387710571, 1.719273567199707, 1.725535273551941, 1.7308927774429321, 1.7269282341003418, 1.7303545475006104, 1.7373157739639282, 1.7407772541046143, 1.7460951805114746, 1.757257103919983, 1.7796827554702759, 1.7871431112289429, 1.8007497787475586, 1.7815172672271729, 1.8555846214294434, 1.7962437868118286, 1.8612021207809448, 1.849269986152649, 1.8677400350570679, 1.8219062089920044, 1.8379948139190674, 1.8453314304351807, 1.8447500467300415, 1.8611118793487549, 1.8236430883407593, 1.8457244634628296, 1.8669942617416382, 1.8830615282058716, 1.8772804737091064, 1.8832764625549316, 1.8710920810699463, 1.8770601749420166, 1.917672872543335, 1.8926771879196167, 1.8870469331741333],