{"loss": [2.622971773147583, 2.19171142578125, 1.813159465789795, 1.5003013610839844, 1.253257155418396, 1.0793792009353638, 0.9552454352378845, 0.8630016446113586, 0.800804078578949, 0.7557506561279297, 0.7230167984962463, 0.6942468881607056, 0.6665226817131042, 0.6468393206596375, 0.6300453543663025, 0.6151677370071411, 0.6020666360855103, 0.5895659923553467, 0.579842209815979, 0.5693061351776123, 0.5620841383934021, 0.5531747937202454, 0.5442222952842712, 0.536742627620697, 0.5293980836868286, 0.5230220556259155, 0.5171238780021667, 0.5100618600845337, 0.5053578615188599, 0.4993884265422821, 0.49379047751426697, 0.4897104799747467, 0.48462167382240295, 0.47914302349090576, 0.4752865433692932, 0.4702560305595398, 0.46678030490875244, 0.46124881505966187, 0.45743468403816223, 0.45349666476249695, 0.44986364245414734, 0.4456738829612732, 0.44184789061546326, 0.4382115602493286, 0.43371811509132385, 0.43048617243766785, 0.42624184489250183, 0.42306262254714966, 0.4198373556137085, 0.4165296256542206, 0.41276344656944275, 0.4093822240829468, 0.4060830771923065, 0.4033223092556, 0.4005626440048218, 0.39795446395874023, 0.3948262333869934, 0.39178669452667236, 0.3894752860069275, 0.3869088888168335, 0.383446604013443, 0.38119569420814514, 0.3785673975944519, 0.3759300410747528, 0.37407639622688293, 0.3712705075740814, 0.36879962682724, 0.3669259548187256, 0.36311671137809753, 0.3623286187648773, 0.3583998680114746, 0.3577035963535309, 0.35475948452949524, 0.3520267605781555, 0.34962108731269836, 0.3486011326313019, 0.34457799792289734, 0.34356844425201416, 0.3410877585411072, 0.3386227488517761, 0.33733803033828735, 0.33457762002944946, 0.3329508602619171, 0.33102574944496155, 0.32824888825416565, 0.326617956161499, 0.3256475329399109, 0.3234177529811859, 0.32175564765930176, 0.3199397325515747, 0.3188554346561432, 0.3166758716106415, 0.31520965695381165, 0.31368789076805115, 0.3128391206264496, 0.31098583340644836, 0.3092864453792572, 0.3080942630767822, 0.30555805563926697, 0.30532047152519226], "accuracy": [0.3033185303211212, 0.42485731840133667, 0.4766434133052826, 0.5444937348365784, 0.6064257025718689, 0.6478545665740967, 0.6833650469779968, 0.7080955505371094, 0.7256394028663635, 0.7374762296676636, 0.7419150471687317, 0.7507926225662231, 0.7543859481811523, 0.7626294493675232, 0.7632635831832886, 0.7687592506408691, 0.7710843086242676, 0.7776368856430054, 0.778270959854126, 0.7824984192848206, 0.7827097773551941, 0.790107786655426, 0.7894737124443054, 0.7937011122703552, 0.7987740635871887, 0.8006764054298401, 0.8038469552993774, 0.8059606552124023, 0.809342622756958, 0.8082857728004456, 0.8120904564857483, 0.8150496482849121, 0.8163179159164429, 0.8196998238563538, 0.8173747658729553, 0.8190657496452332, 0.820756733417511, 0.8213908076286316, 0.8251954913139343, 0.8249841332435608, 0.8270978927612305, 0.8304798007011414, 0.8317480683326721, 0.8298457264900208, 0.8336504101753235, 0.8349186182022095, 0.8361868262290955, 0.8366096019744873, 0.8374550938606262, 0.8383005857467651, 0.8421052694320679, 0.8418939113616943, 0.8402029275894165, 0.8452758193016052, 0.8461213111877441, 0.8482350707054138, 0.847812294960022, 0.8456985950469971, 0.8499259948730469, 0.8507714867591858, 0.8518283367156982, 0.8535193204879761, 0.8537307381629944, 0.8575354218482971, 0.8581694960594177, 0.8581694960594177, 0.8613401055335999, 0.8636651635169983, 0.8638765811920166, 0.8632424473762512, 0.8672584891319275, 0.8638765811920166, 0.8683153390884399, 0.8721200823783875, 0.8740224242210388, 0.8712745904922485, 0.8708518147468567, 0.8748679161071777, 0.8752906322479248, 0.8759247660636902, 0.8765588402748108, 0.8761361241340637, 0.8795180916786194, 0.8771929740905762, 0.8784612417221069, 0.8803635835647583, 0.8822659254074097, 0.8820545077323914, 0.8856478333473206, 0.8858592510223389, 0.884168267250061, 0.8867047429084778, 0.8896639347076416, 0.8864933252334595, 0.8877615928649902, 0.8913549184799194, 0.8902980089187622, 0.8898752927780151, 0.8924117684364319, 0.8922003507614136], "val_loss": [2.435373306274414, 2.0890960693359375, 1.8407323360443115, 1.6739872694015503, 1.5832890272140503, 1.5194385051727295, 1.4813827276229858, 1.4730712175369263, 1.4697524309158325, 1.4709203243255615, 1.4622623920440674, 1.4587693214416504, 1.4540619850158691, 1.460210919380188, 1.4612096548080444, 1.4626907110214233, 1.4565917253494263, 1.4652875661849976, 1.469198226928711, 1.4849635362625122, 1.4929313659667969, 1.5053319931030273, 1.5089333057403564, 1.5177865028381348, 1.5139031410217285, 1.5275943279266357, 1.5349904298782349, 1.5327457189559937, 1.5455491542816162, 1.5460278987884521, 1.5571467876434326, 1.5563054084777832, 1.559740662574768, 1.5663961172103882, 1.566744089126587, 1.5768777132034302, 1.5782647132873535, 1.5899447202682495, 1.590423583984375, 1.595590591430664, 1.6037161350250244, 1.6070263385772705, 1.6198961734771729, 1.6209352016448975, 1.6220506429672241, 1.625929832458496, 1.6368119716644287, 1.6463048458099365, 1.642027497291565, 1.6434739828109741, 1.6449522972106934, 1.652807593345642, 1.6479008197784424, 1.654458999633789, 1.6587653160095215, 1.6568727493286133, 1.6738494634628296, 1.6676729917526245, 1.685228943824768, 1.6792638301849365, 1.6909507513046265, 1.6933579444885254, 1.6956764459609985, 1.6940910816192627, 1.7124139070510864, 1.7181546688079834, 1.7165782451629639, 1.714264988899231, 1.7118481397628784, 1.7240252494812012, 1.7220993041992188, 1.7329366207122803, 1.7567917108535767, 1.756070613861084, 1.7582852840423584, 1.7812873125076294, 1.7642040252685547, 1.7702945470809937, 1.7897101640701294, 1.7977138757705688, 1.7939589023590088, 1.76472806930542, 1.7541818618774414, 1.767491102218628, 1.7486097812652588, 1.7654850482940674, 1.7614777088165283, 1.7760316133499146, 1.7639517784118652, 1.7729480266571045, 1.7683155536651611, 1.7816468477249146, 1.790950059890747, 1.7853974103927612, 1.780672311782837, 1.8065061569213867, 1.801060438156128, 1.824842929840088, 1.814440131187439, 1.8324103355407715],