{"loss": [5.054396629333496, 4.076319217681885, 3.1810755729675293, 2.4519951343536377, 1.93034029006958, 1.617809772491455, 1.4476282596588135, 1.3535501956939697, 1.2948451042175293, 1.2525019645690918, 1.2188851833343506, 1.1898740530014038, 1.1641418933868408, 1.1415777206420898, 1.1191905736923218, 1.100173830986023, 1.0836082696914673, 1.0686074495315552, 1.0547877550125122, 1.0417691469192505, 1.0294215679168701, 1.0175491571426392, 1.0062345266342163, 0.9950396418571472, 0.9832361340522766, 0.9721510410308838, 0.9604189991950989, 0.9496826529502869, 0.938224732875824, 0.9269469380378723, 0.9156822562217712, 0.9051306247711182, 0.8946084976196289, 0.8845923542976379, 0.8744214773178101, 0.8652923703193665, 0.8565763235092163, 0.8481417894363403, 0.8400677442550659, 0.8328065276145935, 0.8263335824012756, 0.8194107413291931, 0.8133741021156311, 0.8084622025489807, 0.8025079369544983, 0.7972979545593262, 0.7921413779258728, 0.7869124412536621, 0.7828577756881714, 0.7786593437194824, 0.7748256921768188, 0.7701621651649475, 0.7661911249160767, 0.7621607780456543, 0.7595418095588684, 0.7556546330451965, 0.7522329688072205, 0.749515175819397, 0.7456067800521851, 0.7423898577690125, 0.740139365196228, 0.7365542650222778, 0.7326638698577881, 0.730607271194458, 0.7284016013145447, 0.7250858545303345, 0.7219163775444031, 0.7194110155105591, 0.7163176536560059, 0.7142051458358765, 0.7113069295883179, 0.7086421251296997, 0.7063034176826477, 0.7048099040985107, 0.701104462146759, 0.6981651186943054, 0.6962623000144958, 0.6942285895347595, 0.6913251876831055, 0.6886163353919983, 0.6875281929969788, 0.6851935386657715, 0.6826777458190918, 0.6796053647994995, 0.6778772473335266, 0.6759451031684875, 0.6730256080627441, 0.6710546016693115, 0.668506920337677, 0.6662540435791016, 0.6640163660049438, 0.6613744497299194, 0.6598495244979858, 0.6583376526832581, 0.6565564870834351, 0.6552706956863403, 0.6528775691986084, 0.6505240201950073, 0.6491918563842773, 0.647036612033844], "accuracy": [0.2838858664035797, 0.3363407552242279, 0.37494754791259766, 0.41754090785980225, 0.4601342976093292, 0.4985312521457672, 0.5077633261680603, 0.47838857769966125, 0.4817456901073456, 0.493075966835022, 0.5264372825622559, 0.533990740776062, 0.5455308556556702, 0.5488879680633545, 0.5621066093444824, 0.5721779465675354, 0.5770037770271301, 0.5860260128974915, 0.5935795307159424, 0.5979857444763184, 0.6023919582366943, 0.6080570816993713, 0.6156105995178223, 0.6212757229804993, 0.6227444410324097, 0.629248857498169, 0.6347041726112366, 0.634913980960846, 0.6420478224754333, 0.6449853181838989, 0.6502308249473572, 0.6582039594650269, 0.6594628691673279, 0.6615610718727112, 0.6663869023323059, 0.6670163869857788, 0.6710029244422913, 0.6779269576072693, 0.6796055436134338, 0.6829626560211182, 0.6888375878334045, 0.6909357905387878, 0.6915652751922607, 0.6917750835418701, 0.6961812973022461, 0.6949223875999451, 0.6980696320533752, 0.6997482180595398, 0.7016366124153137, 0.7022660374641418, 0.7041544318199158, 0.7083508372306824, 0.7070919275283813, 0.7064624428749084, 0.7083508372306824, 0.7087704539299011, 0.7125471830368042, 0.7146453857421875, 0.7165337800979614, 0.7161141633987427, 0.7184221744537354, 0.7190515995025635, 0.7226185202598572, 0.7236676216125488, 0.7228283882141113, 0.7272346019744873, 0.7232480049133301, 0.7255560159683228, 0.7291229367256165, 0.7299622297286987, 0.7291229367256165, 0.7316408157348633, 0.7324800491333008, 0.7316408157348633, 0.7324800491333008, 0.7328997254371643, 0.7326898574829102, 0.7368862628936768, 0.7354175448417664, 0.7368862628936768, 0.7370960712432861, 0.7391942739486694, 0.7410826683044434, 0.7415022850036621, 0.7440201640129089, 0.7467477917671204, 0.746537983417511, 0.7486361861228943, 0.747796893119812, 0.7484263777732849, 0.7492656111717224, 0.7511540055274963, 0.750944197177887, 0.7538816332817078, 0.75472092628479, 0.7536718249320984, 0.7553504109382629, 0.7582878470420837, 0.757868230342865, 0.7553504109382629], "val_loss": [4.531713008880615, 3.640576124191284, 2.8794801235198975, 2.2904796600341797, 1.9031704664230347, 1.6845448017120361, 1.5657280683517456, 1.498230218887329, 1.459838628768921, 1.4323577880859375, 1.41112220287323, 1.3985596895217896, 1.3838680982589722, 1.3733859062194824, 1.365801453590393, 1.3596125841140747, 1.3543777465820312, 1.3543058633804321, 1.357134222984314, 1.3566354513168335, 1.3540788888931274, 1.3537999391555786, 1.354600191116333, 1.3522907495498657, 1.3484947681427002, 1.3468784093856812, 1.3413629531860352, 1.3423486948013306, 1.3429442644119263, 1.3421045541763306, 1.340108036994934, 1.3441810607910156, 1.345901608467102, 1.3541345596313477, 1.3499572277069092, 1.3533544540405273, 1.3613293170928955, 1.3624008893966675, 1.369321346282959, 1.3710837364196777, 1.3724844455718994, 1.364855170249939, 1.3741496801376343, 1.3848477602005005, 1.3765450716018677, 1.3867360353469849, 1.382516860961914, 1.389385461807251, 1.3895541429519653, 1.3937207460403442, 1.3935561180114746, 1.3909213542938232, 1.3941662311553955, 1.3939485549926758, 1.3934589624404907, 1.3934803009033203, 1.393216848373413, 1.400224208831787, 1.3992633819580078, 1.406676173210144, 1.3997066020965576, 1.3967591524124146, 1.3946017026901245, 1.4063265323638916, 1.4041733741760254, 1.401678204536438, 1.4050920009613037, 1.404874563217163, 1.413573980331421, 1.4039490222930908, 1.4127928018569946, 1.4062095880508423, 1.419588565826416, 1.4127438068389893, 1.4125090837478638, 1.410324215888977, 1.4114679098129272, 1.410308837890625, 1.4150890111923218, 1.4208838939666748, 1.4253885746002197, 1.4227499961853027, 1.42784583568573, 1.4307866096496582, 1.4216703176498413, 1.4209040403366089, 1.428489089012146, 1.4262478351593018, 1.4337941408157349, 1.4503508806228638, 1.4352185726165771, 1.4384195804595947, 1.4390449523925781, 1.4492887258529663, 1.44705331325531, 1.4520621299743652, 1.4451569318771362, 1.4483835697174072, 1.4555150270462036, 1.4646732807159424], "val_accuracy": [0.3188745677471161, 0.35287222266197205, 0.3751465380191803, 0.39683470129966736, 0.4196951985359192, 0.4355216920375824, 0.43728017807006836, 0.4437280297279358, 0.44548651576042175, 0.444314181804657, 0.44607269763946533, 0.44490036368370056, 0.4548651874065399, 0.4560375213623047, 0.4630715250968933, 0.46951934695243835, 0.4683470129966736, 0.4683470129966736, 0.4706916809082031, 0.47303634881973267, 0.4800703525543213, 0.476553350687027, 0.4841735064983368, 0.483001172542572, 0.48534584045410156, 0.4888628423213959, 0.4958968460559845, 0.49413833022117615, 0.4947245121002197, 0.49706918001174927, 0.5005861520767212, 0.49706918001174927, 0.4994138479232788, 0.49824151396751404, 0.5011723041534424, 0.5017585158348083, 0.5011723041534424, 0.5, 0.4958968460559845, 0.4994138479232788, 0.4964829981327057, 0.4953106641769409, 0.4953106641769409, 0.4888628423213959, 0.4888628423213959, 0.48944899439811707, 0.4888628423213959, 0.483001172542572, 0.4871043264865875, 0.48534584045410156, 0.49355217814445496, 0.48534584045410156, 0.49003517627716064, 0.49062132835388184, 0.4912075102329254, 0.4947245121002197, 0.49355217814445496, 0.49355217814445496, 0.49765533208847046, 0.49824151396751404, 0.4958968460559845, 0.49882766604423523, 0.4994138479232788, 0.5011723041534424, 0.5, 0.5041031837463379, 0.5029308199882507, 0.5052754878997803, 0.5029308199882507, 0.5064478516578674, 0.5070340037345886, 0.5064478516578674, 0.5052754878997803, 0.5058616399765015, 0.5064478516578674, 0.5064478516578674, 0.5064478516578674, 0.5046893358230591, 0.508792519569397, 0.5058616399765015, 0.5046893358230591, 0.5093786716461182, 0.508792519569397, 0.5023446679115295, 0.5076201558113098, 0.508206307888031, 0.5052754878997803, 0.508792519569397, 0.5023446679115295, 0.508206307888031, 0.508206307888031, 0.5093786716461182, 0.5064478516578674, 0.5099648237228394, 0.5111371874809265, 0.508792519569397, 0.5105509757995605, 0.5117233395576477, 0.513481855392456, 0.5123094916343689],