{"loss": [2.7825660705566406, 2.3970324993133545, 2.130255699157715, 1.9364303350448608, 1.7920066118240356, 1.6837395429611206, 1.6044567823410034, 1.5490814447402954, 1.5103341341018677, 1.4798023700714111, 1.4543812274932861, 1.433232307434082, 1.4140037298202515, 1.3948540687561035, 1.3746463060379028, 1.3581973314285278, 1.3445103168487549, 1.3310856819152832, 1.3198738098144531, 1.3091360330581665, 1.3004339933395386, 1.292990803718567, 1.2850011587142944, 1.279451608657837, 1.2735681533813477, 1.267991542816162, 1.2632256746292114, 1.2571744918823242, 1.2514597177505493, 1.2465367317199707, 1.2412209510803223, 1.2355643510818481, 1.2317873239517212, 1.2262613773345947, 1.2215542793273926, 1.2153633832931519, 1.2091343402862549, 1.201248288154602, 1.1938787698745728, 1.185272216796875, 1.1782926321029663, 1.170028805732727, 1.1612290143966675, 1.151092290878296, 1.1389793157577515, 1.1268337965011597, 1.1206746101379395, 1.111991286277771, 1.106026530265808, 1.099334478378296, 1.0887333154678345, 1.0821576118469238, 1.078094720840454, 1.0742839574813843, 1.065119743347168, 1.0630133152008057, 1.056906819343567, 1.0510777235031128, 1.0476733446121216, 1.0449937582015991, 1.042423129081726, 1.0386357307434082, 1.0357029438018799, 1.0331017971038818, 1.030000925064087, 1.0294684171676636, 1.0231860876083374, 1.0206013917922974, 1.0194905996322632, 1.0126737356185913, 1.010953664779663, 1.0110012292861938, 1.0032336711883545, 1.0035632848739624, 0.9997922778129578, 0.9988757371902466, 0.9918344616889954, 0.99029541015625, 0.9865610003471375, 0.9896636605262756, 0.9798341393470764, 0.9754224419593811, 0.9727317690849304, 0.9751511812210083, 0.9678320288658142, 0.9685595631599426, 0.9653068780899048, 0.9607232213020325, 0.971826434135437, 0.9660769104957581, 0.9565666317939758, 0.9556010365486145, 0.9537475109100342, 0.954839289188385, 0.948597252368927, 0.95450359582901, 0.9514102935791016, 0.9598289728164673, 0.9471151828765869, 0.9448255300521851], "accuracy": [0.21974320709705353, 0.34519049525260925, 0.4215954542160034, 0.4289623200893402, 0.4148600399494171, 0.4167543649673462, 0.41759631037712097, 0.4178067743778229, 0.4169648587703705, 0.41970112919807434, 0.41991159319877625, 0.4222269058227539, 0.4213849604129791, 0.42559459805488586, 0.4348558187484741, 0.44790568947792053, 0.4624289572238922, 0.47337403893470764, 0.47947800159454346, 0.4836876392364502, 0.48663440346717834, 0.48705536127090454, 0.4885287284851074, 0.4897916316986084, 0.4904230833053589, 0.4895811378955841, 0.49189645051956177, 0.4891601800918579, 0.49379077553749084, 0.49884235858917236, 0.49947378039360046, 0.5013681054115295, 0.5028415322303772, 0.5062091946601868, 0.5064197182655334, 0.511050283908844, 0.5173647403717041, 0.5188381671905518, 0.5230478048324585, 0.5287308096885681, 0.5348347425460815, 0.5430435538291931, 0.547042727470398, 0.544516921043396, 0.547042727470398, 0.5485160946846008, 0.5506209135055542, 0.5531467199325562, 0.5438854694366455, 0.5525152683258057, 0.5541990995407104, 0.5563039183616638, 0.5609345436096191, 0.5577772855758667, 0.5653546452522278, 0.5664070844650269, 0.5678804516792297, 0.5741949081420898, 0.5786150097846985, 0.5762997269630432, 0.5790359973907471, 0.5872448086738586, 0.5868238210678101, 0.5897705554962158, 0.5920858979225159, 0.5927173495292664, 0.6011366248130798, 0.6011366248130798, 0.602399468421936, 0.606188178062439, 0.6055567264556885, 0.6057671904563904, 0.6089244484901428, 0.6076615452766418, 0.6137655377388, 0.6148179173469543, 0.6175541877746582, 0.6188170909881592, 0.6217638254165649, 0.6207114458084106, 0.6242896318435669, 0.6268153786659241, 0.6270259022712708, 0.628078281879425, 0.6312355399131775, 0.6312355399131775, 0.6316564679145813, 0.633129894733429, 0.629341185092926, 0.6308145523071289, 0.6339718103408813, 0.6398652791976929, 0.6386023759841919, 0.6390233635902405, 0.6407071948051453, 0.6375499963760376, 0.6398652791976929, 0.6411281824111938, 0.6411281824111938, 0.6413386464118958], "val_loss": [2.680567502975464, 2.3734631538391113, 2.162181854248047, 2.0056352615356445, 1.8918477296829224, 1.8060271739959717, 1.7455008029937744, 1.7016921043395996, 1.6681132316589355, 1.6412957906723022, 1.6208473443984985, 1.6035382747650146, 1.5857188701629639, 1.568544864654541, 1.5569005012512207, 1.5461574792861938, 1.5380492210388184, 1.532571792602539, 1.5293692350387573, 1.530777931213379, 1.5284250974655151, 1.528348445892334, 1.531330943107605, 1.5335882902145386, 1.533608078956604, 1.5371967554092407, 1.5339733362197876, 1.5373939275741577, 1.5376136302947998, 1.5394901037216187, 1.5440365076065063, 1.542907953262329, 1.549414038658142, 1.5484765768051147, 1.5554922819137573, 1.5558127164840698, 1.554028034210205, 1.5578655004501343, 1.5628302097320557, 1.570488452911377, 1.5729855298995972, 1.5729507207870483, 1.5877768993377686, 1.6045857667922974, 1.6059216260910034, 1.6128802299499512, 1.618085503578186, 1.6182445287704468, 1.6190440654754639, 1.6244394779205322, 1.6260465383529663, 1.6359061002731323, 1.6384307146072388, 1.638916015625, 1.642746090888977, 1.6486883163452148, 1.6495914459228516, 1.6511188745498657, 1.6426887512207031, 1.6597692966461182, 1.6534454822540283, 1.6597111225128174, 1.6543185710906982, 1.6603021621704102, 1.672651767730713, 1.656009554862976, 1.6681671142578125, 1.6778697967529297, 1.6597023010253906, 1.6644222736358643, 1.6777348518371582, 1.6684739589691162, 1.6738132238388062, 1.6727427244186401, 1.6861803531646729, 1.664778232574463, 1.6812677383422852, 1.6836819648742676, 1.6917589902877808, 1.7042917013168335, 1.71358060836792, 1.7143388986587524, 1.7078593969345093, 1.7284272909164429, 1.7257440090179443, 1.7208137512207031, 1.7149124145507812, 1.7224963903427124, 1.730850100517273, 1.729518175125122, 1.7509710788726807, 1.7366228103637695, 1.73732328414917, 1.7536762952804565, 1.7388715744018555, 1.7398672103881836, 1.764890432357788, 1.757944941520691, 1.7510250806808472, 1.7527519464492798],