{"loss": [3.409574508666992, 3.2135188579559326, 3.027832269668579, 2.8513686656951904, 2.687927007675171, 2.540673017501831, 2.4080586433410645, 2.289670705795288, 2.185816526412964, 2.0961761474609375, 2.019996404647827, 1.9541093111038208, 1.897215485572815, 1.8468563556671143, 1.8015332221984863, 1.7606805562973022, 1.7233152389526367, 1.6885536909103394, 1.6562774181365967, 1.6260671615600586, 1.5981024503707886, 1.5713186264038086, 1.5463343858718872, 1.522623896598816, 1.5004316568374634, 1.4794673919677734, 1.4597432613372803, 1.4413559436798096, 1.4244110584259033, 1.4088395833969116, 1.3947416543960571, 1.3815072774887085, 1.3695162534713745, 1.3583829402923584, 1.3480441570281982, 1.338428020477295, 1.3291150331497192, 1.3204693794250488, 1.312239408493042, 1.3043547868728638, 1.296424150466919, 1.2888948917388916, 1.2820202112197876, 1.2756662368774414, 1.269445538520813, 1.2637077569961548, 1.2583304643630981, 1.253038763999939, 1.2482320070266724, 1.2436020374298096, 1.239203691482544, 1.2348655462265015, 1.2308746576309204, 1.2269083261489868, 1.2229775190353394, 1.2193502187728882, 1.2160550355911255, 1.212875485420227, 1.2098585367202759, 1.2067309617996216, 1.2037805318832397, 1.2010056972503662, 1.198468565940857, 1.1957935094833374, 1.1931129693984985, 1.1907017230987549, 1.1883008480072021, 1.186154842376709, 1.1842840909957886, 1.181778073310852, 1.1797494888305664, 1.1777606010437012, 1.1757304668426514, 1.1739979982376099, 1.172145962715149, 1.1704444885253906, 1.1686797142028809, 1.167051911354065, 1.1655892133712769, 1.1641056537628174, 1.1624717712402344, 1.161197304725647, 1.1597614288330078, 1.1583720445632935, 1.1571346521377563, 1.1557379961013794, 1.1543810367584229, 1.1531540155410767, 1.151848554611206, 1.1505656242370605, 1.149322271347046, 1.1482349634170532, 1.1462655067443848, 1.1436970233917236, 1.1419159173965454, 1.1407161951065063, 1.139621615409851, 1.138390064239502, 1.1372393369674683, 1.136340618133545], "accuracy": [0.15513627231121063, 0.23459120094776154, 0.274004191160202, 0.3134171962738037, 0.3563941419124603, 0.3970649838447571, 0.4274633228778839, 0.4410901367664337, 0.45974841713905334, 0.46897274255752563, 0.47631028294563293, 0.4786163568496704, 0.4781970679759979, 0.4687631130218506, 0.451362669467926, 0.44276729226112366, 0.44129979610443115, 0.4404612183570862, 0.4440251588821411, 0.4467505216598511, 0.4463312327861786, 0.450314462184906, 0.452201247215271, 0.4561844766139984, 0.4580712914466858, 0.4660377502441406, 0.4723270535469055, 0.4723270535469055, 0.48322850465774536, 0.48469603061676025, 0.4828092157840729, 0.4922432005405426, 0.49538785219192505, 0.4951781928539276, 0.49685534834861755, 0.4966456890106201, 0.49685534834861755, 0.501886785030365, 0.50272536277771, 0.504612147808075, 0.5050314664840698, 0.5077568292617798, 0.50754714012146, 0.5102725625038147, 0.5106918215751648, 0.5102725625038147, 0.5113207697868347, 0.5129979252815247, 0.5129979252815247, 0.5144653916358948, 0.5157232880592346, 0.5171907544136047, 0.5165618658065796, 0.5180293321609497, 0.5186582803726196, 0.5184486508369446, 0.5194968581199646, 0.5192872285842896, 0.5215932726860046, 0.5192872285842896, 0.5226414799690247, 0.5213836431503296, 0.5220125913619995, 0.5230607986450195, 0.5238993763923645, 0.5234800577163696, 0.5234800577163696, 0.5243186354637146, 0.5224318504333496, 0.5262054800987244, 0.5259957909584045, 0.5268343687057495, 0.5270439982414246, 0.5280922651290894, 0.5283018946647644, 0.5301886796951294, 0.5297694206237793, 0.5308176279067993, 0.5320754647254944, 0.5320754647254944, 0.5320754647254944, 0.5327044129371643, 0.5345911979675293, 0.5333333611488342, 0.5339622497558594, 0.5345911979675293, 0.5343815684318542, 0.5352201461791992, 0.5348008275032043, 0.5358490347862244, 0.5377358198165894, 0.5368973016738892, 0.5366876125335693, 0.5373165607452393, 0.5375261902809143, 0.5385743975639343, 0.5392033457756042, 0.5408805012702942, 0.5389937162399292, 0.5410901308059692], "val_loss": [3.340965747833252, 3.1768507957458496, 3.021294116973877, 2.871849775314331, 2.7361834049224854, 2.6149613857269287, 2.5052993297576904, 2.408228874206543, 2.324971914291382, 2.255350112915039, 2.1969311237335205, 2.146848201751709, 2.1031675338745117, 2.0638961791992188, 2.0285885334014893, 1.9962763786315918, 1.9672247171401978, 1.9383587837219238, 1.9111027717590332, 1.8857077360153198, 1.8615026473999023, 1.838706374168396, 1.8168975114822388, 1.7966783046722412, 1.777928113937378, 1.759878396987915, 1.744478464126587, 1.7302590608596802, 1.7178428173065186, 1.706383228302002, 1.6951689720153809, 1.6837738752365112, 1.6742384433746338, 1.664604902267456, 1.6561484336853027, 1.6471022367477417, 1.6398204565048218, 1.632339358329773, 1.6260336637496948, 1.6196001768112183, 1.6140835285186768, 1.6080381870269775, 1.6036442518234253, 1.599692463874817, 1.5962930917739868, 1.5925512313842773, 1.588819980621338, 1.5861886739730835, 1.583732008934021, 1.5800564289093018, 1.5781525373458862, 1.5767207145690918, 1.5752567052841187, 1.574180006980896, 1.5744296312332153, 1.5737500190734863, 1.5717778205871582, 1.5710724592208862, 1.5697909593582153, 1.568792462348938, 1.5683724880218506, 1.5676697492599487, 1.565548300743103, 1.5660109519958496, 1.5659269094467163, 1.5661864280700684, 1.565603256225586, 1.5647820234298706, 1.562981128692627, 1.5643844604492188, 1.564898133277893, 1.5669094324111938, 1.5682958364486694, 1.568706750869751, 1.5692769289016724, 1.5678958892822266, 1.567800760269165, 1.5664950609207153, 1.5667845010757446, 1.5654122829437256, 1.5657031536102295, 1.5643187761306763, 1.564842700958252, 1.5635379552841187, 1.5637092590332031, 1.562037706375122, 1.5623087882995605, 1.5618841648101807, 1.5631637573242188, 1.5629976987838745, 1.5648553371429443, 1.5634844303131104, 1.5645838975906372, 1.5649007558822632, 1.5644925832748413, 1.5643327236175537, 1.5658657550811768, 1.5656388998031616, 1.5672999620437622, 1.5668243169784546],