{"loss": [3.352301836013794, 3.0182790756225586, 2.702953577041626, 2.425218105316162, 2.177654504776001, 1.9677337408065796, 1.8069592714309692, 1.6893954277038574, 1.60385000705719, 1.540299654006958, 1.489637017250061, 1.4467566013336182, 1.409140706062317, 1.3748657703399658, 1.3443180322647095, 1.3169413805007935, 1.291703701019287, 1.2692501544952393, 1.2494783401489258, 1.2306665182113647, 1.2134861946105957, 1.1971734762191772, 1.1817588806152344, 1.1670984029769897, 1.1529468297958374, 1.1396267414093018, 1.1272995471954346, 1.1152260303497314, 1.1031758785247803, 1.0923925638198853, 1.0824084281921387, 1.0730584859848022, 1.0641893148422241, 1.0558063983917236, 1.0478098392486572, 1.0402494668960571, 1.0329663753509521, 1.0259913206100464, 1.0194244384765625, 1.0130271911621094, 1.0070866346359253, 1.000886082649231, 0.995197594165802, 0.9900273084640503, 0.9846208691596985, 0.9793314337730408, 0.9745106101036072, 0.9699642658233643, 0.9654711484909058, 0.9610700607299805, 0.9568633437156677, 0.9524685740470886, 0.9484717845916748, 0.9443398118019104, 0.9401567578315735, 0.936375081539154, 0.9326460957527161, 0.9291877150535583, 0.9250110387802124, 0.9214010834693909, 0.9176455140113831, 0.9138772487640381, 0.9103218913078308, 0.9072147011756897, 0.9039995670318604, 0.9006051421165466, 0.8977051973342896, 0.8945491909980774, 0.891406774520874, 0.8890746235847473, 0.8861544728279114, 0.8832699656486511, 0.8807424902915955, 0.8783301711082458, 0.8756359219551086, 0.8730132579803467, 0.8707300424575806, 0.868285596370697, 0.86580491065979, 0.8634438514709473, 0.8613088726997375, 0.8591527938842773, 0.8568100929260254, 0.854763925075531, 0.8526890277862549, 0.8506573438644409, 0.8485915660858154, 0.8467139005661011, 0.8447567820549011, 0.8427273631095886, 0.8410518765449524, 0.8388972282409668, 0.8368238806724548, 0.8350622653961182, 0.833098292350769, 0.8315047025680542, 0.8297035098075867, 0.8281762003898621, 0.826347291469574, 0.824766993522644], "accuracy": [0.20856063067913055, 0.2838858664035797, 0.3348720073699951, 0.4120855927467346, 0.45300042629241943, 0.4767100214958191, 0.49391523003578186, 0.5155266523361206, 0.5211917757987976, 0.527066707611084, 0.5306336283683777, 0.5335711240768433, 0.5390264391899109, 0.544062077999115, 0.5558120012283325, 0.5606378316879272, 0.5717582702636719, 0.5793117880821228, 0.5839278101921082, 0.584557294845581, 0.5902224183082581, 0.5914813280105591, 0.5954679250717163, 0.600293755531311, 0.5996642708778381, 0.6038606762886047, 0.6072177886962891, 0.6070079803466797, 0.6101552844047546, 0.6124632954597473, 0.6141418218612671, 0.6177087426185608, 0.619177520275116, 0.6198069453239441, 0.6223248243331909, 0.6244229674339294, 0.624842643737793, 0.6277800798416138, 0.6300881505012512, 0.6321862936019897, 0.6307175755500793, 0.6340746879577637, 0.6353335976600647, 0.636172890663147, 0.6397398114204407, 0.6403692960739136, 0.6401594877243042, 0.6437264084815979, 0.645614743232727, 0.6454049348831177, 0.647503137588501, 0.6483424305915833, 0.6510700583457947, 0.6502308249473572, 0.6514897346496582, 0.6529584527015686, 0.6546370387077332, 0.6546370387077332, 0.6577842831611633, 0.6611413955688477, 0.6624003648757935, 0.6621904969215393, 0.6640788912773132, 0.6647083759307861, 0.6665967106819153, 0.6676458120346069, 0.6663869023323059, 0.6680654883384705, 0.6716324090957642, 0.6695342063903809, 0.6707931160926819, 0.6718422174453735, 0.6714226007461548, 0.6743600368499756, 0.6756189465522766, 0.6749895215034485, 0.6777171492576599, 0.6766680479049683, 0.6793957352638245, 0.680234968662262, 0.6789760589599609, 0.680234968662262, 0.6810742616653442, 0.6812840700149536, 0.6833822727203369, 0.6840117573738098, 0.6848510503768921, 0.6850608587265015, 0.6856902837753296, 0.6861099600791931, 0.6852706670761108, 0.6873688697814941, 0.6890473961830139, 0.6875786781311035, 0.6894670724868774, 0.6888375878334045, 0.6911455988883972, 0.6909357905387878, 0.6924045085906982, 0.6911455988883972], "val_loss": [3.215609073638916, 2.920766830444336, 2.659853219985962, 2.430161476135254, 2.2347731590270996, 2.0839967727661133, 1.9732303619384766, 1.8975030183792114, 1.8389451503753662, 1.7942792177200317, 1.7586950063705444, 1.7262853384017944, 1.6983070373535156, 1.6707544326782227, 1.6482006311416626, 1.630147099494934, 1.6121057271957397, 1.5987132787704468, 1.5860874652862549, 1.5724579095840454, 1.5629991292953491, 1.5485169887542725, 1.5413533449172974, 1.5327833890914917, 1.5230718851089478, 1.5133962631225586, 1.5061126947402954, 1.500080943107605, 1.494320273399353, 1.4904780387878418, 1.4830589294433594, 1.4787428379058838, 1.475882649421692, 1.4735711812973022, 1.466418981552124, 1.4634501934051514, 1.4623221158981323, 1.460123062133789, 1.4577009677886963, 1.459107756614685, 1.4550714492797852, 1.4478322267532349, 1.4503873586654663, 1.4498462677001953, 1.4453918933868408, 1.4460519552230835, 1.4434070587158203, 1.442345142364502, 1.4434477090835571, 1.4456100463867188, 1.447449803352356, 1.4426618814468384, 1.4463688135147095, 1.445003628730774, 1.444566249847412, 1.4463768005371094, 1.449945330619812, 1.4523571729660034, 1.4493452310562134, 1.4514105319976807, 1.4517556428909302, 1.449800968170166, 1.4501674175262451, 1.45237398147583, 1.450451374053955, 1.4528529644012451, 1.453881859779358, 1.4526562690734863, 1.4613018035888672, 1.4545636177062988, 1.4546117782592773, 1.4559147357940674, 1.4556193351745605, 1.458678960800171, 1.455483078956604, 1.4520970582962036, 1.458238959312439, 1.4551317691802979, 1.4576709270477295, 1.4591871500015259, 1.4598475694656372, 1.4577538967132568, 1.4631259441375732, 1.4631006717681885, 1.460506796836853, 1.4619128704071045, 1.4644919633865356, 1.465302586555481, 1.4637229442596436, 1.472589373588562, 1.4682559967041016, 1.4702435731887817, 1.4723666906356812, 1.4739277362823486, 1.4713114500045776, 1.4758108854293823, 1.4741746187210083, 1.4751207828521729, 1.4793798923492432, 1.4824087619781494],