{"loss": [3.7636520862579346, 2.9197473526000977, 2.271411657333374, 1.8406955003738403, 1.5891625881195068, 1.4484517574310303, 1.3654965162277222, 1.3105254173278809, 1.2688482999801636, 1.2343801259994507, 1.205174446105957, 1.1788640022277832, 1.1553995609283447, 1.1358445882797241, 1.1158185005187988, 1.098335862159729, 1.0827027559280396, 1.068061113357544, 1.0545084476470947, 1.0411384105682373, 1.0289233922958374, 1.0174728631973267, 1.0063955783843994, 0.9955876469612122, 0.9843515157699585, 0.974068820476532, 0.9633257389068604, 0.9533620476722717, 0.9429486393928528, 0.932472825050354, 0.922549307346344, 0.9128552079200745, 0.9029985070228577, 0.893104612827301, 0.8835934996604919, 0.8749100565910339, 0.8659108877182007, 0.8583378791809082, 0.8499822020530701, 0.8417828679084778, 0.8345565795898438, 0.82697993516922, 0.8204366564750671, 0.815125584602356, 0.808522641658783, 0.802377462387085, 0.7965011596679688, 0.7912113666534424, 0.7864038944244385, 0.7817623615264893, 0.7764679193496704, 0.771470308303833, 0.7664885520935059, 0.7619441151618958, 0.7585058808326721, 0.7545815706253052, 0.750853419303894, 0.7477464079856873, 0.7434374690055847, 0.7401314377784729, 0.7368348836898804, 0.7339098453521729, 0.7297340631484985, 0.727897047996521, 0.7253816723823547, 0.7215744853019714, 0.7185831069946289, 0.7164886593818665, 0.7128828763961792, 0.7114356756210327, 0.7085480093955994, 0.7052137851715088, 0.7031782269477844, 0.7013627290725708, 0.6976965665817261, 0.6952118277549744, 0.6931874752044678, 0.6910912990570068, 0.6877524256706238, 0.6844645738601685, 0.6839823722839355, 0.6814380288124084, 0.6784054040908813, 0.6752360463142395, 0.6736888289451599, 0.6719414591789246, 0.6684110760688782, 0.6674423813819885, 0.6642211079597473, 0.6622474789619446, 0.6602250933647156, 0.6571152210235596, 0.6563460230827332, 0.653354287147522, 0.6514032483100891, 0.6498420834541321, 0.6475640535354614, 0.6466044187545776, 0.6441269516944885, 0.6423432230949402], "accuracy": [0.1636592596769333, 0.2861938774585724, 0.40621066093444824, 0.4752413034439087, 0.4844733476638794, 0.44733530282974243, 0.44859421253204346, 0.45572808384895325, 0.4710448980331421, 0.48908936977386475, 0.5216113924980164, 0.53147292137146, 0.5495173931121826, 0.5549727082252502, 0.5696600675582886, 0.5749055743217468, 0.5828787088394165, 0.5879144072532654, 0.5986151695251465, 0.6015526652336121, 0.6076374053955078, 0.611624002456665, 0.6185480356216431, 0.6256819367408752, 0.6252622604370117, 0.6340746879577637, 0.6384809017181396, 0.6395300030708313, 0.645614743232727, 0.6485522389411926, 0.654427170753479, 0.6567351818084717, 0.6603021621704102, 0.6636592745780945, 0.6684851050376892, 0.670163631439209, 0.6735207438468933, 0.6772975325584412, 0.6777171492576599, 0.6821233630180359, 0.6844313740730286, 0.6882081627845764, 0.6911455988883972, 0.6930339932441711, 0.6942929029464722, 0.6963911056518555, 0.6980696320533752, 0.7007973194122314, 0.7031053304672241, 0.7066722512245178, 0.7066722512245178, 0.7121275663375854, 0.7119177579879761, 0.7133864760398865, 0.7127570509910583, 0.7142257690429688, 0.7186319828033447, 0.7190515995025635, 0.7213596105575562, 0.7188417911529541, 0.7198908925056458, 0.7215694785118103, 0.7245069146156311, 0.7230381965637207, 0.7261855006217957, 0.7272346019744873, 0.7272346019744873, 0.727654218673706, 0.7289131283760071, 0.7274444103240967, 0.7314309477806091, 0.7324800491333008, 0.735207736492157, 0.7347880601882935, 0.7354175448417664, 0.7381451725959778, 0.7347880601882935, 0.7379353642463684, 0.7391942739486694, 0.7406630516052246, 0.7404531836509705, 0.7427612543106079, 0.7440201640129089, 0.7446495890617371, 0.7456986904144287, 0.7486361861228943, 0.7498950958251953, 0.749055802822113, 0.7532522082328796, 0.7515736222267151, 0.7517834901809692, 0.7563995122909546, 0.7551406025886536, 0.757868230342865, 0.7580780386924744, 0.7599664330482483, 0.7595468163490295, 0.7593369483947754, 0.7605958580970764, 0.7597566246986389], "val_loss": [3.36370587348938, 2.6538710594177246, 2.157529592514038, 1.843443512916565, 1.6668810844421387, 1.566810965538025, 1.5020802021026611, 1.4602752923965454, 1.4273905754089355, 1.4063259363174438, 1.385851502418518, 1.3715459108352661, 1.3600122928619385, 1.3521528244018555, 1.3489103317260742, 1.3441720008850098, 1.3388667106628418, 1.3351414203643799, 1.332463264465332, 1.3355354070663452, 1.3330518007278442, 1.3381507396697998, 1.339625597000122, 1.3472198247909546, 1.3456305265426636, 1.3501641750335693, 1.3528351783752441, 1.364088535308838, 1.3700355291366577, 1.3735930919647217, 1.3781436681747437, 1.3839069604873657, 1.3895649909973145, 1.3935946226119995, 1.3972152471542358, 1.4050683975219727, 1.407798171043396, 1.4147520065307617, 1.4199912548065186, 1.4247506856918335, 1.4319489002227783, 1.437140703201294, 1.4472551345825195, 1.445020079612732, 1.4488774538040161, 1.4602164030075073, 1.4636213779449463, 1.4646450281143188, 1.4722274541854858, 1.4809223413467407, 1.4800612926483154, 1.4862996339797974, 1.4958500862121582, 1.4948900938034058, 1.4938067197799683, 1.5089691877365112, 1.5088107585906982, 1.5143154859542847, 1.5107699632644653, 1.5231797695159912, 1.5234166383743286, 1.5230236053466797, 1.523046851158142, 1.5283929109573364, 1.536750316619873, 1.5441540479660034, 1.5443167686462402, 1.5470281839370728, 1.5492228269577026, 1.5528322458267212, 1.5578213930130005, 1.5771547555923462, 1.5742771625518799, 1.5745266675949097, 1.5578128099441528, 1.5648945569992065, 1.5824451446533203, 1.5727962255477905, 1.567217230796814, 1.5617003440856934, 1.584102988243103, 1.5808995962142944, 1.5822283029556274, 1.5877348184585571, 1.6013095378875732, 1.57639741897583, 1.6089565753936768, 1.6006418466567993, 1.6068780422210693, 1.599448323249817, 1.5990238189697266, 1.6128151416778564, 1.6161673069000244, 1.614376425743103, 1.6133897304534912, 1.6183009147644043, 1.6344512701034546, 1.637068271636963, 1.626501202583313, 1.6230841875076294],