{"loss": [3.415663242340088, 2.9075865745544434, 2.515237808227539, 2.2120296955108643, 1.9841347932815552, 1.8188763856887817, 1.7025034427642822, 1.6210678815841675, 1.562492847442627, 1.5209351778030396, 1.4897578954696655, 1.4631978273391724, 1.4379568099975586, 1.41818106174469, 1.4012809991836548, 1.3860174417495728, 1.3720906972885132, 1.3581092357635498, 1.3465089797973633, 1.3352683782577515, 1.3253250122070312, 1.316896677017212, 1.308600664138794, 1.3018128871917725, 1.295681118965149, 1.289671778678894, 1.2854876518249512, 1.2796719074249268, 1.2741972208023071, 1.2692793607711792, 1.2653127908706665, 1.2623600959777832, 1.2579419612884521, 1.254741907119751, 1.2508033514022827, 1.2460964918136597, 1.2419748306274414, 1.2388896942138672, 1.234504222869873, 1.2304166555404663, 1.2255101203918457, 1.2196654081344604, 1.214161992073059, 1.2062357664108276, 1.1974085569381714, 1.182999849319458, 1.1645667552947998, 1.1446572542190552, 1.130661129951477, 1.1208878755569458, 1.1159166097640991, 1.1078752279281616, 1.100828766822815, 1.098113775253296, 1.092668056488037, 1.088423728942871, 1.0840638875961304, 1.0797796249389648, 1.078094720840454, 1.0748685598373413, 1.0708070993423462, 1.0770957469940186, 1.071218729019165, 1.0647939443588257, 1.064524531364441, 1.0620696544647217, 1.057888150215149, 1.0526474714279175, 1.0480538606643677, 1.0428026914596558, 1.0428588390350342, 1.0394169092178345, 1.0372883081436157, 1.0367828607559204, 1.0363476276397705, 1.0318270921707153, 1.0274795293807983, 1.0287412405014038, 1.0265613794326782, 1.0239883661270142, 1.0236132144927979, 1.0220420360565186, 1.0208206176757812, 1.0219907760620117, 1.0162497758865356, 1.0173252820968628, 1.0169206857681274, 1.0108426809310913, 1.011753797531128, 1.010914921760559, 1.0109134912490845, 1.0083777904510498, 1.0077167749404907, 1.011946439743042, 1.0083951950073242, 1.0009799003601074, 1.0000699758529663, 0.9989956021308899, 0.9986157417297363, 0.9970954656600952], "accuracy": [0.232127845287323, 0.3290580213069916, 0.3765769600868225, 0.42598822712898254, 0.44932717084884644, 0.4144238829612732, 0.4091673791408539, 0.4108494520187378, 0.4144238829612732, 0.4137931168079376, 0.4175778031349182, 0.41862910985946655, 0.4177880585193634, 0.4198906719684601, 0.42409586906433105, 0.43271657824516296, 0.4423885643482208, 0.45248109102249146, 0.4663582742214203, 0.4749789834022522, 0.48486122488975525, 0.478973925113678, 0.48528173565864563, 0.48654332756996155, 0.49201008677482605, 0.49032801389694214, 0.49053826928138733, 0.4930613934993744, 0.49158957600593567, 0.49222034215927124, 0.4945332109928131, 0.4997897446155548, 0.4978973865509033, 0.5035744309425354, 0.5012615919113159, 0.5046257376670837, 0.5023128390312195, 0.5096719861030579, 0.511564314365387, 0.5107232928276062, 0.5161900520324707, 0.5113540887832642, 0.5191337466239929, 0.5224978923797607, 0.5304877758026123, 0.545836865901947, 0.5622372031211853, 0.574642539024353, 0.5805298686027527, 0.5857864022254944, 0.5864171385765076, 0.5870479345321655, 0.5960891246795654, 0.5971404314041138, 0.600084125995636, 0.6021867394447327, 0.5998738408088684, 0.6047098636627197, 0.6028174757957458, 0.6055508852005005, 0.6068124771118164, 0.6040790677070618, 0.6072329878807068, 0.611648440361023, 0.61417156457901, 0.611017644405365, 0.6154331564903259, 0.614802360534668, 0.6164844632148743, 0.6177459955215454, 0.6208999156951904, 0.6248948574066162, 0.6213204264640808, 0.621110200881958, 0.6232127547264099, 0.6238435506820679, 0.6269974708557129, 0.6265769600868225, 0.6276282668113708, 0.6242640614509583, 0.6267872452735901, 0.6267872452735901, 0.6246846318244934, 0.6269974708557129, 0.6343566179275513, 0.6280487775802612, 0.6337258219718933, 0.6324642300605774, 0.6339361071586609, 0.632674515247345, 0.6339361071586609, 0.6368797421455383, 0.6356181502342224, 0.63582843542099, 0.6366694569587708, 0.6396130919456482, 0.6398233771324158, 0.6394028663635254, 0.6444491147994995, 0.64213627576828], "val_loss": [3.2071645259857178, 2.787954330444336, 2.4691383838653564, 2.228203773498535, 2.0526058673858643, 1.9275109767913818, 1.8411974906921387, 1.7831701040267944, 1.744296669960022, 1.7137573957443237, 1.6922427415847778, 1.6677682399749756, 1.6492371559143066, 1.635115385055542, 1.6226245164871216, 1.6098480224609375, 1.6009389162063599, 1.5942713022232056, 1.5893707275390625, 1.5814013481140137, 1.578462839126587, 1.5762872695922852, 1.5731768608093262, 1.5692968368530273, 1.5677556991577148, 1.5679898262023926, 1.5694057941436768, 1.566304087638855, 1.5655498504638672, 1.5688170194625854, 1.5663636922836304, 1.5671871900558472, 1.572685718536377, 1.5738738775253296, 1.5691581964492798, 1.571763277053833, 1.5688186883926392, 1.5724000930786133, 1.5777372121810913, 1.577797532081604, 1.582567572593689, 1.588508129119873, 1.5890952348709106, 1.591475248336792, 1.5981019735336304, 1.5997390747070312, 1.6063638925552368, 1.6227595806121826, 1.6281760931015015, 1.642427682876587, 1.6465699672698975, 1.651928186416626, 1.6511884927749634, 1.661548376083374, 1.6670613288879395, 1.6722432374954224, 1.6796375513076782, 1.6828292608261108, 1.692492961883545, 1.6942886114120483, 1.692463994026184, 1.700578212738037, 1.7044321298599243, 1.7117551565170288, 1.7161604166030884, 1.7060998678207397, 1.7163747549057007, 1.7302824258804321, 1.7406150102615356, 1.7312939167022705, 1.764999270439148, 1.7575350999832153, 1.7386993169784546, 1.7476556301116943, 1.7605293989181519, 1.7508963346481323, 1.756974220275879, 1.768628716468811, 1.7735291719436646, 1.7761342525482178, 1.769221305847168, 1.7886303663253784, 1.7720186710357666, 1.7861030101776123, 1.787853479385376, 1.7849349975585938, 1.7944202423095703, 1.7813644409179688, 1.7901805639266968, 1.7882673740386963, 1.794318437576294, 1.7974767684936523, 1.798078179359436, 1.8133578300476074, 1.8055410385131836, 1.8057496547698975, 1.8129727840423584, 1.810245394706726, 1.803202509880066, 1.8095676898956299],