{"loss": [2.1707234382629395, 1.9379080533981323, 1.781610369682312, 1.6724220514297485, 1.596874475479126, 1.5417721271514893, 1.5019216537475586, 1.4727805852890015, 1.4480574131011963, 1.427064061164856, 1.4087547063827515, 1.3900775909423828, 1.372922658920288, 1.3568798303604126, 1.3428858518600464, 1.3298251628875732, 1.3193062543869019, 1.3110758066177368, 1.3028525114059448, 1.2967990636825562, 1.2903589010238647, 1.2864012718200684, 1.280676007270813, 1.2770533561706543, 1.2723063230514526, 1.2678375244140625, 1.2639771699905396, 1.260390043258667, 1.2575953006744385, 1.253819465637207, 1.251102328300476, 1.2481681108474731, 1.2460250854492188, 1.2426748275756836, 1.240208625793457, 1.237310528755188, 1.2353739738464355, 1.232210397720337, 1.2300121784210205, 1.2263060808181763, 1.224179744720459, 1.2206836938858032, 1.2172409296035767, 1.2141895294189453, 1.2104403972625732, 1.2044633626937866, 1.1999884843826294, 1.1956942081451416, 1.1900070905685425, 1.184511423110962, 1.1785539388656616, 1.1722817420959473, 1.164976954460144, 1.1543480157852173, 1.1422224044799805, 1.1279172897338867, 1.1099894046783447, 1.0833418369293213, 1.061690092086792, 1.0413752794265747, 1.0318273305892944, 1.0328630208969116, 1.0161303281784058, 1.0114238262176514, 1.0035287141799927, 1.0024291276931763, 0.9937993884086609, 0.9963002800941467, 0.9876125454902649, 0.9829320311546326, 0.9830942749977112, 0.9837062954902649, 0.9924376010894775, 0.9817385077476501, 0.9717091917991638, 0.9805250763893127, 0.9744739532470703, 0.9682662487030029, 0.9709011912345886, 0.9622845649719238, 0.9625990390777588, 0.9577341079711914, 0.9803022742271423, 0.964060366153717, 0.9555723071098328, 0.9698572158813477, 0.9576368927955627, 0.9736860394477844, 0.9591464400291443, 0.9532861113548279, 0.9452075362205505, 0.9449130892753601, 0.942674994468689, 0.9499025344848633, 0.9462278485298157, 0.9414781928062439, 0.9421623349189758, 0.9584330320358276, 0.9436059594154358, 0.9406027793884277], "accuracy": [0.19425068795681, 0.2574508488178253, 0.3857535421848297, 0.4056224822998047, 0.40900444984436035, 0.41407737135887146, 0.41534557938575745, 0.41471147537231445, 0.4149228632450104, 0.4178820550441742, 0.42168673872947693, 0.42528006434440613, 0.43458041548728943, 0.4495878219604492, 0.4567744731903076, 0.4679771661758423, 0.46861129999160767, 0.4679771661758423, 0.47199323773384094, 0.471147745847702, 0.47770026326179504, 0.4840414226055145, 0.48361867666244507, 0.49080532789230347, 0.49651235342025757, 0.49799197912216187, 0.4990488290786743, 0.5009511709213257, 0.5013738870620728, 0.5020080208778381, 0.5064468383789062, 0.5030648708343506, 0.502853512763977, 0.5051786303520203, 0.5005284547805786, 0.5070809721946716, 0.5058127045631409, 0.5096173882484436, 0.5056013464927673, 0.5091946721076965, 0.5058127045631409, 0.5100401639938354, 0.5077150464057922, 0.5138448476791382, 0.51426762342453, 0.5163813233375549, 0.5174381732940674, 0.5172268152236938, 0.5237793326377869, 0.5322341918945312, 0.5356161594390869, 0.5398435592651367, 0.5472415685653687, 0.5535827279090881, 0.567110538482666, 0.5776791572570801, 0.5848658084869385, 0.5973367094993591, 0.6030437350273132, 0.6150919198989868, 0.6229127049446106, 0.6191080212593079, 0.6256605386734009, 0.6298879981040955, 0.631367564201355, 0.6279856562614441, 0.6305220723152161, 0.6277742385864258, 0.6324244141578674, 0.6334812641143799, 0.6332699060440063, 0.6326358318328857, 0.6265060305595398, 0.6355950236320496, 0.6406679153442383, 0.6345381736755371, 0.642781674861908, 0.643204391002655, 0.6383428573608398, 0.6457408666610718, 0.642781674861908, 0.6465863585472107, 0.6410906910896301, 0.6470090746879578, 0.6472204327583313, 0.6402451992034912, 0.6476432085037231, 0.6400338411331177, 0.643204391002655, 0.6499682664871216, 0.6560980677604675, 0.654618501663208, 0.6582117676734924, 0.6514478921890259, 0.6544070839881897, 0.6580004096031189, 0.6584231853485107, 0.6480659246444702, 0.6537730097770691, 0.6541957259178162], "val_loss": [2.0781617164611816, 1.9192978143692017, 1.8096948862075806, 1.7393171787261963, 1.6889663934707642, 1.6580102443695068, 1.6333448886871338, 1.6146742105484009, 1.6004222631454468, 1.5866975784301758, 1.5721744298934937, 1.5665087699890137, 1.5621166229248047, 1.5584876537322998, 1.558235764503479, 1.552821397781372, 1.5565685033798218, 1.552818775177002, 1.5532562732696533, 1.551843523979187, 1.548435091972351, 1.5539512634277344, 1.5532480478286743, 1.5559006929397583, 1.55173659324646, 1.5507289171218872, 1.5530064105987549, 1.5518614053726196, 1.552785038948059, 1.5499933958053589, 1.5541071891784668, 1.5599473714828491, 1.555610179901123, 1.5560628175735474, 1.5600117444992065, 1.5530939102172852, 1.5618703365325928, 1.5622313022613525, 1.565791130065918, 1.5632416009902954, 1.5707204341888428, 1.567478060722351, 1.5763784646987915, 1.572378396987915, 1.5694642066955566, 1.578094482421875, 1.583314061164856, 1.5816150903701782, 1.58499276638031, 1.587490439414978, 1.583974003791809, 1.597612977027893, 1.6020745038986206, 1.606255054473877, 1.610752820968628, 1.61520516872406, 1.6286921501159668, 1.6471325159072876, 1.6503431797027588, 1.6662236452102661, 1.6699095964431763, 1.670073390007019, 1.6703991889953613, 1.6728825569152832, 1.6792504787445068, 1.6738444566726685, 1.6909456253051758, 1.679280161857605, 1.6887742280960083, 1.691904902458191, 1.6906423568725586, 1.7193572521209717, 1.6887487173080444, 1.6975470781326294, 1.7175158262252808, 1.70171320438385, 1.700010061264038, 1.715245008468628, 1.7086851596832275, 1.716625690460205, 1.7246419191360474, 1.7401918172836304, 1.7383743524551392, 1.7298352718353271, 1.7296334505081177, 1.7406622171401978, 1.7424108982086182, 1.7538888454437256, 1.7498847246170044, 1.751875638961792, 1.7427443265914917, 1.7564661502838135, 1.755545735359192, 1.7643743753433228, 1.7677024602890015, 1.776538372039795, 1.7563296556472778, 1.742368221282959, 1.7511334419250488, 1.7579344511032104],