{"loss": [4.731756687164307, 4.313581466674805, 3.805835723876953, 3.2649002075195312, 2.8239266872406006, 2.520625114440918, 2.2658531665802, 2.042560338973999, 1.8868849277496338, 1.7675026655197144, 1.672428846359253, 1.5923970937728882, 1.5240414142608643, 1.4650732278823853, 1.4132471084594727, 1.3669735193252563, 1.3273125886917114, 1.2908799648284912, 1.2586051225662231, 1.2303324937820435, 1.2031558752059937, 1.178359866142273, 1.1551185846328735, 1.1329764127731323, 1.1115951538085938, 1.090673565864563, 1.0710660219192505, 1.0520055294036865, 1.0334947109222412, 1.016062617301941, 0.9992566704750061, 0.9830179214477539, 0.9677976369857788, 0.9527670741081238, 0.9396977424621582, 0.9262837767601013, 0.9139408469200134, 0.9022473692893982, 0.8924095034599304, 0.8834261298179626, 0.8745644092559814, 0.866366446018219, 0.8584545850753784, 0.8507516980171204, 0.8436946868896484, 0.8372356295585632, 0.8307268023490906, 0.8239498734474182, 0.818253219127655, 0.8121336698532104, 0.806336522102356, 0.8014767169952393, 0.7965323328971863, 0.7916678786277771, 0.7871308922767639, 0.7831183671951294, 0.7787438035011292, 0.7744919657707214, 0.7704019546508789, 0.7663576006889343, 0.7625814080238342, 0.7579904794692993, 0.7545123100280762, 0.7506349086761475, 0.74752277135849, 0.743457555770874, 0.7399944067001343, 0.7363281846046448, 0.7329627275466919, 0.7294161319732666, 0.7259191870689392, 0.723012387752533, 0.7201782464981079, 0.7172676920890808, 0.7141579985618591, 0.7120915651321411, 0.7095627784729004, 0.7065118551254272, 0.7044755816459656, 0.7021909356117249, 0.6998063325881958, 0.6969510316848755, 0.6951354146003723, 0.692681610584259, 0.6905633211135864, 0.6879915595054626, 0.6859504580497742, 0.6826131343841553, 0.6804704070091248, 0.6782202124595642, 0.6759073734283447, 0.6740647554397583, 0.672034502029419, 0.670254647731781, 0.668295681476593, 0.6663358211517334, 0.6648433208465576, 0.6630445718765259, 0.6616186499595642, 0.6601431369781494], "accuracy": [0.2404956966638565, 0.3774417042732239, 0.4148288071155548, 0.4089477062225342, 0.41818946599960327, 0.4467548727989197, 0.47027936577796936, 0.516278088092804, 0.5482041835784912, 0.5650073289871216, 0.5771896839141846, 0.5883218050003052, 0.5988237857818604, 0.6076454520225525, 0.6145767569541931, 0.6215080618858337, 0.6263390183448792, 0.6357908248901367, 0.6381012201309204, 0.6431422233581543, 0.6477630734443665, 0.650913655757904, 0.653434157371521, 0.657634973526001, 0.659315288066864, 0.661415696144104, 0.6662465929985046, 0.6700273156166077, 0.6740180850028992, 0.6759084463119507, 0.6805292963981628, 0.6822096109390259, 0.6851502060890198, 0.6885108351707458, 0.689350962638855, 0.6950220465660095, 0.695652186870575, 0.6981726288795471, 0.7038437128067017, 0.7044738531112671, 0.7051039934158325, 0.7088847160339355, 0.7103549838066101, 0.7141357064247131, 0.7177063822746277, 0.7191766500473022, 0.7210670113563538, 0.7256878614425659, 0.7275782227516174, 0.729048490524292, 0.7305188179016113, 0.7326192259788513, 0.732829213142395, 0.7345095276832581, 0.738710343837738, 0.7376601696014404, 0.7393404841423035, 0.7420709729194641, 0.743331253528595, 0.7420709729194641, 0.744591474533081, 0.7458516955375671, 0.7479521036148071, 0.7477420568466187, 0.7506826519966125, 0.7504726052284241, 0.7517328262329102, 0.7538332343101501, 0.7557235956192017, 0.7553035020828247, 0.7565637230873108, 0.7580340504646301, 0.7588741779327393, 0.7590842247009277, 0.7609745860099792, 0.7618147730827332, 0.7611846327781677, 0.7634950876235962, 0.7616047263145447, 0.7651754021644592, 0.7664356231689453, 0.7653854489326477, 0.7653854489326477, 0.7668557167053223, 0.7637050747871399, 0.7655954360961914, 0.7651754021644592, 0.7683259844779968, 0.7674857974052429, 0.7681159377098083, 0.7689561247825623, 0.7693761587142944, 0.7679058909416199, 0.7697962522506714, 0.7697962522506714, 0.7702163457870483, 0.7706364393234253, 0.7721067070960999, 0.7706364393234253, 0.7723167538642883], "val_loss": [4.564373016357422, 4.1083879470825195, 3.6376261711120605, 3.2174923419952393, 2.9531807899475098, 2.733525276184082, 2.5062897205352783, 2.3603932857513428, 2.261255979537964, 2.1812705993652344, 2.1155295372009277, 2.0600154399871826, 2.009033441543579, 1.9628500938415527, 1.9242827892303467, 1.8903961181640625, 1.866687536239624, 1.840408205986023, 1.8153080940246582, 1.7920506000518799, 1.767713189125061, 1.747187614440918, 1.7244030237197876, 1.7074408531188965, 1.6900004148483276, 1.6705245971679688, 1.6546248197555542, 1.6393402814865112, 1.6264207363128662, 1.6107600927352905, 1.5967479944229126, 1.5857216119766235, 1.5759472846984863, 1.5671148300170898, 1.5555088520050049, 1.546470284461975, 1.5357306003570557, 1.533155918121338, 1.5262051820755005, 1.5169662237167358, 1.5120264291763306, 1.5082370042800903, 1.5026832818984985, 1.4988001585006714, 1.4992578029632568, 1.490474820137024, 1.4867852926254272, 1.4890389442443848, 1.4852954149246216, 1.4851101636886597, 1.480415940284729, 1.4826781749725342, 1.4787709712982178, 1.4809181690216064, 1.4802744388580322, 1.4771578311920166, 1.4798635244369507, 1.4774665832519531, 1.476054072380066, 1.4750257730484009, 1.4767569303512573, 1.4776809215545654, 1.4794114828109741, 1.4800513982772827, 1.4801994562149048, 1.483165979385376, 1.4829071760177612, 1.4877828359603882, 1.4905296564102173, 1.4897860288619995, 1.4906282424926758, 1.4987398386001587, 1.4945522546768188, 1.4939857721328735, 1.4985123872756958, 1.505428671836853, 1.5083340406417847, 1.507770299911499, 1.5080076456069946, 1.5104862451553345, 1.5155938863754272, 1.516205906867981, 1.5169864892959595, 1.5188745260238647, 1.5209954977035522, 1.5216749906539917, 1.5232138633728027, 1.5289106369018555, 1.5317636728286743, 1.5317890644073486, 1.5321862697601318, 1.5308786630630493, 1.530884861946106, 1.5361323356628418, 1.53362238407135, 1.5339115858078003, 1.5377479791641235, 1.5420703887939453, 1.5445364713668823, 1.5396429300308228],