{"loss": [2.7831788063049316, 2.4038987159729004, 2.1341452598571777, 1.9398326873779297, 1.7961540222167969, 1.691672444343567, 1.614995002746582, 1.5627275705337524, 1.5245531797409058, 1.4951317310333252, 1.4703385829925537, 1.450568437576294, 1.431485652923584, 1.4152021408081055, 1.3976407051086426, 1.3839497566223145, 1.3722120523452759, 1.3608416318893433, 1.350311279296875, 1.3406941890716553, 1.3310928344726562, 1.3220751285552979, 1.3154953718185425, 1.3083369731903076, 1.3023039102554321, 1.2974647283554077, 1.292006492614746, 1.287978172302246, 1.2840383052825928, 1.2794269323349, 1.2753723859786987, 1.2716504335403442, 1.2676939964294434, 1.2642499208450317, 1.2610552310943604, 1.2579128742218018, 1.2547422647476196, 1.25047767162323, 1.247827410697937, 1.244372010231018, 1.241050362586975, 1.2395809888839722, 1.2369669675827026, 1.2344189882278442, 1.232305884361267, 1.2302491664886475, 1.2281990051269531, 1.2266801595687866, 1.2248878479003906, 1.2234015464782715, 1.221058964729309, 1.220597505569458, 1.2178802490234375, 1.2161388397216797, 1.214658260345459, 1.213779091835022, 1.2119359970092773, 1.2100579738616943, 1.209834098815918, 1.2078254222869873, 1.205380916595459, 1.2046840190887451, 1.2037001848220825, 1.201813817024231, 1.2010388374328613, 1.1996471881866455, 1.1984323263168335, 1.1973037719726562, 1.1966456174850464, 1.1945034265518188, 1.1945075988769531, 1.1934592723846436, 1.1917041540145874, 1.1911286115646362, 1.1898709535598755, 1.1883729696273804, 1.1869813203811646, 1.1860469579696655, 1.1850939989089966, 1.184067964553833, 1.183057188987732, 1.1822224855422974, 1.180543065071106, 1.1790865659713745, 1.1794843673706055, 1.1781225204467773, 1.1760330200195312, 1.1762962341308594, 1.1741598844528198, 1.1734867095947266, 1.1722674369812012, 1.1707594394683838, 1.1690858602523804, 1.1678156852722168, 1.1659971475601196, 1.165911078453064, 1.164383888244629, 1.1623566150665283, 1.1624257564544678, 1.1615219116210938], "accuracy": [0.21937920153141022, 0.3552852272987366, 0.42365771532058716, 0.4182046949863434, 0.41086408495903015, 0.41401007771492004, 0.4182046949863434, 0.4158976376056671, 0.4186241626739502, 0.41757550835609436, 0.4194630980491638, 0.41988253593444824, 0.42093122005462646, 0.42302852869033813, 0.42407718300819397, 0.42680367827415466, 0.42973992228507996, 0.4372902810573578, 0.4412751793861389, 0.4467281997203827, 0.456585556268692, 0.4624580442905426, 0.47021812200546265, 0.4712667763233185, 0.4773489832878113, 0.481543630361557, 0.48636746406555176, 0.48867449164390564, 0.48930367827415466, 0.4930788576602936, 0.49286913871765137, 0.49496644735336304, 0.49601510167121887, 0.4968540370464325, 0.49538591504096985, 0.501258373260498, 0.5004194378852844, 0.5004194378852844, 0.5018875598907471, 0.5077600479125977, 0.5058724880218506, 0.5098573565483093, 0.5121644139289856, 0.5119547247886658, 0.5123741626739502, 0.5167785286903381, 0.5184563994407654, 0.5171979665756226, 0.5195050239562988, 0.5176174640655518, 0.5216023325920105, 0.5188758373260498, 0.5228607654571533, 0.5224412679672241, 0.5268456339836121, 0.5251677632331848, 0.5310402512550354, 0.5285235047340393, 0.5281040072441101, 0.5329278707504272, 0.529991626739502, 0.5335570573806763, 0.531879186630249, 0.532508373260498, 0.5341862440109253, 0.5360738039016724, 0.5364933013916016, 0.5350251793861389, 0.5356543660163879, 0.5398489832878113, 0.5390100479125977, 0.5358641147613525, 0.5411073565483093, 0.5427852272987366, 0.5436241626739502, 0.5434144139289856, 0.5444630980491638, 0.5438339114189148, 0.5434144139289856, 0.5465604066848755, 0.5492869019508362, 0.5488674640655518, 0.5482382774353027, 0.5501258373260498, 0.5497063994407654, 0.5499160885810852, 0.5524328947067261, 0.5492869019508362, 0.551174521446228, 0.551174521446228, 0.5526426434516907, 0.5505452752113342, 0.5551593899726868, 0.5564177632331848, 0.5585150718688965, 0.5543204545974731, 0.5541107654571533, 0.5578858852386475, 0.5570470094680786, 0.5583053827285767], "val_loss": [2.6788430213928223, 2.3691253662109375, 2.1578168869018555, 2.0051991939544678, 1.8941155672073364, 1.814063310623169, 1.7562311887741089, 1.7108932733535767, 1.6791305541992188, 1.6504759788513184, 1.6279360055923462, 1.6094038486480713, 1.5942511558532715, 1.5812069177627563, 1.5680935382843018, 1.5577610731124878, 1.5502729415893555, 1.543715238571167, 1.5362015962600708, 1.5323237180709839, 1.530636191368103, 1.5280263423919678, 1.528777837753296, 1.527038812637329, 1.5336475372314453, 1.535507321357727, 1.5364238023757935, 1.5395196676254272, 1.5434242486953735, 1.5446114540100098, 1.548520565032959, 1.553403615951538, 1.5556309223175049, 1.55661141872406, 1.5578534603118896, 1.5624136924743652, 1.5685709714889526, 1.5715763568878174, 1.5800520181655884, 1.5807135105133057, 1.5814157724380493, 1.5880132913589478, 1.5885260105133057, 1.5962855815887451, 1.5982589721679688, 1.600606083869934, 1.6061125993728638, 1.6080005168914795, 1.6121225357055664, 1.615676999092102, 1.6221691370010376, 1.6209100484848022, 1.6261323690414429, 1.6283642053604126, 1.6318135261535645, 1.6380717754364014, 1.6406258344650269, 1.6410753726959229, 1.6461282968521118, 1.6500083208084106, 1.6510486602783203, 1.6551331281661987, 1.6564974784851074, 1.6577701568603516, 1.6618582010269165, 1.66742742061615, 1.6685388088226318, 1.6663215160369873, 1.6707818508148193, 1.6706739664077759, 1.6735349893569946, 1.6723694801330566, 1.6773288249969482, 1.679394245147705, 1.678534984588623, 1.6831254959106445, 1.6851290464401245, 1.6908432245254517, 1.6943258047103882, 1.6944093704223633, 1.6963733434677124, 1.6983764171600342, 1.6993274688720703, 1.7040369510650635, 1.7028299570083618, 1.7010799646377563, 1.7092657089233398, 1.7058285474777222, 1.7113221883773804, 1.710923194885254, 1.711401104927063, 1.7141910791397095, 1.717974066734314, 1.721818208694458, 1.724130392074585, 1.7262868881225586, 1.7281478643417358, 1.729923963546753, 1.7355000972747803, 1.7440868616104126],