{"loss": [4.70619535446167, 4.0518717765808105, 3.4860360622406006, 2.9950835704803467, 2.5732009410858154, 2.2297234535217285, 1.973692536354065, 1.7982778549194336, 1.6825815439224243, 1.6045610904693604, 1.5524121522903442, 1.5152581930160522, 1.487793207168579, 1.4646339416503906, 1.443572998046875, 1.4248607158660889, 1.40895676612854, 1.3944159746170044, 1.3806341886520386, 1.3668642044067383, 1.3557029962539673, 1.3465771675109863, 1.3384085893630981, 1.3306108713150024, 1.3234795331954956, 1.316811203956604, 1.3105287551879883, 1.3050411939620972, 1.298949956893921, 1.293872356414795, 1.2889379262924194, 1.2836283445358276, 1.2784804105758667, 1.272708773612976, 1.2678744792938232, 1.262467384338379, 1.257724642753601, 1.2525343894958496, 1.246944785118103, 1.240976333618164, 1.2367953062057495, 1.231760859489441, 1.2254230976104736, 1.2198554277420044, 1.2128262519836426, 1.205863118171692, 1.19523024559021, 1.1830089092254639, 1.1740792989730835, 1.1627298593521118, 1.1532986164093018, 1.1474775075912476, 1.1408977508544922, 1.133629322052002, 1.1297235488891602, 1.1228315830230713, 1.118009328842163, 1.115730881690979, 1.1079901456832886, 1.104581356048584, 1.0970145463943481, 1.0951379537582397, 1.0866949558258057, 1.0850261449813843, 1.0809259414672852, 1.076757788658142, 1.0739372968673706, 1.0741699934005737, 1.0689905881881714, 1.067954182624817, 1.0670220851898193, 1.0625313520431519, 1.0592120885849, 1.0550360679626465, 1.0534449815750122, 1.0528162717819214, 1.0485647916793823, 1.0468523502349854, 1.0445352792739868, 1.0436158180236816, 1.0435984134674072, 1.0403926372528076, 1.0365651845932007, 1.0366296768188477, 1.0338433980941772, 1.0260684490203857, 1.028928518295288, 1.0243251323699951, 1.0236036777496338, 1.0169339179992676, 1.0128602981567383, 1.0135540962219238, 1.0064802169799805, 1.0009056329727173, 1.0003684759140015, 0.9946122765541077, 0.9899928569793701, 0.9877551198005676, 0.9857714176177979, 0.9809861779212952], "accuracy": [0.20415878295898438, 0.26044949889183044, 0.30644822120666504, 0.34719595313072205, 0.38290274143218994, 0.4270111322402954, 0.45515647530555725, 0.44087377190589905, 0.4131484925746918, 0.41251838207244873, 0.41839948296546936, 0.4188195765018463, 0.42049989104270935, 0.4228103458881378, 0.4259609282016754, 0.4314219653606415, 0.4383533000946045, 0.45095568895339966, 0.4616677165031433, 0.47448015213012695, 0.48162150382995605, 0.48456206917762756, 0.4891829490661621, 0.4910733103752136, 0.49506404995918274, 0.4954841434955597, 0.49569419026374817, 0.49716445803642273, 0.4975845515727997, 0.4984247088432312, 0.5005251169204712, 0.5011551976203918, 0.4994749128818512, 0.5070363283157349, 0.5026255249977112, 0.5045158863067627, 0.5064061880111694, 0.5099769234657288, 0.5108170509338379, 0.515857994556427, 0.5145977735519409, 0.5204789042472839, 0.5213190317153931, 0.524259626865387, 0.5240495800971985, 0.5295106172561646, 0.5341314673423767, 0.5526149868965149, 0.5542953014373779, 0.559756338596344, 0.5652173757553101, 0.5666876435279846, 0.5713085532188416, 0.5765595436096191, 0.5761394500732422, 0.5801302194595337, 0.5822306275367737, 0.5900021195411682, 0.5929426550865173, 0.5942028760910034, 0.6005041003227234, 0.5981936454772949, 0.6038647294044495, 0.6072253584861755, 0.6080655455589294, 0.6084856390953064, 0.6105859875679016, 0.6135265827178955, 0.6122663021087646, 0.6128964424133301, 0.6124763488769531, 0.6187775731086731, 0.6179373860359192, 0.615837037563324, 0.6179373860359192, 0.6196177005767822, 0.6254988312721252, 0.6229783892631531, 0.6286494731903076, 0.6299096941947937, 0.6257088780403137, 0.6290695071220398, 0.6343204975128174, 0.6299096941947937, 0.6315900087356567, 0.6322201490402222, 0.6341105103492737, 0.6412518620491028, 0.6360008120536804, 0.6441923975944519, 0.6418819427490234, 0.6399915814399719, 0.6458727121353149, 0.6519638895988464, 0.6511237025260925, 0.6536442041397095, 0.6561646461486816, 0.6607855558395386, 0.6603654623031616, 0.6595253348350525], "val_loss": [4.474859714508057, 3.9256231784820557, 3.4375391006469727, 3.010660171508789, 2.6479454040527344, 2.3632304668426514, 2.155118227005005, 2.0107486248016357, 1.9134989976882935, 1.8505107164382935, 1.8090343475341797, 1.780912160873413, 1.7584329843521118, 1.7385118007659912, 1.7229628562927246, 1.7116665840148926, 1.698876976966858, 1.6895966529846191, 1.6792031526565552, 1.6680594682693481, 1.6617982387542725, 1.6538077592849731, 1.6517800092697144, 1.6508256196975708, 1.646533489227295, 1.643294095993042, 1.6432185173034668, 1.639289140701294, 1.6410870552062988, 1.6384698152542114, 1.6386480331420898, 1.639129638671875, 1.6393418312072754, 1.639991044998169, 1.639193058013916, 1.6414968967437744, 1.6406276226043701, 1.646769404411316, 1.646055817604065, 1.6418635845184326, 1.6466724872589111, 1.6443657875061035, 1.6550509929656982, 1.65190851688385, 1.6516153812408447, 1.6502556800842285, 1.659373164176941, 1.6660929918289185, 1.6751010417938232, 1.6857781410217285, 1.6846919059753418, 1.695183277130127, 1.7080796957015991, 1.7174948453903198, 1.7174580097198486, 1.7251313924789429, 1.7259780168533325, 1.7310539484024048, 1.7414422035217285, 1.74763023853302, 1.7577406167984009, 1.764425277709961, 1.7808191776275635, 1.7767493724822998, 1.7818832397460938, 1.7831695079803467, 1.787266731262207, 1.778511881828308, 1.7939387559890747, 1.7990933656692505, 1.8037455081939697, 1.8076708316802979, 1.811080813407898, 1.8155635595321655, 1.8232433795928955, 1.8501466512680054, 1.8555201292037964, 1.870831847190857, 1.8548076152801514, 1.8723630905151367, 1.8968031406402588, 1.9057940244674683, 1.9086905717849731, 1.9148577451705933, 1.918595790863037, 1.917170763015747, 1.926778793334961, 1.9435733556747437, 1.9670523405075073, 1.962541937828064, 1.9809293746948242, 1.9855358600616455, 1.985058307647705, 2.0018577575683594, 2.015453577041626, 2.030522108078003, 2.0395405292510986, 2.0607612133026123, 2.042989492416382, 2.0557425022125244],