{"loss": [4.403369903564453, 3.5047671794891357, 2.7406694889068604, 2.1666510105133057, 1.7960187196731567, 1.5798702239990234, 1.458228588104248, 1.3871209621429443, 1.3401458263397217, 1.3048211336135864, 1.276112675666809, 1.2512725591659546, 1.2296231985092163, 1.209783673286438, 1.192201852798462, 1.1757423877716064, 1.1609067916870117, 1.1462974548339844, 1.133001685142517, 1.1209269762039185, 1.1091703176498413, 1.0984165668487549, 1.08860182762146, 1.0784778594970703, 1.0694177150726318, 1.0605827569961548, 1.0521541833877563, 1.0438730716705322, 1.0358210802078247, 1.0278496742248535, 1.0199276208877563, 1.0123261213302612, 1.0045061111450195, 0.997449517250061, 0.990501344203949, 0.9830643534660339, 0.9759904742240906, 0.9693751931190491, 0.9627054929733276, 0.9563841223716736, 0.9496946334838867, 0.9436621069908142, 0.9375611543655396, 0.9314644932746887, 0.9262227416038513, 0.9208412170410156, 0.915681779384613, 0.9098423719406128, 0.9061223864555359, 0.9012885093688965, 0.8969452977180481, 0.8926273584365845, 0.8888137340545654, 0.8848932385444641, 0.881227433681488, 0.8766425251960754, 0.8735105991363525, 0.869890034198761, 0.8670687079429626, 0.8630583882331848, 0.85947185754776, 0.8567070960998535, 0.8541142344474792, 0.8503492474555969, 0.8480654358863831, 0.8446890115737915, 0.8418816328048706, 0.8394407629966736, 0.8363878726959229, 0.8335477113723755, 0.8310626149177551, 0.8283764719963074, 0.8260964751243591, 0.8235613703727722, 0.8211900591850281, 0.8191410303115845, 0.8161734342575073, 0.8136983513832092, 0.810667872428894, 0.8098469972610474, 0.8072642087936401, 0.8052695393562317, 0.8037749528884888, 0.8014035820960999, 0.7999551892280579, 0.7979146838188171, 0.7956556081771851, 0.7939622402191162, 0.7915940284729004, 0.7908024787902832, 0.7889132499694824, 0.787222683429718, 0.7851935029029846, 0.7843198776245117, 0.7831525802612305, 0.7802859544754028, 0.779486358165741, 0.7772232294082642, 0.7756538987159729, 0.7746170163154602], "accuracy": [0.24328859150409698, 0.32634228467941284, 0.36786913871765137, 0.4158976376056671, 0.4653942883014679, 0.4790268540382385, 0.4536493420600891, 0.4379194676876068, 0.4408557116985321, 0.4490352272987366, 0.4622483253479004, 0.480914443731308, 0.49790269136428833, 0.5144714713096619, 0.5216023325920105, 0.5348154306411743, 0.5434144139289856, 0.5515939593315125, 0.557466447353363, 0.5658556818962097, 0.5673238039016724, 0.5683724880218506, 0.5704697966575623, 0.5780201554298401, 0.5803271532058716, 0.583053708076477, 0.5855704545974731, 0.5899748206138611, 0.5918624401092529, 0.5939597487449646, 0.5964764952659607, 0.6015100479125977, 0.605075478553772, 0.6059144139289856, 0.6105285286903381, 0.6124160885810852, 0.6176593899726868, 0.6182885766029358, 0.624370813369751, 0.624370813369751, 0.6279362440109253, 0.6291946172714233, 0.6346476674079895, 0.636325478553772, 0.636325478553772, 0.6369547247886658, 0.6411493420600891, 0.6457633972167969, 0.6436660885810852, 0.6459731459617615, 0.6484899520874023, 0.650587260723114, 0.651216447353363, 0.6539429426193237, 0.6545721292495728, 0.6560402512550354, 0.6589764952659607, 0.6596056818962097, 0.6600251793861389, 0.6617029905319214, 0.6665268540382385, 0.6644295454025269, 0.6665268540382385, 0.6684144139289856, 0.6665268540382385, 0.667575478553772, 0.6721895933151245, 0.6747063994407654, 0.6732382774353027, 0.6778523325920105, 0.6782718300819397, 0.6770133972167969, 0.6814177632331848, 0.6833053827285767, 0.6826761960983276, 0.681837260723114, 0.682466447353363, 0.6879194378852844, 0.6879194378852844, 0.6856124401092529, 0.6875, 0.6921141147613525, 0.692533552646637, 0.6946308612823486, 0.6942114233970642, 0.6956795454025269, 0.694421112537384, 0.6973573565483093, 0.6960989832878113, 0.698825478553772, 0.6967281699180603, 0.6973573565483093, 0.6994547247886658, 0.6975671052932739, 0.6984060406684875, 0.7002936005592346, 0.7026006579399109, 0.7005033493041992, 0.7021812200546265, 0.7057466506958008], "val_loss": [3.9704699516296387, 3.19425106048584, 2.5650601387023926, 2.130826950073242, 1.8596384525299072, 1.6985119581222534, 1.6030845642089844, 1.541013240814209, 1.498664140701294, 1.4665824174880981, 1.4397886991500854, 1.420000672340393, 1.4052928686141968, 1.392044186592102, 1.3828455209732056, 1.3756147623062134, 1.3696826696395874, 1.3661094903945923, 1.3638288974761963, 1.3645598888397217, 1.3609949350357056, 1.3598601818084717, 1.3595037460327148, 1.3554645776748657, 1.3584638833999634, 1.3609527349472046, 1.359623670578003, 1.3634799718856812, 1.3631211519241333, 1.3628114461898804, 1.3657206296920776, 1.3680347204208374, 1.3741248846054077, 1.3712968826293945, 1.375099778175354, 1.377034068107605, 1.377097725868225, 1.3805433511734009, 1.3850903511047363, 1.3866933584213257, 1.3898016214370728, 1.391671895980835, 1.3920276165008545, 1.3986104726791382, 1.4020484685897827, 1.4052610397338867, 1.404615044593811, 1.4053744077682495, 1.4112492799758911, 1.414654016494751, 1.4149447679519653, 1.4230563640594482, 1.4107078313827515, 1.4213557243347168, 1.422768235206604, 1.4278545379638672, 1.4268144369125366, 1.4256001710891724, 1.4291061162948608, 1.4360328912734985, 1.4412872791290283, 1.4395941495895386, 1.440871000289917, 1.4511293172836304, 1.448854684829712, 1.445088505744934, 1.4538079500198364, 1.451979398727417, 1.469334363937378, 1.4686678647994995, 1.4701379537582397, 1.4767591953277588, 1.478134274482727, 1.4797945022583008, 1.4863977432250977, 1.4853631258010864, 1.4879214763641357, 1.4892953634262085, 1.4821467399597168, 1.497211217880249, 1.4961013793945312, 1.508147120475769, 1.5107412338256836, 1.501814603805542, 1.5094575881958008, 1.5107269287109375, 1.5078608989715576, 1.5203661918640137, 1.5201833248138428, 1.525647521018982, 1.5171140432357788, 1.5129375457763672, 1.5178388357162476, 1.522559404373169, 1.5250916481018066, 1.5304688215255737, 1.5277836322784424, 1.5401769876480103, 1.5288084745407104, 1.5412873029708862],