{"loss": [3.3650219440460205, 3.07831072807312, 2.811424970626831, 2.577467441558838, 2.3708369731903076, 2.184962511062622, 2.02512526512146, 1.8966132402420044, 1.7951802015304565, 1.7158533334732056, 1.6532901525497437, 1.6033470630645752, 1.5613242387771606, 1.5253653526306152, 1.4935085773468018, 1.4648865461349487, 1.4392391443252563, 1.41517972946167, 1.392948865890503, 1.3715742826461792, 1.3518294095993042, 1.3328968286514282, 1.3152581453323364, 1.2986587285995483, 1.283401370048523, 1.269185185432434, 1.255972146987915, 1.2440301179885864, 1.2326942682266235, 1.2219783067703247, 1.2119473218917847, 1.2024953365325928, 1.1936707496643066, 1.1854280233383179, 1.1774723529815674, 1.1700525283813477, 1.1628292798995972, 1.1560349464416504, 1.1495842933654785, 1.1433546543121338, 1.1374921798706055, 1.1320379972457886, 1.126797080039978, 1.1216014623641968, 1.1169887781143188, 1.1120741367340088, 1.1076784133911133, 1.1033889055252075, 1.0992209911346436, 1.0952800512313843, 1.0912234783172607, 1.0873932838439941, 1.083457112312317, 1.0798022747039795, 1.0762746334075928, 1.072615385055542, 1.0691195726394653, 1.065794825553894, 1.0623478889465332, 1.0590479373931885, 1.0560637712478638, 1.0527105331420898, 1.0494917631149292, 1.0463062524795532, 1.0432634353637695, 1.0404967069625854, 1.0378326177597046, 1.0350871086120605, 1.0324549674987793, 1.0297528505325317, 1.0272648334503174, 1.0249557495117188, 1.0224558115005493, 1.0201385021209717, 1.0179262161254883, 1.0157444477081299, 1.0134902000427246, 1.0114108324050903, 1.0092370510101318, 1.0074102878570557, 1.0052813291549683, 1.0032609701156616, 1.0013223886489868, 0.9994899034500122, 0.9976223707199097, 0.9955304861068726, 0.9937120676040649, 0.9919027090072632, 0.989989697933197, 0.9883393049240112, 0.9864380359649658, 0.9847800135612488, 0.9828462600708008, 0.9814390540122986, 0.9797993898391724, 0.9781141877174377, 0.9765335917472839, 0.9749402403831482, 0.9735167026519775, 0.9718050360679626], "accuracy": [0.2093120813369751, 0.29530200362205505, 0.33557048439979553, 0.38213086128234863, 0.4217701256275177, 0.4477768540382385, 0.4712667763233185, 0.4836409389972687, 0.4995805323123932, 0.5092281699180603, 0.5134228467941284, 0.5178271532058716, 0.5230704545974731, 0.5247483253479004, 0.5272650718688965, 0.5297818779945374, 0.5316694378852844, 0.5343959927558899, 0.5354446172714233, 0.5385906100273132, 0.5417366027832031, 0.5415268540382385, 0.542575478553772, 0.5440436005592346, 0.5448825359344482, 0.5473993420600891, 0.5473993420600891, 0.5490771532058716, 0.5501258373260498, 0.5513842105865479, 0.5541107654571533, 0.5553691387176514, 0.556208074092865, 0.5564177632331848, 0.5593540072441101, 0.5597735047340393, 0.5606124401092529, 0.5620805621147156, 0.5643875598907471, 0.5671141147613525, 0.5696308612823486, 0.5750839114189148, 0.5761325359344482, 0.5792785286903381, 0.582424521446228, 0.583053708076477, 0.5851510167121887, 0.5870385766029358, 0.5878775119781494, 0.5897650718688965, 0.5912331938743591, 0.5916526913642883, 0.5929110646247864, 0.5947986841201782, 0.5947986841201782, 0.5958473086357117, 0.5977349281311035, 0.5989933013916016, 0.600041925907135, 0.6019295454025269, 0.6019295454025269, 0.6038171052932739, 0.6048657894134521, 0.6057047247886658, 0.6067533493041992, 0.6071728467941284, 0.6090604066848755, 0.6105285286903381, 0.6092701554298401, 0.6111577153205872, 0.6115771532058716, 0.6130452752113342, 0.6138842105865479, 0.6153523325920105, 0.6161912679672241, 0.6166107654571533, 0.6178691387176514, 0.6197566986083984, 0.6168204545974731, 0.618078887462616, 0.618708074092865, 0.619337260723114, 0.619966447353363, 0.6189177632331848, 0.6218540072441101, 0.619966447353363, 0.6231124401092529, 0.6229026913642883, 0.6226929426193237, 0.623741626739502, 0.625, 0.6252097487449646, 0.6258389353752136, 0.625, 0.6291946172714233, 0.6289849281311035, 0.6308724880218506, 0.631921112537384, 0.631921112537384, 0.6315016746520996], "val_loss": [3.251439094543457, 3.0009233951568604, 2.776566982269287, 2.57895565032959, 2.404900312423706, 2.2525246143341064, 2.1309380531311035, 2.037574291229248, 1.964688777923584, 1.9103058576583862, 1.8668150901794434, 1.8305236101150513, 1.8016750812530518, 1.7763322591781616, 1.7537020444869995, 1.7329663038253784, 1.7151433229446411, 1.6983792781829834, 1.6814932823181152, 1.6668449640274048, 1.652553677558899, 1.6384185552597046, 1.6250616312026978, 1.6126580238342285, 1.6014965772628784, 1.5911893844604492, 1.5813418626785278, 1.5717649459838867, 1.5624256134033203, 1.5530948638916016, 1.545832872390747, 1.538331389427185, 1.5337523221969604, 1.5254496335983276, 1.5189534425735474, 1.5133323669433594, 1.5070106983184814, 1.5016118288040161, 1.4956649541854858, 1.4908318519592285, 1.486112117767334, 1.4829362630844116, 1.4799280166625977, 1.4775967597961426, 1.4746867418289185, 1.4729299545288086, 1.4700994491577148, 1.4671831130981445, 1.4666965007781982, 1.4662655591964722, 1.4654101133346558, 1.4645451307296753, 1.463559865951538, 1.4635807275772095, 1.4654223918914795, 1.4658259153366089, 1.464961290359497, 1.4640792608261108, 1.4651859998703003, 1.465515375137329, 1.4672281742095947, 1.4670524597167969, 1.466810941696167, 1.4668407440185547, 1.4675475358963013, 1.46630859375, 1.4685760736465454, 1.4685344696044922, 1.4704502820968628, 1.4710004329681396, 1.4717565774917603, 1.4709123373031616, 1.4728012084960938, 1.4762589931488037, 1.4755823612213135, 1.4764267206192017, 1.477477788925171, 1.4783482551574707, 1.4782291650772095, 1.47879159450531, 1.4805010557174683, 1.481648564338684, 1.4813302755355835, 1.4834553003311157, 1.484804630279541, 1.484096646308899, 1.486004114151001, 1.486275553703308, 1.4866679906845093, 1.4881736040115356, 1.4899194240570068, 1.4890214204788208, 1.4909183979034424, 1.491475224494934, 1.490930438041687, 1.4897271394729614, 1.4906721115112305, 1.4920812845230103, 1.4916088581085205, 1.4911397695541382], "val_accuracy": [0.25702574849128723, 0.30152225494384766, 0.34133490920066833, 0.36943793296813965, 0.3887587785720825, 0.41042155027389526, 0.42388758063316345, 0.43676814436912537, 0.4402810335159302, 0.443793922662735, 0.44262295961380005, 0.4420374631881714, 0.4420374631881714, 0.44672131538391113, 0.4455503523349762, 0.44262295961380005, 0.4432084262371063, 0.44262295961380005, 0.443793922662735, 0.4432084262371063, 0.443793922662735, 0.443793922662735, 0.44613581895828247, 0.44613581895828247, 0.44672131538391113, 0.44613581895828247, 0.4432084262371063, 0.443793922662735, 0.4402810335159302, 0.43911007046699524, 0.4414519965648651, 0.4414519965648651, 0.4449648857116699, 0.4473067820072174, 0.449063241481781, 0.45199063420295715, 0.45374706387519836, 0.4531615972518921, 0.4549180269241333, 0.45608898997306824, 0.4590163826942444, 0.4566744863986969, 0.45608898997306824, 0.4572599530220032, 0.4590163826942444, 0.4601873457431793, 0.4625292718410492, 0.46487119793891907, 0.46487119793891907, 0.46721312403678894, 0.4666276276111603, 0.4695550203323364, 0.4701405167579651, 0.4713114798069, 0.47248244285583496, 0.4713114798069, 0.4718969464302063, 0.47248244285583496, 0.47248244285583496, 0.4695550203323364, 0.47306790947914124, 0.4736534059047699, 0.4754098355770111, 0.477751761674881, 0.477751761674881, 0.47658079862594604, 0.4759953022003174, 0.4754098355770111, 0.4759953022003174, 0.47482436895370483, 0.47306790947914124, 0.47482436895370483, 0.477751761674881, 0.477751761674881, 0.4795081913471222, 0.48009368777275085, 0.48067915439605713, 0.48067915439605713, 0.48009368777275085, 0.48009368777275085, 0.48185011744499207, 0.48243558406829834, 0.4789227247238159, 0.4789227247238159, 0.48009368777275085, 0.483021080493927, 0.4836065471172333, 0.48243558406829834, 0.4836065471172333, 0.48185011744499207, 0.48009368777275085, 0.4795081913471222, 0.4795081913471222, 0.4789227247238159, 0.48009368777275085, 0.48185011744499207, 0.483021080493927, 0.4836065471172333, 0.483021080493927, 0.4836065471172333],