{"loss": [4.741700649261475, 4.453765869140625, 4.161508560180664, 3.8782763481140137, 3.5859150886535645, 3.29482102394104, 3.0404880046844482, 2.828620195388794, 2.6464030742645264, 2.488668918609619, 2.3523850440979004, 2.236185312271118, 2.1355831623077393, 2.049992799758911, 1.9773659706115723, 1.915856122970581, 1.8629566431045532, 1.8168625831604004, 1.776270866394043, 1.739463210105896, 1.7051372528076172, 1.6727898120880127, 1.6419116258621216, 1.6120834350585938, 1.583348274230957, 1.555518388748169, 1.528894305229187, 1.50288724899292, 1.4779274463653564, 1.4538214206695557, 1.4305987358093262, 1.408833622932434, 1.3886173963546753, 1.370224952697754, 1.35307776927948, 1.3369790315628052, 1.3217072486877441, 1.307111144065857, 1.2935060262680054, 1.281042456626892, 1.269350528717041, 1.2583149671554565, 1.2480368614196777, 1.2390056848526, 1.2300007343292236, 1.221391201019287, 1.212795376777649, 1.2046672105789185, 1.1965841054916382, 1.1879551410675049, 1.1799744367599487, 1.1723928451538086, 1.1650855541229248, 1.1588294506072998, 1.1522620916366577, 1.1458418369293213, 1.1398645639419556, 1.1341520547866821, 1.1285322904586792, 1.1234488487243652, 1.1183077096939087, 1.1134579181671143, 1.108904480934143, 1.1046226024627686, 1.1005192995071411, 1.0965179204940796, 1.0927444696426392, 1.089006781578064, 1.0853052139282227, 1.0815341472625732, 1.078181505203247, 1.0750871896743774, 1.0719513893127441, 1.0688862800598145, 1.0659328699111938, 1.0630590915679932, 1.060234785079956, 1.0575037002563477, 1.0548170804977417, 1.0524539947509766, 1.0499458312988281, 1.0476205348968506, 1.0453928709030151, 1.0430827140808105, 1.0409119129180908, 1.0389208793640137, 1.0370056629180908, 1.035142421722412, 1.0332623720169067, 1.031440258026123, 1.029700517654419, 1.0278493165969849, 1.025983214378357, 1.0245394706726074, 1.022647500038147, 1.0210342407226562, 1.019423007965088, 1.0177260637283325, 1.0161635875701904, 1.0145509243011475], "accuracy": [0.22231543064117432, 0.3127097189426422, 0.34878355264663696, 0.3653523623943329, 0.3775167763233185, 0.3848573863506317, 0.3911493420600891, 0.40184563398361206, 0.41736575961112976, 0.43917784094810486, 0.4526006579399109, 0.46350669860839844, 0.47671979665756226, 0.4897231459617615, 0.49265938997268677, 0.49790269136428833, 0.5037751793861389, 0.5060822367668152, 0.5073406100273132, 0.5125839114189148, 0.5138422846794128, 0.5127936005592346, 0.5151006579399109, 0.5195050239562988, 0.5203439593315125, 0.5218120813369751, 0.5236996412277222, 0.5276845693588257, 0.5308305621147156, 0.5383808612823486, 0.5446728467941284, 0.551174521446228, 0.5543204545974731, 0.5549496412277222, 0.5589345693588257, 0.5622902512550354, 0.5645973086357117, 0.5639681220054626, 0.5673238039016724, 0.5685822367668152, 0.569421112537384, 0.573196291923523, 0.5752936005592346, 0.5746644139289856, 0.5761325359344482, 0.5759228467941284, 0.5786493420600891, 0.5807466506958008, 0.5817952752113342, 0.5832633972167969, 0.5851510167121887, 0.5859899520874023, 0.587458074092865, 0.5893456339836121, 0.5908137559890747, 0.5914429426193237, 0.5952181220054626, 0.595008373260498, 0.5952181220054626, 0.59375, 0.5954278707504272, 0.5968959927558899, 0.5960570573806763, 0.5983641147613525, 0.5998322367668152, 0.6013003587722778, 0.6027684807777405, 0.6025587320327759, 0.6031879186630249, 0.6042366027832031, 0.6054949760437012, 0.605075478553772, 0.6073825359344482, 0.6078020334243774, 0.6075922846794128, 0.6092701554298401, 0.6098993420600891, 0.6094798445701599, 0.6111577153205872, 0.6140939593315125, 0.6128355860710144, 0.6140939593315125, 0.6155620813369751, 0.6153523325920105, 0.6176593899726868, 0.6172399520874023, 0.6166107654571533, 0.6174496412277222, 0.619337260723114, 0.6205956339836121, 0.619966447353363, 0.6210150718688965, 0.6212248206138611, 0.6218540072441101, 0.6222735047340393, 0.6233221292495728, 0.6260486841201782, 0.623741626739502, 0.6270973086357117, 0.6264681220054626], "val_loss": [4.628750324249268, 4.362061500549316, 4.102062225341797, 3.8395326137542725, 3.569474220275879, 3.3260035514831543, 3.128232955932617, 2.9607937335968018, 2.814826011657715, 2.688756227493286, 2.5801849365234375, 2.4850010871887207, 2.4035933017730713, 2.3347675800323486, 2.275667667388916, 2.225409507751465, 2.1828901767730713, 2.145188093185425, 2.1118247509002686, 2.0806634426116943, 2.052112579345703, 2.0232410430908203, 1.9962362051010132, 1.9690366983413696, 1.9437716007232666, 1.9182208776474, 1.892754077911377, 1.8670120239257812, 1.8424022197723389, 1.8195420503616333, 1.7991150617599487, 1.7804492712020874, 1.764243721961975, 1.7476438283920288, 1.7330771684646606, 1.7195541858673096, 1.7056151628494263, 1.6914013624191284, 1.6783332824707031, 1.6671968698501587, 1.6551713943481445, 1.6445786952972412, 1.6351683139801025, 1.6261911392211914, 1.61821711063385, 1.610512614250183, 1.6026006937026978, 1.5960084199905396, 1.591083288192749, 1.5860155820846558, 1.5802652835845947, 1.574953317642212, 1.5690338611602783, 1.5649255514144897, 1.5607445240020752, 1.5573618412017822, 1.5545555353164673, 1.5512676239013672, 1.5491094589233398, 1.5468944311141968, 1.5451515913009644, 1.543777346611023, 1.542629361152649, 1.540664792060852, 1.5401182174682617, 1.5393633842468262, 1.5388802289962769, 1.5379431247711182, 1.5381104946136475, 1.538227915763855, 1.538309097290039, 1.5377858877182007, 1.5378624200820923, 1.5392546653747559, 1.5408049821853638, 1.5402331352233887, 1.541045904159546, 1.5406707525253296, 1.540517807006836, 1.5391465425491333, 1.538799524307251, 1.537696123123169, 1.5362956523895264, 1.5347983837127686, 1.5339369773864746, 1.532876968383789, 1.531671404838562, 1.5303164720535278, 1.5294947624206543, 1.5287468433380127, 1.528891682624817, 1.5272225141525269, 1.5266077518463135, 1.5248641967773438, 1.5243843793869019, 1.523115634918213, 1.5233936309814453, 1.521943211555481, 1.5223523378372192, 1.5211834907531738], "val_accuracy": [0.261709600687027, 0.3103044629096985, 0.3360655605792999, 0.3501170873641968, 0.34718969464302063, 0.34718969464302063, 0.3548009395599365, 0.36592504382133484, 0.37646371126174927, 0.3852458894252777, 0.39754098653793335, 0.40690866112709045, 0.4098360538482666, 0.41451990604400635, 0.4215456545352936, 0.4244730770587921, 0.426815003156662, 0.4262295067310333, 0.4285714328289032, 0.43091335892677307, 0.432084321975708, 0.42740046977996826, 0.42798593640327454, 0.42740046977996826, 0.42740046977996826, 0.43091335892677307, 0.4338407516479492, 0.43676814436912537, 0.44086650013923645, 0.4420374631881714, 0.44672131538391113, 0.44847774505615234, 0.4508196711540222, 0.45023420453071594, 0.4531615972518921, 0.4566744863986969, 0.454332560300827, 0.4572599530220032, 0.4619438052177429, 0.46135830879211426, 0.45960187911987305, 0.4619438052177429, 0.4625292718410492, 0.460772842168808, 0.460772842168808, 0.4619438052177429, 0.460772842168808, 0.460772842168808, 0.46311476826667786, 0.4625292718410492, 0.4584309160709381, 0.45960187911987305, 0.4625292718410492, 0.4642857015132904, 0.46545666456222534, 0.4666276276111603, 0.46721312403678894, 0.4683840870857239, 0.4701405167579651, 0.4683840870857239, 0.4642857015132904, 0.46487119793891907, 0.46896955370903015, 0.4701405167579651, 0.47072598338127136, 0.4683840870857239, 0.4677985906600952, 0.4695550203323364, 0.4695550203323364, 0.4701405167579651, 0.4701405167579651, 0.47248244285583496, 0.47248244285583496, 0.4713114798069, 0.47248244285583496, 0.4754098355770111, 0.47482436895370483, 0.4754098355770111, 0.4736534059047699, 0.47248244285583496, 0.4718969464302063, 0.47248244285583496, 0.4736534059047699, 0.47248244285583496, 0.4736534059047699, 0.47248244285583496, 0.4736534059047699, 0.4759953022003174, 0.4759953022003174, 0.4771662652492523, 0.477751761674881, 0.4771662652492523, 0.47833722829818726, 0.48009368777275085, 0.4771662652492523, 0.47658079862594604, 0.4771662652492523, 0.47833722829818726, 0.4795081913471222, 0.4795081913471222],