{"loss": [3.4152004718780518, 2.9056341648101807, 2.511162757873535, 2.208017349243164, 1.978630542755127, 1.8128085136413574, 1.6966384649276733, 1.6150574684143066, 1.5553706884384155, 1.5107038021087646, 1.4780157804489136, 1.4522175788879395, 1.428330659866333, 1.4085150957107544, 1.3915057182312012, 1.3763151168823242, 1.3623172044754028, 1.3493702411651611, 1.3374723196029663, 1.3267557621002197, 1.3176841735839844, 1.3098564147949219, 1.3017224073410034, 1.2960612773895264, 1.2898203134536743, 1.2848106622695923, 1.2798383235931396, 1.2748744487762451, 1.2694683074951172, 1.2645862102508545, 1.260878562927246, 1.2564127445220947, 1.252982497215271, 1.24916672706604, 1.245368480682373, 1.2414557933807373, 1.2375291585922241, 1.2324192523956299, 1.2285981178283691, 1.2234140634536743, 1.217314600944519, 1.212564468383789, 1.2048293352127075, 1.196863055229187, 1.185784101486206, 1.1647651195526123, 1.135787844657898, 1.1139627695083618, 1.110364556312561, 1.0969938039779663, 1.0965893268585205, 1.0942609310150146, 1.080981731414795, 1.0751363039016724, 1.066390037536621, 1.0640029907226562, 1.0629432201385498, 1.0592767000198364, 1.0559556484222412, 1.052093505859375, 1.049918532371521, 1.0477598905563354, 1.047136664390564, 1.0436723232269287, 1.0403589010238647, 1.0373156070709229, 1.0335190296173096, 1.033921241760254, 1.029711127281189, 1.0278655290603638, 1.026023268699646, 1.0229105949401855, 1.021425485610962, 1.0155137777328491, 1.012658953666687, 1.0024003982543945, 0.9992392659187317, 1.0039036273956299, 0.9947245121002197, 0.9915913343429565, 0.9933823347091675, 0.9926591515541077, 1.0052775144577026, 0.9967105984687805, 0.9874570965766907, 0.9867099523544312, 0.9852461218833923, 0.9795811772346497, 0.9833923578262329, 0.9878602027893066, 0.9911854267120361, 0.9798977375030518, 0.9684829115867615, 0.9775858521461487, 0.9682016968727112, 0.9723777174949646, 0.9689480662345886, 0.9680377840995789, 0.9690394401550293, 0.9672778844833374], "accuracy": [0.23616081476211548, 0.33108818531036377, 0.38097241520881653, 0.420753538608551, 0.4493790864944458, 0.4167543649673462, 0.4095979928970337, 0.41233423352241516, 0.41296568512916565, 0.41633340716362, 0.4169648587703705, 0.41885918378829956, 0.42033255100250244, 0.4228583574295044, 0.42769941687583923, 0.4365396797657013, 0.44580087065696716, 0.46074509620666504, 0.47400546073913574, 0.47463691234588623, 0.47968849539756775, 0.48642390966415405, 0.4824247658252716, 0.48642390966415405, 0.4889496862888336, 0.4916859567165375, 0.4904230833053589, 0.491054505109787, 0.4956851303577423, 0.49231740832328796, 0.496737539768219, 0.4971584975719452, 0.49989476799964905, 0.5036834478378296, 0.5013681054115295, 0.5062091946601868, 0.5068406462669373, 0.513576090335846, 0.512313187122345, 0.5158913731575012, 0.5169438123703003, 0.5184171795845032, 0.5232582688331604, 0.5293622612953186, 0.5426226258277893, 0.5619869232177734, 0.5777730941772461, 0.5925068259239197, 0.5861923694610596, 0.5965059995651245, 0.5960850119590759, 0.5969269871711731, 0.6030309200286865, 0.6087139844894409, 0.6133445501327515, 0.6080825328826904, 0.6097663640975952, 0.6167122721672058, 0.6141864657402039, 0.6125026345252991, 0.6156598329544067, 0.620500922203064, 0.6221848130226135, 0.6219743490219116, 0.6234477162361145, 0.6234477162361145, 0.6266049146652222, 0.6232371926307678, 0.6270259022712708, 0.6297621726989746, 0.6289202570915222, 0.6303936243057251, 0.6333403587341309, 0.6314460039138794, 0.6360766291618347, 0.6335508227348328, 0.6390233635902405, 0.6373395323753357, 0.6392338275909424, 0.6404967308044434, 0.6367080807685852, 0.6392338275909424, 0.6297621726989746, 0.6354451775550842, 0.6407071948051453, 0.6394443511962891, 0.6409177184104919, 0.6463902592658997, 0.6388128995895386, 0.6392338275909424, 0.6369185447692871, 0.6419700980186462, 0.6501789093017578, 0.6455482840538025, 0.6497579216957092, 0.6459692716598511, 0.6529151797294617, 0.653967559337616, 0.6533361673355103, 0.6533361673355103], "val_loss": [3.2072911262512207, 2.787240982055664, 2.4675397872924805, 2.2252306938171387, 2.048335552215576, 1.9202557802200317, 1.8365681171417236, 1.778908610343933, 1.7392736673355103, 1.7107793092727661, 1.6879671812057495, 1.6691181659698486, 1.6519769430160522, 1.6359506845474243, 1.6251462697982788, 1.6129543781280518, 1.6034984588623047, 1.596211314201355, 1.5923209190368652, 1.590133786201477, 1.5856168270111084, 1.5817608833312988, 1.5806713104248047, 1.5810197591781616, 1.5785530805587769, 1.5790488719940186, 1.5743461847305298, 1.5720500946044922, 1.5713695287704468, 1.5711438655853271, 1.5729182958602905, 1.573050618171692, 1.5770797729492188, 1.5756994485855103, 1.5776584148406982, 1.5774046182632446, 1.575492024421692, 1.578328251838684, 1.5799791812896729, 1.5812058448791504, 1.5826246738433838, 1.5829405784606934, 1.588539481163025, 1.5899888277053833, 1.5903457403182983, 1.597455382347107, 1.6126618385314941, 1.630538821220398, 1.631496548652649, 1.6421282291412354, 1.6549081802368164, 1.6347992420196533, 1.6548936367034912, 1.6596410274505615, 1.6647953987121582, 1.6732561588287354, 1.6683918237686157, 1.6678038835525513, 1.6820812225341797, 1.6847479343414307, 1.6861659288406372, 1.6980308294296265, 1.6995680332183838, 1.688104510307312, 1.6934911012649536, 1.7182637453079224, 1.7041655778884888, 1.7102229595184326, 1.7246407270431519, 1.7219315767288208, 1.7175030708312988, 1.7098588943481445, 1.7128188610076904, 1.7070817947387695, 1.723641276359558, 1.7310943603515625, 1.7361489534378052, 1.7381563186645508, 1.7302035093307495, 1.725730299949646, 1.7409757375717163, 1.755246639251709, 1.7821276187896729, 1.738527536392212, 1.7749828100204468, 1.7904447317123413, 1.7912020683288574, 1.7817270755767822, 1.7999241352081299, 1.788742184638977, 1.773170828819275, 1.7953670024871826, 1.799811601638794, 1.7885011434555054, 1.7747443914413452, 1.7852199077606201, 1.7835888862609863, 1.7945334911346436, 1.804869294166565, 1.806075096130371],