{"loss": [4.033025741577148, 3.4339730739593506, 2.9461917877197266, 2.5500364303588867, 2.239975929260254, 2.009305715560913, 1.8425848484039307, 1.7249202728271484, 1.6417447328567505, 1.5827370882034302, 1.539842128753662, 1.509619116783142, 1.4848016500473022, 1.463950276374817, 1.4454312324523926, 1.4302338361740112, 1.4150408506393433, 1.4022969007492065, 1.3910372257232666, 1.3806194067001343, 1.3715232610702515, 1.3619129657745361, 1.3524744510650635, 1.3433774709701538, 1.336082100868225, 1.3298618793487549, 1.3243191242218018, 1.3200668096542358, 1.314962387084961, 1.309852123260498, 1.3059724569320679, 1.3015397787094116, 1.2977938652038574, 1.2945239543914795, 1.2903283834457397, 1.2874701023101807, 1.284337043762207, 1.2810405492782593, 1.278095006942749, 1.2762726545333862, 1.2728078365325928, 1.270974040031433, 1.2678401470184326, 1.265690803527832, 1.2633885145187378, 1.26163911819458, 1.2582646608352661, 1.256756067276001, 1.2546333074569702, 1.2521611452102661, 1.2506331205368042, 1.2491538524627686, 1.2462823390960693, 1.2449734210968018, 1.2427951097488403, 1.2408933639526367, 1.2390252351760864, 1.2376182079315186, 1.236990213394165, 1.2349554300308228, 1.2317970991134644, 1.2303754091262817, 1.229394793510437, 1.2267582416534424, 1.2253566980361938, 1.2248167991638184, 1.222298264503479, 1.2208589315414429, 1.2186850309371948, 1.2169963121414185, 1.2160767316818237, 1.2140026092529297, 1.2121198177337646, 1.2119131088256836, 1.2090269327163696, 1.206763505935669, 1.2048946619033813, 1.202888011932373, 1.2010658979415894, 1.1995207071304321, 1.1975823640823364, 1.1960511207580566, 1.1937074661254883, 1.1913546323776245, 1.1910102367401123, 1.1882829666137695, 1.1865707635879517, 1.1847995519638062, 1.1830017566680908, 1.1813298463821411, 1.180415153503418, 1.1776294708251953, 1.1752119064331055, 1.1735005378723145, 1.1715292930603027, 1.168804407119751, 1.1669598817825317, 1.164271354675293, 1.16352379322052, 1.1605322360992432], "accuracy": [0.22378355264663696, 0.3034815490245819, 0.3496224880218506, 0.38276007771492004, 0.4284815490245819, 0.45197147130966187, 0.44169461727142334, 0.41421979665756226, 0.4117030203342438, 0.41715604066848755, 0.41736575961112976, 0.4165268540382385, 0.41967281699180603, 0.42051175236701965, 0.42302852869033813, 0.4249161183834076, 0.42617449164390564, 0.43036913871765137, 0.43267616629600525, 0.43561241030693054, 0.44253355264663696, 0.44588926434516907, 0.4536493420600891, 0.46098992228507996, 0.46350669860839844, 0.469379186630249, 0.48049497604370117, 0.480914443731308, 0.48951342701911926, 0.49203020334243774, 0.4962248206138611, 0.5008389353752136, 0.49832215905189514, 0.5031459927558899, 0.5054529905319214, 0.5065016746520996, 0.5058724880218506, 0.506291925907135, 0.5100671052932739, 0.510696291923523, 0.5115352272987366, 0.5136325359344482, 0.5140520334243774, 0.5134228467941284, 0.5203439593315125, 0.5171979665756226, 0.5230704545974731, 0.5239093899726868, 0.5247483253479004, 0.5218120813369751, 0.5236996412277222, 0.525587260723114, 0.5264261960983276, 0.5289429426193237, 0.5308305621147156, 0.5304110646247864, 0.5343959927558899, 0.5327181220054626, 0.5348154306411743, 0.5346056818962097, 0.5383808612823486, 0.5377516746520996, 0.5423657894134521, 0.5421560406684875, 0.5396392345428467, 0.5429949760437012, 0.5457214713096619, 0.5411073565483093, 0.5457214713096619, 0.5488674640655518, 0.5469798445701599, 0.5446728467941284, 0.5494966506958008, 0.5507550239562988, 0.5503355860710144, 0.5539010167121887, 0.5539010167121887, 0.5547399520874023, 0.5520133972167969, 0.5580956339836121, 0.5587248206138611, 0.5557885766029358, 0.5528523325920105, 0.557466447353363, 0.5589345693588257, 0.5580956339836121, 0.5570470094680786, 0.5593540072441101, 0.5599831938743591, 0.561870813369751, 0.5620805621147156, 0.561241626739502, 0.5633389353752136, 0.5620805621147156, 0.5660654306411743, 0.5666946172714233, 0.5654362440109253, 0.569421112537384, 0.5700503587722778, 0.5717281699180603], "val_loss": [3.781900644302368, 3.280144691467285, 2.8715708255767822, 2.543170690536499, 2.2923450469970703, 2.1076855659484863, 1.9793146848678589, 1.8874627351760864, 1.8266092538833618, 1.7831155061721802, 1.7504143714904785, 1.725442886352539, 1.7087608575820923, 1.6951215267181396, 1.6828136444091797, 1.6708285808563232, 1.6668978929519653, 1.660058856010437, 1.6550365686416626, 1.6483010053634644, 1.6454037427902222, 1.6417630910873413, 1.6395645141601562, 1.637329339981079, 1.6387381553649902, 1.6396031379699707, 1.6405766010284424, 1.6413437128067017, 1.6428316831588745, 1.6423102617263794, 1.6464117765426636, 1.6494863033294678, 1.6529812812805176, 1.6520437002182007, 1.650273323059082, 1.6519989967346191, 1.6549029350280762, 1.6581040620803833, 1.6598732471466064, 1.6606940031051636, 1.6607348918914795, 1.665482759475708, 1.662825107574463, 1.6708977222442627, 1.6710902452468872, 1.6720465421676636, 1.6762787103652954, 1.6746762990951538, 1.6759809255599976, 1.6804041862487793, 1.6844534873962402, 1.681538462638855, 1.6849135160446167, 1.6863007545471191, 1.6902940273284912, 1.6972109079360962, 1.6959521770477295, 1.7003165483474731, 1.7046693563461304, 1.7114589214324951, 1.7119060754776, 1.7127448320388794, 1.716759443283081, 1.7164503335952759, 1.7233461141586304, 1.7304713726043701, 1.7366604804992676, 1.7412060499191284, 1.742058277130127, 1.748836636543274, 1.752632975578308, 1.7482625246047974, 1.7522176504135132, 1.7568840980529785, 1.759616494178772, 1.7636785507202148, 1.7649219036102295, 1.7661923170089722, 1.7698993682861328, 1.7710336446762085, 1.7723524570465088, 1.772592544555664, 1.777007818222046, 1.7820740938186646, 1.779301643371582, 1.7800865173339844, 1.7861456871032715, 1.7864683866500854, 1.788714051246643, 1.790233850479126, 1.7916041612625122, 1.7983291149139404, 1.8025319576263428, 1.8060628175735474, 1.8076108694076538, 1.8115684986114502, 1.8197883367538452, 1.8186802864074707, 1.8237266540527344, 1.8268026113510132],