{"loss": [2.7760767936706543, 2.3991191387176514, 2.1325371265411377, 1.9389426708221436, 1.7967051267623901, 1.6892889738082886, 1.611902117729187, 1.5566810369491577, 1.5177980661392212, 1.487955093383789, 1.4615223407745361, 1.4376106262207031, 1.4149876832962036, 1.3965293169021606, 1.3805055618286133, 1.3660475015640259, 1.3527777194976807, 1.340755581855774, 1.3298088312149048, 1.320013165473938, 1.3111381530761719, 1.3039566278457642, 1.2970240116119385, 1.2905852794647217, 1.2846678495407104, 1.279549479484558, 1.2748348712921143, 1.2699613571166992, 1.2650470733642578, 1.2610645294189453, 1.2561652660369873, 1.2523679733276367, 1.2477928400039673, 1.244016408920288, 1.2409509420394897, 1.2378562688827515, 1.2335423231124878, 1.2310711145401, 1.2282075881958008, 1.2257744073867798, 1.222192645072937, 1.2191842794418335, 1.215714693069458, 1.2134506702423096, 1.2112517356872559, 1.2077958583831787, 1.2032992839813232, 1.1997809410095215, 1.194810152053833, 1.1920808553695679, 1.1890482902526855, 1.1855636835098267, 1.1828984022140503, 1.1815173625946045, 1.1774332523345947, 1.174355387687683, 1.1740392446517944, 1.1689460277557373, 1.167227864265442, 1.1648746728897095, 1.163183331489563, 1.1609351634979248, 1.1583062410354614, 1.1558213233947754, 1.1560529470443726, 1.151545524597168, 1.1507210731506348, 1.147400975227356, 1.1448336839675903, 1.144221544265747, 1.1416923999786377, 1.1380505561828613, 1.1376373767852783, 1.1347659826278687, 1.133354902267456, 1.1328837871551514, 1.129399299621582, 1.1285932064056396, 1.1244733333587646, 1.1238222122192383, 1.1223986148834229, 1.1192086935043335, 1.117343783378601, 1.115694284439087, 1.1147630214691162, 1.112755537033081, 1.1115812063217163, 1.112341046333313, 1.1081818342208862, 1.1048394441604614, 1.1033016443252563, 1.1026196479797363, 1.0990478992462158, 1.0970900058746338, 1.0964081287384033, 1.094740867614746, 1.0925452709197998, 1.0896801948547363, 1.0893211364746094, 1.089181661605835], "accuracy": [0.2104490101337433, 0.33592110872268677, 0.4192194640636444, 0.4215274751186371, 0.4101972281932831, 0.41187578439712524, 0.4156525433063507, 0.417750746011734, 0.41900965571403503, 0.4185900092124939, 0.41879981756210327, 0.4192194640636444, 0.42236676812171936, 0.42257657647132874, 0.43096935749053955, 0.44167014956474304, 0.45090222358703613, 0.4637012183666229, 0.47629040479660034, 0.48405370116233826, 0.4809064269065857, 0.48845991492271423, 0.48762065172195435, 0.48887956142425537, 0.49181702733039856, 0.495593786239624, 0.49181702733039856, 0.49601343274116516, 0.4964330792427063, 0.4979017972946167, 0.4993705451488495, 0.5035669207572937, 0.5071338415145874, 0.5094418525695801, 0.5090222358703613, 0.5119597315788269, 0.5153168439865112, 0.516995370388031, 0.5172051787376404, 0.516995370388031, 0.5207721590995789, 0.5203524827957153, 0.5251783728599548, 0.5249685049057007, 0.5300042033195496, 0.5293747186660767, 0.5321024060249329, 0.5321024060249329, 0.5342006087303162, 0.5348300337791443, 0.538396954536438, 0.5373478531837463, 0.5394460558891296, 0.5398657321929932, 0.5430130362510681, 0.5413344502449036, 0.5436424612998962, 0.5472093820571899, 0.5503566861152649, 0.5507763028144836, 0.5514057874679565, 0.5514057874679565, 0.5543432831764221, 0.5551825165748596, 0.5528745055198669, 0.5572807192802429, 0.5553923845291138, 0.5589593052864075, 0.5602182149887085, 0.5560218095779419, 0.5583298206329346, 0.5637851357460022, 0.5633655190467834, 0.5646244287490845, 0.5639949440956116, 0.5639949440956116, 0.5688208341598511, 0.5665128231048584, 0.5673520565032959, 0.5692404508590698, 0.5704993605613708, 0.5717582702636719, 0.5753251910209656, 0.5746957659721375, 0.5761644840240479, 0.5780528783798218, 0.5765841603279114, 0.5803608894348145, 0.5780528783798218, 0.5856063961982727, 0.5805706977844238, 0.5824590921401978, 0.5864456295967102, 0.5883340239524841, 0.5872849225997925, 0.588963508605957, 0.5900126099586487, 0.5967268347740173, 0.5960973501205444, 0.5996642708778381], "val_loss": [2.670238971710205, 2.3647446632385254, 2.1531732082366943, 1.9994174242019653, 1.8884544372558594, 1.8063546419143677, 1.747164011001587, 1.7044020891189575, 1.6714314222335815, 1.640779972076416, 1.6174403429031372, 1.598046898841858, 1.58200204372406, 1.568312168121338, 1.5568645000457764, 1.5486470460891724, 1.537512183189392, 1.5311537981033325, 1.5267596244812012, 1.527087688446045, 1.5244539976119995, 1.5233910083770752, 1.524828314781189, 1.5277061462402344, 1.5285981893539429, 1.5319805145263672, 1.5327792167663574, 1.5391461849212646, 1.539900779724121, 1.5431429147720337, 1.5462220907211304, 1.549740195274353, 1.5569158792495728, 1.558732509613037, 1.561570644378662, 1.5648901462554932, 1.566535472869873, 1.568074107170105, 1.5768879652023315, 1.5814027786254883, 1.584167242050171, 1.586389422416687, 1.5928030014038086, 1.5950254201889038, 1.6043342351913452, 1.6035733222961426, 1.609468698501587, 1.6163707971572876, 1.6228338479995728, 1.6238242387771606, 1.626935362815857, 1.6367499828338623, 1.6419970989227295, 1.6435630321502686, 1.6436368227005005, 1.6495862007141113, 1.6490445137023926, 1.661218285560608, 1.6570372581481934, 1.6653131246566772, 1.6662774085998535, 1.6706538200378418, 1.6748379468917847, 1.679443120956421, 1.6856582164764404, 1.6876318454742432, 1.6840856075286865, 1.692353367805481, 1.6898438930511475, 1.690965175628662, 1.6928561925888062, 1.6984572410583496, 1.706530213356018, 1.7142386436462402, 1.7067465782165527, 1.7004960775375366, 1.6968071460723877, 1.7191647291183472, 1.7151269912719727, 1.7126233577728271, 1.7195518016815186, 1.715038537979126, 1.7264410257339478, 1.7361208200454712, 1.7285300493240356, 1.7362865209579468, 1.7415121793746948, 1.7339788675308228, 1.744853138923645, 1.7593474388122559, 1.733472228050232, 1.7499581575393677, 1.7475368976593018, 1.7474027872085571, 1.7476776838302612, 1.7538896799087524, 1.7557306289672852, 1.760218858718872, 1.7614258527755737, 1.7614384889602661],