{"loss": [3.119553565979004, 2.4078969955444336, 1.897352695465088, 1.5940154790878296, 1.418898344039917, 1.3137383460998535, 1.2404670715332031, 1.1851345300674438, 1.1406683921813965, 1.1024608612060547, 1.0698192119598389, 1.0415061712265015, 1.0150121450424194, 0.9906806945800781, 0.966766357421875, 0.9437737464904785, 0.9223719239234924, 0.9027500748634338, 0.8830857872962952, 0.8648502230644226, 0.8471565246582031, 0.8295623660087585, 0.8122978806495667, 0.7956228852272034, 0.7754459977149963, 0.7584941387176514, 0.7412928938865662, 0.7245941162109375, 0.7104594111442566, 0.6961167454719543, 0.6823945045471191, 0.6710182428359985, 0.6593345999717712, 0.6494653820991516, 0.6396164298057556, 0.6304628849029541, 0.6221925020217896, 0.6138290166854858, 0.607208788394928, 0.6006513833999634, 0.595352292060852, 0.5896070599555969, 0.5841067433357239, 0.5798051357269287, 0.5736498832702637, 0.5700119733810425, 0.56437748670578, 0.5612154603004456, 0.5568782687187195, 0.5539560317993164, 0.5504063367843628, 0.5479718446731567, 0.5432465672492981, 0.540781557559967, 0.5382468700408936, 0.5356458425521851, 0.5324468612670898, 0.5293191075325012, 0.5262609124183655, 0.5239101052284241, 0.5207170248031616, 0.5195188522338867, 0.5166063904762268, 0.514155924320221, 0.5115769505500793, 0.5108206272125244, 0.5076738595962524, 0.5063908696174622, 0.5035957098007202, 0.502364993095398, 0.49982142448425293, 0.4976613223552704, 0.496284157037735, 0.4942108392715454, 0.4934564530849457, 0.49081629514694214, 0.48987042903900146, 0.4879150986671448, 0.48528242111206055, 0.48216190934181213, 0.4811481833457947, 0.4784388244152069, 0.47757792472839355, 0.47716012597084045, 0.474935919046402, 0.4738161861896515, 0.47109299898147583, 0.4697101414203644, 0.46974021196365356, 0.46733418107032776, 0.46472010016441345, 0.4636175036430359, 0.4627434015274048, 0.46193480491638184, 0.45997700095176697, 0.4578618109226227, 0.4565470218658447, 0.4560932517051697, 0.4542137384414673, 0.452923983335495], "accuracy": [0.271026074886322, 0.3929772973060608, 0.46740958094596863, 0.5227081775665283, 0.5384777188301086, 0.5496215224266052, 0.5571908950805664, 0.5693860650062561, 0.5910428762435913, 0.6034482717514038, 0.6114381551742554, 0.6215307116508484, 0.6259461641311646, 0.6379310488700867, 0.6457107067108154, 0.6541211009025574, 0.6623212695121765, 0.6745163798332214, 0.6761984825134277, 0.6850294470787048, 0.6938604116439819, 0.7029016017913818, 0.7115222811698914, 0.7182506322860718, 0.7272918224334717, 0.7323380708694458, 0.7392767071723938, 0.7422203421592712, 0.7457947731018066, 0.7481076717376709, 0.7533641457557678, 0.7594617605209351, 0.7636669278144836, 0.7655593156814575, 0.7695542573928833, 0.7722876071929932, 0.774810791015625, 0.7779646515846252, 0.7806980609893799, 0.7806980609893799, 0.7836416959762573, 0.7832211852073669, 0.786375105381012, 0.789529025554657, 0.7912111282348633, 0.7924726605415344, 0.7947855591773987, 0.7975189089775085, 0.7992010116577148, 0.8002523183822632, 0.8021446466445923, 0.8025651574134827, 0.8059293627738953, 0.8061395883560181, 0.8095037937164307, 0.807401180267334, 0.8088729977607727, 0.8113961219787598, 0.8120269179344177, 0.8128679394721985, 0.8162321448326111, 0.8128679394721985, 0.8158116340637207, 0.8156013488769531, 0.8177039623260498, 0.8174936771392822, 0.8191757798194885, 0.8193860650062561, 0.8210681080818176, 0.8210681080818176, 0.8235912322998047, 0.8229604959487915, 0.8216989040374756, 0.825273334980011, 0.8269554376602173, 0.825273334980011, 0.8265349268913269, 0.8267451524734497, 0.8275862336158752, 0.831581175327301, 0.8317914009094238, 0.8326324820518494, 0.8324221968650818, 0.8311606645584106, 0.8326324820518494, 0.8334735035896301, 0.832211971282959, 0.8328427076339722, 0.8349453210830688, 0.834735095500946, 0.8357864022254944, 0.8378889560699463, 0.8364171385765076, 0.8389402627944946, 0.8370479345321655, 0.836837649345398, 0.8387300372123718, 0.8389402627944946, 0.8383095264434814, 0.8395710587501526], "val_loss": [2.789407968521118, 2.215683937072754, 1.8520146608352661, 1.6619285345077515, 1.559069037437439, 1.5021604299545288, 1.4619697332382202, 1.4294300079345703, 1.3995451927185059, 1.3759260177612305, 1.3628944158554077, 1.3541717529296875, 1.3489665985107422, 1.3439671993255615, 1.338185429573059, 1.3436187505722046, 1.3404570817947388, 1.3415471315383911, 1.3448858261108398, 1.3399648666381836, 1.3417372703552246, 1.3399893045425415, 1.3369731903076172, 1.3397318124771118, 1.3437844514846802, 1.3399583101272583, 1.340915560722351, 1.3450568914413452, 1.3586952686309814, 1.3786191940307617, 1.378748893737793, 1.3963392972946167, 1.4065428972244263, 1.4142249822616577, 1.4136407375335693, 1.4195412397384644, 1.4301501512527466, 1.4282399415969849, 1.4460450410842896, 1.4411498308181763, 1.4444912672042847, 1.4504094123840332, 1.451768398284912, 1.4609888792037964, 1.4647361040115356, 1.4825743436813354, 1.4743951559066772, 1.48524010181427, 1.4851033687591553, 1.4919661283493042, 1.4889466762542725, 1.4952013492584229, 1.5050915479660034, 1.5046111345291138, 1.5174009799957275, 1.5208019018173218, 1.5214366912841797, 1.5184402465820312, 1.5250349044799805, 1.532091736793518, 1.5301451683044434, 1.5302399396896362, 1.5356776714324951, 1.5226025581359863, 1.5282567739486694, 1.5226573944091797, 1.5265711545944214, 1.5257229804992676, 1.5341017246246338, 1.5310986042022705, 1.5435527563095093, 1.5359721183776855, 1.5540038347244263, 1.5543197393417358, 1.5481407642364502, 1.5556378364562988, 1.5608766078948975, 1.5733205080032349, 1.5663610696792603, 1.5694289207458496, 1.5775659084320068, 1.5750893354415894, 1.5777162313461304, 1.589967966079712, 1.591354489326477, 1.5914397239685059, 1.6010022163391113, 1.6145596504211426, 1.6058334112167358, 1.6075307130813599, 1.6079553365707397, 1.6137793064117432, 1.6260887384414673, 1.6241309642791748, 1.6356018781661987, 1.6426399946212769, 1.6503851413726807, 1.641975998878479, 1.6507867574691772, 1.6464242935180664],