{"loss": [3.3304688930511475, 2.868990898132324, 2.373026132583618, 1.9166845083236694, 1.5483707189559937, 1.3328427076339722, 1.2128198146820068, 1.1343278884887695, 1.0756546258926392, 1.0292654037475586, 0.9910484552383423, 0.9546687006950378, 0.9228317141532898, 0.8923482298851013, 0.8653738498687744, 0.8422268629074097, 0.8200715184211731, 0.8011361956596375, 0.7838060259819031, 0.7664231061935425, 0.7522566914558411, 0.7394148707389832, 0.7264858484268188, 0.7137260437011719, 0.7022565007209778, 0.6910219788551331, 0.679773211479187, 0.6702544689178467, 0.6610714197158813, 0.6522349119186401, 0.6445207595825195, 0.6369157433509827, 0.6300846934318542, 0.6235695481300354, 0.6148267984390259, 0.6082643270492554, 0.6022148728370667, 0.5964070558547974, 0.590681254863739, 0.5848690271377563, 0.5797934532165527, 0.573408305644989, 0.5677682161331177, 0.5623815655708313, 0.5554462671279907, 0.5501043796539307, 0.5460149049758911, 0.5409643650054932, 0.537250816822052, 0.5325958728790283, 0.5282452702522278, 0.5246669054031372, 0.5199216604232788, 0.5149114727973938, 0.5114961266517639, 0.5065740942955017, 0.5036566853523254, 0.4991249144077301, 0.4956883192062378, 0.4917522072792053, 0.48814254999160767, 0.48522457480430603, 0.48223647475242615, 0.4794834554195404, 0.47588902711868286, 0.4727470576763153, 0.4692223370075226, 0.46683257818222046, 0.4643471837043762, 0.46200865507125854, 0.45802152156829834, 0.4557245671749115, 0.4531377851963043, 0.45038852095603943, 0.4474180340766907, 0.4450829029083252, 0.44233646988868713, 0.4406537413597107, 0.4374469220638275, 0.43553417921066284, 0.43338125944137573, 0.43057796359062195, 0.4287331998348236, 0.4259073734283447, 0.4250132143497467, 0.4234488308429718, 0.420274019241333, 0.4182981252670288, 0.41703933477401733, 0.41530007123947144, 0.4117969274520874, 0.41124534606933594, 0.40849682688713074, 0.40593501925468445, 0.40424925088882446, 0.40166518092155457, 0.4011306166648865, 0.3983316421508789, 0.39440596103668213, 0.3919703960418701], "accuracy": [0.24352768063545227, 0.3477162718772888, 0.42517364025115967, 0.5163123607635498, 0.5619869232177734, 0.5952430963516235, 0.6162912845611572, 0.6312355399131775, 0.6438644528388977, 0.661544919013977, 0.66533362865448, 0.6775415539741516, 0.6840665340423584, 0.689749538898468, 0.6945906281471252, 0.7004840970039368, 0.7057461738586426, 0.7101662755012512, 0.7139549851417542, 0.7194274663925171, 0.7236371040344238, 0.7272153496742249, 0.7278467416763306, 0.7371079921722412, 0.7408966422080994, 0.7455272674560547, 0.7499473690986633, 0.7526836395263672, 0.7562618255615234, 0.7589980959892273, 0.7587876319885254, 0.7634182572364807, 0.7674173712730408, 0.7678383588790894, 0.7712060809135437, 0.7716270089149475, 0.7773100137710571, 0.7789939045906067, 0.781309187412262, 0.7827825546264648, 0.7859398126602173, 0.789097011089325, 0.7893075346946716, 0.7922542691230774, 0.7928857207298279, 0.7937276363372803, 0.797937273979187, 0.7987791895866394, 0.8015154600143433, 0.8017259240150452, 0.8034098148345947, 0.8034098148345947, 0.8053041696548462, 0.8071984648704529, 0.8126710057258606, 0.8122500777244568, 0.8107766509056091, 0.8137234449386597, 0.8151968121528625, 0.8164597153663635, 0.8187749981880188, 0.8210902810096741, 0.8202483654022217, 0.8229846358299255, 0.8252999186515808, 0.8252999186515808, 0.8250894546508789, 0.8286676406860352, 0.831403911113739, 0.831403911113739, 0.8322458267211914, 0.8354030847549438, 0.8349820971488953, 0.8328772783279419, 0.837928831577301, 0.8366659879684448, 0.8364554643630981, 0.8394022583961487, 0.8410860896110535, 0.8419280052185059, 0.8410860896110535, 0.8434013724327087, 0.8457167148590088, 0.8459271788597107, 0.8448747396469116, 0.8471900820732117, 0.8457167148590088, 0.8499263525009155, 0.8480319976806641, 0.8497158288955688, 0.8501368165016174, 0.848242461681366, 0.8545569181442261, 0.8537150025367737, 0.8532940149307251, 0.8549779057502747, 0.8543464541435242, 0.856030285358429, 0.8575037121772766, 0.8581351041793823], "val_loss": [3.154977798461914, 2.737959623336792, 2.3942744731903076, 2.086252450942993, 1.8697340488433838, 1.7522079944610596, 1.688671588897705, 1.650093674659729, 1.6128238439559937, 1.584525227546692, 1.5685781240463257, 1.544858694076538, 1.5254755020141602, 1.517721176147461, 1.4892946481704712, 1.4825140237808228, 1.465309739112854, 1.4551053047180176, 1.441270351409912, 1.4372156858444214, 1.4327082633972168, 1.4317878484725952, 1.4318970441818237, 1.432055950164795, 1.4299066066741943, 1.4241877794265747, 1.4271798133850098, 1.4343056678771973, 1.432020664215088, 1.429299235343933, 1.4359164237976074, 1.4323852062225342, 1.4410260915756226, 1.4331753253936768, 1.4323650598526, 1.4286601543426514, 1.4255234003067017, 1.429437279701233, 1.4284491539001465, 1.431383728981018, 1.4281041622161865, 1.431104302406311, 1.4295215606689453, 1.4305623769760132, 1.4331328868865967, 1.4512332677841187, 1.4415472745895386, 1.453108310699463, 1.4521892070770264, 1.4685639142990112, 1.4633407592773438, 1.4687145948410034, 1.4726413488388062, 1.4815912246704102, 1.4805134534835815, 1.4913859367370605, 1.4976773262023926, 1.5015474557876587, 1.5109288692474365, 1.5184650421142578, 1.5294703245162964, 1.5296497344970703, 1.5368216037750244, 1.5453555583953857, 1.5646727085113525, 1.5581187009811401, 1.5698413848876953, 1.5836368799209595, 1.5946685075759888, 1.6019340753555298, 1.612548589706421, 1.6150484085083008, 1.6185545921325684, 1.6311167478561401, 1.6367052793502808, 1.6420716047286987, 1.6414670944213867, 1.6400867700576782, 1.6534193754196167, 1.652846336364746, 1.6618515253067017, 1.6590821743011475, 1.6771279573440552, 1.6680389642715454, 1.6701247692108154, 1.6790099143981934, 1.666138768196106, 1.6818151473999023, 1.6749258041381836, 1.6877344846725464, 1.6762385368347168, 1.693527340888977, 1.6943995952606201, 1.6989747285842896, 1.7034833431243896, 1.7098519802093506, 1.7135586738586426, 1.714507818222046, 1.7192355394363403, 1.727170705795288],