{"loss": [1.9800723791122437, 1.700437307357788, 1.516242504119873, 1.3986283540725708, 1.3139415979385376, 1.2436330318450928, 1.1761919260025024, 1.1210068464279175, 1.0772628784179688, 1.0382574796676636, 1.0023597478866577, 0.964404821395874, 0.9336522817611694, 0.9045824408531189, 0.8764030337333679, 0.8488742709159851, 0.8252360820770264, 0.8007858991622925, 0.7802032232284546, 0.7608680725097656, 0.7434622645378113, 0.7259138822555542, 0.7095786333084106, 0.6960929036140442, 0.6815204620361328, 0.6684203147888184, 0.6563275456428528, 0.6457086801528931, 0.6362870931625366, 0.6221034526824951, 0.6115013360977173, 0.6016895174980164, 0.5914576053619385, 0.5828045606613159, 0.5725148320198059, 0.5634183883666992, 0.554186224937439, 0.5449333190917969, 0.5369619131088257, 0.5294798016548157, 0.5216861963272095, 0.5138854384422302, 0.5074180960655212, 0.5012746453285217, 0.4947802722454071, 0.48937398195266724, 0.48321256041526794, 0.4780205190181732, 0.47271859645843506, 0.468619704246521, 0.46336832642555237, 0.4589579105377197, 0.45544520020484924, 0.45120933651924133, 0.44711044430732727, 0.4443815052509308, 0.43993300199508667, 0.43664300441741943, 0.43394774198532104, 0.43491271138191223, 0.43196770548820496, 0.42518267035484314, 0.4234990179538727, 0.4206111431121826, 0.4205200672149658, 0.41630229353904724, 0.4155220687389374, 0.4131123721599579, 0.4093080461025238, 0.40689900517463684, 0.40777233242988586, 0.4041333794593811, 0.4010269343852997, 0.3996446430683136, 0.3975539207458496, 0.3950004577636719, 0.39505839347839355, 0.3919774293899536, 0.3894061744213104, 0.38860806822776794, 0.38623735308647156, 0.3857879638671875, 0.3833368718624115, 0.38417842984199524, 0.38695812225341797, 0.3830726146697998, 0.3786112368106842, 0.37508219480514526, 0.3738957345485687, 0.3728199899196625, 0.37056174874305725, 0.373362272977829, 0.37024757266044617, 0.3666049838066101, 0.36785173416137695, 0.36419573426246643, 0.3633427023887634, 0.3634704649448395, 0.3605886995792389, 0.3613256812095642], "accuracy": [0.3096596896648407, 0.4049883782863617, 0.42612555623054504, 0.4409215748310089, 0.45339250564575195, 0.4679771661758423, 0.4939759075641632, 0.5366730093955994, 0.572394847869873, 0.5844430327415466, 0.5986049175262451, 0.6180511713027954, 0.6246036887168884, 0.6391883492469788, 0.6533502340316772, 0.6715282201766968, 0.6787148714065552, 0.6875924468040466, 0.6941450238227844, 0.6964700818061829, 0.7019657492637634, 0.7093637585639954, 0.7138025760650635, 0.7190868854522705, 0.7273303866386414, 0.7336715459823608, 0.7402240633964539, 0.7433946132659912, 0.7495244145393372, 0.7584020495414734, 0.7651659250259399, 0.765588641166687, 0.7712957262992859, 0.7731980681419373, 0.7778482437133789, 0.7808074355125427, 0.7856689691543579, 0.7903191447257996, 0.7892622947692871, 0.7945466041564941, 0.797505795955658, 0.7994081377983093, 0.8019446134567261, 0.8038469552993774, 0.8070175647735596, 0.8078630566596985, 0.8127245903015137, 0.8156837821006775, 0.815895140171051, 0.8184316158294678, 0.8213908076286316, 0.8222362995147705, 0.8245614171028137, 0.823293149471283, 0.8268864750862122, 0.827309250831604, 0.8313252925872803, 0.8336504101753235, 0.8328049182891846, 0.8313252925872803, 0.832593560218811, 0.8355527520179749, 0.8372437357902527, 0.839991569519043, 0.8383005857467651, 0.8414711356163025, 0.8427394032478333, 0.8427394032478333, 0.8448531031608582, 0.846544086933136, 0.8456985950469971, 0.8454872369766235, 0.8497146368026733, 0.8507714867591858, 0.8509829044342041, 0.8518283367156982, 0.8520397543907166, 0.8535193204879761, 0.8533079624176025, 0.8571126461029053, 0.8556330800056458, 0.8558444380760193, 0.8581694960594177, 0.8594377636909485, 0.8571126461029053, 0.8585922718048096, 0.8602832555770874, 0.8632424473762512, 0.8626083135604858, 0.8600718379020691, 0.8623969554901123, 0.8621855974197388, 0.8628196716308594, 0.8647220730781555, 0.8659902811050415, 0.8645106554031372, 0.8638765811920166, 0.8645106554031372, 0.8632424473762512, 0.864933431148529], "val_loss": [1.8881454467773438, 1.67697274684906, 1.5541359186172485, 1.4865177869796753, 1.444311261177063, 1.4060639142990112, 1.3623076677322388, 1.3477481603622437, 1.3319510221481323, 1.330660104751587, 1.3480255603790283, 1.327133059501648, 1.3213236331939697, 1.313754916191101, 1.317908525466919, 1.347361445426941, 1.3578143119812012, 1.3613190650939941, 1.36946439743042, 1.3715475797653198, 1.3821070194244385, 1.3971073627471924, 1.4047223329544067, 1.414891004562378, 1.4198110103607178, 1.427759051322937, 1.4324461221694946, 1.439252257347107, 1.4319076538085938, 1.4371740818023682, 1.4370676279067993, 1.429201602935791, 1.4346795082092285, 1.4438742399215698, 1.437639832496643, 1.4441399574279785, 1.4653581380844116, 1.4675873517990112, 1.4863884449005127, 1.4894243478775024, 1.4939335584640503, 1.5012257099151611, 1.5064654350280762, 1.520156741142273, 1.5320910215377808, 1.5400677919387817, 1.5498336553573608, 1.5572997331619263, 1.572204351425171, 1.5683115720748901, 1.567902684211731, 1.5779378414154053, 1.6014833450317383, 1.6019374132156372, 1.6142656803131104, 1.617875099182129, 1.6168850660324097, 1.6358722448349, 1.6299320459365845, 1.6772958040237427, 1.640810251235962, 1.643757939338684, 1.6456834077835083, 1.6606132984161377, 1.65041983127594, 1.653090000152588, 1.6897166967391968, 1.6757702827453613, 1.6844704151153564, 1.6866867542266846, 1.6908377408981323, 1.694989800453186, 1.7021654844284058, 1.7105190753936768, 1.7163610458374023, 1.7162419557571411, 1.7271479368209839, 1.7371071577072144, 1.7311534881591797, 1.7486344575881958, 1.7648656368255615, 1.7716490030288696, 1.783543586730957, 1.7875925302505493, 1.7932860851287842, 1.798642873764038, 1.8079968690872192, 1.802342176437378, 1.825363039970398, 1.8303074836730957, 1.8423844575881958, 1.839317798614502, 1.869504690170288, 1.8607014417648315, 1.8673477172851562, 1.8663872480392456, 1.878261923789978, 1.8963181972503662, 1.8858245611190796, 1.8873058557510376],