{"loss": [4.133389472961426, 3.7505078315734863, 3.4355084896087646, 3.1677730083465576, 2.9364211559295654, 2.7388150691986084, 2.567976236343384, 2.419602155685425, 2.2905466556549072, 2.17820405960083, 2.0822362899780273, 1.998489260673523, 1.9257667064666748, 1.8617596626281738, 1.8054028749465942, 1.7568222284317017, 1.7152045965194702, 1.6764589548110962, 1.6429791450500488, 1.6152108907699585, 1.5898245573043823, 1.5683510303497314, 1.5476419925689697, 1.5298634767532349, 1.513733148574829, 1.4998053312301636, 1.4869835376739502, 1.4770230054855347, 1.4658602476119995, 1.4569354057312012, 1.44906485080719, 1.4411059617996216, 1.4345568418502808, 1.42841374874115, 1.422843098640442, 1.4179383516311646, 1.412778377532959, 1.408705472946167, 1.404483437538147, 1.4006561040878296, 1.3973591327667236, 1.394819974899292, 1.3904920816421509, 1.3880542516708374, 1.3852559328079224, 1.3829468488693237, 1.380582332611084, 1.3779256343841553, 1.37655508518219, 1.3741085529327393, 1.3725606203079224, 1.370766520500183, 1.3690879344940186, 1.36745023727417, 1.3659857511520386, 1.3638337850570679, 1.3627512454986572, 1.360440731048584, 1.3583920001983643, 1.3561654090881348, 1.3545207977294922, 1.3535687923431396, 1.3535797595977783, 1.352173924446106, 1.3506256341934204, 1.349687933921814, 1.348798394203186, 1.3485466241836548, 1.3475509881973267, 1.3469735383987427, 1.345605492591858, 1.3455361127853394, 1.3446567058563232, 1.3440234661102295, 1.3431881666183472, 1.3423864841461182, 1.3420857191085815, 1.3409864902496338, 1.3407038450241089, 1.3403797149658203, 1.339739203453064, 1.3393595218658447, 1.3387631177902222, 1.338417649269104, 1.3379539251327515, 1.3379853963851929, 1.3368698358535767, 1.3367750644683838, 1.3361790180206299, 1.3354086875915527, 1.3357654809951782, 1.3351801633834839, 1.334592580795288, 1.3347535133361816, 1.3337104320526123, 1.3336906433105469, 1.3333390951156616, 1.3329033851623535, 1.332838535308838, 1.3325947523117065], "accuracy": [0.22599580883979797, 0.28930819034576416, 0.3079664707183838, 0.3322851061820984, 0.35408803820610046, 0.37253668904304504, 0.38972747325897217, 0.4050314426422119, 0.42431867122650146, 0.4381551444530487, 0.4507337510585785, 0.45828092098236084, 0.4668762981891632, 0.47148847579956055, 0.4687631130218506, 0.4595387876033783, 0.4433962404727936, 0.4345912039279938, 0.42997902631759644, 0.4264150857925415, 0.42955973744392395, 0.4274633228778839, 0.42767295241355896, 0.4264150857925415, 0.425995796918869, 0.42620545625686646, 0.42620545625686646, 0.42578616738319397, 0.425995796918869, 0.424947589635849, 0.4264150857925415, 0.42767295241355896, 0.4264150857925415, 0.4278826117515564, 0.4283019006252289, 0.4270440340042114, 0.42767295241355896, 0.4264150857925415, 0.4293501079082489, 0.4289308190345764, 0.43144655227661133, 0.4308176040649414, 0.42955973744392395, 0.43102726340293884, 0.43018868565559387, 0.43102726340293884, 0.4316561818122864, 0.4322851300239563, 0.43438154458999634, 0.4341719150543213, 0.4366876184940338, 0.43584907054901123, 0.43626832962036133, 0.4371069073677063, 0.4352201223373413, 0.43584907054901123, 0.43689727783203125, 0.4385744333267212, 0.43794548511505127, 0.4371069073677063, 0.4385744333267212, 0.43878406286239624, 0.4385744333267212, 0.43878406286239624, 0.43836477398872375, 0.44025155901908875, 0.43878406286239624, 0.4385744333267212, 0.4415094256401062, 0.4392033517360687, 0.44171908497810364, 0.4419287145137787, 0.43983229994773865, 0.4404612183570862, 0.44234800338745117, 0.44360587000846863, 0.44129979610443115, 0.44423478841781616, 0.4454926550388336, 0.44360587000846863, 0.44234800338745117, 0.44465407729148865, 0.44507336616516113, 0.4459119439125061, 0.44507336616516113, 0.44612160325050354, 0.4454926550388336, 0.44570231437683105, 0.44423478841781616, 0.446540892124176, 0.44758909940719604, 0.4467505216598511, 0.44800838828086853, 0.446540892124176, 0.446540892124176, 0.4454926550388336, 0.44905659556388855, 0.44968554377555847, 0.45010483264923096, 0.44800838828086853], "val_loss": [4.000246047973633, 3.692251205444336, 3.4402406215667725, 3.2238247394561768, 3.0380890369415283, 2.875760078430176, 2.73694109916687, 2.616903305053711, 2.5129711627960205, 2.422543525695801, 2.343285322189331, 2.2741479873657227, 2.213493824005127, 2.1613199710845947, 2.11552095413208, 2.0750327110290527, 2.0390944480895996, 2.0092222690582275, 1.9815051555633545, 1.955664038658142, 1.9338173866271973, 1.91600501537323, 1.8998067378997803, 1.8860604763031006, 1.873164415359497, 1.8616440296173096, 1.8519879579544067, 1.8424530029296875, 1.8337633609771729, 1.8247418403625488, 1.8160762786865234, 1.808109998703003, 1.8043742179870605, 1.7964907884597778, 1.790915846824646, 1.783360481262207, 1.777813196182251, 1.773769736289978, 1.769204020500183, 1.7681349515914917, 1.7630817890167236, 1.7594274282455444, 1.7553752660751343, 1.7532837390899658, 1.7513692378997803, 1.7495251893997192, 1.746504783630371, 1.7444403171539307, 1.7457023859024048, 1.7413638830184937, 1.7411270141601562, 1.7398046255111694, 1.7382408380508423, 1.7365658283233643, 1.736031174659729, 1.7339214086532593, 1.731886863708496, 1.731463074684143, 1.728145956993103, 1.7288645505905151, 1.7300910949707031, 1.7271144390106201, 1.7280253171920776, 1.7261929512023926, 1.72605299949646, 1.726996898651123, 1.7259554862976074, 1.725130319595337, 1.7221044301986694, 1.7246720790863037, 1.72266685962677, 1.7240883111953735, 1.7228666543960571, 1.7223674058914185, 1.7226533889770508, 1.723504662513733, 1.7233593463897705, 1.7221381664276123, 1.7249417304992676, 1.7228323221206665, 1.7247555255889893, 1.724772334098816, 1.723952293395996, 1.7250550985336304, 1.7230116128921509, 1.7243503332138062, 1.7238932847976685, 1.724575161933899, 1.7273145914077759, 1.7236766815185547, 1.725314974784851, 1.726271629333496, 1.7249400615692139, 1.7247819900512695, 1.726136565208435, 1.726860761642456, 1.7281849384307861, 1.7277154922485352, 1.7281243801116943, 1.7254712581634521],