{"loss": [5.3447957038879395, 4.6719818115234375, 4.07272481918335, 3.525270462036133, 3.025010347366333, 2.5733957290649414, 2.199326992034912, 1.9306232929229736, 1.7555936574935913, 1.6479334831237793, 1.5812835693359375, 1.5365742444992065, 1.5050065517425537, 1.4798128604888916, 1.4588879346847534, 1.441307783126831, 1.4259884357452393, 1.4117255210876465, 1.3988556861877441, 1.3867796659469604, 1.3762507438659668, 1.3660486936569214, 1.3552937507629395, 1.346733570098877, 1.3384079933166504, 1.331993579864502, 1.3255627155303955, 1.3202224969863892, 1.3142342567443848, 1.309664249420166, 1.304796576499939, 1.3006823062896729, 1.296921968460083, 1.292374849319458, 1.289202094078064, 1.2856732606887817, 1.281337857246399, 1.2783558368682861, 1.2761402130126953, 1.2717419862747192, 1.268220067024231, 1.2656313180923462, 1.2608366012573242, 1.2578922510147095, 1.254445195198059, 1.2511805295944214, 1.247986912727356, 1.2447839975357056, 1.2413136959075928, 1.2387406826019287, 1.235298752784729, 1.231252670288086, 1.2279071807861328, 1.2247812747955322, 1.2212833166122437, 1.217323660850525, 1.2160999774932861, 1.210777759552002, 1.2081552743911743, 1.2037684917449951, 1.2008944749832153, 1.1968940496444702, 1.1937922239303589, 1.1890885829925537, 1.1870715618133545, 1.1822878122329712, 1.1774685382843018, 1.1754465103149414, 1.1704165935516357, 1.1681417226791382, 1.1638628244400024, 1.1593289375305176, 1.1559778451919556, 1.1520624160766602, 1.1463841199874878, 1.143963098526001, 1.1383090019226074, 1.137126088142395, 1.133622169494629, 1.1295166015625, 1.1249477863311768, 1.1215304136276245, 1.1193729639053345, 1.1151726245880127, 1.1106648445129395, 1.1085968017578125, 1.105451226234436, 1.105894684791565, 1.1006548404693604, 1.0948383808135986, 1.0921047925949097, 1.0891327857971191, 1.0856810808181763, 1.0836588144302368, 1.081645131111145, 1.0789072513580322, 1.0768715143203735, 1.0732976198196411, 1.0709019899368286, 1.069165825843811], "accuracy": [0.14414604008197784, 0.21653378009796143, 0.2698279619216919, 0.31913554668426514, 0.35795214772224426, 0.3854385316371918, 0.4158623516559601, 0.45132187008857727, 0.4609735608100891, 0.41523289680480957, 0.4135543406009674, 0.41250523924827576, 0.41397398710250854, 0.41544270515441895, 0.4171212613582611, 0.41963911056518555, 0.4265631437301636, 0.4339068531990051, 0.4420897960662842, 0.4597146511077881, 0.46286192536354065, 0.4767100214958191, 0.4817456901073456, 0.4844733476638794, 0.48845991492271423, 0.4907679259777069, 0.49412503838539124, 0.49412503838539124, 0.4991607069969177, 0.4997901916503906, 0.498741090297699, 0.5018883943557739, 0.5035669207572937, 0.5048258304595947, 0.5067142248153687, 0.5086026191711426, 0.5146873593330383, 0.51573646068573, 0.5178346633911133, 0.5172051787376404, 0.5209819674491882, 0.5174150466918945, 0.5230801701545715, 0.5249685049057007, 0.523919403553009, 0.5241292715072632, 0.5276961922645569, 0.53147292137146, 0.53147292137146, 0.5369282364845276, 0.5356693267822266, 0.5354595184326172, 0.5436424612998962, 0.5398657321929932, 0.5434326529502869, 0.5449013710021973, 0.5455308556556702, 0.5505664944648743, 0.5522450804710388, 0.5564414858818054, 0.5551825165748596, 0.5579102039337158, 0.5616869330406189, 0.5621066093444824, 0.5635753273963928, 0.5637851357460022, 0.573227047920227, 0.5709190368652344, 0.5801510810852051, 0.5759546756744385, 0.5774233937263489, 0.5812001824378967, 0.5814099907875061, 0.5841376185417175, 0.5874947309494019, 0.5841376185417175, 0.5942089557647705, 0.5927402377128601, 0.5939991474151611, 0.6009231805801392, 0.5967268347740173, 0.6036508679389954, 0.5988250374794006, 0.6028115749359131, 0.6061686873435974, 0.604699969291687, 0.6120436191558838, 0.6101552844047546, 0.6114141941070557, 0.6124632954597473, 0.6124632954597473, 0.6154007315635681, 0.6179186105728149, 0.6164498329162598, 0.6156105995178223, 0.6158204078674316, 0.6208560466766357, 0.6227444410324097, 0.6221149563789368, 0.621695339679718], "val_loss": [5.038390636444092, 4.450492858886719, 3.9206886291503906, 3.440091371536255, 2.998746156692505, 2.6141533851623535, 2.310250997543335, 2.1005337238311768, 1.967775821685791, 1.883211374282837, 1.830219030380249, 1.793606162071228, 1.7626069784164429, 1.7410664558410645, 1.7223299741744995, 1.7076090574264526, 1.6960300207138062, 1.6849881410598755, 1.67514169216156, 1.6677370071411133, 1.658804178237915, 1.6521483659744263, 1.6458920240402222, 1.642505168914795, 1.6388673782348633, 1.6380666494369507, 1.6317429542541504, 1.634255290031433, 1.6330007314682007, 1.6338940858840942, 1.634884238243103, 1.6348005533218384, 1.635534405708313, 1.6360756158828735, 1.6334443092346191, 1.6344548463821411, 1.6339190006256104, 1.636625051498413, 1.6348786354064941, 1.6383352279663086, 1.6360406875610352, 1.6397900581359863, 1.6441309452056885, 1.6416281461715698, 1.644351840019226, 1.6476898193359375, 1.6464781761169434, 1.6481488943099976, 1.6554960012435913, 1.6553449630737305, 1.6562252044677734, 1.6605700254440308, 1.6627569198608398, 1.6608331203460693, 1.6572377681732178, 1.6629887819290161, 1.6589412689208984, 1.6669241189956665, 1.6661092042922974, 1.6707866191864014, 1.6739213466644287, 1.6734026670455933, 1.6685911417007446, 1.6767398118972778, 1.6822372674942017, 1.6844462156295776, 1.685652732849121, 1.6932851076126099, 1.6984421014785767, 1.6966882944107056, 1.7032116651535034, 1.718407392501831, 1.7203607559204102, 1.7280408143997192, 1.7253566980361938, 1.7358357906341553, 1.7389816045761108, 1.7490800619125366, 1.751652717590332, 1.7533531188964844, 1.7626216411590576, 1.7637927532196045, 1.785378336906433, 1.7784932851791382, 1.7902354001998901, 1.7949223518371582, 1.7961331605911255, 1.8122520446777344, 1.8156812191009521, 1.8258992433547974, 1.8099784851074219, 1.833552598953247, 1.8338736295700073, 1.8390008211135864, 1.8357542753219604, 1.8412022590637207, 1.855155110359192, 1.863925814628601, 1.877297282218933, 1.8821043968200684],