{"loss": [4.395102500915527, 3.428253412246704, 2.6034884452819824, 2.0260000228881836, 1.6752082109451294, 1.4724552631378174, 1.3528125286102295, 1.2770695686340332, 1.2252044677734375, 1.185572862625122, 1.1532222032546997, 1.1260809898376465, 1.1021136045455933, 1.0800604820251465, 1.0596415996551514, 1.038481593132019, 1.018967628479004, 1.0007399320602417, 0.9823360443115234, 0.9636313915252686, 0.9452298283576965, 0.9270533919334412, 0.908403754234314, 0.8871182203292847, 0.8676840662956238, 0.8478241562843323, 0.8284035921096802, 0.8101990222930908, 0.7926016449928284, 0.7777088284492493, 0.7642203569412231, 0.7524440884590149, 0.7416521906852722, 0.7313047647476196, 0.7225143313407898, 0.7135575413703918, 0.7048674821853638, 0.6963716745376587, 0.6903285980224609, 0.6833071112632751, 0.6784886121749878, 0.6721877455711365, 0.668925940990448, 0.6618778705596924, 0.6571964621543884, 0.653095006942749, 0.6482961177825928, 0.6438341736793518, 0.6408708691596985, 0.6366899013519287, 0.6323628425598145, 0.6275784373283386, 0.6247255802154541, 0.6209908127784729, 0.6162369251251221, 0.6116032600402832, 0.6083666086196899, 0.6033434867858887, 0.6018373966217041, 0.5965673327445984, 0.5931267738342285, 0.5898648500442505, 0.5850554704666138, 0.5825462341308594, 0.5788121819496155, 0.575756311416626, 0.5745280385017395, 0.5704634785652161, 0.5683383345603943, 0.5661236047744751, 0.5627092123031616, 0.5630832314491272, 0.5594108700752258, 0.5567439198493958, 0.5539633631706238, 0.5533373355865479, 0.5481497645378113, 0.5476935505867004, 0.5456615090370178, 0.5413826107978821, 0.5405086874961853, 0.537992537021637, 0.5351197123527527, 0.5325892567634583, 0.5306612849235535, 0.5291016101837158, 0.5242164134979248, 0.5224120020866394, 0.518957257270813, 0.5183305144309998, 0.5166672468185425, 0.5149771571159363, 0.5128623843193054, 0.5097352266311646, 0.5083496570587158, 0.5079854130744934, 0.5044587850570679, 0.5008552670478821, 0.5022292137145996, 0.5015714764595032], "accuracy": [0.2182314693927765, 0.32955262064933777, 0.39718547463417053, 0.4454946517944336, 0.4824616611003876, 0.51753830909729, 0.5316110253334045, 0.5395925045013428, 0.5444234609603882, 0.5595462918281555, 0.569838285446167, 0.5769796371459961, 0.5883218050003052, 0.597773551940918, 0.6072253584861755, 0.611636221408844, 0.6233984231948853, 0.6324301362037659, 0.6393615007400513, 0.6486032605171204, 0.6622558236122131, 0.6702373623847961, 0.6790590286254883, 0.6922915577888489, 0.6967023611068726, 0.7034236788749695, 0.7086746692657471, 0.7181264162063599, 0.7210670113563538, 0.7279983162879944, 0.731148898601532, 0.7338794469833374, 0.737450122833252, 0.7385002970695496, 0.7422810196876526, 0.746691882610321, 0.7496324181556702, 0.7519428730010986, 0.7546733617782593, 0.7569838166236877, 0.7603444457054138, 0.7626549005508423, 0.7649653553962708, 0.7670657634735107, 0.7685360312461853, 0.7704263925552368, 0.7727368474006653, 0.7752572894096375, 0.7744171619415283, 0.7769376039505005, 0.779248058795929, 0.7796681523323059, 0.780928373336792, 0.7798781991004944, 0.781348466873169, 0.7855492830276489, 0.7861793637275696, 0.7880697250366211, 0.7874395847320557, 0.7912203073501587, 0.7931106686592102, 0.7939508557319641, 0.7943709492683411, 0.796471357345581, 0.7987817525863647, 0.7968913912773132, 0.7958412170410156, 0.8015123009681702, 0.8019323945045471, 0.8015123009681702, 0.8034026622772217, 0.8027725219726562, 0.8046628832817078, 0.8069733381271362, 0.8076034188270569, 0.8059231042861938, 0.8107540607452393, 0.8101239204406738, 0.8101239204406738, 0.8143247365951538, 0.8111740946769714, 0.8134845495223999, 0.8160050511360168, 0.8155849575996399, 0.8136945962905884, 0.8147448301315308, 0.816845178604126, 0.8197857737541199, 0.821045994758606, 0.8204158544540405, 0.8187355399131775, 0.820625901222229, 0.8212560415267944, 0.8273472189903259, 0.822726309299469, 0.824406623840332, 0.824826717376709, 0.8267170786857605, 0.8267170786857605, 0.8233564496040344], "val_loss": [3.957766056060791, 3.103245496749878, 2.439115047454834, 2.007641315460205, 1.7477302551269531, 1.6014331579208374, 1.5152649879455566, 1.4702625274658203, 1.437784194946289, 1.4135916233062744, 1.3957103490829468, 1.3814784288406372, 1.371695876121521, 1.3645533323287964, 1.3579884767532349, 1.3574905395507812, 1.351082682609558, 1.348634123802185, 1.3462951183319092, 1.3423222303390503, 1.3359298706054688, 1.3317415714263916, 1.323870062828064, 1.3261781930923462, 1.3257356882095337, 1.3198635578155518, 1.324549674987793, 1.3276636600494385, 1.3286824226379395, 1.3403172492980957, 1.3431026935577393, 1.3469964265823364, 1.3599777221679688, 1.3669525384902954, 1.3575923442840576, 1.3654484748840332, 1.3678088188171387, 1.3738617897033691, 1.3734021186828613, 1.373142123222351, 1.377453088760376, 1.3775315284729004, 1.387844443321228, 1.3867723941802979, 1.3993017673492432, 1.3958723545074463, 1.393371343612671, 1.4049140214920044, 1.4078296422958374, 1.4173736572265625, 1.4165581464767456, 1.4334148168563843, 1.4284961223602295, 1.4284003973007202, 1.4403613805770874, 1.4407309293746948, 1.451598882675171, 1.4499253034591675, 1.454901099205017, 1.4554409980773926, 1.4549709558486938, 1.4622207880020142, 1.476324439048767, 1.4725147485733032, 1.4780430793762207, 1.473638653755188, 1.471878170967102, 1.4857443571090698, 1.5000733137130737, 1.5081077814102173, 1.4931812286376953, 1.5145606994628906, 1.502825140953064, 1.5133298635482788, 1.5111103057861328, 1.5316650867462158, 1.5306720733642578, 1.539489507675171, 1.5317134857177734, 1.5510178804397583, 1.561551570892334, 1.5584603548049927, 1.561336874961853, 1.568360686302185, 1.5685381889343262, 1.569709300994873, 1.5707541704177856, 1.5706462860107422, 1.588635802268982, 1.5936410427093506, 1.6002980470657349, 1.593693494796753, 1.6072536706924438, 1.6133935451507568, 1.6170544624328613, 1.6129045486450195, 1.6105245351791382, 1.6228787899017334, 1.6172142028808594, 1.630564570426941], "val_accuracy": [0.2863021790981293, 0.33274543285369873, 0.38447973132133484, 0.40681952238082886, 0.4438565671443939, 0.46560847759246826, 0.4720752537250519, 0.4720752537250519, 0.47971782088279724, 0.4779541492462158, 0.4779541492462158, 0.48206937313079834, 0.4808935821056366, 0.4850088059902191, 0.4938271641731262, 0.4926513731479645, 0.5032333731651306, 0.5085244178771973, 0.5149911642074585, 0.5132275223731995, 0.517342746257782, 0.5220458507537842, 0.5220458507537842, 0.523809552192688, 0.5249853134155273, 0.5261610746383667, 0.5285126566886902, 0.5296884179115295, 0.525573194026947, 0.5285126566886902, 0.527336835861206, 0.532039999961853, 0.5302762985229492, 0.5379188656806946, 0.5332157611846924, 0.5349794030189514, 0.5367431044578552, 0.5402704477310181, 0.5467371940612793, 0.5502645373344421, 0.5485008955001831, 0.5437977910041809, 0.5490887761116028, 0.5496766567230225, 0.5526161193847656, 0.5490887761116028, 0.5455614328384399, 0.5420340895652771, 0.5379188656806946, 0.5379188656806946, 0.5332157611846924, 0.5279247760772705, 0.5308641791343689, 0.5243974328041077, 0.5285126566886902, 0.5267489552497864, 0.5220458507537842, 0.5279247760772705, 0.5279247760772705, 0.5261610746383667, 0.5202822089195251, 0.5249853134155273, 0.5208700895309448, 0.5267489552497864, 0.5202822089195251, 0.5161669850349426, 0.519106388092041, 0.5120517611503601, 0.5138154029846191, 0.5067607164382935, 0.5120517611503601, 0.5091122984886169, 0.5167548656463623, 0.5196942687034607, 0.5149911642074585, 0.5126396417617798, 0.5220458507537842, 0.5114638209342957, 0.5149911642074585, 0.5179306268692017, 0.5185185074806213, 0.5149911642074585, 0.5120517611503601, 0.5120517611503601, 0.5144032835960388, 0.5085244178771973, 0.5155790448188782, 0.5120517611503601, 0.5102880597114563, 0.5144032835960388, 0.5114638209342957, 0.5097001791000366, 0.5073485970497131, 0.5061728358268738, 0.5073485970497131, 0.510875940322876, 0.5061728358268738, 0.5073485970497131, 0.5049970746040344, 0.5067607164382935],