{"loss": [4.390718460083008, 3.398244619369507, 2.5275981426239014, 1.8818097114562988, 1.5126091241836548, 1.3449413776397705, 1.2551584243774414, 1.1940304040908813, 1.1399062871932983, 1.0841562747955322, 1.03641676902771, 0.9973168969154358, 0.9625482559204102, 0.9283097386360168, 0.9000281691551208, 0.8715360164642334, 0.844048798084259, 0.8172090649604797, 0.789647102355957, 0.7619284987449646, 0.7394989132881165, 0.7146201729774475, 0.6917370557785034, 0.6711457967758179, 0.6518462896347046, 0.6332396268844604, 0.6170108318328857, 0.6011648178100586, 0.588480532169342, 0.5757793188095093, 0.5639444589614868, 0.5550095438957214, 0.543684720993042, 0.533999502658844, 0.5261237025260925, 0.5174687504768372, 0.5098503828048706, 0.5035519599914551, 0.49549275636672974, 0.4909905791282654, 0.4849758744239807, 0.47946813702583313, 0.4753178656101227, 0.46990102529525757, 0.46503356099128723, 0.4614412486553192, 0.45669829845428467, 0.4531889855861664, 0.4514824450016022, 0.44526007771492004, 0.44126448035240173, 0.4378203749656677, 0.44060665369033813, 0.4318840503692627, 0.4285022020339966, 0.42594248056411743, 0.42443060874938965, 0.4232582449913025, 0.4197971224784851, 0.4175659418106079, 0.42068952322006226, 0.47357892990112305, 0.43302619457244873, 0.41758212447166443, 0.4108288884162903, 0.4088629484176636, 0.40722644329071045, 0.4057129919528961, 0.404875785112381, 0.40359777212142944, 0.40172457695007324, 0.4008021354675293, 0.3987416923046112, 0.39738285541534424, 0.39585742354393005, 0.3946384787559509, 0.393833726644516, 0.39258477091789246, 0.3914819657802582, 0.39044320583343506, 0.3868117332458496, 0.3867805600166321, 0.38601893186569214, 0.3836733102798462, 0.3827401101589203, 0.380805104970932, 0.3815288245677948, 0.383075475692749, 0.37721675634384155, 0.3777792155742645, 0.379284143447876, 0.3901981711387634, 0.3779246509075165, 0.37560293078422546, 0.37443190813064575, 0.3713671863079071, 0.37083855271339417, 0.369823157787323, 0.37315213680267334, 0.36767688393592834], "accuracy": [0.2380046546459198, 0.3578524589538574, 0.43119847774505615, 0.47917988896369934, 0.5047558546066284, 0.523356556892395, 0.5301204919815063, 0.5370957255363464, 0.5470302104949951, 0.5599238872528076, 0.5698583722114563, 0.5945888757705688, 0.6155146956443787, 0.6334812641143799, 0.6425702571868896, 0.6573663353919983, 0.6717395782470703, 0.6846332550048828, 0.7059818506240845, 0.7224687933921814, 0.7277531027793884, 0.7402240633964539, 0.7501585483551025, 0.7535404562950134, 0.7619953751564026, 0.7702388763427734, 0.7691819667816162, 0.77700275182724, 0.7789050936698914, 0.7839780449867249, 0.7886282205581665, 0.7930669784545898, 0.7972944378852844, 0.8008877635002136, 0.8010991215705872, 0.8053265810012817, 0.8042697310447693, 0.8065947890281677, 0.8116677403450012, 0.8127245903015137, 0.8156837821006775, 0.8148382902145386, 0.8171634078025818, 0.8196998238563538, 0.8186429738998413, 0.8188543915748596, 0.8205453157424927, 0.8222362995147705, 0.8216022253036499, 0.8277319669723511, 0.8262524008750916, 0.8254069089889526, 0.8256182670593262, 0.827309250831604, 0.8317480683326721, 0.8309025764465332, 0.8330162763595581, 0.833861768245697, 0.8357641100883484, 0.833861768245697, 0.8340731263160706, 0.8087084889411926, 0.8270978927612305, 0.835129976272583, 0.8378778100013733, 0.8406256437301636, 0.8395687937736511, 0.8410484194755554, 0.8402029275894165, 0.8425279855728149, 0.8423166275024414, 0.8406256437301636, 0.8433734774589539, 0.8454872369766235, 0.8452758193016052, 0.8461213111877441, 0.8429507613182068, 0.8433734774589539, 0.8440076112747192, 0.8446417450904846, 0.8459099531173706, 0.8454872369766235, 0.8463327288627625, 0.8437962532043457, 0.8446417450904846, 0.8486577868461609, 0.8473895788192749, 0.8454872369766235, 0.8480236530303955, 0.847812294960022, 0.8461213111877441, 0.8418939113616943, 0.8499259948730469, 0.8499259948730469, 0.8480236530303955, 0.8514056205749512, 0.8511942625045776, 0.8511942625045776, 0.8503487706184387, 0.8539420962333679], "val_loss": [3.951275110244751, 3.071974992752075, 2.3789877891540527, 1.9395105838775635, 1.7354592084884644, 1.646784782409668, 1.5961167812347412, 1.5689715147018433, 1.5268793106079102, 1.5104968547821045, 1.5029869079589844, 1.509502649307251, 1.5164828300476074, 1.5270469188690186, 1.5409860610961914, 1.549602746963501, 1.550937533378601, 1.5570762157440186, 1.5597763061523438, 1.5720036029815674, 1.5726159811019897, 1.5743721723556519, 1.5781760215759277, 1.5853687524795532, 1.5836867094039917, 1.5783724784851074, 1.577277421951294, 1.5820144414901733, 1.5870294570922852, 1.5895929336547852, 1.5860413312911987, 1.5924897193908691, 1.5978823900222778, 1.6152265071868896, 1.6197553873062134, 1.6373223066329956, 1.658190369606018, 1.6684114933013916, 1.6674929857254028, 1.6696481704711914, 1.6695034503936768, 1.6929868459701538, 1.6948812007904053, 1.6886671781539917, 1.6878434419631958, 1.6795481443405151, 1.6786004304885864, 1.6849504709243774, 1.6858713626861572, 1.6819016933441162, 1.6914715766906738, 1.6966817378997803, 1.6879955530166626, 1.692677617073059, 1.7062736749649048, 1.7022147178649902, 1.71718168258667, 1.727329134941101, 1.7264519929885864, 1.7147505283355713, 1.7235156297683716, 1.7471646070480347, 1.7106202840805054, 1.7109949588775635, 1.7121326923370361, 1.7258572578430176, 1.7299062013626099, 1.7380971908569336, 1.7416542768478394, 1.7402559518814087, 1.7526397705078125, 1.7544970512390137, 1.7605525255203247, 1.7642426490783691, 1.7715951204299927, 1.7706187963485718, 1.7793893814086914, 1.7817713022232056, 1.7945212125778198, 1.800214171409607, 1.8120183944702148, 1.8059101104736328, 1.8137164115905762, 1.8201764822006226, 1.8120019435882568, 1.8161582946777344, 1.8134214878082275, 1.8153877258300781, 1.8227174282073975, 1.8302257061004639, 1.7885361909866333, 1.7834128141403198, 1.7992174625396729, 1.8061878681182861, 1.8128340244293213, 1.8372318744659424, 1.8254956007003784, 1.829856038093567, 1.8417733907699585, 1.8643964529037476],