{"loss": [2.0034162998199463, 1.7234631776809692, 1.499495029449463, 1.3496811389923096, 1.2414311170578003, 1.1604938507080078, 1.095136046409607, 1.0436732769012451, 1.0016498565673828, 0.9656000137329102, 0.9327744841575623, 0.9028924107551575, 0.876708984375, 0.853593111038208, 0.8313045501708984, 0.8122422099113464, 0.7920079827308655, 0.7742781043052673, 0.7569547891616821, 0.7424958944320679, 0.7285087704658508, 0.7165994644165039, 0.705654501914978, 0.6947437524795532, 0.6855255365371704, 0.6755912899971008, 0.6671551465988159, 0.6598113179206848, 0.6522322297096252, 0.6453160047531128, 0.6396341919898987, 0.633554995059967, 0.6267025470733643, 0.6218713521957397, 0.6162582039833069, 0.6108719110488892, 0.6041219234466553, 0.5999804139137268, 0.595373809337616, 0.5908958911895752, 0.5868939161300659, 0.5836377739906311, 0.5798565745353699, 0.5761116147041321, 0.5714991688728333, 0.56893390417099, 0.5643056035041809, 0.5608230233192444, 0.5581168532371521, 0.5540733337402344, 0.5517721772193909, 0.5477666854858398, 0.5447278618812561, 0.5418575406074524, 0.5385563373565674, 0.5372782945632935, 0.5348711609840393, 0.5328998565673828, 0.5303307175636292, 0.5275030732154846, 0.5256055593490601, 0.5226334929466248, 0.520529568195343, 0.5179441571235657, 0.51581871509552, 0.5140397548675537, 0.5114825367927551, 0.5101293325424194, 0.5074713826179504, 0.5051647424697876, 0.5033889412879944, 0.5010125637054443, 0.49943631887435913, 0.49771109223365784, 0.4944697618484497, 0.4933212995529175, 0.4893302917480469, 0.48990875482559204, 0.4858567416667938, 0.4832591712474823, 0.48158982396125793, 0.4784828722476959, 0.4769686460494995, 0.47520962357521057, 0.4733770787715912, 0.47076499462127686, 0.46923187375068665, 0.46736836433410645, 0.4652486741542816, 0.4634685218334198, 0.46178707480430603, 0.4604814052581787, 0.4592258334159851, 0.45709681510925293, 0.4553874731063843, 0.4547259211540222, 0.4529675543308258, 0.45076650381088257, 0.45138320326805115, 0.44897106289863586], "accuracy": [0.3425147235393524, 0.4646762013435364, 0.49516400694847107, 0.5170311331748962, 0.5517241358757019, 0.5832632184028625, 0.6150125861167908, 0.6377207636833191, 0.653700590133667, 0.6688393354415894, 0.6787216067314148, 0.686290979385376, 0.6930193305015564, 0.6974348425865173, 0.7052144408226013, 0.7106812596321106, 0.7176198363304138, 0.7241379022598267, 0.728973925113678, 0.7304457426071167, 0.7361227869987488, 0.7396972179412842, 0.7382254004478455, 0.7426408529281616, 0.7441126704216003, 0.75, 0.7544154524803162, 0.7565180659294128, 0.7554667592048645, 0.7598822712898254, 0.7634567022323608, 0.7657695412635803, 0.7697644829750061, 0.7699747681617737, 0.7720773816108704, 0.7729184031486511, 0.774179995059967, 0.7775441408157349, 0.7783852219581604, 0.7815390825271606, 0.7849032878875732, 0.7819596529006958, 0.7867956161499023, 0.7870059013366699, 0.7870059013366699, 0.7903700470924377, 0.7880572080612183, 0.7914213538169861, 0.792052149772644, 0.7918418645858765, 0.7945752739906311, 0.7981497049331665, 0.7964676022529602, 0.7973086833953857, 0.7977291941642761, 0.7985702157020569, 0.7998318076133728, 0.7983599901199341, 0.801093339920044, 0.8055088520050049, 0.8052985668182373, 0.8046677708625793, 0.8046677708625793, 0.8107653260231018, 0.8071908950805664, 0.8057190775871277, 0.8088729977607727, 0.8130782246589661, 0.8124474287033081, 0.8128679394721985, 0.8156013488769531, 0.8145500421524048, 0.8168628811836243, 0.8166526556015015, 0.8172834515571594, 0.8181244730949402, 0.8195962905883789, 0.8225399255752563, 0.8229604959487915, 0.8198065757751465, 0.8244323134422302, 0.8240118026733398, 0.8233810067176819, 0.825904130935669, 0.8256938457489014, 0.8269554376602173, 0.8305298686027527, 0.8311606645584106, 0.8311606645584106, 0.8311606645584106, 0.8301093578338623, 0.8307400941848755, 0.8309503793716431, 0.8353658318519592, 0.8355761170387268, 0.8345248103141785, 0.8355761170387268, 0.8355761170387268, 0.8334735035896301, 0.8359966278076172], "val_loss": [1.8883755207061768, 1.6724286079406738, 1.5507279634475708, 1.4856292009353638, 1.4414241313934326, 1.4123026132583618, 1.395822525024414, 1.3751554489135742, 1.3635969161987305, 1.3559207916259766, 1.341805100440979, 1.3416595458984375, 1.3408300876617432, 1.342788577079773, 1.3535783290863037, 1.3531415462493896, 1.3593082427978516, 1.381205677986145, 1.3864898681640625, 1.3876320123672485, 1.4035348892211914, 1.410518765449524, 1.4200690984725952, 1.422175407409668, 1.4178951978683472, 1.4461719989776611, 1.4421898126602173, 1.4425710439682007, 1.4693883657455444, 1.4581668376922607, 1.4733761548995972, 1.4804284572601318, 1.501693606376648, 1.4881399869918823, 1.4970210790634155, 1.506056785583496, 1.497077226638794, 1.5242005586624146, 1.5266575813293457, 1.5235414505004883, 1.5368925333023071, 1.5402754545211792, 1.5323313474655151, 1.548500657081604, 1.5949362516403198, 1.5841261148452759, 1.5805524587631226, 1.6012128591537476, 1.588562250137329, 1.6131407022476196, 1.6259351968765259, 1.6512978076934814, 1.6539839506149292, 1.6381322145462036, 1.6659801006317139, 1.6714950799942017, 1.6583889722824097, 1.697014331817627, 1.7115347385406494, 1.7277754545211792, 1.725176215171814, 1.6987789869308472, 1.7358955144882202, 1.726088047027588, 1.744943618774414, 1.743119239807129, 1.7409814596176147, 1.756687045097351, 1.7775115966796875, 1.7713714838027954, 1.7709904909133911, 1.7837178707122803, 1.7741413116455078, 1.760779857635498, 1.77275550365448, 1.8075670003890991, 1.7823230028152466, 1.8236089944839478, 1.8301036357879639, 1.8811924457550049, 1.8376189470291138, 1.9054170846939087, 1.8677610158920288, 1.91013503074646, 1.8578706979751587, 1.8727293014526367, 1.897597074508667, 1.8753175735473633, 1.8778406381607056, 1.8783977031707764, 1.9047163724899292, 1.906008005142212, 1.9410909414291382, 1.9257382154464722, 1.934648036956787, 1.9076719284057617, 1.9415926933288574, 1.9509801864624023, 1.9531365633010864, 1.9862830638885498],