{"loss": [4.3926801681518555, 3.474494218826294, 2.6857590675354004, 2.0939345359802246, 1.7188749313354492, 1.5068446397781372, 1.3910852670669556, 1.3234080076217651, 1.2772725820541382, 1.2408902645111084, 1.2105495929718018, 1.1833664178848267, 1.1600875854492188, 1.1391903162002563, 1.1196974515914917, 1.1024322509765625, 1.086094617843628, 1.070508599281311, 1.0573126077651978, 1.0443615913391113, 1.0325795412063599, 1.0210143327713013, 1.0099738836288452, 0.9987903833389282, 0.9877636432647705, 0.9769696593284607, 0.9665835499763489, 0.9554911851882935, 0.9445153474807739, 0.9337202906608582, 0.922378420829773, 0.9117775559425354, 0.9013301730155945, 0.8914068937301636, 0.8816776275634766, 0.8729349970817566, 0.8643229603767395, 0.8568004965782166, 0.8487836122512817, 0.8422920107841492, 0.8356180787086487, 0.8280655145645142, 0.821707010269165, 0.8162402510643005, 0.8109010457992554, 0.804865837097168, 0.8004378080368042, 0.7950435280799866, 0.7911309599876404, 0.7872617840766907, 0.7824646830558777, 0.7775895595550537, 0.7743752598762512, 0.7696805000305176, 0.7665019035339355, 0.7641300559043884, 0.7602109909057617, 0.7564708590507507, 0.7529435157775879, 0.7495250701904297, 0.7473804950714111, 0.7438623309135437, 0.7402476668357849, 0.7380807399749756, 0.7356931567192078, 0.7324506640434265, 0.7299460172653198, 0.7281876802444458, 0.7237001061439514, 0.7227100729942322, 0.7206057906150818, 0.7178248763084412, 0.7153587341308594, 0.7138356566429138, 0.7103947401046753, 0.7078907489776611, 0.7059684991836548, 0.7036370038986206, 0.7011988162994385, 0.6984279751777649, 0.6973705887794495, 0.6951399445533752, 0.6929087042808533, 0.6904087066650391, 0.6895256042480469, 0.6874022483825684, 0.6849921345710754, 0.6838366985321045, 0.6808875203132629, 0.6792862415313721, 0.6761524081230164, 0.67425936460495, 0.6724123954772949, 0.6709494590759277, 0.6693914532661438, 0.66767418384552, 0.6657587885856628, 0.6630265116691589, 0.6615577936172485, 0.6590830087661743], "accuracy": [0.2316407859325409, 0.31053292751312256, 0.37578681111335754, 0.42824169993400574, 0.4794376790523529, 0.49097776412963867, 0.4731431007385254, 0.4595048129558563, 0.4725136458873749, 0.4872010052204132, 0.5195131897926331, 0.5289551019668579, 0.5400755405426025, 0.5495173931121826, 0.5631557106971741, 0.5707091689109802, 0.5782626867294312, 0.5895929336547852, 0.5935795307159424, 0.6007133722305298, 0.604699969291687, 0.6095257997512817, 0.6164498329162598, 0.6198069453239441, 0.6214855313301086, 0.627360463142395, 0.6321862936019897, 0.634284496307373, 0.641838014125824, 0.6412085890769958, 0.6447755098342896, 0.6510700583457947, 0.6529584527015686, 0.654427170753479, 0.6613512635231018, 0.6628199815750122, 0.6657574772834778, 0.6712127327919006, 0.6728913187980652, 0.6749895215034485, 0.6814939379692078, 0.6865295767784119, 0.6871590614318848, 0.6907259821891785, 0.6888375878334045, 0.6930339932441711, 0.6942929029464722, 0.6986991167068481, 0.6963911056518555, 0.7033151388168335, 0.7020562291145325, 0.7047838568687439, 0.7058329582214355, 0.709399938583374, 0.709399938583374, 0.7085606455802917, 0.7117079496383667, 0.7133864760398865, 0.7165337800979614, 0.7167435884475708, 0.7165337800979614, 0.7177926898002625, 0.7209399938583374, 0.7211498022079468, 0.7198908925056458, 0.726395308971405, 0.7226185202598572, 0.7268149256706238, 0.726395308971405, 0.727654218673706, 0.7266051173210144, 0.7266051173210144, 0.7291229367256165, 0.7316408157348633, 0.7356273531913757, 0.7345782518386841, 0.7345782518386841, 0.7347880601882935, 0.736466646194458, 0.7381451725959778, 0.735207736492157, 0.7400335669517517, 0.7406630516052246, 0.7438102960586548, 0.7410826683044434, 0.7446495890617371, 0.7404531836509705, 0.7429710626602173, 0.7448593974113464, 0.7450692653656006, 0.7471674084663391, 0.7494754791259766, 0.747796893119812, 0.7498950958251953, 0.7507343888282776, 0.7503147125244141, 0.752203106880188, 0.7513638138771057, 0.753462016582489, 0.7549307346343994], "val_loss": [3.9555652141571045, 3.157508134841919, 2.5069470405578613, 2.0514209270477295, 1.7764347791671753, 1.6211706399917603, 1.5324900150299072, 1.4773943424224854, 1.4422674179077148, 1.413402795791626, 1.388288974761963, 1.37099027633667, 1.3567101955413818, 1.3485350608825684, 1.3450158834457397, 1.3391375541687012, 1.336296796798706, 1.3346405029296875, 1.33344566822052, 1.3332090377807617, 1.3299866914749146, 1.33018159866333, 1.3293335437774658, 1.3297306299209595, 1.3265197277069092, 1.3326396942138672, 1.3320554494857788, 1.3355103731155396, 1.339025855064392, 1.343453288078308, 1.3444596529006958, 1.3498493432998657, 1.3550961017608643, 1.3589328527450562, 1.3580636978149414, 1.3631149530410767, 1.3688480854034424, 1.3758245706558228, 1.3789798021316528, 1.3821980953216553, 1.382422685623169, 1.378002643585205, 1.388667106628418, 1.3928494453430176, 1.3913697004318237, 1.4059885740280151, 1.399758219718933, 1.4051953554153442, 1.4041719436645508, 1.4122358560562134, 1.4095820188522339, 1.4085289239883423, 1.410313367843628, 1.4112892150878906, 1.4080860614776611, 1.4127742052078247, 1.4111449718475342, 1.4190603494644165, 1.4228183031082153, 1.4246203899383545, 1.4264110326766968, 1.424561858177185, 1.4253915548324585, 1.4376611709594727, 1.4312002658843994, 1.4315444231033325, 1.444176197052002, 1.4369734525680542, 1.4552099704742432, 1.4423550367355347, 1.4501750469207764, 1.446001648902893, 1.4590092897415161, 1.453658938407898, 1.452267050743103, 1.4482698440551758, 1.4514540433883667, 1.4545035362243652, 1.4580849409103394, 1.4709025621414185, 1.4644423723220825, 1.460906744003296, 1.4703670740127563, 1.4743026494979858, 1.464802861213684, 1.4719386100769043, 1.4686697721481323, 1.4662367105484009, 1.4722977876663208, 1.4830169677734375, 1.480491042137146, 1.4760327339172363, 1.4758872985839844, 1.482114315032959, 1.4789739847183228, 1.4796628952026367, 1.480249047279358, 1.479612112045288, 1.4911479949951172, 1.4948118925094604], "val_accuracy": [0.2690504193305969, 0.3106682300567627, 0.36107856035232544, 0.3991793692111969, 0.4232122004032135, 0.4355216920375824, 0.4361078441143036, 0.44079717993736267, 0.44079717993736267, 0.44490036368370056, 0.45369285345077515, 0.4642438590526581, 0.4671746790409088, 0.46951934695243835, 0.47362250089645386, 0.4753810167312622, 0.47772568464279175, 0.48124268651008606, 0.4888628423213959, 0.48593199253082275, 0.4958968460559845, 0.4958968460559845, 0.5005861520767212, 0.49765533208847046, 0.4953106641769409, 0.49882766604423523, 0.5, 0.49824151396751404, 0.4958968460559845, 0.4929659962654114, 0.4888628423213959, 0.49003517627716064, 0.4923798441886902, 0.4923798441886902, 0.4923798441886902, 0.4923798441886902, 0.49355217814445496, 0.49882766604423523, 0.49413833022117615, 0.49882766604423523, 0.4953106641769409, 0.4964829981327057, 0.4953106641769409, 0.4912075102329254, 0.4929659962654114, 0.49706918001174927, 0.4994138479232788, 0.4923798441886902, 0.5005861520767212, 0.4964829981327057, 0.508792519569397, 0.5035169720649719, 0.5064478516578674, 0.508206307888031, 0.5058616399765015, 0.5111371874809265, 0.5099648237228394, 0.5070340037345886, 0.508792519569397, 0.5058616399765015, 0.5058616399765015, 0.5064478516578674, 0.5058616399765015, 0.5, 0.49824151396751404, 0.5005861520767212, 0.4929659962654114, 0.5005861520767212, 0.49355217814445496, 0.49824151396751404, 0.4964829981327057, 0.4994138479232788, 0.49824151396751404, 0.4994138479232788, 0.5, 0.5029308199882507, 0.49765533208847046, 0.5017585158348083, 0.5011723041534424, 0.4994138479232788, 0.5, 0.5017585158348083, 0.49824151396751404, 0.49765533208847046, 0.49882766604423523, 0.5035169720649719, 0.5017585158348083, 0.5052754878997803, 0.49706918001174927, 0.49765533208847046, 0.5029308199882507, 0.49824151396751404, 0.5041031837463379, 0.5046893358230591, 0.5017585158348083, 0.5011723041534424, 0.5035169720649719, 0.5052754878997803, 0.5035169720649719, 0.508792519569397],