{"loss": [2.177711009979248, 1.9452345371246338, 1.7886950969696045, 1.677480697631836, 1.6022775173187256, 1.5484009981155396, 1.5090824365615845, 1.479512095451355, 1.4557585716247559, 1.4349724054336548, 1.416865587234497, 1.4005156755447388, 1.3855125904083252, 1.3703498840332031, 1.3554192781448364, 1.3421427011489868, 1.3315194845199585, 1.3213642835617065, 1.312644362449646, 1.304955005645752, 1.296595573425293, 1.2905614376068115, 1.2857671976089478, 1.2801835536956787, 1.2758253812789917, 1.2704682350158691, 1.266656756401062, 1.263571858406067, 1.259893774986267, 1.2573367357254028, 1.2540749311447144, 1.2510660886764526, 1.2483497858047485, 1.2454230785369873, 1.2430120706558228, 1.2396084070205688, 1.2370401620864868, 1.2338112592697144, 1.2316123247146606, 1.2282893657684326, 1.2258204221725464, 1.2220516204833984, 1.2191812992095947, 1.2166094779968262, 1.2127195596694946, 1.208236575126648, 1.2039433717727661, 1.1988016366958618, 1.194003939628601, 1.1885615587234497, 1.1842001676559448, 1.1791783571243286, 1.1736595630645752, 1.166518211364746, 1.1606916189193726, 1.1570565700531006, 1.1489818096160889, 1.1405854225158691, 1.1345500946044922, 1.1227645874023438, 1.119255542755127, 1.1123967170715332, 1.1047548055648804, 1.1003974676132202, 1.099403977394104, 1.0921155214309692, 1.0859313011169434, 1.0825424194335938, 1.0781115293502808, 1.0745517015457153, 1.0750372409820557, 1.073419451713562, 1.066650629043579, 1.0676406621932983, 1.0670756101608276, 1.0613677501678467, 1.0591002702713013, 1.0583570003509521, 1.0564875602722168, 1.0576112270355225, 1.0538963079452515, 1.0529168844223022, 1.0496419668197632, 1.0524537563323975, 1.0510380268096924, 1.048089861869812, 1.050034523010254, 1.0451428890228271, 1.0438247919082642, 1.0419330596923828, 1.0389484167099, 1.0386638641357422, 1.0379568338394165, 1.034749150276184, 1.033327341079712, 1.0333751440048218, 1.0323612689971924, 1.0331804752349854, 1.0306756496429443, 1.0293136835098267], "accuracy": [0.19701743125915527, 0.2516278028488159, 0.3801722228527069, 0.4076874554157257, 0.4116782248020172, 0.40915775299072266, 0.4120982885360718, 0.4137786030769348, 0.4129384458065033, 0.41629910469055176, 0.41965973377227783, 0.4221802055835724, 0.43163201212882996, 0.4425540864467621, 0.4536862075328827, 0.4595673084259033, 0.46523839235305786, 0.4690191149711609, 0.46922916173934937, 0.4719596803188324, 0.47258979082107544, 0.4719596803188324, 0.4839319586753845, 0.4801512360572815, 0.4812014400959015, 0.49296367168426514, 0.4946439862251282, 0.4952740967273712, 0.4973745048046112, 0.5009451508522034, 0.5015752911567688, 0.5024154782295227, 0.5045158863067627, 0.5061962008476257, 0.5013652443885803, 0.5057761073112488, 0.5047258734703064, 0.5057761073112488, 0.5051459670066833, 0.5059861540794373, 0.5064061880111694, 0.5099769234657288, 0.5078765153884888, 0.5106070041656494, 0.5148078203201294, 0.514177680015564, 0.514177680015564, 0.5219491720199585, 0.5227893590927124, 0.5269901156425476, 0.5311909317970276, 0.5314009785652161, 0.5412728190422058, 0.5400125980377197, 0.5461037755012512, 0.5494644045829773, 0.5563957095146179, 0.5658475160598755, 0.5746691823005676, 0.5847511291503906, 0.5834908485412598, 0.5828607678413391, 0.5879017114639282, 0.5874816179275513, 0.5914723873138428, 0.5933627486228943, 0.5979835987091064, 0.5950430631637573, 0.6000840067863464, 0.6028145551681519, 0.603234589099884, 0.5984036922454834, 0.6063852310180664, 0.5990338325500488, 0.6013442277908325, 0.609115719795227, 0.6044948697090149, 0.6061751842498779, 0.6055450439453125, 0.6082755923271179, 0.6082755923271179, 0.6086956262588501, 0.6089056730270386, 0.6097458600997925, 0.609115719795227, 0.6103760004043579, 0.6093257665634155, 0.6114261746406555, 0.6168872117996216, 0.6173073053359985, 0.6170972585678101, 0.6181474328041077, 0.6187775731086731, 0.6196177005767822, 0.6217181086540222, 0.6181474328041077, 0.6198277473449707, 0.6217181086540222, 0.6263390183448792, 0.6231883764266968], "val_loss": [2.0769834518432617, 1.9183372259140015, 1.81124746799469, 1.7379202842712402, 1.6890828609466553, 1.655050277709961, 1.632767915725708, 1.6141098737716675, 1.5978972911834717, 1.5831431150436401, 1.5717506408691406, 1.565145492553711, 1.5581908226013184, 1.550831913948059, 1.547507405281067, 1.5503969192504883, 1.5473116636276245, 1.5445019006729126, 1.5436373949050903, 1.5469406843185425, 1.5493333339691162, 1.5464731454849243, 1.5468446016311646, 1.5522894859313965, 1.5535893440246582, 1.5538725852966309, 1.555400013923645, 1.5541484355926514, 1.5596338510513306, 1.5591708421707153, 1.561826467514038, 1.5614283084869385, 1.562547206878662, 1.5635643005371094, 1.5629932880401611, 1.564316749572754, 1.563427209854126, 1.5657556056976318, 1.5711708068847656, 1.5696523189544678, 1.5719572305679321, 1.571258783340454, 1.579445719718933, 1.582050085067749, 1.5832823514938354, 1.5811703205108643, 1.5887553691864014, 1.5901546478271484, 1.5903825759887695, 1.5959324836730957, 1.594624638557434, 1.5998167991638184, 1.6048249006271362, 1.6112470626831055, 1.619035243988037, 1.6198779344558716, 1.619892954826355, 1.6331361532211304, 1.6437517404556274, 1.650752305984497, 1.6581758260726929, 1.6772735118865967, 1.6778556108474731, 1.6902339458465576, 1.7035613059997559, 1.7145205736160278, 1.7174636125564575, 1.7360278367996216, 1.7506119012832642, 1.743424654006958, 1.7404440641403198, 1.7603901624679565, 1.7482187747955322, 1.761227011680603, 1.7580783367156982, 1.7654322385787964, 1.7676339149475098, 1.7686741352081299, 1.761185884475708, 1.7683225870132446, 1.7775412797927856, 1.7806181907653809, 1.779714584350586, 1.782589077949524, 1.7760452032089233, 1.7816944122314453, 1.790474534034729, 1.7918118238449097, 1.7982772588729858, 1.8026790618896484, 1.8096997737884521, 1.8105440139770508, 1.8026195764541626, 1.8150500059127808, 1.8257625102996826, 1.8226792812347412, 1.8243052959442139, 1.8372658491134644, 1.8227189779281616, 1.8272000551223755],