{"loss": [2.78385591506958, 2.400686025619507, 2.1375572681427, 1.9446516036987305, 1.802462100982666, 1.6980286836624146, 1.6198524236679077, 1.5638898611068726, 1.522902011871338, 1.4923368692398071, 1.4665449857711792, 1.441864252090454, 1.418377161026001, 1.3984990119934082, 1.382895588874817, 1.3674557209014893, 1.3533259630203247, 1.3400760889053345, 1.3271993398666382, 1.3170042037963867, 1.307605504989624, 1.2996598482131958, 1.2919349670410156, 1.2856415510177612, 1.2802153825759888, 1.2744795083999634, 1.2696824073791504, 1.2644037008285522, 1.2593238353729248, 1.253286600112915, 1.24820876121521, 1.2434879541397095, 1.2387019395828247, 1.2331500053405762, 1.2278110980987549, 1.2221319675445557, 1.2161544561386108, 1.2079448699951172, 1.2020450830459595, 1.1918425559997559, 1.1822654008865356, 1.1681506633758545, 1.1519781351089478, 1.1367220878601074, 1.1208335161209106, 1.1075423955917358, 1.100846290588379, 1.0920460224151611, 1.0818932056427002, 1.0764554738998413, 1.0702849626541138, 1.0640660524368286, 1.0602796077728271, 1.0540759563446045, 1.0488473176956177, 1.0454232692718506, 1.0411018133163452, 1.0335419178009033, 1.03524911403656, 1.0283191204071045, 1.021497368812561, 1.0135976076126099, 1.0093415975570679, 1.009401559829712, 1.0062355995178223, 0.9983411431312561, 0.9882811307907104, 0.9818935394287109, 0.980758547782898, 0.9768326878547668, 0.974779486656189, 0.9783247709274292, 0.9654257297515869, 0.9917824864387512, 0.9828917980194092, 0.9678056240081787, 0.9686856269836426, 0.9529744982719421, 0.9539614915847778, 0.952329695224762, 0.9476633667945862, 0.9427732229232788, 0.9449216723442078, 0.9633204936981201, 0.9484975337982178, 0.9478651881217957, 0.939304530620575, 0.9550217986106873, 0.9423729181289673, 0.9442105293273926, 0.9338933825492859, 0.9308068156242371, 0.923253059387207, 0.9276708960533142, 0.9309720396995544, 0.9217804670333862, 0.9234083890914917, 0.9225986003875732, 0.9318408370018005, 0.9225254058837891], "accuracy": [0.21982666850090027, 0.33734938502311707, 0.420841246843338, 0.4424011707305908, 0.40900444984436035, 0.41238638758659363, 0.4164024591445923, 0.4159797132015228, 0.41767069697380066, 0.41915029287338257, 0.42168673872947693, 0.42189812660217285, 0.4221094846725464, 0.42697104811668396, 0.4364827871322632, 0.4529697597026825, 0.45761996507644653, 0.4738955795764923, 0.47558656334877014, 0.47981399297714233, 0.4853096604347229, 0.4880574941635132, 0.48848024010658264, 0.4889029860496521, 0.4901712238788605, 0.4882688522338867, 0.49080532789230347, 0.4912280738353729, 0.491016685962677, 0.4954555034637451, 0.4975692331790924, 0.5005284547805786, 0.49799197912216187, 0.5058127045631409, 0.5075036883354187, 0.5113083720207214, 0.5138448476791382, 0.5184950232505798, 0.5197632908821106, 0.5299091339111328, 0.5375185012817383, 0.5468188524246216, 0.5468188524246216, 0.5525258779525757, 0.5567533373832703, 0.5537941455841064, 0.5616148710250854, 0.5649968385696411, 0.5660536885261536, 0.5704925060272217, 0.5800042152404785, 0.5734516978263855, 0.5823293328285217, 0.5859226584434509, 0.5893045663833618, 0.5893045663833618, 0.5975480675697327, 0.6007186770439148, 0.5956457257270813, 0.60558021068573, 0.6129782199859619, 0.6195307374000549, 0.6214330792427063, 0.623546838760376, 0.6254491806030273, 0.6284083724021912, 0.6349608898162842, 0.6391883492469788, 0.6398224234580994, 0.6385542154312134, 0.6374973654747009, 0.6336926817893982, 0.6425702571868896, 0.6328471899032593, 0.6311562061309814, 0.6415134072303772, 0.6442612409591675, 0.6461635828018188, 0.6448953747749329, 0.643204391002655, 0.6463750004768372, 0.6544070839881897, 0.6463750004768372, 0.6343267560005188, 0.6470090746879578, 0.6501796841621399, 0.6516592502593994, 0.6472204327583313, 0.6594800353050232, 0.6533502340316772, 0.6601141691207886, 0.6577890515327454, 0.6673007607460022, 0.6582117676734924, 0.6580004096031189, 0.6717395782470703, 0.6647643446922302, 0.6732192039489746, 0.6641302108764648, 0.6706827282905579], "val_loss": [2.6786091327667236, 2.37514066696167, 2.1637706756591797, 2.013096570968628, 1.9047795534133911, 1.8241046667099, 1.7644107341766357, 1.7225323915481567, 1.6903343200683594, 1.6611357927322388, 1.6370770931243896, 1.619309663772583, 1.6036444902420044, 1.589599609375, 1.5819032192230225, 1.571471929550171, 1.5660709142684937, 1.560537576675415, 1.5590204000473022, 1.5569443702697754, 1.5532652139663696, 1.5574142932891846, 1.5585496425628662, 1.560241460800171, 1.557636022567749, 1.558358907699585, 1.5604411363601685, 1.562241792678833, 1.5613961219787598, 1.561598539352417, 1.5668907165527344, 1.5724897384643555, 1.5689163208007812, 1.5733742713928223, 1.5753365755081177, 1.570490837097168, 1.5811710357666016, 1.5850801467895508, 1.5864454507827759, 1.5872273445129395, 1.60100257396698, 1.6025111675262451, 1.6205544471740723, 1.630916953086853, 1.6320492029190063, 1.6424226760864258, 1.6652443408966064, 1.6723449230194092, 1.666629433631897, 1.6798456907272339, 1.6816514730453491, 1.674768328666687, 1.6974740028381348, 1.696069598197937, 1.7033313512802124, 1.706468939781189, 1.7115260362625122, 1.7171920537948608, 1.7254959344863892, 1.725506067276001, 1.7362951040267944, 1.7225040197372437, 1.7375683784484863, 1.746167540550232, 1.7453738451004028, 1.751296043395996, 1.756493330001831, 1.7544589042663574, 1.7675796747207642, 1.7562665939331055, 1.7680902481079102, 1.7675702571868896, 1.796430230140686, 1.7779366970062256, 1.7520650625228882, 1.7500356435775757, 1.7690587043762207, 1.7708114385604858, 1.7880902290344238, 1.7836151123046875, 1.793090581893921, 1.8053828477859497, 1.805016040802002, 1.817142367362976, 1.8091851472854614, 1.8172087669372559, 1.818146824836731, 1.8248125314712524, 1.8330947160720825, 1.8234220743179321, 1.829807996749878, 1.8331323862075806, 1.8405497074127197, 1.8640797138214111, 1.8456391096115112, 1.8529715538024902, 1.8326754570007324, 1.84103524684906, 1.8358383178710938, 1.8485445976257324],