{"loss": [2.001310348510742, 1.7136707305908203, 1.4822543859481812, 1.3244024515151978, 1.2110371589660645, 1.1244102716445923, 1.0578173398971558, 1.0046985149383545, 0.9611657857894897, 0.9223713874816895, 0.8877146244049072, 0.8552259802818298, 0.8239631652832031, 0.7980639338493347, 0.7744752168655396, 0.7538511157035828, 0.7351376414299011, 0.7185901999473572, 0.7037323117256165, 0.6889393925666809, 0.677690863609314, 0.6689713597297668, 0.6591384410858154, 0.6505928635597229, 0.6426824331283569, 0.6351632475852966, 0.6275948286056519, 0.6201997995376587, 0.6138877272605896, 0.6072438955307007, 0.6010581254959106, 0.5945862531661987, 0.5890362858772278, 0.5845946669578552, 0.5791833996772766, 0.5743419528007507, 0.5692358613014221, 0.5640465617179871, 0.5607580542564392, 0.5559483170509338, 0.5509980916976929, 0.5445703268051147, 0.5383924841880798, 0.5351566076278687, 0.5306797027587891, 0.5268107056617737, 0.5233603119850159, 0.519553005695343, 0.5156878232955933, 0.5126829147338867, 0.5093870759010315, 0.5060582756996155, 0.5026708841323853, 0.4987824261188507, 0.4958120584487915, 0.49276474118232727, 0.49125462770462036, 0.48693063855171204, 0.48364904522895813, 0.48077717423439026, 0.47737815976142883, 0.47557997703552246, 0.47214406728744507, 0.4694559574127197, 0.466564804315567, 0.4647112786769867, 0.4581882953643799, 0.45478561520576477, 0.45145753026008606, 0.45008206367492676, 0.44747576117515564, 0.444755882024765, 0.4430716037750244, 0.4408774673938751, 0.43759557604789734, 0.43565884232521057, 0.4332369267940521, 0.43130502104759216, 0.4285268783569336, 0.42753031849861145, 0.4250604510307312, 0.4223380386829376, 0.421310693025589, 0.41793063282966614, 0.41813957691192627, 0.4156150221824646, 0.41338175535202026, 0.41126278042793274, 0.4098844528198242, 0.4077465534210205, 0.4059479534626007, 0.40512293577194214, 0.4017717242240906, 0.40083613991737366, 0.40053582191467285, 0.3975098729133606, 0.3957637846469879, 0.3947651982307434, 0.3935340344905853, 0.3920747935771942], "accuracy": [0.3546621799468994, 0.47337403893470764, 0.49189645051956177, 0.5215743780136108, 0.5634603500366211, 0.6057671904563904, 0.6299726366996765, 0.6552304625511169, 0.6659650802612305, 0.6762786507606506, 0.6844874620437622, 0.695011556148529, 0.6998526453971863, 0.7091138958930969, 0.7139549851417542, 0.7225847244262695, 0.7274258136749268, 0.7320564389228821, 0.7402651906013489, 0.7411071062088013, 0.7448958158493042, 0.7427909970283508, 0.7484740018844604, 0.7493159174919128, 0.7552094459533691, 0.7541570067405701, 0.7598400115966797, 0.7627868056297302, 0.7651020884513855, 0.7714165449142456, 0.7680488228797913, 0.7693117260932922, 0.7737318277359009, 0.7760471701622009, 0.7789939045906067, 0.7792043685913086, 0.7821511030197144, 0.7848873734474182, 0.7874131798744202, 0.7895179986953735, 0.790149450302124, 0.7924647331237793, 0.7985687255859375, 0.7983582615852356, 0.7998316287994385, 0.8029888272285461, 0.8027783632278442, 0.8071984648704529, 0.80804044008255, 0.8086718320846558, 0.8086718320846558, 0.8120395541191101, 0.8120395541191101, 0.8130919933319092, 0.8160387277603149, 0.8187749981880188, 0.8143548965454102, 0.8244580030441284, 0.8217217326164246, 0.8255104422569275, 0.8257209062576294, 0.824878990650177, 0.8269838094711304, 0.8267732858657837, 0.8292990922927856, 0.8309829235076904, 0.8343506455421448, 0.8324563503265381, 0.8332982659339905, 0.833929717540741, 0.8366659879684448, 0.8368764519691467, 0.8398231863975525, 0.8394022583961487, 0.8408756256103516, 0.8389812707901001, 0.8419280052185059, 0.8438223600387573, 0.8427699208259583, 0.8455061912536621, 0.8457167148590088, 0.8463481664657593, 0.8461376428604126, 0.8507682681083679, 0.8463481664657593, 0.8501368165016174, 0.8507682681083679, 0.8511891961097717, 0.8530835509300232, 0.8551883697509766, 0.8545569181442261, 0.8551883697509766, 0.8577141761779785, 0.8522416353225708, 0.8564512729644775, 0.8575037121772766, 0.8568722605705261, 0.8589770793914795, 0.8579246401786804, 0.8593980073928833], "val_loss": [1.8891055583953857, 1.6669846773147583, 1.5435714721679688, 1.4811428785324097, 1.4458731412887573, 1.4185713529586792, 1.4007428884506226, 1.3886555433273315, 1.3875577449798584, 1.3869889974594116, 1.378769040107727, 1.3821537494659424, 1.3766038417816162, 1.365553617477417, 1.3809751272201538, 1.374106764793396, 1.3809932470321655, 1.368411660194397, 1.380613923072815, 1.381780982017517, 1.383022427558899, 1.3878852128982544, 1.400411605834961, 1.39579439163208, 1.389975905418396, 1.3946614265441895, 1.4017540216445923, 1.4036593437194824, 1.4074172973632812, 1.419519305229187, 1.417159914970398, 1.4249690771102905, 1.4297007322311401, 1.4336708784103394, 1.429567813873291, 1.4383602142333984, 1.446714162826538, 1.4401488304138184, 1.4418649673461914, 1.4439938068389893, 1.4475070238113403, 1.453134298324585, 1.4382561445236206, 1.4400482177734375, 1.450809359550476, 1.4466756582260132, 1.459078311920166, 1.4625260829925537, 1.462262749671936, 1.4682559967041016, 1.473028302192688, 1.4729838371276855, 1.4757330417633057, 1.4794913530349731, 1.4902225732803345, 1.492593765258789, 1.4950287342071533, 1.4839729070663452, 1.5061733722686768, 1.4995006322860718, 1.4984127283096313, 1.5023517608642578, 1.4940389394760132, 1.4980778694152832, 1.5100592374801636, 1.5102969408035278, 1.5175304412841797, 1.5337114334106445, 1.5376734733581543, 1.5402135848999023, 1.5505915880203247, 1.5491782426834106, 1.5480846166610718, 1.5632668733596802, 1.5730270147323608, 1.5711591243743896, 1.576914668083191, 1.5736991167068481, 1.5940113067626953, 1.5883821249008179, 1.5872331857681274, 1.5972388982772827, 1.5926645994186401, 1.5918165445327759, 1.6012481451034546, 1.6120808124542236, 1.6142696142196655, 1.621142864227295, 1.621172547340393, 1.6287174224853516, 1.639443278312683, 1.636214017868042, 1.6430116891860962, 1.6572771072387695, 1.666459560394287, 1.6576275825500488, 1.6616041660308838, 1.6686668395996094, 1.665639042854309, 1.6733148097991943],