{"loss": [4.024191379547119, 3.556617498397827, 2.955740451812744, 2.3678741455078125, 1.903700590133667, 1.6132675409317017, 1.4245884418487549, 1.3022921085357666, 1.2156636714935303, 1.151094675064087, 1.10361647605896, 1.0635721683502197, 1.0296791791915894, 1.0008901357650757, 0.9755018949508667, 0.9523706436157227, 0.9288915395736694, 0.9076524376869202, 0.8876374363899231, 0.8682416677474976, 0.8489267230033875, 0.8320474624633789, 0.813883900642395, 0.7978014349937439, 0.7824302315711975, 0.7674275040626526, 0.7523407936096191, 0.7382161617279053, 0.7242265343666077, 0.711348295211792, 0.6996315121650696, 0.6876913905143738, 0.6784691214561462, 0.6691409945487976, 0.6608403921127319, 0.6511672735214233, 0.6427274942398071, 0.6352136731147766, 0.6277874112129211, 0.6203396320343018, 0.6144101023674011, 0.6079025864601135, 0.6017879247665405, 0.5966301560401917, 0.59150630235672, 0.5857986807823181, 0.5814782977104187, 0.5763665437698364, 0.5713813304901123, 0.5672470927238464, 0.5627040266990662, 0.5584887266159058, 0.5540380477905273, 0.5504191517829895, 0.5466568470001221, 0.5428426265716553, 0.5388652682304382, 0.5356765389442444, 0.5306847095489502, 0.5280217528343201, 0.5230517983436584, 0.5203845500946045, 0.516724169254303, 0.5142320990562439, 0.5101085901260376, 0.5063233971595764, 0.5021969676017761, 0.49888303875923157, 0.4944659173488617, 0.49112898111343384, 0.4877108931541443, 0.4849356710910797, 0.4821469485759735, 0.48017460107803345, 0.4768504202365875, 0.4737972617149353, 0.4716911017894745, 0.46863919496536255, 0.4652131199836731, 0.462201327085495, 0.459840327501297, 0.45595628023147583, 0.4539313018321991, 0.45143580436706543, 0.44861653447151184, 0.4469166398048401, 0.44439491629600525, 0.4412939250469208, 0.4406070113182068, 0.437610387802124, 0.4345391094684601, 0.4332626760005951, 0.4317645728588104, 0.4291694760322571, 0.4284365177154541, 0.42514291405677795, 0.42432865500450134, 0.4220466613769531, 0.4202438294887543, 0.41768231987953186], "accuracy": [0.20353609323501587, 0.35929277539253235, 0.4171753227710724, 0.47968849539756775, 0.5306251049041748, 0.5560934543609619, 0.5847190022468567, 0.6066091060638428, 0.6221848130226135, 0.6346032619476318, 0.6415491700172424, 0.6520732641220093, 0.6594401001930237, 0.6655440926551819, 0.673121452331543, 0.6769101023674011, 0.6844874620437622, 0.6899600028991699, 0.6929067373275757, 0.698800265789032, 0.6990107297897339, 0.7032203674316406, 0.7089033722877502, 0.7122710943222046, 0.7133235335350037, 0.7164807319641113, 0.7215322852134705, 0.7270048260688782, 0.7345821857452393, 0.7383708953857422, 0.7371079921722412, 0.7432119846343994, 0.748894989490509, 0.7497369050979614, 0.7535255551338196, 0.7545779943466187, 0.7564723491668701, 0.7587876319885254, 0.7634182572364807, 0.7634182572364807, 0.7684698104858398, 0.7686802744865417, 0.7718375325202942, 0.7741528153419495, 0.7768890857696533, 0.7762576341629028, 0.7779414653778076, 0.7798358201980591, 0.7838349938392639, 0.7821511030197144, 0.7853083610534668, 0.7874131798744202, 0.7899389863014221, 0.7937276363372803, 0.7937276363372803, 0.7968848943710327, 0.7964639067649841, 0.800463080406189, 0.8008840084075928, 0.8023573756217957, 0.8027783632278442, 0.804462194442749, 0.8093032836914062, 0.8090928196907043, 0.8118290901184082, 0.8114081025123596, 0.814775824546814, 0.8149863481521606, 0.8183540105819702, 0.8200379014015198, 0.8217217326164246, 0.8238265514373779, 0.8244580030441284, 0.824878990650177, 0.8280361890792847, 0.8278257250785828, 0.8267732858657837, 0.8295095562934875, 0.8284571766853333, 0.8332982659339905, 0.833929717540741, 0.8360345363616943, 0.8356135487556458, 0.8387708067893982, 0.8394022583961487, 0.839191734790802, 0.8396127223968506, 0.8412965536117554, 0.8412965536117554, 0.8440328240394592, 0.8442432880401611, 0.8452957272529602, 0.8474005460739136, 0.8478215336799622, 0.8446642756462097, 0.8461376428604126, 0.8490843772888184, 0.8486634492874146, 0.8452957272529602, 0.8503472805023193], "val_loss": [3.847217082977295, 3.4087696075439453, 2.942039728164673, 2.5892257690429688, 2.3230092525482178, 2.1536991596221924, 2.0410637855529785, 1.964664340019226, 1.9221100807189941, 1.8883951902389526, 1.8694483041763306, 1.8439011573791504, 1.817972183227539, 1.7817888259887695, 1.7791274785995483, 1.7669341564178467, 1.7323143482208252, 1.7199499607086182, 1.7040570974349976, 1.6849045753479004, 1.676472783088684, 1.6696172952651978, 1.66239333152771, 1.6457581520080566, 1.6459071636199951, 1.625476598739624, 1.6234105825424194, 1.601760745048523, 1.5949524641036987, 1.5808805227279663, 1.5779120922088623, 1.5813391208648682, 1.5688624382019043, 1.5856181383132935, 1.5692511796951294, 1.5747690200805664, 1.583156943321228, 1.560951590538025, 1.5685186386108398, 1.5735020637512207, 1.5784051418304443, 1.5804202556610107, 1.5727595090866089, 1.5837719440460205, 1.589906096458435, 1.572975993156433, 1.5859342813491821, 1.5760691165924072, 1.5852570533752441, 1.5758581161499023, 1.5869461297988892, 1.5841178894042969, 1.6015633344650269, 1.5954868793487549, 1.598587155342102, 1.6076229810714722, 1.609588623046875, 1.5990046262741089, 1.619491696357727, 1.5911110639572144, 1.5962133407592773, 1.6194887161254883, 1.609190821647644, 1.610471248626709, 1.6095197200775146, 1.6362906694412231, 1.6307098865509033, 1.6364760398864746, 1.626660943031311, 1.6338931322097778, 1.6426385641098022, 1.6356258392333984, 1.6604887247085571, 1.6389343738555908, 1.6510127782821655, 1.6490203142166138, 1.6726760864257812, 1.6646511554718018, 1.6724390983581543, 1.6783369779586792, 1.6773287057876587, 1.7025971412658691, 1.6874295473098755, 1.6774537563323975, 1.6798120737075806, 1.7120845317840576, 1.7072653770446777, 1.6738649606704712, 1.6986205577850342, 1.6893634796142578, 1.7230738401412964, 1.712367296218872, 1.698346734046936, 1.724658489227295, 1.7412207126617432, 1.68880295753479, 1.7144683599472046, 1.7202908992767334, 1.7271579504013062, 1.76555597782135],