{"loss": [2.683359146118164, 2.2085142135620117, 1.903092622756958, 1.7085367441177368, 1.5886893272399902, 1.515425205230713, 1.4669028520584106, 1.43230402469635, 1.4063421487808228, 1.3850325345993042, 1.3681613206863403, 1.3532148599624634, 1.3392174243927002, 1.3255534172058105, 1.313167929649353, 1.3023722171783447, 1.2925959825515747, 1.2833536863327026, 1.2743111848831177, 1.266162633895874, 1.2580877542495728, 1.2503949403762817, 1.2433727979660034, 1.2364425659179688, 1.2300684452056885, 1.2242157459259033, 1.2179501056671143, 1.212013602256775, 1.2063448429107666, 1.2006765604019165, 1.1959248781204224, 1.1905314922332764, 1.1860017776489258, 1.1801282167434692, 1.1764854192733765, 1.1716868877410889, 1.1672389507293701, 1.1630604267120361, 1.1589804887771606, 1.1547529697418213, 1.1510531902313232, 1.1481196880340576, 1.1436469554901123, 1.1398320198059082, 1.1369867324829102, 1.1335065364837646, 1.1302907466888428, 1.1268928050994873, 1.123913049697876, 1.121207356452942, 1.1176210641860962, 1.1159290075302124, 1.1128700971603394, 1.1108342409133911, 1.1070444583892822, 1.104228138923645, 1.1019318103790283, 1.099901795387268, 1.0975769758224487, 1.0949513912200928, 1.0927094221115112, 1.0909181833267212, 1.0884790420532227, 1.0862839221954346, 1.084096074104309, 1.082654356956482, 1.0803574323654175, 1.0790390968322754, 1.0773767232894897, 1.0752793550491333, 1.0736265182495117, 1.071469783782959, 1.070059895515442, 1.069035530090332, 1.067304253578186, 1.0662128925323486, 1.0642976760864258, 1.0624315738677979, 1.0613324642181396, 1.0600601434707642, 1.0581203699111938, 1.0577970743179321, 1.0553345680236816, 1.054348349571228, 1.0530389547348022, 1.0516923666000366, 1.0503357648849487, 1.0488592386245728, 1.047473430633545, 1.0465872287750244, 1.0450717210769653, 1.0442999601364136, 1.0435925722122192, 1.04135000705719, 1.0406699180603027, 1.0398728847503662, 1.0387252569198608, 1.03727126121521, 1.035871982574463, 1.0352174043655396], "accuracy": [0.24989518523216248, 0.41635221242904663, 0.4410901367664337, 0.4079664647579193, 0.41404610872268677, 0.4161425530910492, 0.42033544182777405, 0.42180293798446655, 0.42410901188850403, 0.42515721917152405, 0.42515721917152405, 0.42809224128723145, 0.42914044857025146, 0.43060797452926636, 0.4303983151912689, 0.43207547068595886, 0.4375261962413788, 0.4425576627254486, 0.44507336616516113, 0.4467505216598511, 0.4469601809978485, 0.4542976915836334, 0.4589098393917084, 0.4631027281284332, 0.46519917249679565, 0.4800838530063629, 0.4815513491630554, 0.48322850465774536, 0.501886785030365, 0.50209641456604, 0.49895179271698, 0.5104821920394897, 0.5140461325645447, 0.5182390213012695, 0.5167714953422546, 0.5205450654029846, 0.5316562056541443, 0.5293501019477844, 0.5339622497558594, 0.5371069312095642, 0.5394129753112793, 0.5415094494819641, 0.5436058640480042, 0.548846960067749, 0.5454926490783691, 0.548637330532074, 0.5511530637741089, 0.5519916415214539, 0.5574423670768738, 0.5561844706535339, 0.5597484111785889, 0.554507315158844, 0.5591195225715637, 0.5658280849456787, 0.5601677298545837, 0.5635220408439636, 0.5670859813690186, 0.5672956109046936, 0.5639412999153137, 0.5654088258743286, 0.5704402327537537, 0.5702306032180786, 0.5683438181877136, 0.5708595514297485, 0.5677148699760437, 0.5719077587127686, 0.5744234919548035, 0.5748427510261536, 0.5784066915512085, 0.5719077587127686, 0.5781970620155334, 0.5790356397628784, 0.5765199065208435, 0.5740041732788086, 0.5775681138038635, 0.5807127952575684, 0.5809224247932434, 0.5815513730049133, 0.5805031657218933, 0.5794548988342285, 0.5813417434692383, 0.5849056839942932, 0.5855345726013184, 0.5834381580352783, 0.5880503058433533, 0.5840671062469482, 0.5863731503486633, 0.5870020985603333, 0.5849056839942932, 0.5916142463684082, 0.5880503058433533, 0.5859538912773132, 0.5882599353790283, 0.5886792540550232, 0.5870020985603333, 0.5895178318023682, 0.5914046168327332, 0.5920335650444031, 0.5895178318023682, 0.5926624536514282], "val_loss": [2.5000662803649902, 2.158639907836914, 1.9403351545333862, 1.8039507865905762, 1.7283871173858643, 1.6766496896743774, 1.642856478691101, 1.6185662746429443, 1.5997514724731445, 1.5894560813903809, 1.5789813995361328, 1.5694760084152222, 1.5602116584777832, 1.552680253982544, 1.5441142320632935, 1.541930079460144, 1.5344170331954956, 1.5288773775100708, 1.524793267250061, 1.5181983709335327, 1.5147265195846558, 1.5106170177459717, 1.5085262060165405, 1.506449580192566, 1.5052411556243896, 1.5039223432540894, 1.5030921697616577, 1.5001147985458374, 1.501519799232483, 1.4987001419067383, 1.4973355531692505, 1.4975512027740479, 1.5018378496170044, 1.495456576347351, 1.4994696378707886, 1.497193694114685, 1.4986042976379395, 1.498209834098816, 1.500686764717102, 1.500341534614563, 1.5008553266525269, 1.5058560371398926, 1.5073134899139404, 1.505934715270996, 1.5040591955184937, 1.5072779655456543, 1.506757378578186, 1.5104418992996216, 1.5101178884506226, 1.511893391609192, 1.5146377086639404, 1.517241358757019, 1.5180628299713135, 1.5156090259552002, 1.5168286561965942, 1.5174219608306885, 1.519034504890442, 1.5196597576141357, 1.5151143074035645, 1.5173965692520142, 1.525278925895691, 1.5242681503295898, 1.5242527723312378, 1.5233113765716553, 1.5247513055801392, 1.5267726182937622, 1.526545524597168, 1.5269804000854492, 1.5249314308166504, 1.529840111732483, 1.5287278890609741, 1.5314559936523438, 1.531364917755127, 1.5317041873931885, 1.5347883701324463, 1.5333657264709473, 1.53395676612854, 1.5346602201461792, 1.5363131761550903, 1.534784197807312, 1.5381168127059937, 1.540134310722351, 1.5406585931777954, 1.5426698923110962, 1.5433074235916138, 1.5421799421310425, 1.541879415512085, 1.5427731275558472, 1.5455986261367798, 1.5453730821609497, 1.5454246997833252, 1.5462403297424316, 1.5457130670547485, 1.5454564094543457, 1.546628475189209, 1.5450085401535034, 1.5482540130615234, 1.5470670461654663, 1.5458823442459106, 1.548231601715088],