{"loss": [5.349390029907227, 4.673593997955322, 4.072635650634766, 3.5272376537323, 3.0283024311065674, 2.5762555599212646, 2.195401191711426, 1.9202215671539307, 1.7451564073562622, 1.6402277946472168, 1.5766009092330933, 1.5340757369995117, 1.5026248693466187, 1.478022575378418, 1.4570235013961792, 1.4397823810577393, 1.4237746000289917, 1.408501148223877, 1.3949484825134277, 1.382271647453308, 1.371612548828125, 1.3608307838439941, 1.3509972095489502, 1.343370795249939, 1.3357568979263306, 1.3288828134536743, 1.323157548904419, 1.3183492422103882, 1.3138346672058105, 1.3092901706695557, 1.3053582906723022, 1.3015990257263184, 1.2983771562576294, 1.2944287061691284, 1.2904022932052612, 1.2869062423706055, 1.2834473848342896, 1.278616189956665, 1.2745131254196167, 1.270481824874878, 1.266419768333435, 1.2618485689163208, 1.2574706077575684, 1.2517695426940918, 1.2461620569229126, 1.2396284341812134, 1.2327239513397217, 1.2243461608886719, 1.2154908180236816, 1.2029361724853516, 1.1877682209014893, 1.1694087982177734, 1.152443528175354, 1.136415719985962, 1.1220625638961792, 1.115891933441162, 1.1078375577926636, 1.1011886596679688, 1.0938211679458618, 1.0872900485992432, 1.081349492073059, 1.080317735671997, 1.0769667625427246, 1.0790975093841553, 1.0729124546051025, 1.0684584379196167, 1.0649752616882324, 1.0640628337860107, 1.0612478256225586, 1.0573712587356567, 1.0538909435272217, 1.0517425537109375, 1.0506329536437988, 1.0490918159484863, 1.0454813241958618, 1.040798544883728, 1.0383695363998413, 1.0359798669815063, 1.0341581106185913, 1.0301258563995361, 1.0367753505706787, 1.0330681800842285, 1.0277349948883057, 1.0286426544189453, 1.0255459547042847, 1.0247998237609863, 1.0224683284759521, 1.0258936882019043, 1.018533706665039, 1.0160093307495117, 1.0135916471481323, 1.015256404876709, 1.0093275308609009, 1.0107944011688232, 1.0073171854019165, 1.0047175884246826, 1.0048953294754028, 0.9999226331710815, 0.9984872341156006, 0.9954690933227539], "accuracy": [0.14649547636508942, 0.23826563358306885, 0.2950957715511322, 0.33214059472084045, 0.36497578024864197, 0.39360135793685913, 0.4211744964122772, 0.45443063974380493, 0.4561145007610321, 0.41906967759132385, 0.41317617893218994, 0.4152809977531433, 0.41338664293289185, 0.4167543649673462, 0.41928014159202576, 0.4245421886444092, 0.43275099992752075, 0.4439065456390381, 0.46053463220596313, 0.463270902633667, 0.47105872631073, 0.4780046343803406, 0.47926750779151917, 0.47968849539756775, 0.4841085970401764, 0.48495054244995117, 0.48537150025367737, 0.48600295186042786, 0.4881077706813812, 0.48747631907463074, 0.49210691452026367, 0.49210691452026367, 0.4902125895023346, 0.4961060881614685, 0.4973689615726471, 0.4973689615726471, 0.4982109069824219, 0.5034729242324829, 0.5036834478378296, 0.5081035494804382, 0.5091559886932373, 0.513576090335846, 0.5186276435852051, 0.5213639140129089, 0.520101010799408, 0.527678370475769, 0.5287308096885681, 0.5411492586135864, 0.5462008118629456, 0.5567249059677124, 0.5718796253204346, 0.581561803817749, 0.5874552726745605, 0.5937697291374207, 0.5994527339935303, 0.594611644744873, 0.6021890044212341, 0.6097663640975952, 0.6080825328826904, 0.612713098526001, 0.6122921705245972, 0.6173437237739563, 0.6186066269874573, 0.615028440952301, 0.6160808205604553, 0.6167122721672058, 0.6209219098091125, 0.6179751753807068, 0.6207114458084106, 0.6247105598449707, 0.6272363662719727, 0.6274468302726746, 0.6245000958442688, 0.6303936243057251, 0.6308145523071289, 0.6308145523071289, 0.6324984431266785, 0.6354451775550842, 0.6375499963760376, 0.6392338275909424, 0.6348137259483337, 0.6316564679145813, 0.6404967308044434, 0.6398652791976929, 0.6388128995895386, 0.6415491700172424, 0.644916832447052, 0.6428120136260986, 0.6447063684463501, 0.6440749168395996, 0.6491264700889587, 0.646179735660553, 0.6491264700889587, 0.6457588076591492, 0.6514418125152588, 0.6535466313362122, 0.6516522765159607, 0.6579667329788208, 0.655019998550415, 0.6600715517997742], "val_loss": [5.048854827880859, 4.46091365814209, 3.9359285831451416, 3.454333782196045, 3.018095016479492, 2.6297450065612793, 2.3254199028015137, 2.1140077114105225, 1.9827735424041748, 1.90196692943573, 1.850626826286316, 1.8168888092041016, 1.7909107208251953, 1.7666492462158203, 1.749352216720581, 1.7332056760787964, 1.7177268266677856, 1.7062876224517822, 1.696589469909668, 1.6909253597259521, 1.6816351413726807, 1.6739920377731323, 1.6720683574676514, 1.6705724000930786, 1.6662017107009888, 1.6661399602890015, 1.6614409685134888, 1.6593194007873535, 1.6575063467025757, 1.651934266090393, 1.65773606300354, 1.6583713293075562, 1.6611186265945435, 1.6571708917617798, 1.6620516777038574, 1.6602109670639038, 1.6560310125350952, 1.6586318016052246, 1.659680962562561, 1.660390853881836, 1.6549104452133179, 1.6519750356674194, 1.6609901189804077, 1.658138632774353, 1.6540169715881348, 1.659591794013977, 1.6636266708374023, 1.6599674224853516, 1.670475721359253, 1.6716830730438232, 1.6746684312820435, 1.6873589754104614, 1.6948744058609009, 1.6903518438339233, 1.7017873525619507, 1.693860411643982, 1.709932804107666, 1.708284854888916, 1.7214148044586182, 1.7316224575042725, 1.7273579835891724, 1.736450433731079, 1.7347294092178345, 1.7573113441467285, 1.7644405364990234, 1.7619258165359497, 1.780491828918457, 1.767645239830017, 1.7760553359985352, 1.7784838676452637, 1.7760603427886963, 1.7900019884109497, 1.7847075462341309, 1.7995485067367554, 1.7996197938919067, 1.7994998693466187, 1.818326711654663, 1.826247215270996, 1.8248474597930908, 1.8336408138275146, 1.831423282623291, 1.845197319984436, 1.8375065326690674, 1.8411062955856323, 1.8497158288955688, 1.864015817642212, 1.873187780380249, 1.8690340518951416, 1.859554648399353, 1.8523378372192383, 1.8642617464065552, 1.859942078590393, 1.8731322288513184, 1.8755804300308228, 1.878136157989502, 1.8806922435760498, 1.882122278213501, 1.8866699934005737, 1.8902019262313843, 1.901342511177063],