{"loss": [2.633815050125122, 2.2203426361083984, 1.8526959419250488, 1.5698052644729614, 1.3643296957015991, 1.227757453918457, 1.1358860731124878, 1.0651415586471558, 1.0083327293395996, 0.9607158303260803, 0.9209501147270203, 0.8897298574447632, 0.8594295382499695, 0.8334951400756836, 0.8102720379829407, 0.7889588475227356, 0.7690993547439575, 0.7504754066467285, 0.7340617179870605, 0.716390073299408, 0.7021173238754272, 0.6901865005493164, 0.6772539615631104, 0.6663621068000793, 0.656470000743866, 0.6472162008285522, 0.6372436285018921, 0.629317045211792, 0.6206569075584412, 0.6129597425460815, 0.6057494878768921, 0.5985633134841919, 0.5929524302482605, 0.5867608189582825, 0.5805737972259521, 0.5748909115791321, 0.5697212815284729, 0.564124345779419, 0.5591154098510742, 0.5528489947319031, 0.5479638576507568, 0.54380202293396, 0.5376023054122925, 0.5337358713150024, 0.5281071066856384, 0.5215436220169067, 0.5171627998352051, 0.5123250484466553, 0.5085867643356323, 0.5031948685646057, 0.4991554915904999, 0.4952234625816345, 0.4911469519138336, 0.48634517192840576, 0.4827386736869812, 0.47904300689697266, 0.4753493368625641, 0.4719265401363373, 0.46708613634109497, 0.4649601876735687, 0.4594838619232178, 0.45726636052131653, 0.45273399353027344, 0.44992944598197937, 0.4469848573207855, 0.44297027587890625, 0.4389244616031647, 0.4357377886772156, 0.43243712186813354, 0.43022820353507996, 0.4259131848812103, 0.4243306815624237, 0.4214794337749481, 0.4193594753742218, 0.4154370427131653, 0.4140099883079529, 0.4102282226085663, 0.4082392454147339, 0.405288428068161, 0.40225961804389954, 0.40038084983825684, 0.3969799876213074, 0.39528688788414, 0.3922629654407501, 0.3909953832626343, 0.3883865773677826, 0.38682225346565247, 0.38326922059059143, 0.38226351141929626, 0.3800327479839325, 0.37402594089508057, 0.37211960554122925, 0.368938148021698, 0.3673938810825348, 0.36621177196502686, 0.36263924837112427, 0.3607235550880432, 0.3588218092918396, 0.35718631744384766, 0.3545480966567993], "accuracy": [0.290254682302475, 0.43380340933799744, 0.4908440411090851, 0.5310460925102234, 0.5826141834259033, 0.6129236221313477, 0.6316564679145813, 0.6444959044456482, 0.6581771969795227, 0.6710166335105896, 0.6781730055809021, 0.6859608292579651, 0.6941696405410767, 0.7017470002174377, 0.7049042582511902, 0.7101662755012512, 0.7164807319641113, 0.7181646227836609, 0.7238476276397705, 0.7286887168884277, 0.7358450889587402, 0.7396337389945984, 0.7455272674560547, 0.7470006346702576, 0.7581561803817749, 0.7600505352020264, 0.766996443271637, 0.7665754556655884, 0.7741528153419495, 0.7741528153419495, 0.7787834405899048, 0.7781519889831543, 0.7827825546264648, 0.7869921922683716, 0.7928857207298279, 0.7943590879440308, 0.7933066487312317, 0.7994106411933899, 0.800463080406189, 0.8010945320129395, 0.8040412664413452, 0.8038307428359985, 0.80804044008255, 0.80804044008255, 0.8101452589035034, 0.8111976385116577, 0.8139339089393616, 0.8173016309738159, 0.8151968121528625, 0.8177225589752197, 0.8191959857940674, 0.8189854621887207, 0.8227741718292236, 0.8252999186515808, 0.8250894546508789, 0.8267732858657837, 0.8267732858657837, 0.8286676406860352, 0.8292990922927856, 0.831403911113739, 0.8345611691474915, 0.8368764519691467, 0.8343506455421448, 0.8377183675765991, 0.8364554643630981, 0.8394022583961487, 0.841507077217102, 0.8431909084320068, 0.8421384692192078, 0.8471900820732117, 0.8452957272529602, 0.8461376428604126, 0.8467690944671631, 0.849294900894165, 0.8495053648948669, 0.850557804107666, 0.8503472805023193, 0.8524520993232727, 0.8547674417495728, 0.8547674417495728, 0.8556093573570251, 0.856030285358429, 0.8585560917854309, 0.8577141761779785, 0.8577141761779785, 0.8598189949989319, 0.8606609106063843, 0.8627657294273376, 0.8625552654266357, 0.8640286326408386, 0.8663439154624939, 0.8665544390678406, 0.8671858310699463, 0.8697116374969482, 0.868659257888794, 0.8718164563179016, 0.8728688955307007, 0.8753946423530579, 0.8747631907463074, 0.875184178352356], "val_loss": [2.4504849910736084, 2.111997365951538, 1.869571328163147, 1.7058427333831787, 1.609370470046997, 1.5562266111373901, 1.5212972164154053, 1.495772361755371, 1.4785710573196411, 1.461371660232544, 1.4566656351089478, 1.4570897817611694, 1.453519344329834, 1.453245997428894, 1.4498143196105957, 1.4495916366577148, 1.4493021965026855, 1.4453372955322266, 1.44264817237854, 1.439275860786438, 1.433039665222168, 1.4441903829574585, 1.4528931379318237, 1.4453212022781372, 1.4433940649032593, 1.4454118013381958, 1.4485337734222412, 1.4622119665145874, 1.4611127376556396, 1.4674367904663086, 1.4648281335830688, 1.472556471824646, 1.476852297782898, 1.4863688945770264, 1.484206199645996, 1.5037575960159302, 1.514054775238037, 1.509039282798767, 1.518009901046753, 1.5219917297363281, 1.532132625579834, 1.534458875656128, 1.5362045764923096, 1.549281358718872, 1.5647670030593872, 1.5735348463058472, 1.5866283178329468, 1.5993047952651978, 1.598387360572815, 1.6105247735977173, 1.620827078819275, 1.6286855936050415, 1.6160815954208374, 1.6292370557785034, 1.6260648965835571, 1.64313542842865, 1.6521483659744263, 1.6556285619735718, 1.6596314907073975, 1.6661242246627808, 1.6778234243392944, 1.6669930219650269, 1.6828557252883911, 1.682457685470581, 1.7133647203445435, 1.685245394706726, 1.7005506753921509, 1.7152156829833984, 1.7397242784500122, 1.741141438484192, 1.757063388824463, 1.741538405418396, 1.7555993795394897, 1.7820287942886353, 1.764746904373169, 1.7899706363677979, 1.7907685041427612, 1.7785804271697998, 1.8143149614334106, 1.8189589977264404, 1.8251973390579224, 1.8193483352661133, 1.8320385217666626, 1.81656813621521, 1.843044400215149, 1.862327218055725, 1.8718974590301514, 1.8716109991073608, 1.8624969720840454, 1.8852579593658447, 1.88951575756073, 1.9142796993255615, 1.9127638339996338, 1.9184610843658447, 1.9464187622070312, 1.9372973442077637, 1.9568583965301514, 1.9681038856506348, 1.9566223621368408, 1.9826915264129639],