{"loss": [3.764552116394043, 2.9430832862854004, 2.3124327659606934, 1.8957188129425049, 1.6465654373168945, 1.5031709671020508, 1.4184107780456543, 1.3631149530410767, 1.3224523067474365, 1.2898110151290894, 1.262556552886963, 1.2383313179016113, 1.2170807123184204, 1.1974575519561768, 1.1795504093170166, 1.1637332439422607, 1.1495568752288818, 1.135975956916809, 1.1243813037872314, 1.1131104230880737, 1.1026555299758911, 1.0924826860427856, 1.0833325386047363, 1.0740437507629395, 1.0656609535217285, 1.057390570640564, 1.0494742393493652, 1.041612148284912, 1.0347729921340942, 1.0277429819107056, 1.020448923110962, 1.013959527015686, 1.0068594217300415, 1.0008119344711304, 0.9939582347869873, 0.9874628186225891, 0.9810419082641602, 0.9749101400375366, 0.9694157838821411, 0.963769257068634, 0.9576096534729004, 0.952297568321228, 0.9469143748283386, 0.9413489103317261, 0.9363558888435364, 0.9313367009162903, 0.9265308976173401, 0.9215853810310364, 0.9173536896705627, 0.9127050042152405, 0.908555805683136, 0.9039643406867981, 0.899825930595398, 0.8962270021438599, 0.892479419708252, 0.8881881833076477, 0.8848075270652771, 0.8812841773033142, 0.8784428834915161, 0.8748844861984253, 0.8714250326156616, 0.8687029480934143, 0.865894079208374, 0.8624371290206909, 0.8595098853111267, 0.8557419776916504, 0.8535897135734558, 0.8504613637924194, 0.8477365970611572, 0.8446289896965027, 0.8423691987991333, 0.8392913937568665, 0.837186336517334, 0.834382176399231, 0.832000195980072, 0.8295342922210693, 0.8263424634933472, 0.8238187432289124, 0.8210662603378296, 0.8189408183097839, 0.8164217472076416, 0.8140550255775452, 0.8121114373207092, 0.808835506439209, 0.8063276410102844, 0.8043649792671204, 0.8017030358314514, 0.7998679280281067, 0.7972913384437561, 0.7962110638618469, 0.7941936254501343, 0.7920524477958679, 0.7898930907249451, 0.7888911366462708, 0.7868519425392151, 0.7847374081611633, 0.7834330797195435, 0.7809212803840637, 0.7792085409164429, 0.7774245142936707], "accuracy": [0.16652683913707733, 0.29488253593444824, 0.4150587320327759, 0.456585556268692, 0.4660235047340393, 0.4284815490245819, 0.4312080442905426, 0.43351510167121887, 0.4410654306411743, 0.4536493420600891, 0.47357383370399475, 0.4974832236766815, 0.5157298445701599, 0.525587260723114, 0.5333473086357117, 0.5455117225646973, 0.5486577153205872, 0.5553691387176514, 0.5599831938743591, 0.5669043660163879, 0.569421112537384, 0.5696308612823486, 0.5761325359344482, 0.5832633972167969, 0.5853607654571533, 0.5893456339836121, 0.5922818779945374, 0.6010906100273132, 0.6008808612823486, 0.6054949760437012, 0.6073825359344482, 0.6107382774353027, 0.6147231459617615, 0.6103187799453735, 0.6149328947067261, 0.6157718300819397, 0.6197566986083984, 0.6210150718688965, 0.6254194378852844, 0.623741626739502, 0.6264681220054626, 0.6279362440109253, 0.6323406100273132, 0.6348573565483093, 0.6342281699180603, 0.6380033493041992, 0.6390520334243774, 0.6421979665756226, 0.6426174640655518, 0.6445050239562988, 0.6440855860710144, 0.6484899520874023, 0.6486996412277222, 0.6520553827285767, 0.6528943181037903, 0.6533137559890747, 0.6518456339836121, 0.6535235047340393, 0.6552013158798218, 0.65625, 0.6572986841201782, 0.6585570573806763, 0.6596056818962097, 0.661912739276886, 0.661283552646637, 0.6608641147613525, 0.661283552646637, 0.6648489832878113, 0.6640100479125977, 0.666946291923523, 0.666946291923523, 0.6665268540382385, 0.6696728467941284, 0.6694630980491638, 0.6690436005592346, 0.6728187799453735, 0.6698825359344482, 0.6715604066848755, 0.6757550239562988, 0.6751258373260498, 0.6757550239562988, 0.6786912679672241, 0.6763842105865479, 0.6784815192222595, 0.6851929426193237, 0.681837260723114, 0.6839345693588257, 0.6839345693588257, 0.6864513158798218, 0.6885486841201782, 0.6843540072441101, 0.6900168061256409, 0.6910654306411743, 0.6898070573806763, 0.693162739276886, 0.693791925907135, 0.6916946172714233, 0.6935822367668152, 0.694421112537384, 0.6958892345428467], "val_loss": [3.3701398372650146, 2.675593137741089, 2.1949756145477295, 1.8963373899459839, 1.7205613851547241, 1.618668794631958, 1.5563799142837524, 1.5136587619781494, 1.4830571413040161, 1.4598139524459839, 1.4390541315078735, 1.4225753545761108, 1.4112218618392944, 1.4025812149047852, 1.3939290046691895, 1.3882206678390503, 1.3845744132995605, 1.3792788982391357, 1.3759732246398926, 1.376539945602417, 1.3725882768630981, 1.3694409132003784, 1.3688405752182007, 1.3689470291137695, 1.369262456893921, 1.3706872463226318, 1.3707743883132935, 1.3732788562774658, 1.3725354671478271, 1.372882604598999, 1.3751972913742065, 1.3826934099197388, 1.3882052898406982, 1.385966181755066, 1.392409324645996, 1.397350788116455, 1.4016367197036743, 1.407434105873108, 1.4095968008041382, 1.417317509651184, 1.4187363386154175, 1.4242479801177979, 1.4273655414581299, 1.4327629804611206, 1.437343716621399, 1.4387973546981812, 1.4411951303482056, 1.441544771194458, 1.4461277723312378, 1.450790286064148, 1.4565647840499878, 1.4592348337173462, 1.4606223106384277, 1.4696056842803955, 1.4732887744903564, 1.480151891708374, 1.481770634651184, 1.483273983001709, 1.487922191619873, 1.4928373098373413, 1.4994333982467651, 1.5014536380767822, 1.5028464794158936, 1.5111029148101807, 1.5106112957000732, 1.5076308250427246, 1.512831687927246, 1.519027829170227, 1.5287537574768066, 1.5298736095428467, 1.534682273864746, 1.5350303649902344, 1.5433886051177979, 1.5440908670425415, 1.5448216199874878, 1.5448036193847656, 1.5414634943008423, 1.5404751300811768, 1.5322920083999634, 1.54147469997406, 1.5320401191711426, 1.534001111984253, 1.5338696241378784, 1.5331830978393555, 1.5354297161102295, 1.5324543714523315, 1.5356659889221191, 1.537514090538025, 1.5456647872924805, 1.5451056957244873, 1.5427504777908325, 1.5426914691925049, 1.542986273765564, 1.5498089790344238, 1.5549280643463135, 1.562543272972107, 1.5629442930221558, 1.5787646770477295, 1.5700746774673462, 1.5832692384719849],