{"loss": [4.03684663772583, 3.4400763511657715, 2.949782133102417, 2.548661947250366, 2.2289767265319824, 1.9867217540740967, 1.8132295608520508, 1.6955180168151855, 1.617796778678894, 1.5634934902191162, 1.5253976583480835, 1.497091293334961, 1.4739320278167725, 1.4527825117111206, 1.4349569082260132, 1.4186413288116455, 1.404004693031311, 1.3903417587280273, 1.377062201499939, 1.366112232208252, 1.3551743030548096, 1.3458538055419922, 1.337731957435608, 1.3299064636230469, 1.3212952613830566, 1.3117185831069946, 1.304539442062378, 1.2993881702423096, 1.294922113418579, 1.2907319068908691, 1.2867518663406372, 1.2824708223342896, 1.2794978618621826, 1.275429129600525, 1.2713855504989624, 1.2683414220809937, 1.2641571760177612, 1.2599862813949585, 1.255915641784668, 1.2521069049835205, 1.2486052513122559, 1.2452406883239746, 1.2397998571395874, 1.2356977462768555, 1.2299541234970093, 1.2245516777038574, 1.2170491218566895, 1.2090754508972168, 1.201170563697815, 1.1903753280639648, 1.1788405179977417, 1.1713981628417969, 1.163339614868164, 1.155691146850586, 1.1526764631271362, 1.1474864482879639, 1.1416428089141846, 1.1358563899993896, 1.1314942836761475, 1.1260106563568115, 1.1248767375946045, 1.1183384656906128, 1.1146209239959717, 1.113053321838379, 1.108351469039917, 1.1052440404891968, 1.1017200946807861, 1.0967952013015747, 1.0944472551345825, 1.0907039642333984, 1.0867974758148193, 1.0821560621261597, 1.0848101377487183, 1.0815690755844116, 1.0756295919418335, 1.0726500749588013, 1.0683093070983887, 1.067470669746399, 1.0647379159927368, 1.0622963905334473, 1.059785008430481, 1.0539432764053345, 1.0526165962219238, 1.0530967712402344, 1.056728482246399, 1.0568541288375854, 1.0517027378082275, 1.0493358373641968, 1.04983651638031, 1.050827980041504, 1.0469969511032104, 1.0436291694641113, 1.043012022972107, 1.0391429662704468, 1.0358612537384033, 1.034251093864441, 1.0349613428115845, 1.0366933345794678, 1.0329302549362183, 1.0309648513793945], "accuracy": [0.21655113995075226, 0.2846040725708008, 0.32787230610847473, 0.37660154700279236, 0.4148288071155548, 0.4482251703739166, 0.438143253326416, 0.40831756591796875, 0.41146817803382874, 0.4146187901496887, 0.41629910469055176, 0.41650915145874023, 0.41923967003822327, 0.4198697805404663, 0.42470070719718933, 0.4301617443561554, 0.43457257747650146, 0.44087377190589905, 0.4486452341079712, 0.4648183286190033, 0.47048938274383545, 0.480991393327713, 0.4841419756412506, 0.4851921796798706, 0.4904431700706482, 0.4870825409889221, 0.4910733103752136, 0.4921235144138336, 0.49191346764564514, 0.4946439862251282, 0.49380382895469666, 0.4952740967273712, 0.49674439430236816, 0.4986347258090973, 0.49884477257728577, 0.4994749128818512, 0.4996849298477173, 0.5011551976203918, 0.5030455589294434, 0.5024154782295227, 0.5059861540794373, 0.5085065960884094, 0.5103969573974609, 0.5139676332473755, 0.5156479477882385, 0.5208989977836609, 0.522159218788147, 0.5299307107925415, 0.5343415141105652, 0.5442134141921997, 0.5521948933601379, 0.5545053482055664, 0.5616466999053955, 0.5631169676780701, 0.5637471079826355, 0.5652173757553101, 0.57151859998703, 0.5807603597640991, 0.5778197646141052, 0.5847511291503906, 0.5813904404640198, 0.5883218050003052, 0.5912623405456543, 0.5942028760910034, 0.5916824340820312, 0.5925225615501404, 0.5967233777046204, 0.5992438793182373, 0.5986137390136719, 0.603234589099884, 0.605334997177124, 0.6101659536361694, 0.607435405254364, 0.6084856390953064, 0.6124763488769531, 0.613736629486084, 0.6170972585678101, 0.6170972585678101, 0.6173073053359985, 0.615416944026947, 0.6194077134132385, 0.6217181086540222, 0.6240285634994507, 0.6265490651130676, 0.6248687505722046, 0.6225582957267761, 0.6229783892631531, 0.6257088780403137, 0.6250787377357483, 0.6275992393493652, 0.6244486570358276, 0.6330602765083313, 0.6286494731903076, 0.6303297877311707, 0.6320101022720337, 0.6311699151992798, 0.6336904168128967, 0.6309598684310913, 0.6355807781219482, 0.6339004635810852], "val_loss": [3.788792133331299, 3.286083221435547, 2.8717527389526367, 2.5369789600372314, 2.272688627243042, 2.0784292221069336, 1.9455448389053345, 1.8568265438079834, 1.796408772468567, 1.755577802658081, 1.7276480197906494, 1.70745050907135, 1.6910316944122314, 1.6766318082809448, 1.6672914028167725, 1.6610851287841797, 1.652315378189087, 1.6462465524673462, 1.6415348052978516, 1.6373330354690552, 1.6364245414733887, 1.6335172653198242, 1.6342803239822388, 1.6345930099487305, 1.6347978115081787, 1.6312084197998047, 1.635097861289978, 1.6325643062591553, 1.6351162195205688, 1.63495934009552, 1.6346033811569214, 1.6354002952575684, 1.6365028619766235, 1.6352813243865967, 1.6347352266311646, 1.6351964473724365, 1.6354621648788452, 1.6415404081344604, 1.6429961919784546, 1.6391122341156006, 1.6411349773406982, 1.6407151222229004, 1.6457477807998657, 1.6485487222671509, 1.6484975814819336, 1.6451512575149536, 1.653283953666687, 1.6522207260131836, 1.6551706790924072, 1.6640174388885498, 1.6623787879943848, 1.6726083755493164, 1.6777658462524414, 1.6850416660308838, 1.6851156949996948, 1.6831748485565186, 1.6856622695922852, 1.705541729927063, 1.6968650817871094, 1.7026437520980835, 1.7159610986709595, 1.7245656251907349, 1.7283052206039429, 1.7418526411056519, 1.739695429801941, 1.7579292058944702, 1.7538533210754395, 1.7647062540054321, 1.7731661796569824, 1.7580716609954834, 1.771195411682129, 1.7779638767242432, 1.7764902114868164, 1.7881402969360352, 1.789719581604004, 1.8179408311843872, 1.807970404624939, 1.812423586845398, 1.80713951587677, 1.8124797344207764, 1.8289955854415894, 1.8252543210983276, 1.833025336265564, 1.8404185771942139, 1.860981822013855, 1.8426545858383179, 1.8536667823791504, 1.8575764894485474, 1.847041130065918, 1.8506237268447876, 1.8703991174697876, 1.8702049255371094, 1.8628835678100586, 1.8720874786376953, 1.8795504570007324, 1.8885211944580078, 1.8889169692993164, 1.890323281288147, 1.8927485942840576, 1.8989347219467163],