{"loss": [2.076965570449829, 1.9678995609283447, 1.8740359544754028, 1.7928671836853027, 1.7232532501220703, 1.663907766342163, 1.613539218902588, 1.5715405941009521, 1.5360441207885742, 1.5053349733352661, 1.4794635772705078, 1.4568290710449219, 1.4366990327835083, 1.4187473058700562, 1.402315378189087, 1.3869537115097046, 1.3731861114501953, 1.360604166984558, 1.3488861322402954, 1.3380743265151978, 1.3280638456344604, 1.3173933029174805, 1.3076159954071045, 1.2989617586135864, 1.291150450706482, 1.2841190099716187, 1.2772021293640137, 1.2709606885910034, 1.2648881673812866, 1.2592636346817017, 1.2542608976364136, 1.248841643333435, 1.244189977645874, 1.2395298480987549, 1.235184669494629, 1.231186032295227, 1.2270424365997314, 1.2231848239898682, 1.2197341918945312, 1.2161701917648315, 1.212825894355774, 1.2097587585449219, 1.2066560983657837, 1.203668236732483, 1.200810194015503, 1.1980375051498413, 1.195482611656189, 1.1928752660751343, 1.190427303314209, 1.1881296634674072, 1.1857540607452393, 1.183531403541565, 1.1813654899597168, 1.1792645454406738, 1.1771646738052368, 1.1751941442489624, 1.173301100730896, 1.1714218854904175, 1.1696100234985352, 1.1678532361984253, 1.1660923957824707, 1.1643844842910767, 1.162803292274475, 1.1610509157180786, 1.1593782901763916, 1.157822608947754, 1.1562608480453491, 1.155002474784851, 1.1537069082260132, 1.152103066444397, 1.1507030725479126, 1.1493936777114868, 1.1480729579925537, 1.1468825340270996, 1.1455575227737427, 1.1444801092147827, 1.1429848670959473, 1.1418774127960205, 1.1407639980316162, 1.1396559476852417, 1.1383856534957886, 1.1375144720077515, 1.1363331079483032, 1.1353788375854492, 1.1343735456466675, 1.1334327459335327, 1.1324326992034912, 1.1314269304275513, 1.1304600238800049, 1.1296402215957642, 1.1285959482192993, 1.1278584003448486, 1.1269432306289673, 1.1261247396469116, 1.1251987218856812, 1.1243224143981934, 1.123534083366394, 1.1226054430007935, 1.1216654777526855, 1.1210757493972778], "accuracy": [0.26771488785743713, 0.4224318563938141, 0.4421383738517761, 0.423060804605484, 0.40628930926322937, 0.40419286489486694, 0.40670859813690186, 0.40964362025260925, 0.4136268198490143, 0.4165618419647217, 0.41781970858573914, 0.4215932786464691, 0.42222222685813904, 0.4224318563938141, 0.42473796010017395, 0.42578616738319397, 0.42851153016090393, 0.42914044857025146, 0.43018868565559387, 0.4331236779689789, 0.43354296684265137, 0.43689727783203125, 0.4404612183570862, 0.4429769515991211, 0.4444444477558136, 0.44800838828086853, 0.4526205360889435, 0.45345911383628845, 0.4624737799167633, 0.4620545208454132, 0.4595387876033783, 0.4721173942089081, 0.4750524163246155, 0.47589099407196045, 0.47735849022865295, 0.474633127450943, 0.47882598638534546, 0.4916142523288727, 0.4937106966972351, 0.4916142523288727, 0.498113214969635, 0.4960167706012726, 0.49979037046432495, 0.5, 0.5016771554946899, 0.5023061037063599, 0.5052410960197449, 0.5062893033027649, 0.5060796737670898, 0.5081760883331299, 0.5096436142921448, 0.5121593475341797, 0.5113207697868347, 0.5121593475341797, 0.5129979252815247, 0.5142557621002197, 0.5155135989189148, 0.5146750807762146, 0.5176100730895996, 0.5186582803726196, 0.5197064876556396, 0.5220125913619995, 0.5220125913619995, 0.5224318504333496, 0.5232704281806946, 0.5241090059280396, 0.5243186354637146, 0.5249475836753845, 0.5249475836753845, 0.5249475836753845, 0.5255765318870544, 0.5278825759887695, 0.5270439982414246, 0.5274633169174194, 0.5291404724121094, 0.5289308428764343, 0.5310272574424744, 0.5316562056541443, 0.5322850942611694, 0.5327044129371643, 0.5324947834014893, 0.5339622497558594, 0.5358490347862244, 0.5345911979675293, 0.5356394052505493, 0.5358490347862244, 0.5358490347862244, 0.5366876125335693, 0.5345911979675293, 0.5383647680282593, 0.5371069312095642, 0.5377358198165894, 0.5389937162399292, 0.5383647680282593, 0.5396226644515991, 0.5410901308059692, 0.5415094494819641, 0.5425576567649841, 0.5427672863006592, 0.5427672863006592], "val_loss": [2.0433695316314697, 1.9531103372573853, 1.8809360265731812, 1.81795072555542, 1.7648152112960815, 1.719534993171692, 1.6820653676986694, 1.6502013206481934, 1.623815655708313, 1.6012319326400757, 1.582590103149414, 1.5655592679977417, 1.5512117147445679, 1.5377936363220215, 1.525456190109253, 1.5155138969421387, 1.5074410438537598, 1.4989736080169678, 1.4915330410003662, 1.484907865524292, 1.4789795875549316, 1.4744213819503784, 1.4707260131835938, 1.4667854309082031, 1.4631534814834595, 1.459608554840088, 1.4574267864227295, 1.4551559686660767, 1.454160213470459, 1.4530144929885864, 1.452372431755066, 1.4521266222000122, 1.451887607574463, 1.451845645904541, 1.45146644115448, 1.451305627822876, 1.4511138200759888, 1.4508850574493408, 1.451419711112976, 1.452752947807312, 1.4544250965118408, 1.4544196128845215, 1.4560115337371826, 1.4569573402404785, 1.4585193395614624, 1.4592448472976685, 1.4604331254959106, 1.4622727632522583, 1.4634482860565186, 1.462660312652588, 1.4637609720230103, 1.4639573097229004, 1.46528959274292, 1.4660923480987549, 1.466782569885254, 1.4680299758911133, 1.4679982662200928, 1.4688785076141357, 1.470238208770752, 1.470414400100708, 1.4725067615509033, 1.473453402519226, 1.4745464324951172, 1.4752633571624756, 1.4762533903121948, 1.4770054817199707, 1.4771307706832886, 1.4782752990722656, 1.47719144821167, 1.4787744283676147, 1.4794820547103882, 1.4814236164093018, 1.4820793867111206, 1.4819436073303223, 1.4842466115951538, 1.4851051568984985, 1.4854323863983154, 1.4860519170761108, 1.4873847961425781, 1.4876359701156616, 1.4889423847198486, 1.4890809059143066, 1.4903508424758911, 1.4904351234436035, 1.4909207820892334, 1.4900918006896973, 1.4909175634384155, 1.491468071937561, 1.4925466775894165, 1.492607831954956, 1.4943379163742065, 1.4937974214553833, 1.4948395490646362, 1.4957722425460815, 1.4959312677383423, 1.4962495565414429, 1.497426986694336, 1.4971340894699097, 1.4987852573394775, 1.4997094869613647],