{"loss": [4.022040367126465, 3.567744493484497, 3.0316162109375, 2.520998001098633, 2.107863187789917, 1.7910735607147217, 1.5666368007659912, 1.4151021242141724, 1.3138518333435059, 1.2444500923156738, 1.1928609609603882, 1.151659369468689, 1.117303729057312, 1.0853726863861084, 1.057828426361084, 1.0341440439224243, 1.0130051374435425, 0.9926046133041382, 0.9749718904495239, 0.9579811096191406, 0.9423907399177551, 0.9269431233406067, 0.9121825695037842, 0.8971940875053406, 0.881197452545166, 0.8671330809593201, 0.8538041710853577, 0.8407561779022217, 0.8285509347915649, 0.8151864409446716, 0.8022871613502502, 0.7909674644470215, 0.7806228995323181, 0.770613431930542, 0.7618056535720825, 0.7521980404853821, 0.7431660294532776, 0.7346289157867432, 0.7265869975090027, 0.7182011604309082, 0.7109524607658386, 0.7037288546562195, 0.6973190903663635, 0.6907267570495605, 0.6842360496520996, 0.6784992814064026, 0.6718652844429016, 0.6659661531448364, 0.6608003377914429, 0.6565212607383728, 0.651546061038971, 0.6464372873306274, 0.6402658820152283, 0.6350396275520325, 0.6305764317512512, 0.6268283724784851, 0.6224082708358765, 0.6190693974494934, 0.6147196292877197, 0.6119920611381531, 0.608214259147644, 0.6048232913017273, 0.6016929745674133, 0.5974584221839905, 0.5931814312934875, 0.5901919603347778, 0.586707592010498, 0.5845937132835388, 0.5816055536270142, 0.5777531862258911, 0.5747608542442322, 0.5724450349807739, 0.5693691968917847, 0.5669171214103699, 0.5641152262687683, 0.5621756315231323, 0.5588659048080444, 0.5577374696731567, 0.5547305941581726, 0.5516141057014465, 0.5487692356109619, 0.5466570854187012, 0.5437514185905457, 0.541801929473877, 0.5399487018585205, 0.5378191471099854, 0.5356624722480774, 0.5336860418319702, 0.531681478023529, 0.5301045179367065, 0.5283131003379822, 0.5260165333747864, 0.5238977670669556, 0.5227479934692383, 0.5201107263565063, 0.5179747343063354, 0.516331136226654, 0.5136935710906982, 0.5121158957481384, 0.5092556476593018], "accuracy": [0.2106812447309494, 0.3589150607585907, 0.3841463327407837, 0.4375525712966919, 0.49726662039756775, 0.545836865901947, 0.5626577138900757, 0.5862069129943848, 0.6023969650268555, 0.6154331564903259, 0.6238435506820679, 0.6328848004341125, 0.6370899677276611, 0.6452901363372803, 0.6509671807289124, 0.6547518968582153, 0.656854510307312, 0.6635828614234924, 0.6690496206283569, 0.6719932556152344, 0.6772497892379761, 0.6804037094116211, 0.681034505367279, 0.686290979385376, 0.6886038780212402, 0.6907064914703369, 0.6936501264572144, 0.6951219439506531, 0.7014297842979431, 0.7026913166046143, 0.7056350111961365, 0.7066863179206848, 0.7106812596321106, 0.7153069972991943, 0.7153069972991943, 0.7169890403747559, 0.7203532457351685, 0.7241379022598267, 0.7266610860824585, 0.7277123928070068, 0.7298149466514587, 0.7306560277938843, 0.7350714802742004, 0.7375946044921875, 0.7390664219856262, 0.7432716488838196, 0.74369215965271, 0.746215283870697, 0.7483178973197937, 0.7495794892311096, 0.75, 0.7529436349868774, 0.7542052268981934, 0.7598822712898254, 0.7594617605209351, 0.7605130076408386, 0.7630361914634705, 0.764718234539032, 0.7664003372192383, 0.7712363600730896, 0.7729184031486511, 0.774810791015625, 0.7731286883354187, 0.7777544260025024, 0.7815390825271606, 0.7813288569450378, 0.7819596529006958, 0.786375105381012, 0.7844827771186829, 0.7861648201942444, 0.788898229598999, 0.7884777188301086, 0.7884777188301086, 0.789529025554657, 0.7905803322792053, 0.7924726605415344, 0.7941547632217407, 0.7924726605415344, 0.7945752739906311, 0.7964676022529602, 0.7945752739906311, 0.7973086833953857, 0.7964676022529602, 0.795836865901947, 0.7989907264709473, 0.7987805008888245, 0.800462543964386, 0.7989907264709473, 0.8002523183822632, 0.801093339920044, 0.8031959533691406, 0.8017241358757019, 0.8013036251068115, 0.8038267493247986, 0.8046677708625793, 0.8055088520050049, 0.8052985668182373, 0.806770384311676, 0.8061395883560181, 0.8088729977607727], "val_loss": [3.8419618606567383, 3.4197182655334473, 2.99320125579834, 2.6644105911254883, 2.400362491607666, 2.199580430984497, 2.0556797981262207, 1.959033727645874, 1.9024368524551392, 1.870526909828186, 1.846065640449524, 1.813547134399414, 1.7990741729736328, 1.783280611038208, 1.7564061880111694, 1.742452621459961, 1.735205888748169, 1.7030446529388428, 1.6907529830932617, 1.684287428855896, 1.664323091506958, 1.6570101976394653, 1.6427515745162964, 1.6317435503005981, 1.6242544651031494, 1.600046157836914, 1.599219560623169, 1.5983366966247559, 1.584755539894104, 1.5649954080581665, 1.565226674079895, 1.5487486124038696, 1.5385948419570923, 1.5263746976852417, 1.5281093120574951, 1.5117741823196411, 1.5189228057861328, 1.4977339506149292, 1.4949103593826294, 1.4897828102111816, 1.4764018058776855, 1.4763743877410889, 1.4762234687805176, 1.4649341106414795, 1.4654982089996338, 1.4624100923538208, 1.460198998451233, 1.4562119245529175, 1.4551321268081665, 1.444515585899353, 1.4520708322525024, 1.4469083547592163, 1.4434704780578613, 1.4421236515045166, 1.4407544136047363, 1.4396382570266724, 1.4386459589004517, 1.441379189491272, 1.440025806427002, 1.4391874074935913, 1.4389688968658447, 1.4361954927444458, 1.4394540786743164, 1.4393457174301147, 1.436859130859375, 1.437620759010315, 1.438449740409851, 1.439396858215332, 1.4400676488876343, 1.4426079988479614, 1.4419692754745483, 1.4399616718292236, 1.4437320232391357, 1.4461445808410645, 1.445788860321045, 1.4530301094055176, 1.4541951417922974, 1.4604555368423462, 1.4602735042572021, 1.4623956680297852, 1.4676355123519897, 1.4675836563110352, 1.4706846475601196, 1.4733673334121704, 1.4712491035461426, 1.477647066116333, 1.4766077995300293, 1.4779207706451416, 1.4801981449127197, 1.4814828634262085, 1.4862499237060547, 1.4880121946334839, 1.491123080253601, 1.494363784790039, 1.497344970703125, 1.4983632564544678, 1.5013248920440674, 1.503209114074707, 1.499350905418396, 1.511462926864624], "val_accuracy": [0.3248820900917053, 0.37853774428367615, 0.380306601524353, 0.4150943458080292, 0.4876179099082947, 0.4988207519054413, 0.48938679695129395, 0.4811320900917053, 0.4840801954269409, 0.4758254587650299, 0.4770047068595886, 0.4846698045730591, 0.47936320304870605, 0.4787735939025879, 0.4840801954269409, 0.4817216992378235, 0.4811320900917053, 0.48525944352149963, 0.4858490526676178, 0.48525944352149963, 0.48231130838394165, 0.4787735939025879, 0.47818395495414734, 0.47818395495414734, 0.4787735939025879, 0.4840801954269409, 0.47936320304870605, 0.48054245114326477, 0.4799528419971466, 0.4846698045730591, 0.4817216992378235, 0.4811320900917053, 0.47936320304870605, 0.4876179099082947, 0.4811320900917053, 0.4846698045730591, 0.48643869161605835, 0.4899764060974121, 0.4929245412349701, 0.4929245412349701, 0.49528300762176514, 0.4958726465702057, 0.4941037595272064, 0.4988207519054413, 0.5, 0.5, 0.5017688870429993, 0.5047169923782349, 0.5064858198165894, 0.5123820900917053, 0.505306601524353, 0.5117924809455872, 0.5135613083839417, 0.5141509175300598, 0.5159198045730591, 0.5194575190544128, 0.5182783007621765, 0.5170990824699402, 0.5194575190544128, 0.5159198045730591, 0.5182783007621765, 0.5194575190544128, 0.5153301954269409, 0.5176886916160583, 0.5147405862808228, 0.5176886916160583, 0.5170990824699402, 0.5141509175300598, 0.520636796951294, 0.5188679099082947, 0.5153301954269409, 0.5153301954269409, 0.5147405862808228, 0.5165094137191772, 0.5129716992378235, 0.510613203048706, 0.5076650977134705, 0.5117924809455872, 0.5094339847564697, 0.5035377144813538, 0.5076650977134705, 0.5047169923782349, 0.49941039085388184, 0.4982311427593231, 0.5035377144813538, 0.5011792182922363, 0.5029481053352356, 0.5023584961891174, 0.5029481053352356, 0.5047169923782349, 0.5058962106704712, 0.5035377144813538, 0.5017688870429993, 0.5041273832321167, 0.5041273832321167, 0.5017688870429993, 0.5011792182922363, 0.4982311427593231, 0.5029481053352356, 0.5011792182922363], "training_time": 1150.9906849861145,