{"loss": [3.7597105503082275, 2.8642044067382812, 2.167510986328125, 1.7333120107650757, 1.4939279556274414, 1.3561443090438843, 1.2662684917449951, 1.2004860639572144, 1.148134469985962, 1.1062259674072266, 1.07193922996521, 1.0419015884399414, 1.0143446922302246, 0.9891007542610168, 0.9652524590492249, 0.9424417614936829, 0.9205800890922546, 0.8987812399864197, 0.8783685564994812, 0.8571358919143677, 0.8380483984947205, 0.8183952569961548, 0.7984557151794434, 0.778323769569397, 0.758137583732605, 0.7376981377601624, 0.7175652384757996, 0.6973860859870911, 0.6789228320121765, 0.6609078645706177, 0.645579993724823, 0.6325882077217102, 0.6204496622085571, 0.6105639934539795, 0.6004533171653748, 0.5916501879692078, 0.5837740302085876, 0.5767623782157898, 0.5700786113739014, 0.5650419592857361, 0.5598320960998535, 0.55538010597229, 0.5494691729545593, 0.5456008315086365, 0.5404402017593384, 0.5361520648002625, 0.5335037708282471, 0.5299960970878601, 0.5293901562690735, 0.5231868624687195, 0.5200178623199463, 0.5178076028823853, 0.5145432949066162, 0.5101896524429321, 0.5094221830368042, 0.507636547088623, 0.5035862326622009, 0.5013270378112793, 0.49776166677474976, 0.49713313579559326, 0.49400070309638977, 0.49288511276245117, 0.4897487759590149, 0.4888160824775696, 0.4865710735321045, 0.4864276647567749, 0.483531653881073, 0.4829716086387634, 0.48160845041275024, 0.47903701663017273, 0.4761753976345062, 0.4734511077404022, 0.4713625907897949, 0.47036242485046387, 0.4685061573982239, 0.4695335924625397, 0.4661586880683899, 0.4646413326263428, 0.4633626937866211, 0.4616636037826538, 0.4603978991508484, 0.45787331461906433, 0.45797285437583923, 0.45502084493637085, 0.4532991349697113, 0.4527082145214081, 0.45265889167785645, 0.45000752806663513, 0.4497784376144409, 0.44773030281066895, 0.4463063180446625, 0.44566962122917175, 0.44333401322364807, 0.4431430995464325, 0.4424334168434143, 0.4405130445957184, 0.44141265749931335, 0.4381355047225952, 0.44169357419013977, 0.4356305003166199], "accuracy": [0.16694700717926025, 0.31476029753685, 0.4377628266811371, 0.5155593156814575, 0.5569806694984436, 0.5693860650062561, 0.5731707215309143, 0.589991569519043, 0.6019764542579651, 0.6099663376808167, 0.614802360534668, 0.6242640614509583, 0.6318334937095642, 0.6431875228881836, 0.6524389982223511, 0.6570647358894348, 0.6610597372055054, 0.674726665019989, 0.675357460975647, 0.6850294470787048, 0.6923885345458984, 0.7012194991111755, 0.707947850227356, 0.7178301215171814, 0.7268713116645813, 0.7378048896789551, 0.7451639771461487, 0.7514718174934387, 0.764718234539032, 0.767872154712677, 0.7733389139175415, 0.7779646515846252, 0.7853237986564636, 0.785744309425354, 0.7905803322792053, 0.7928931713104248, 0.7945752739906311, 0.7992010116577148, 0.8013036251068115, 0.8019344210624695, 0.8040370345115662, 0.8038267493247986, 0.806770384311676, 0.810555100440979, 0.8092935085296631, 0.8122372031211853, 0.8120269179344177, 0.8132884502410889, 0.8139192461967468, 0.8174936771392822, 0.8177039623260498, 0.8200168013572693, 0.8193860650062561, 0.8198065757751465, 0.8193860650062561, 0.8195962905883789, 0.8202270865440369, 0.8227502107620239, 0.8204373717308044, 0.8223296999931335, 0.8261143565177917, 0.825273334980011, 0.8263246417045593, 0.8269554376602173, 0.8271656632423401, 0.825273334980011, 0.8307400941848755, 0.829058051109314, 0.8273759484291077, 0.8301093578338623, 0.8330529928207397, 0.8317914009094238, 0.8326324820518494, 0.8336837887763977, 0.8353658318519592, 0.8334735035896301, 0.8328427076339722, 0.8309503793716431, 0.8359966278076172, 0.8362069129943848, 0.8370479345321655, 0.8372582197189331, 0.8362069129943848, 0.8374684453010559, 0.8372582197189331, 0.8387300372123718, 0.8385197520256042, 0.8380992412567139, 0.8406223654747009, 0.8397813439369202, 0.8414633870124817, 0.8393608331680298, 0.8433557748794556, 0.8435660004615784, 0.8406223654747009, 0.8444070816040039, 0.8441967964172363, 0.843776285648346, 0.84251469373703, 0.8465096950531006], "val_loss": [3.346735715866089, 2.578174591064453, 2.064873456954956, 1.781917691230774, 1.6281137466430664, 1.5374407768249512, 1.483953833580017, 1.457207202911377, 1.4326629638671875, 1.4124583005905151, 1.3960826396942139, 1.3807655572891235, 1.3712290525436401, 1.3610435724258423, 1.3507497310638428, 1.3415900468826294, 1.3351893424987793, 1.3387478590011597, 1.34189772605896, 1.3332632780075073, 1.3378727436065674, 1.3420723676681519, 1.3454469442367554, 1.3452303409576416, 1.3473451137542725, 1.344077229499817, 1.343409538269043, 1.3423577547073364, 1.351341962814331, 1.3563536405563354, 1.355689287185669, 1.368370532989502, 1.3779858350753784, 1.380832314491272, 1.3888877630233765, 1.3951034545898438, 1.3899728059768677, 1.3918302059173584, 1.4073950052261353, 1.4023460149765015, 1.4023360013961792, 1.4007209539413452, 1.4043532609939575, 1.414754033088684, 1.4248906373977661, 1.4190255403518677, 1.4332817792892456, 1.4387915134429932, 1.4294848442077637, 1.4449094533920288, 1.4360731840133667, 1.4467182159423828, 1.46435546875, 1.4860608577728271, 1.507470726966858, 1.4905459880828857, 1.500913381576538, 1.5164580345153809, 1.5211387872695923, 1.5144118070602417, 1.5103455781936646, 1.5091679096221924, 1.5238898992538452, 1.5362035036087036, 1.5297218561172485, 1.5392124652862549, 1.5436278581619263, 1.5380191802978516, 1.5458344221115112, 1.5339024066925049, 1.5445314645767212, 1.5330454111099243, 1.5443787574768066, 1.5529581308364868, 1.5457037687301636, 1.5500192642211914, 1.5448051691055298, 1.560848593711853, 1.5723497867584229, 1.5794023275375366, 1.5699214935302734, 1.5800801515579224, 1.572495698928833, 1.5734070539474487, 1.5740684270858765, 1.580573320388794, 1.5834516286849976, 1.590013861656189, 1.579271912574768, 1.5861936807632446, 1.5767408609390259, 1.5825281143188477, 1.5783214569091797, 1.5832760334014893, 1.596099853515625, 1.6021991968154907, 1.6110950708389282, 1.6046987771987915, 1.6000398397445679, 1.589034080505371], "val_accuracy": [0.2358490526676178, 0.32900944352149963, 0.39858490228652954, 0.45518869161605835, 0.4716981053352356, 0.474056601524353, 0.48349055647850037, 0.4870283007621765, 0.4811320900917053, 0.4811320900917053, 0.4876179099082947, 0.4846698045730591, 0.4876179099082947, 0.4899764060974121, 0.49233490228652954, 0.5058962106704712, 0.5188679099082947, 0.5147405862808228, 0.5212264060974121, 0.5277122855186462, 0.5336084961891174, 0.5300707817077637, 0.5300707817077637, 0.536556601524353, 0.5395047068595886, 0.5395047068595886, 0.5383254885673523, 0.5341981053352356, 0.5330188870429993, 0.5347877144813538, 0.5353773832321167, 0.5306603908538818, 0.53125, 0.5277122855186462, 0.5265330076217651, 0.5253537893295288, 0.5235849022865295, 0.525943398475647, 0.5247641801834106, 0.5224056839942932, 0.525943398475647, 0.525943398475647, 0.525943398475647, 0.5176886916160583, 0.5147405862808228, 0.5170990824699402, 0.5182783007621765, 0.5176886916160583, 0.5153301954269409, 0.5159198045730591, 0.5212264060974121, 0.5159198045730591, 0.5159198045730591, 0.4988207519054413, 0.49528300762176514, 0.5005896091461182, 0.4988207519054413, 0.4929245412349701, 0.49646225571632385, 0.49764150381088257, 0.5, 0.5035377144813538, 0.5023584961891174, 0.5029481053352356, 0.505306601524353, 0.5017688870429993, 0.5023584961891174, 0.5011792182922363, 0.4958726465702057, 0.5041273832321167, 0.5029481053352356, 0.4988207519054413, 0.5035377144813538, 0.5, 0.5005896091461182, 0.5041273832321167, 0.5011792182922363, 0.49764150381088257, 0.49764150381088257, 0.5, 0.4988207519054413, 0.4988207519054413, 0.4970518946647644, 0.5029481053352356, 0.5047169923782349, 0.5023584961891174, 0.5088443160057068, 0.5058962106704712, 0.5100235939025879, 0.5076650977134705, 0.5159198045730591, 0.5094339847564697, 0.5135613083839417, 0.5218160152435303, 0.5123820900917053, 0.5165094137191772, 0.5141509175300598, 0.5188679099082947, 0.5141509175300598, 0.5188679099082947], "training_time": 1228.694487810135,