{"loss": [5.420258522033691, 5.0207839012146, 4.533260822296143, 3.896742582321167, 3.1688804626464844, 2.6703808307647705, 2.27282977104187, 1.9761035442352295, 1.7978795766830444, 1.664493203163147, 1.558158040046692, 1.469689130783081, 1.3923166990280151, 1.32314932346344, 1.263787031173706, 1.216465950012207, 1.1752514839172363, 1.1392788887023926, 1.1062415838241577, 1.0758367776870728, 1.0464017391204834, 1.0200225114822388, 0.9959056973457336, 0.9736173152923584, 0.9524648785591125, 0.9331836700439453, 0.9150723814964294, 0.8983078002929688, 0.8821395039558411, 0.86628258228302, 0.8508222103118896, 0.8358235955238342, 0.8204405903816223, 0.8052531480789185, 0.7907122373580933, 0.7770968675613403, 0.7654576897621155, 0.7518020868301392, 0.7369939684867859, 0.7252327799797058, 0.7150036692619324, 0.7043803334236145, 0.6950616240501404, 0.6859064102172852, 0.6772052645683289, 0.6693507432937622, 0.6615753769874573, 0.6548060178756714, 0.6482795476913452, 0.6420114040374756, 0.6356544494628906, 0.630759060382843, 0.6249030828475952, 0.6194748878479004, 0.6133393049240112, 0.6083260774612427, 0.6036360263824463, 0.598791778087616, 0.5934666395187378, 0.5900015830993652, 0.585018515586853, 0.5815927982330322, 0.5779153108596802, 0.5746974349021912, 0.570174515247345, 0.5655118227005005, 0.5592975616455078, 0.5551938414573669, 0.5519049167633057, 0.5478297472000122, 0.5440006852149963, 0.5411598086357117, 0.5381485223770142, 0.5349842309951782, 0.5322049856185913, 0.5292851328849792, 0.5271615386009216, 0.5235565900802612, 0.5215781331062317, 0.519307017326355, 0.5168086290359497, 0.5141878128051758, 0.5116841793060303, 0.5098439455032349, 0.5076093673706055, 0.5059635043144226, 0.5030707716941833, 0.5011757016181946, 0.5001938343048096, 0.49725499749183655, 0.4946101903915405, 0.49249109625816345, 0.4908992648124695, 0.488618403673172, 0.4868931770324707, 0.48347634077072144, 0.4825930893421173, 0.4804500937461853, 0.47858449816703796, 0.47636985778808594], "accuracy": [0.20690381526947021, 0.3363502323627472, 0.43275099992752075, 0.48558199405670166, 0.47295305132865906, 0.4971584975719452, 0.52894127368927, 0.5842980146408081, 0.6045042872428894, 0.621553361415863, 0.6253420114517212, 0.6327089071273804, 0.6388128995895386, 0.6463902592658997, 0.6527047157287598, 0.6543885469436646, 0.6592296361923218, 0.6625973582267761, 0.6684908270835876, 0.6733319163322449, 0.678383469581604, 0.6855399012565613, 0.687434196472168, 0.6914333701133728, 0.6969059109687805, 0.7015365362167358, 0.7034308314323425, 0.7099558115005493, 0.7156388163566589, 0.7150073647499084, 0.7181646227836609, 0.7223742604255676, 0.7240580916404724, 0.7265838980674744, 0.7324773669242859, 0.7331088185310364, 0.7354241013526917, 0.738791823387146, 0.7402651906013489, 0.7408966422080994, 0.7448958158493042, 0.7453168034553528, 0.7470006346702576, 0.7524731755256653, 0.7594190835952759, 0.7592085599899292, 0.7648916244506836, 0.7646811008453369, 0.7693117260932922, 0.7684698104858398, 0.7714165449142456, 0.7733108997344971, 0.7754157185554504, 0.7775205373764038, 0.7779414653778076, 0.7806777358055115, 0.780046284198761, 0.782361626625061, 0.7838349938392639, 0.7882550954818726, 0.7893075346946716, 0.7893075346946716, 0.7899389863014221, 0.7926751971244812, 0.7970953583717346, 0.7945695519447327, 0.7943590879440308, 0.7960429191589355, 0.8019364476203918, 0.7994106411933899, 0.8025678992271423, 0.8048831820487976, 0.8053041696548462, 0.8042517304420471, 0.8061460852622986, 0.8061460852622986, 0.8099347352981567, 0.8107766509056091, 0.8122500777244568, 0.8128814697265625, 0.8141443729400635, 0.814775824546814, 0.817091166973114, 0.8187749981880188, 0.8149863481521606, 0.8175120949745178, 0.8191959857940674, 0.8191959857940674, 0.8213008046150208, 0.822563648223877, 0.823616087436676, 0.822563648223877, 0.8244580030441284, 0.8255104422569275, 0.8246684670448303, 0.8276152610778809, 0.8280361890792847, 0.8297200798988342, 0.8282467126846313, 0.83266681432724], "val_loss": [5.265349388122559, 4.901593208312988, 4.455939292907715, 3.8826096057891846, 3.3856570720672607, 3.070404052734375, 2.7516930103302, 2.59366512298584, 2.4863100051879883, 2.405686140060425, 2.33642315864563, 2.283220052719116, 2.2334887981414795, 2.2060439586639404, 2.1641454696655273, 2.141458511352539, 2.129408836364746, 2.1068973541259766, 2.0799341201782227, 2.064563274383545, 2.039043426513672, 2.019789934158325, 2.0012357234954834, 1.9777216911315918, 1.9598642587661743, 1.943505048751831, 1.9231668710708618, 1.9060741662979126, 1.887270212173462, 1.871339201927185, 1.8570729494094849, 1.8392446041107178, 1.8286241292953491, 1.8151624202728271, 1.797896146774292, 1.7888072729110718, 1.7716312408447266, 1.7574198246002197, 1.7373367547988892, 1.7308809757232666, 1.715758204460144, 1.7050389051437378, 1.6847658157348633, 1.6707805395126343, 1.674264669418335, 1.6613202095031738, 1.669891119003296, 1.6677645444869995, 1.6612181663513184, 1.6681187152862549, 1.674569845199585, 1.6810115575790405, 1.6767374277114868, 1.6700083017349243, 1.6724823713302612, 1.6765801906585693, 1.6856564283370972, 1.6708275079727173, 1.6936094760894775, 1.6768138408660889, 1.7037932872772217, 1.6805808544158936, 1.6783238649368286, 1.6839348077774048, 1.6962854862213135, 1.6915899515151978, 1.6986128091812134, 1.7473156452178955, 1.7496798038482666, 1.739405632019043, 1.7590796947479248, 1.742989182472229, 1.7501482963562012, 1.7719714641571045, 1.7759909629821777, 1.7759130001068115, 1.7888855934143066, 1.7588039636611938, 1.7983551025390625, 1.7953391075134277, 1.8197296857833862, 1.790792465209961, 1.813450813293457, 1.7875539064407349, 1.8022195100784302, 1.8197922706604004, 1.8119357824325562, 1.8087834119796753, 1.8110932111740112, 1.8357112407684326, 1.8162548542022705, 1.861244559288025, 1.8426789045333862, 1.8588666915893555, 1.8632382154464722, 1.84818434715271, 1.8739386796951294, 1.8915176391601562, 1.8804359436035156, 1.8944735527038574],