{"loss": [3.767150640487671, 2.86391282081604, 2.1536431312561035, 1.7047549486160278, 1.4664791822433472, 1.3352057933807373, 1.249720573425293, 1.186144471168518, 1.134901523590088, 1.0941574573516846, 1.0586203336715698, 1.025505781173706, 0.9951115250587463, 0.9665552377700806, 0.940065860748291, 0.9152188301086426, 0.8909234404563904, 0.8680217266082764, 0.8458560109138489, 0.8248454928398132, 0.8035036325454712, 0.7838690280914307, 0.762410044670105, 0.7422972321510315, 0.7228622436523438, 0.7030368447303772, 0.6840246915817261, 0.6670055389404297, 0.6498020887374878, 0.63201904296875, 0.6162827610969543, 0.6036510467529297, 0.5924398303031921, 0.581403374671936, 0.5718839764595032, 0.5628303289413452, 0.5556245446205139, 0.5478267073631287, 0.5416684150695801, 0.5359943509101868, 0.5282936692237854, 0.5216589570045471, 0.5174869298934937, 0.5111830234527588, 0.5058771371841431, 0.5020545721054077, 0.49574851989746094, 0.49348950386047363, 0.4879900813102722, 0.48323434591293335, 0.4800298511981964, 0.4762958884239197, 0.4731144607067108, 0.46830764412879944, 0.46399518847465515, 0.4604912996292114, 0.458482027053833, 0.45533666014671326, 0.4529711604118347, 0.4526052176952362, 0.4487498998641968, 0.4450989365577698, 0.442793607711792, 0.44179320335388184, 0.43964001536369324, 0.437940388917923, 0.4345312714576721, 0.43947336077690125, 0.43201810121536255, 0.4294549524784088, 0.42747390270233154, 0.42516884207725525, 0.42502686381340027, 0.42746201157569885, 0.42133018374443054, 0.4192330539226532, 0.4185755252838135, 0.41710641980171204, 0.4121219217777252, 0.41623231768608093, 0.40997231006622314, 0.40697625279426575, 0.41405609250068665, 0.40458667278289795, 0.40088459849357605, 0.398638516664505, 0.3983653485774994, 0.397635281085968, 0.39501407742500305, 0.40411123633384705, 0.3956131935119629, 0.39268380403518677, 0.39583471417427063, 0.3910902738571167, 0.3874136507511139, 0.3869498670101166, 0.3859395384788513, 0.382958322763443, 0.4013901352882385, 0.3838616907596588], "accuracy": [0.17322668433189392, 0.3169859051704407, 0.44643232226371765, 0.5339928269386292, 0.5518838167190552, 0.5443064570426941, 0.5552515387535095, 0.568932831287384, 0.595874547958374, 0.6076615452766418, 0.6148179173469543, 0.6268153786659241, 0.6308145523071289, 0.6409177184104919, 0.6423910856246948, 0.6491264700889587, 0.6649126410484314, 0.6674384474754333, 0.6762786507606506, 0.6870132684707642, 0.6931172609329224, 0.704062283039093, 0.7126920819282532, 0.7242685556411743, 0.7301620841026306, 0.7404757142066956, 0.7501578330993652, 0.7545779943466187, 0.7615239024162292, 0.7661544680595398, 0.7743632793426514, 0.7773100137710571, 0.7825720906257629, 0.7863607406616211, 0.7878341674804688, 0.7930961847305298, 0.7975162863731384, 0.7973058223724365, 0.7998316287994385, 0.8042517304420471, 0.8065670132637024, 0.8103557229042053, 0.8099347352981567, 0.8154072761535645, 0.8177225589752197, 0.8162491917610168, 0.8187749981880188, 0.8194064497947693, 0.8217217326164246, 0.8221427202224731, 0.826141893863678, 0.8255104422569275, 0.8265628218650818, 0.8307724595069885, 0.8347716331481934, 0.831403911113739, 0.8356135487556458, 0.8383498191833496, 0.8396127223968506, 0.8358240127563477, 0.8387708067893982, 0.8429804444313049, 0.8425594568252563, 0.8423489928245544, 0.8412965536117554, 0.8421384692192078, 0.8436118960380554, 0.8398231863975525, 0.8455061912536621, 0.8452957272529602, 0.8457167148590088, 0.8471900820732117, 0.8480319976806641, 0.8446642756462097, 0.8457167148590088, 0.8501368165016174, 0.8520311713218689, 0.8501368165016174, 0.8530835509300232, 0.8495053648948669, 0.8541359901428223, 0.857082724571228, 0.8528730869293213, 0.858345627784729, 0.8593980073928833, 0.8606609106063843, 0.8598189949989319, 0.8579246401786804, 0.8572931885719299, 0.8547674417495728, 0.85960853099823, 0.8619238138198853, 0.8589770793914795, 0.8621342778205872, 0.8627657294273376, 0.8633971810340881, 0.8617133498191833, 0.8640286326408386, 0.8539254665374756, 0.864870548248291], "val_loss": [3.3434109687805176, 2.5582902431488037, 2.036151647567749, 1.7547193765640259, 1.615214467048645, 1.5347628593444824, 1.4850786924362183, 1.4415398836135864, 1.4182758331298828, 1.3973273038864136, 1.3882949352264404, 1.378152847290039, 1.3689324855804443, 1.3667505979537964, 1.358039140701294, 1.3559770584106445, 1.3546667098999023, 1.3487406969070435, 1.35558021068573, 1.356490969657898, 1.3566759824752808, 1.3597519397735596, 1.3542970418930054, 1.351436734199524, 1.3485888242721558, 1.3506016731262207, 1.3585842847824097, 1.3687814474105835, 1.3748083114624023, 1.3781226873397827, 1.3861775398254395, 1.3941113948822021, 1.390447735786438, 1.3976929187774658, 1.3979312181472778, 1.4053274393081665, 1.4055230617523193, 1.4089876413345337, 1.4152127504348755, 1.4138989448547363, 1.4148420095443726, 1.4169434309005737, 1.4101144075393677, 1.4166502952575684, 1.4194549322128296, 1.4231489896774292, 1.4239633083343506, 1.423293113708496, 1.4243452548980713, 1.4273959398269653, 1.4288512468338013, 1.428572177886963, 1.428269863128662, 1.4326999187469482, 1.4420424699783325, 1.4519050121307373, 1.4636152982711792, 1.4817795753479004, 1.4849095344543457, 1.496408462524414, 1.5037120580673218, 1.5125846862792969, 1.5192735195159912, 1.5234705209732056, 1.5269237756729126, 1.524345874786377, 1.5314017534255981, 1.5286864042282104, 1.534461259841919, 1.5382877588272095, 1.5439379215240479, 1.5496383905410767, 1.5537562370300293, 1.5534098148345947, 1.5566643476486206, 1.5615144968032837, 1.5574727058410645, 1.557795524597168, 1.570479154586792, 1.570920467376709, 1.5815976858139038, 1.598903775215149, 1.5922874212265015, 1.598931074142456, 1.6039361953735352, 1.6133956909179688, 1.6204839944839478, 1.6252464056015015, 1.6297816038131714, 1.6313453912734985, 1.6265842914581299, 1.6243332624435425, 1.6187509298324585, 1.623898983001709, 1.6322373151779175, 1.632332444190979, 1.6288281679153442, 1.6307454109191895, 1.6145797967910767, 1.6214731931686401],