{"loss": [2.6450612545013428, 2.272592067718506, 1.9571982622146606, 1.710906982421875, 1.530637264251709, 1.3998351097106934, 1.3083837032318115, 1.2417677640914917, 1.1885313987731934, 1.1459457874298096, 1.1093629598617554, 1.0777645111083984, 1.0518587827682495, 1.028993844985962, 1.00761079788208, 0.9882129430770874, 0.970863401889801, 0.9539409279823303, 0.9383845925331116, 0.9233241677284241, 0.909246563911438, 0.8958029747009277, 0.8832918405532837, 0.8707877993583679, 0.8593857884407043, 0.8482877612113953, 0.8383038640022278, 0.8286396265029907, 0.8190357089042664, 0.8109714388847351, 0.8032731413841248, 0.795742928981781, 0.7884026169776917, 0.7811048030853271, 0.7736572027206421, 0.7670770883560181, 0.7607932090759277, 0.7552490830421448, 0.7499203085899353, 0.7450788021087646, 0.7402776479721069, 0.735505223274231, 0.7307313680648804, 0.7256193161010742, 0.7209795117378235, 0.7165085673332214, 0.7125810980796814, 0.7079184055328369, 0.7042538523674011, 0.7001640796661377, 0.6959186792373657, 0.6921017169952393, 0.6883025169372559, 0.6844126582145691, 0.6811664700508118, 0.6776717305183411, 0.6745107173919678, 0.6715523600578308, 0.6686357855796814, 0.6656031608581543, 0.663138210773468, 0.6596806645393372, 0.6573017239570618, 0.6547126770019531, 0.6521105170249939, 0.6494439840316772, 0.6471746563911438, 0.6443687677383423, 0.6416948437690735, 0.6397991180419922, 0.6373323202133179, 0.6351708769798279, 0.6332941651344299, 0.6314945816993713, 0.6281934380531311, 0.6266155242919922, 0.624404788017273, 0.6219956278800964, 0.6201310753822327, 0.618776261806488, 0.6171702742576599, 0.6142216324806213, 0.6127667427062988, 0.6105184555053711, 0.6083691716194153, 0.6064566969871521, 0.6048855781555176, 0.601520836353302, 0.5998680591583252, 0.5978050827980042, 0.5958812236785889, 0.5946241617202759, 0.5928892493247986, 0.5911378860473633, 0.5896731019020081, 0.5877476334571838, 0.5862296223640442, 0.5841717720031738, 0.5829334259033203, 0.5810623168945312], "accuracy": [0.2875446379184723, 0.4024364650249481, 0.46040746569633484, 0.5248897075653076, 0.5503045320510864, 0.5797101259231567, 0.5925225615501404, 0.6051249504089355, 0.611216127872467, 0.6240285634994507, 0.6309598684310913, 0.6381012201309204, 0.6412518620491028, 0.6481831669807434, 0.6544843316078186, 0.6586851477622986, 0.6647763252258301, 0.6668767333030701, 0.6714975833892822, 0.6777988076210022, 0.6805292963981628, 0.6843100190162659, 0.6880907416343689, 0.6920815110206604, 0.6950220465660095, 0.6975425481796265, 0.701113224029541, 0.7059441208839417, 0.7099348902702332, 0.7137156128883362, 0.7174963355064392, 0.7174963355064392, 0.7246376872062683, 0.7250577807426453, 0.7309388518333435, 0.7326192259788513, 0.7359798550605774, 0.7363998889923096, 0.7380802631378174, 0.7406007051467896, 0.7420709729194641, 0.7439613342285156, 0.7473219633102417, 0.7496324181556702, 0.7494223713874817, 0.7515227794647217, 0.7515227794647217, 0.7542533278465271, 0.7555135488510132, 0.7582440376281738, 0.7578240036964417, 0.7601343989372253, 0.7601343989372253, 0.7632850408554077, 0.7641251683235168, 0.7647553086280823, 0.7653854489326477, 0.7674857974052429, 0.7668557167053223, 0.7660155296325684, 0.7685360312461853, 0.7681159377098083, 0.7693761587142944, 0.7702163457870483, 0.7695862054824829, 0.7716866135597229, 0.7718966603279114, 0.7737870216369629, 0.7739970684051514, 0.7733669281005859, 0.7744171619415283, 0.7765175104141235, 0.7754673361778259, 0.7756773829460144, 0.7777777910232544, 0.7763075232505798, 0.778407871723175, 0.7775677442550659, 0.7775677442550659, 0.7786179184913635, 0.780928373336792, 0.7802982330322266, 0.7844990491867065, 0.780928373336792, 0.7836589217185974, 0.7849191427230835, 0.7842890024185181, 0.7844990491867065, 0.7836589217185974, 0.7859693169593811, 0.7857592701911926, 0.7882797718048096, 0.7878596782684326, 0.7893299460411072, 0.7882797718048096, 0.7903801798820496, 0.7920604944229126, 0.7914303541183472, 0.7916404008865356, 0.7901701331138611], "val_loss": [2.462603807449341, 2.1563327312469482, 1.9331386089324951, 1.7826359272003174, 1.6681325435638428, 1.5956536531448364, 1.5491368770599365, 1.519232153892517, 1.4978634119033813, 1.4813777208328247, 1.467673659324646, 1.4568179845809937, 1.4495049715042114, 1.4447742700576782, 1.4347765445709229, 1.4302948713302612, 1.4275232553482056, 1.4271706342697144, 1.4246219396591187, 1.42147958278656, 1.4225687980651855, 1.422045350074768, 1.4205435514450073, 1.4295833110809326, 1.4207395315170288, 1.4160432815551758, 1.4174458980560303, 1.4189411401748657, 1.4307708740234375, 1.4274697303771973, 1.4290646314620972, 1.4294860363006592, 1.435966968536377, 1.4394617080688477, 1.4383504390716553, 1.4388536214828491, 1.4352489709854126, 1.4451466798782349, 1.4459155797958374, 1.4406697750091553, 1.4441720247268677, 1.4457550048828125, 1.4438738822937012, 1.446427822113037, 1.4649078845977783, 1.447862982749939, 1.4494057893753052, 1.4615659713745117, 1.4624844789505005, 1.4658355712890625, 1.4601635932922363, 1.4693559408187866, 1.4687952995300293, 1.4792479276657104, 1.4836442470550537, 1.4776209592819214, 1.4952753782272339, 1.4883884191513062, 1.4953892230987549, 1.4955401420593262, 1.4990577697753906, 1.5056984424591064, 1.5183844566345215, 1.5135093927383423, 1.5235971212387085, 1.5233416557312012, 1.5211464166641235, 1.5342603921890259, 1.5405948162078857, 1.5372334718704224, 1.5399343967437744, 1.566908836364746, 1.552329182624817, 1.5517081022262573, 1.5584185123443604, 1.5797957181930542, 1.5920931100845337, 1.5846554040908813, 1.5836783647537231, 1.595934510231018, 1.6018394231796265, 1.610121488571167, 1.6106067895889282, 1.611236572265625, 1.6263599395751953, 1.6192913055419922, 1.627915382385254, 1.6491122245788574, 1.649571180343628, 1.6568210124969482, 1.6524310111999512, 1.6657387018203735, 1.6615254878997803, 1.66958749294281, 1.6701321601867676, 1.6841390132904053, 1.6897610425949097, 1.7004892826080322, 1.6998920440673828, 1.7123054265975952],