{"loss": [4.028818607330322, 3.4316041469573975, 2.9478647708892822, 2.5501198768615723, 2.231570243835449, 1.988012671470642, 1.8136332035064697, 1.6946196556091309, 1.6146674156188965, 1.560100793838501, 1.520011305809021, 1.4907634258270264, 1.4676082134246826, 1.448185682296753, 1.430651068687439, 1.4141548871994019, 1.398996114730835, 1.3860975503921509, 1.3732293844223022, 1.3625673055648804, 1.352405309677124, 1.3440024852752686, 1.3356024026870728, 1.3289005756378174, 1.3212690353393555, 1.3146770000457764, 1.309614658355713, 1.3042100667953491, 1.2997827529907227, 1.2954620122909546, 1.2914544343948364, 1.287926435470581, 1.2840206623077393, 1.2800849676132202, 1.276725172996521, 1.2729685306549072, 1.2683920860290527, 1.2631886005401611, 1.2593894004821777, 1.2544984817504883, 1.2520058155059814, 1.2467344999313354, 1.2420510053634644, 1.2370283603668213, 1.2317978143692017, 1.2238513231277466, 1.2148863077163696, 1.2017587423324585, 1.180587649345398, 1.1512408256530762, 1.1340279579162598, 1.1060596704483032, 1.0978690385818481, 1.0968163013458252, 1.0809842348098755, 1.088504433631897, 1.1204873323440552, 1.0992107391357422, 1.0720868110656738, 1.0577675104141235, 1.0515868663787842, 1.0809704065322876, 1.0567046403884888, 1.0332889556884766, 1.0324805974960327, 1.0172655582427979, 1.0087871551513672, 1.0205482244491577, 1.015221357345581, 1.0157763957977295, 1.0104188919067383, 1.0205576419830322, 1.012932538986206, 1.0039914846420288, 0.9927725791931152, 0.9861472249031067, 0.9856747984886169, 0.9826615452766418, 0.9836505651473999, 1.0225714445114136, 1.0223474502563477, 1.0046818256378174, 0.9918072819709778, 0.9881624579429626, 0.9968197345733643, 0.9824205040931702, 0.9792012572288513, 0.9773741364479065, 0.9792593717575073, 0.9743799567222595, 0.9730412364006042, 0.970147967338562, 0.9740256071090698, 1.0196609497070312, 1.0144920349121094, 0.9819371104240417, 0.9789757132530212, 0.9707650542259216, 0.9625203013420105, 0.9596639275550842], "accuracy": [0.22807016968727112, 0.30226168036460876, 0.344113290309906, 0.38110336661338806, 0.419573038816452, 0.4508560597896576, 0.445360392332077, 0.4157683253288269, 0.41386598348617554, 0.41555696725845337, 0.4159797132015228, 0.4172479510307312, 0.420207142829895, 0.4231663644313812, 0.4259141683578491, 0.43267807364463806, 0.43965333700180054, 0.45064467191696167, 0.45846542716026306, 0.47135913372039795, 0.47770026326179504, 0.47981399297714233, 0.4880574941635132, 0.4853096604347229, 0.49059394001960754, 0.4918621778488159, 0.4933417737483978, 0.4948213994503021, 0.49439865350723267, 0.4931304156780243, 0.4975692331790924, 0.49291905760765076, 0.4967237412929535, 0.49799197912216187, 0.4958782494068146, 0.5043331384658813, 0.5007398128509521, 0.504121720790863, 0.5043331384658813, 0.5062354803085327, 0.5083491802215576, 0.5117311477661133, 0.5106742978096008, 0.5187063813209534, 0.5203973650932312, 0.5225111246109009, 0.5305432081222534, 0.5449165105819702, 0.5639399886131287, 0.5787360072135925, 0.5778905153274536, 0.6015641689300537, 0.6081166863441467, 0.6028323769569397, 0.6140350699424744, 0.6148805618286133, 0.5964912176132202, 0.6083280444145203, 0.6218558549880981, 0.6275628805160522, 0.6307334303855896, 0.6153033375740051, 0.623546838760376, 0.6317903399467468, 0.6309448480606079, 0.6372860074043274, 0.641936182975769, 0.6345381736755371, 0.6336926817893982, 0.635383665561676, 0.6396110653877258, 0.6358063817024231, 0.6372860074043274, 0.6398224234580994, 0.6487000584602356, 0.6482773423194885, 0.6478545665740967, 0.6487000584602356, 0.6434157490730286, 0.6341153979301453, 0.6315789222717285, 0.6387655735015869, 0.6434157490730286, 0.6457408666610718, 0.6429930329322815, 0.6470090746879578, 0.6482773423194885, 0.6499682664871216, 0.6503910422325134, 0.6510251760482788, 0.6544070839881897, 0.6565208435058594, 0.6527161002159119, 0.6345381736755371, 0.6355950236320496, 0.6510251760482788, 0.649756908416748, 0.6554639339447021, 0.661171019077301, 0.6618050932884216], "val_loss": [3.7841198444366455, 3.286553382873535, 2.877534866333008, 2.547063112258911, 2.2852518558502197, 2.0928897857666016, 1.9567927122116089, 1.8662441968917847, 1.8090161085128784, 1.76768159866333, 1.739811658859253, 1.7203651666641235, 1.7040387392044067, 1.6915054321289062, 1.6843150854110718, 1.6739481687545776, 1.6706990003585815, 1.6661546230316162, 1.6651787757873535, 1.6645684242248535, 1.659665584564209, 1.6620639562606812, 1.662014365196228, 1.6624760627746582, 1.6595268249511719, 1.6583839654922485, 1.661413311958313, 1.6598540544509888, 1.6597355604171753, 1.6553045511245728, 1.6552759408950806, 1.6614916324615479, 1.6552352905273438, 1.6536494493484497, 1.6584033966064453, 1.649826169013977, 1.6585862636566162, 1.6588084697723389, 1.6627901792526245, 1.6589826345443726, 1.6664975881576538, 1.6628514528274536, 1.6701194047927856, 1.6661677360534668, 1.6624830961227417, 1.6699373722076416, 1.6740312576293945, 1.6759296655654907, 1.687825083732605, 1.7080814838409424, 1.7238287925720215, 1.737575888633728, 1.7262039184570312, 1.7336434125900269, 1.7696760892868042, 1.7829840183258057, 1.808851957321167, 1.7965352535247803, 1.8097777366638184, 1.8063551187515259, 1.811286211013794, 1.8009058237075806, 1.8060033321380615, 1.8117289543151855, 1.810634732246399, 1.7994023561477661, 1.810542106628418, 1.808165431022644, 1.7908053398132324, 1.8048279285430908, 1.8196394443511963, 1.8262578248977661, 1.8281760215759277, 1.8298962116241455, 1.8431731462478638, 1.8528516292572021, 1.8467962741851807, 1.852389931678772, 1.8457711935043335, 1.8467316627502441, 1.8460886478424072, 1.845138430595398, 1.8409503698349, 1.846735954284668, 1.8498623371124268, 1.8663437366485596, 1.86344313621521, 1.8652442693710327, 1.8714920282363892, 1.8758294582366943, 1.87203848361969, 1.8718277215957642, 1.865304708480835, 1.8682717084884644, 1.852745771408081, 1.8524999618530273, 1.864105224609375, 1.8721365928649902, 1.881356954574585, 1.8799183368682861],