{"loss": [5.163827896118164, 4.251011371612549, 3.4275829792022705, 2.7614471912384033, 2.2900123596191406, 1.9838967323303223, 1.7902299165725708, 1.665706753730774, 1.5837725400924683, 1.5270130634307861, 1.4863966703414917, 1.4528177976608276, 1.426090121269226, 1.4025251865386963, 1.3852572441101074, 1.371159315109253, 1.3588085174560547, 1.347480058670044, 1.3365707397460938, 1.326884388923645, 1.3168436288833618, 1.3082916736602783, 1.3008486032485962, 1.2932614088058472, 1.2860509157180786, 1.2772090435028076, 1.2696200609207153, 1.2632619142532349, 1.256874918937683, 1.251184105873108, 1.2462576627731323, 1.2394719123840332, 1.2338480949401855, 1.2273789644241333, 1.2219575643539429, 1.2164249420166016, 1.211008906364441, 1.2057304382324219, 1.2008728981018066, 1.1952704191207886, 1.1906213760375977, 1.1869120597839355, 1.1816003322601318, 1.1768248081207275, 1.17264986038208, 1.1685017347335815, 1.1647883653640747, 1.1610275506973267, 1.157122015953064, 1.1539052724838257, 1.1503742933273315, 1.1467018127441406, 1.1442320346832275, 1.1406092643737793, 1.1365779638290405, 1.1331896781921387, 1.130520224571228, 1.127788782119751, 1.1249685287475586, 1.1224441528320312, 1.119621753692627, 1.1173887252807617, 1.114771842956543, 1.1123138666152954, 1.1099884510040283, 1.1077885627746582, 1.1054781675338745, 1.1033058166503906, 1.1017922163009644, 1.0990294218063354, 1.0970479249954224, 1.0948363542556763, 1.0931100845336914, 1.0914860963821411, 1.0894278287887573, 1.0885401964187622, 1.0861421823501587, 1.0841326713562012, 1.0825276374816895, 1.081076741218567, 1.079039216041565, 1.0781108140945435, 1.0759323835372925, 1.0743980407714844, 1.0732078552246094, 1.0715817213058472, 1.0703215599060059, 1.068687081336975, 1.0672041177749634, 1.0662180185317993, 1.064481258392334, 1.063157081604004, 1.0619975328445435, 1.0603053569793701, 1.0591553449630737, 1.0583449602127075, 1.0570374727249146, 1.0555455684661865, 1.054088830947876, 1.0532951354980469], "accuracy": [0.2714884579181671, 0.3215932846069336, 0.3547169864177704, 0.3893081843852997, 0.4360587000846863, 0.46855345368385315, 0.45639413595199585, 0.42117398977279663, 0.4182389974594116, 0.41928720474243164, 0.42075473070144653, 0.4215932786464691, 0.423899382352829, 0.42578616738319397, 0.42767295241355896, 0.4272536635398865, 0.42914044857025146, 0.4308176040649414, 0.4318658411502838, 0.43249475955963135, 0.43438154458999634, 0.43794548511505127, 0.44025155901908875, 0.4410901367664337, 0.4440251588821411, 0.4469601809978485, 0.45199161767959595, 0.450314462184906, 0.46016770601272583, 0.46121594309806824, 0.4639413058757782, 0.4794549345970154, 0.4838574528694153, 0.4901467561721802, 0.49098533391952515, 0.4903563857078552, 0.5016771554946899, 0.5098532438278198, 0.5146750807762146, 0.5140461325645447, 0.5220125913619995, 0.5218029618263245, 0.5264151096343994, 0.5341718792915344, 0.5289308428764343, 0.5383647680282593, 0.5417190790176392, 0.5408805012702942, 0.547798752784729, 0.5412998199462891, 0.546960175037384, 0.546750545501709, 0.549685537815094, 0.557232677936554, 0.5557652115821838, 0.5549266338348389, 0.5599581003189087, 0.5618448853492737, 0.5591195225715637, 0.5593291521072388, 0.5624737739562988, 0.5645702481269836, 0.5662474036216736, 0.5651991367340088, 0.5633123517036438, 0.5677148699760437, 0.5719077587127686, 0.5729559659957886, 0.5744234919548035, 0.5691823959350586, 0.5758909583091736, 0.5773584842681885, 0.5767295360565186, 0.5740041732788086, 0.5781970620155334, 0.5796645879745483, 0.5767295360565186, 0.5798742175102234, 0.5786163806915283, 0.5798742175102234, 0.5790356397628784, 0.5834381580352783, 0.5825995802879333, 0.5844863653182983, 0.5849056839942932, 0.5851153135299683, 0.5834381580352783, 0.5859538912773132, 0.5834381580352783, 0.5897274613380432, 0.5834381580352783, 0.5893082022666931, 0.5880503058433533, 0.5867924690246582, 0.5861635208129883, 0.5867924690246582, 0.5903564095497131, 0.5945492386817932, 0.5874213576316833, 0.5918238759040833], "val_loss": [4.74332332611084, 3.947141170501709, 3.266484498977661, 2.7583916187286377, 2.4173998832702637, 2.19345760345459, 2.0481791496276855, 1.949868083000183, 1.8819668292999268, 1.83353590965271, 1.7966418266296387, 1.7691354751586914, 1.7404712438583374, 1.7201815843582153, 1.7052096128463745, 1.6942408084869385, 1.6804255247116089, 1.6720459461212158, 1.6623098850250244, 1.6543790102005005, 1.6490607261657715, 1.6438552141189575, 1.6385760307312012, 1.6344428062438965, 1.6315723657608032, 1.6264785528182983, 1.6251425743103027, 1.619463324546814, 1.618260145187378, 1.6147923469543457, 1.6126052141189575, 1.608372688293457, 1.6099650859832764, 1.6035735607147217, 1.6001901626586914, 1.596964716911316, 1.5959956645965576, 1.5898544788360596, 1.5906330347061157, 1.5874277353286743, 1.5866841077804565, 1.5883891582489014, 1.5857274532318115, 1.5842878818511963, 1.5809123516082764, 1.5805383920669556, 1.578192114830017, 1.5786689519882202, 1.5785329341888428, 1.5738043785095215, 1.5743999481201172, 1.5737684965133667, 1.5734854936599731, 1.5700591802597046, 1.569564700126648, 1.5680149793624878, 1.5663282871246338, 1.567771315574646, 1.5626521110534668, 1.563029170036316, 1.5675324201583862, 1.5680973529815674, 1.568051815032959, 1.5661972761154175, 1.5664710998535156, 1.5682315826416016, 1.5681366920471191, 1.566497802734375, 1.5644558668136597, 1.5701862573623657, 1.5677684545516968, 1.5685054063796997, 1.5676727294921875, 1.5682313442230225, 1.569287657737732, 1.5692704916000366, 1.5709285736083984, 1.5694767236709595, 1.57072114944458, 1.5684055089950562, 1.5700589418411255, 1.5706340074539185, 1.5714977979660034, 1.569929838180542, 1.5710985660552979, 1.5692574977874756, 1.569473147392273, 1.5716147422790527, 1.5741767883300781, 1.5719940662384033, 1.5725055932998657, 1.5740386247634888, 1.572792410850525, 1.5720301866531372, 1.5722283124923706, 1.5749142169952393, 1.575798511505127, 1.5734139680862427, 1.5754916667938232, 1.5764212608337402],