{"loss": [1.5698320865631104, 1.2951226234436035, 1.186622977256775, 1.1130461692810059, 1.0610231161117554, 1.0241408348083496, 0.9930872321128845, 0.9688780307769775, 0.9457830190658569, 0.926081657409668, 0.9083666801452637, 0.8941705226898193, 0.8781993985176086, 0.8661651015281677, 0.8529790639877319, 0.8423850536346436, 0.8297556638717651, 0.8195122480392456, 0.8092136383056641, 0.8006932735443115, 0.7929198145866394, 0.7807198166847229, 0.7676093578338623, 0.7537023425102234, 0.7387109398841858, 0.7271623611450195, 0.7175112962722778, 0.7084066271781921, 0.6998705267906189, 0.6959429383277893, 0.6878078579902649, 0.6813899874687195, 0.6760187745094299, 0.6696934700012207, 0.6657900214195251, 0.6599871516227722, 0.6547493934631348, 0.6526519656181335, 0.6453614234924316, 0.6405477523803711, 0.6364153027534485, 0.6331779956817627, 0.6278584599494934, 0.6232699751853943, 0.6199826002120972, 0.615787923336029, 0.6119384765625, 0.6096948385238647, 0.6066461205482483, 0.602091908454895, 0.6003406047821045, 0.5964685082435608, 0.5927560329437256, 0.5899083018302917, 0.5878113508224487, 0.5854128003120422, 0.581171452999115, 0.5787156820297241, 0.5764608979225159, 0.5734962224960327, 0.5715641975402832, 0.570061445236206, 0.5681554079055786, 0.5642819404602051, 0.5622826218605042, 0.5554032921791077, 0.5548529624938965, 0.5517642498016357, 0.5505385994911194, 0.5491516590118408, 0.5454493761062622, 0.5441633462905884, 0.5427398085594177, 0.5408280491828918, 0.5374200940132141, 0.5352316498756409, 0.5342794060707092, 0.5315254330635071, 0.5318264365196228, 0.529286801815033, 0.5267255306243896, 0.5252875685691833, 0.5249497294425964, 0.5216941237449646, 0.5199689269065857, 0.5189706683158875, 0.51711106300354, 0.5145003795623779, 0.5131848454475403, 0.5118494033813477, 0.5089634656906128, 0.5077979564666748, 0.5049343109130859, 0.5059334635734558, 0.5042629837989807, 0.5015353560447693, 0.5008047819137573, 0.4991341531276703, 0.4982626140117645, 0.4957013726234436], "accuracy": [0.44604605436325073, 0.5097097158432007, 0.5435435175895691, 0.5639639496803284, 0.5867868065834045, 0.5969970226287842, 0.6128128170967102, 0.6194193959236145, 0.6302302479743958, 0.6368368268013, 0.6436436176300049, 0.6496496200561523, 0.6540540456771851, 0.6620620489120483, 0.6680680513381958, 0.6706706881523132, 0.6772772669792175, 0.6830830574035645, 0.6878879070281982, 0.6912912726402283, 0.6958959102630615, 0.6982982754707336, 0.7037037014961243, 0.706706702709198, 0.7087087035179138, 0.712912917137146, 0.7157157063484192, 0.7215214967727661, 0.7231231331825256, 0.7283283472061157, 0.7279279232025146, 0.7297297120094299, 0.73153156042099, 0.7377377152442932, 0.7393393516540527, 0.7405405640602112, 0.7429429292678833, 0.7465465664863586, 0.7499499320983887, 0.7509509325027466, 0.752152144908905, 0.7529529333114624, 0.7593593597412109, 0.7617617845535278, 0.7611611485481262, 0.7651651501655579, 0.7647647857666016, 0.770370364189148, 0.7677677869796753, 0.7701701521873474, 0.7711711525917053, 0.7711711525917053, 0.7737737894058228, 0.7725725769996643, 0.776977002620697, 0.7777777910232544, 0.7787787914276123, 0.7801801562309265, 0.7783783674240112, 0.7835835814476013, 0.7871871590614319, 0.7837837934494019, 0.7867867946624756, 0.7863863706588745, 0.787988007068634, 0.7935935854911804, 0.7877877950668335, 0.7907907962799072, 0.7955955862998962, 0.794194221496582, 0.7933933734893799, 0.793793797492981, 0.7959960103034973, 0.7969970107078552, 0.7991992235183716, 0.7993993759155273, 0.7981982231140137, 0.8006005883216858, 0.8040040135383606, 0.8020020127296448, 0.8004003763198853, 0.8038038015365601, 0.8030030131340027, 0.8058058023452759, 0.8022022247314453, 0.8056055903434753, 0.8042042255401611, 0.8078078031539917, 0.8060060143470764, 0.8100100159645081, 0.8120120167732239, 0.8098098039627075, 0.8108108043670654, 0.8106105923652649, 0.8146145939826965, 0.8108108043670654, 0.8144144415855408, 0.8118118047714233, 0.815815806388855, 0.8148148059844971], "val_loss": [1.3787294626235962, 1.2613133192062378, 1.1857013702392578, 1.1352052688598633, 1.106907844543457, 1.0738128423690796, 1.0547573566436768, 1.0367021560668945, 1.0146645307540894, 1.0005797147750854, 0.9928479194641113, 0.9828641414642334, 0.9615171551704407, 0.9531004428863525, 0.9494165778160095, 0.942458987236023, 0.9316213726997375, 0.9273829460144043, 0.917393684387207, 0.9059639573097229, 0.8970511555671692, 0.8902355432510376, 0.8736546039581299, 0.8584120273590088, 0.8508207201957703, 0.8364056348800659, 0.8288173675537109, 0.8207753896713257, 0.8195140361785889, 0.80874103307724, 0.8028699159622192, 0.8062613010406494, 0.7957904934883118, 0.7912060618400574, 0.7866706252098083, 0.7822064757347107, 0.7841214537620544, 0.7831543684005737, 0.7725027203559875, 0.7683945894241333, 0.7692123055458069, 0.7657446265220642, 0.7594761252403259, 0.7600350975990295, 0.754725456237793, 0.7532499432563782, 0.7599016427993774, 0.7511172294616699, 0.7497061491012573, 0.7458530068397522, 0.7451552152633667, 0.7421218752861023, 0.7473754286766052, 0.7371107935905457, 0.7389233708381653, 0.7356313467025757, 0.7394114136695862, 0.734710693359375, 0.7312405705451965, 0.7279776930809021, 0.7291672825813293, 0.7350711226463318, 0.7269895076751709, 0.7286871671676636, 0.723223865032196, 0.7261400818824768, 0.7238971590995789, 0.7210677862167358, 0.7259718179702759, 0.7204707860946655, 0.7224036455154419, 0.7261297106742859, 0.7183032035827637, 0.7190482020378113, 0.7241878509521484, 0.7198716402053833, 0.7191122174263, 0.7199504375457764, 0.7196962833404541, 0.7192670702934265, 0.7139303684234619, 0.7159861922264099, 0.7137225866317749, 0.7180497646331787, 0.7134284973144531, 0.7210528254508972, 0.7087088227272034, 0.7079586386680603, 0.707802414894104, 0.7072665691375732, 0.7143369317054749, 0.7066792249679565, 0.7085835933685303, 0.7074310183525085, 0.7077072262763977, 0.7030947208404541, 0.7023351192474365, 0.7022882699966431, 0.7021095752716064, 0.7012977600097656],