{"loss": [4.3543620109558105, 3.1452956199645996, 2.6210834980010986, 2.242056131362915, 1.9496101140975952, 1.7345746755599976, 1.5748028755187988, 1.4499648809432983, 1.3576267957687378, 1.2794086933135986, 1.2193119525909424, 1.1728495359420776, 1.1327301263809204, 1.105141520500183, 1.081158995628357, 1.0625938177108765, 1.0465853214263916, 1.0327788591384888, 1.0209459066390991, 1.0089691877365112, 0.9998270273208618, 0.9888638257980347, 0.982264518737793, 0.9742727875709534, 0.9654437303543091, 0.9589372277259827, 0.9513065814971924, 0.9447394013404846, 0.936773955821991, 0.9273425936698914, 0.9199797511100769, 0.9109632968902588, 0.8996278047561646, 0.8892846703529358, 0.8771703839302063, 0.8663210272789001, 0.8540844321250916, 0.8403459787368774, 0.8333941102027893, 0.8154957294464111, 0.8016297221183777, 0.7912615537643433, 0.775149405002594, 0.759871244430542, 0.7471545934677124, 0.759636402130127, 0.7206906080245972, 0.7072701454162598, 0.6948703527450562, 0.6840202212333679, 0.6790887117385864, 0.6650739908218384, 0.6612396836280823, 0.6557223796844482, 0.6679704189300537, 0.6495031118392944, 0.6509718298912048, 0.6405848860740662, 0.631813645362854, 0.6309099197387695, 0.6199496388435364, 0.6920220255851746, 0.6154446005821228, 0.6210562586784363, 0.6215847134590149, 0.6285451054573059, 0.6080723404884338, 0.6187097430229187, 0.6001949906349182, 0.6014012098312378, 0.5998777747154236, 0.5940143465995789, 0.5934133529663086, 0.589636504650116, 0.5957581400871277, 0.594558596611023, 0.5921704769134521, 0.5846578478813171, 0.5893052816390991, 0.6555435061454773, 0.579864501953125, 0.5790058374404907, 0.5833461284637451, 0.5798302292823792, 0.5743289589881897, 0.580507218837738, 0.5774837136268616, 0.5767363905906677, 0.6012547016143799, 0.5757825374603271, 0.5638108849525452, 0.5744751691818237, 0.599969744682312, 0.5712875127792358, 0.5941931009292603, 0.5801343321800232, 0.5726322531700134, 0.5595022439956665, 0.5597962737083435, 0.5593437552452087], "accuracy": [0.32570281624794006, 0.40321284532546997, 0.43192771077156067, 0.4596385657787323, 0.4879518151283264, 0.5136545896530151, 0.5353413820266724, 0.5487951636314392, 0.5514056086540222, 0.557831346988678, 0.5654618740081787, 0.5640562176704407, 0.5722891688346863, 0.5744979977607727, 0.5787148475646973, 0.5809236764907837, 0.5853413939476013, 0.5861445665359497, 0.591566264629364, 0.5947791337966919, 0.5919678807258606, 0.6024096608161926, 0.5975903868675232, 0.603212833404541, 0.6070281267166138, 0.6066265106201172, 0.6142570376396179, 0.6180722713470459, 0.6228915452957153, 0.6327309012413025, 0.6359437704086304, 0.641566276550293, 0.6508032083511353, 0.6612449884414673, 0.6694779396057129, 0.6813253164291382, 0.6845381259918213, 0.6959839463233948, 0.7030120491981506, 0.7128514051437378, 0.7208835482597351, 0.7251003980636597, 0.7327309250831604, 0.7467871308326721, 0.7522088289260864, 0.7504016160964966, 0.7672690749168396, 0.7714859247207642, 0.7819277048110962, 0.7823293209075928, 0.7849397659301758, 0.7917670607566833, 0.7927711009979248, 0.7949799299240112, 0.7891566157341003, 0.7969879508018494, 0.7987951636314392, 0.8046184778213501, 0.8050200939178467, 0.8062248826026917, 0.8134537935256958, 0.7807229161262512, 0.807831346988678, 0.807831346988678, 0.805220901966095, 0.8062248826026917, 0.8152610659599304, 0.8094377517700195, 0.819477915763855, 0.8146586418151855, 0.8160642385482788, 0.8132529854774475, 0.8206827044487, 0.8182730674743652, 0.8166666626930237, 0.814257025718689, 0.8182730674743652, 0.8190762996673584, 0.816867470741272, 0.8004016280174255, 0.8214859366416931, 0.8228915929794312, 0.8188754916191101, 0.8218875527381897, 0.8234939575195312, 0.8208835124969482, 0.8192771077156067, 0.8216867446899414, 0.8084337115287781, 0.8196787238121033, 0.8261044025421143, 0.8216867446899414, 0.8100401759147644, 0.8228915929794312, 0.816867470741272, 0.8158634305000305, 0.8224899768829346, 0.8289156556129456, 0.8277108669281006, 0.8287148475646973], "val_loss": [3.4783990383148193, 2.8504388332366943, 2.443837881088257, 2.1135756969451904, 1.862387776374817, 1.682448387145996, 1.5434987545013428, 1.4431856870651245, 1.365946650505066, 1.2970728874206543, 1.2466319799423218, 1.2083930969238281, 1.1844758987426758, 1.1562947034835815, 1.1380665302276611, 1.1206581592559814, 1.1114808320999146, 1.098738431930542, 1.0870397090911865, 1.0934436321258545, 1.0746780633926392, 1.0746203660964966, 1.067375898361206, 1.0589696168899536, 1.0610271692276, 1.0452368259429932, 1.056125521659851, 1.0374772548675537, 1.0377293825149536, 1.0252550840377808, 1.020269751548767, 1.0141044855117798, 1.0117197036743164, 0.9994293451309204, 1.0001229047775269, 0.9833874702453613, 0.9920917749404907, 0.9748311638832092, 0.9894807934761047, 0.9584641456604004, 0.9607250094413757, 0.9502183794975281, 0.936451256275177, 0.9283360242843628, 0.9532588124275208, 0.9410771131515503, 0.9349387884140015, 0.9358161091804504, 0.9259656667709351, 0.9640000462532043, 0.9408468008041382, 0.9740113019943237, 0.9457487463951111, 0.9290327429771423, 0.9992799162864685, 0.969148576259613, 0.9571139812469482, 0.9606926441192627, 0.9735373258590698, 0.9691043496131897, 0.9558590054512024, 0.9472702145576477, 0.9669312834739685, 0.967753529548645, 1.0940985679626465, 0.9585471749305725, 0.9319329261779785, 0.9394928216934204, 0.9417162537574768, 0.9829186797142029, 0.9572468400001526, 0.9761970043182373, 0.9563274383544922, 0.9427236318588257, 0.9721822142601013, 0.9662813544273376, 0.9525442719459534, 1.0052279233932495, 0.97893887758255, 0.9597403407096863, 0.9720726609230042, 0.9708139300346375, 0.974307119846344, 0.9832006692886353, 0.9856422543525696, 0.9840552806854248, 1.0254509449005127, 0.9756261110305786, 0.9714141488075256, 0.9918016791343689, 1.0326188802719116, 0.9902129769325256, 0.9669293165206909, 1.0101358890533447, 0.9716734290122986, 0.9747772216796875, 0.9944136738777161, 0.962993860244751, 0.9944379329681396, 0.9827319979667664],