{"loss": [2.4482274055480957, 1.523085594177246, 1.2211740016937256, 1.0715900659561157, 0.9853541851043701, 0.9280791878700256, 0.8833813071250916, 0.8526366949081421, 0.8267176747322083, 0.8052529096603394, 0.7855051159858704, 0.7681800127029419, 0.7535557150840759, 0.7396131753921509, 0.7263398170471191, 0.7125797271728516, 0.7005799412727356, 0.6887751221656799, 0.6771417856216431, 0.6649864315986633, 0.655805230140686, 0.6467087268829346, 0.6353034973144531, 0.6261736154556274, 0.6179977655410767, 0.6048164367675781, 0.5977110862731934, 0.5867760181427002, 0.5796809792518616, 0.56934654712677, 0.5599594712257385, 0.5515428185462952, 0.5443220138549805, 0.5337767601013184, 0.5274825096130371, 0.5198497772216797, 0.5145127177238464, 0.5043365955352783, 0.497519850730896, 0.4922376573085785, 0.4840398132801056, 0.4774472415447235, 0.47208350896835327, 0.46388813853263855, 0.45933371782302856, 0.45134779810905457, 0.44752761721611023, 0.44141721725463867, 0.4337616562843323, 0.4270753562450409, 0.42457449436187744, 0.4192286431789398, 0.4148761034011841, 0.4092538058757782, 0.4031108021736145, 0.398665189743042, 0.3918609321117401, 0.3878050148487091, 0.3827465772628784, 0.37686705589294434, 0.3722839653491974, 0.36882007122039795, 0.3664981722831726, 0.36042991280555725, 0.35540953278541565, 0.3559093177318573, 0.3489975333213806, 0.34689411520957947, 0.3426973223686218, 0.3393794298171997, 0.3345811665058136, 0.33235761523246765, 0.33067166805267334, 0.32487985491752625, 0.3240557312965393, 0.3218701183795929, 0.32126495242118835, 0.31652697920799255, 0.31699156761169434, 0.31102320551872253, 0.310615211725235, 0.31327876448631287, 0.30905503034591675, 0.2973787784576416, 0.2966139316558838, 0.29562559723854065, 0.29415130615234375, 0.2939601242542267, 0.2895680069923401, 0.2912425696849823, 0.2855443060398102, 0.28588172793388367, 0.28270167112350464, 0.27943548560142517, 0.2802715003490448, 0.27854976058006287, 0.2790355980396271, 0.27584198117256165, 0.2718351483345032, 0.2748032212257385], "accuracy": [0.34809619188308716, 0.48997995257377625, 0.5262525081634521, 0.560921847820282, 0.5831663608551025, 0.6046091914176941, 0.6208416819572449, 0.6418837904930115, 0.655110239982605, 0.6687374711036682, 0.6777555346488953, 0.6875751614570618, 0.6985971927642822, 0.7016032338142395, 0.7128256559371948, 0.7224448919296265, 0.7268537282943726, 0.7318637371063232, 0.7436873912811279, 0.7482966184616089, 0.7517033815383911, 0.755310595035553, 0.7611222267150879, 0.7671342492103577, 0.7665330767631531, 0.776953935623169, 0.7761523127555847, 0.7841683626174927, 0.7867735624313354, 0.7905811667442322, 0.7943887710571289, 0.8020039796829224, 0.802204430103302, 0.8086172342300415, 0.8056111931800842, 0.8168336749076843, 0.8140280842781067, 0.8212425112724304, 0.821843683719635, 0.8250501155853271, 0.8276553153991699, 0.8322645425796509, 0.8294588923454285, 0.8384769558906555, 0.8370741605758667, 0.842685341835022, 0.8444889783859253, 0.8446893692016602, 0.8490982055664062, 0.8525050282478333, 0.8511022329330444, 0.8545089960098267, 0.8531062006950378, 0.8553106188774109, 0.8589178323745728, 0.8629258275032043, 0.8647294640541077, 0.8653306365013123, 0.8697394728660583, 0.871342658996582, 0.8751503229141235, 0.8755511045455933, 0.878156304359436, 0.878156304359436, 0.8799599409103394, 0.8823647499084473, 0.8841683268547058, 0.8835671544075012, 0.882765531539917, 0.8855711221694946, 0.8881763815879822, 0.8867735266685486, 0.8899799585342407, 0.890781581401825, 0.891783595085144, 0.8913827538490295, 0.8905811905860901, 0.8963927626609802, 0.8931863903999329, 0.8965932130813599, 0.8975951671600342, 0.8971943855285645, 0.8983967900276184, 0.9042084217071533, 0.9006012082099915, 0.903607189655304, 0.8997995853424072, 0.9038076400756836, 0.9052104353904724, 0.9008015990257263, 0.907014012336731, 0.9044088125228882, 0.9034067988395691, 0.9074148535728455, 0.9076152443885803, 0.9096192121505737, 0.9090180397033691, 0.9100200533866882, 0.9084168076515198, 0.909218430519104], "val_loss": [1.832105040550232, 1.3988635540008545, 1.222822904586792, 1.1198630332946777, 1.0578701496124268, 1.0164523124694824, 0.98492431640625, 0.9728264212608337, 0.953387439250946, 0.938938319683075, 0.9260380864143372, 0.9170739650726318, 0.9091553092002869, 0.8964317440986633, 0.8897014856338501, 0.8859533667564392, 0.8806838393211365, 0.878143310546875, 0.8704931139945984, 0.8626647591590881, 0.862526535987854, 0.853298008441925, 0.8471327424049377, 0.8456253409385681, 0.83957839012146, 0.830719530582428, 0.8306377530097961, 0.8191574811935425, 0.8190011978149414, 0.8200398683547974, 0.8170207738876343, 0.8096201419830322, 0.7985562682151794, 0.7946705222129822, 0.7949203848838806, 0.7979766726493835, 0.7935123443603516, 0.7862195372581482, 0.7904682159423828, 0.7714378237724304, 0.7703654170036316, 0.7685637474060059, 0.7757872343063354, 0.7607049345970154, 0.7516098022460938, 0.7581310272216797, 0.7468476891517639, 0.7476710081100464, 0.7468430399894714, 0.7503899335861206, 0.7430620789527893, 0.7339819073677063, 0.7300371527671814, 0.7291730046272278, 0.7260885834693909, 0.7294434905052185, 0.7191963791847229, 0.7167519330978394, 0.7187707424163818, 0.7139229774475098, 0.7126820087432861, 0.7178409695625305, 0.713759183883667, 0.7248033881187439, 0.7168271541595459, 0.7139249444007874, 0.7056020498275757, 0.7266805768013, 0.7104234099388123, 0.7031988501548767, 0.7150195837020874, 0.7006389498710632, 0.7088035941123962, 0.6900286674499512, 0.7091366052627563, 0.7049723267555237, 0.7090044617652893, 0.6889657974243164, 0.6945160627365112, 0.6997520327568054, 0.6930199265480042, 0.7069324254989624, 0.681969165802002, 0.6920918822288513, 0.6953735947608948, 0.6922822594642639, 0.6860144734382629, 0.6988840699195862, 0.6975824236869812, 0.705209493637085, 0.6923063397407532, 0.6998800039291382, 0.689007043838501, 0.6758561134338379, 0.6799822449684143, 0.6806991696357727, 0.6969355940818787, 0.6860248446464539, 0.6802105903625488, 0.6935614943504333],