{"loss": [3.7258963584899902, 2.544506072998047, 2.2011260986328125, 1.9942657947540283, 1.8295409679412842, 1.7081466913223267, 1.598014235496521, 1.4870389699935913, 1.385884404182434, 1.3048723936080933, 1.2273200750350952, 1.17014479637146, 1.125458836555481, 1.089146375656128, 1.0607502460479736, 1.036703109741211, 1.0099270343780518, 0.9903791546821594, 0.9697265625, 0.9488891363143921, 0.9321634769439697, 0.9122658967971802, 0.8959936499595642, 0.877726137638092, 0.8591969013214111, 0.843978226184845, 0.8248757719993591, 0.8029289245605469, 0.7857116460800171, 0.7647879719734192, 0.7377341985702515, 0.7064521312713623, 0.6766653656959534, 0.6454353332519531, 0.6186115741729736, 0.5950213670730591, 0.57706218957901, 0.5595797896385193, 0.5438072085380554, 0.53040611743927, 0.5178619623184204, 0.5047454833984375, 0.4955279529094696, 0.48419806361198425, 0.4746862053871155, 0.464112788438797, 0.4568275511264801, 0.44688767194747925, 0.4394800662994385, 0.4316385090351105, 0.42238232493400574, 0.4163667857646942, 0.4124777615070343, 0.40422484278678894, 0.3987219035625458, 0.3919786214828491, 0.3856267035007477, 0.38381561636924744, 0.377376526594162, 0.371623158454895, 0.36548227071762085, 0.36166974902153015, 0.3583596348762512, 0.3531656563282013, 0.3528202176094055, 0.34731677174568176, 0.3414306044578552, 0.33993810415267944, 0.33269262313842773, 0.33267682790756226, 0.33021631836891174, 0.3278486132621765, 0.3224197328090668, 0.3217345178127289, 0.31618034839630127, 0.3152620196342468, 0.31522002816200256, 0.3095436692237854, 0.30888980627059937, 0.3073524236679077, 0.30355629324913025, 0.3011818528175354, 0.2974427044391632, 0.29541656374931335, 0.2958091199398041, 0.2919071316719055, 0.2891259491443634, 0.28889143466949463, 0.2903106212615967, 0.2839428782463074, 0.28712472319602966, 0.2806972563266754, 0.2781609892845154, 0.27720195055007935, 0.27616092562675476, 0.27477970719337463, 0.2755696773529053, 0.27073991298675537, 0.2715308666229248, 0.2672312259674072], "accuracy": [0.38836508989334106, 0.5386158227920532, 0.5660982728004456, 0.5887662768363953, 0.6130391359329224, 0.6212638020515442, 0.6347041130065918, 0.6537612676620483, 0.6722166538238525, 0.6848545670509338, 0.7037111520767212, 0.7141424417495728, 0.717352032661438, 0.720361053943634, 0.7249749302864075, 0.7285857796669006, 0.7370110154151917, 0.7368104457855225, 0.7384152412414551, 0.7474423050880432, 0.7446339130401611, 0.7564694285392761, 0.755666971206665, 0.7606820464134216, 0.7632898688316345, 0.7664995193481445, 0.7701103091239929, 0.7755265831947327, 0.7749247550964355, 0.779538631439209, 0.7829488515853882, 0.7897692918777466, 0.7919759154319763, 0.7935807704925537, 0.8012036085128784, 0.8052156567573547, 0.8086258769035339, 0.8102306723594666, 0.8176529407501221, 0.8196589946746826, 0.8246740102767944, 0.8294884562492371, 0.8292878866195679, 0.83530592918396, 0.8367101550102234, 0.8411233425140381, 0.8441324234008789, 0.8449348211288452, 0.847141444683075, 0.8509528636932373, 0.8565697073936462, 0.8577733039855957, 0.8567703366279602, 0.8573721051216125, 0.8623871803283691, 0.8653962016105652, 0.8678033947944641, 0.8686057925224304, 0.870611846446991, 0.8728184700012207, 0.8772317171096802, 0.8766298890113831, 0.8764292597770691, 0.8830491304397583, 0.8796389102935791, 0.8842527866363525, 0.8856569528579712, 0.885456383228302, 0.8882647752761841, 0.888465404510498, 0.8878635764122009, 0.8878635764122009, 0.8924774527549744, 0.8900701999664307, 0.894082248210907, 0.8944834470748901, 0.8952858448028564, 0.8948846459388733, 0.8950852751731873, 0.8946840763092041, 0.8968906998634338, 0.8976930975914001, 0.9001002907752991, 0.9015045166015625, 0.9009026885032654, 0.9021063446998596, 0.9013038873672485, 0.9005014896392822, 0.9019057154655457, 0.9031093120574951, 0.9049147367477417, 0.9051153659820557, 0.905917763710022, 0.9069207906723022, 0.9073219895362854, 0.9067201614379883, 0.9085255861282349, 0.9085255861282349, 0.908926784992218, 0.9109327793121338], "val_loss": [2.9522435665130615, 2.525347948074341, 2.3301446437835693, 2.156912088394165, 2.018838405609131, 1.9439897537231445, 1.8367341756820679, 1.7028518915176392, 1.6131542921066284, 1.5243345499038696, 1.4422944784164429, 1.3954734802246094, 1.3637773990631104, 1.3147085905075073, 1.2932074069976807, 1.270833969116211, 1.2610087394714355, 1.2295583486557007, 1.200543761253357, 1.1878496408462524, 1.1660020351409912, 1.1492574214935303, 1.1336355209350586, 1.119857668876648, 1.0947779417037964, 1.0777711868286133, 1.0659611225128174, 1.0471540689468384, 1.0220935344696045, 0.999876856803894, 0.9759114384651184, 0.9370583295822144, 0.9102376699447632, 0.895960807800293, 0.8613686561584473, 0.831893801689148, 0.8158906102180481, 0.7957525849342346, 0.7795481085777283, 0.7620285153388977, 0.7552688717842102, 0.7540411949157715, 0.7381435036659241, 0.7312487363815308, 0.7137302756309509, 0.7141345143318176, 0.6968814730644226, 0.6970984935760498, 0.6847866177558899, 0.6772302985191345, 0.6678347587585449, 0.6753032803535461, 0.6639997363090515, 0.6481882929801941, 0.6490058898925781, 0.650521457195282, 0.6537286639213562, 0.6353037357330322, 0.6380033493041992, 0.6271262764930725, 0.6285589933395386, 0.6321831941604614, 0.6291658878326416, 0.6184014081954956, 0.6260903477668762, 0.6166954636573792, 0.6125037670135498, 0.6121251583099365, 0.6130093336105347, 0.6035233736038208, 0.6135026216506958, 0.6106853485107422, 0.6036955118179321, 0.6002897620201111, 0.5965320467948914, 0.5934628844261169, 0.6020714044570923, 0.5967509746551514, 0.5965072512626648, 0.5985962748527527, 0.594586193561554, 0.5935634970664978, 0.59865802526474, 0.5824586153030396, 0.6198393106460571, 0.5962258577346802, 0.5878233909606934, 0.593866765499115, 0.5838699340820312, 0.5837550759315491, 0.5848566889762878, 0.5789392590522766, 0.573604166507721, 0.6058205962181091, 0.5887947678565979, 0.5860052108764648, 0.5702109932899475, 0.5799013376235962, 0.5782015919685364, 0.5733864903450012],