{"loss": [3.5742311477661133, 2.9028255939483643, 2.6664960384368896, 2.5310192108154297, 2.4328322410583496, 2.353579044342041, 2.2885546684265137, 2.2317702770233154, 2.177380323410034, 2.123873710632324, 2.0698959827423096, 2.0225963592529297, 1.9787126779556274, 1.9355425834655762, 1.8968513011932373, 1.859768271446228, 1.8261162042617798, 1.7961465120315552, 1.7664216756820679, 1.739901065826416, 1.7153321504592896, 1.6916815042495728, 1.6665483713150024, 1.6417750120162964, 1.616431474685669, 1.590085744857788, 1.559510350227356, 1.524154782295227, 1.4834706783294678, 1.441831350326538, 1.3991358280181885, 1.356563925743103, 1.3148373365402222, 1.276665449142456, 1.2446528673171997, 1.2174829244613647, 1.1953314542770386, 1.1764936447143555, 1.1596684455871582, 1.1425062417984009, 1.1208086013793945, 1.0704928636550903, 1.0051485300064087, 0.9823180437088013, 0.9708448648452759, 0.9619090557098389, 0.9536775350570679, 0.9466883540153503, 0.9409962296485901, 0.9339237809181213, 0.9291060566902161, 0.9234814643859863, 0.9182582497596741, 0.9130235314369202, 0.9080150723457336, 0.9026750922203064, 0.898175835609436, 0.8938511610031128, 0.8901307582855225, 0.8873608708381653, 0.8835445642471313, 0.8796501755714417, 0.8767335414886475, 0.8732866644859314, 0.8718582391738892, 0.8692678213119507, 0.8668440580368042, 0.8626059293746948, 0.8597977161407471, 0.8568508625030518, 0.8546512722969055, 0.8530175685882568, 0.8504835963249207, 0.8486226797103882, 0.8467928171157837, 0.8447264432907104, 0.8433207273483276, 0.8415875434875488, 0.8396878838539124, 0.838189423084259, 0.8358933329582214, 0.8344046473503113, 0.832352876663208, 0.8310821056365967, 0.8290141224861145, 0.827566385269165, 0.8266195058822632, 0.8240597248077393, 0.8235028982162476, 0.8218311667442322, 0.8204707503318787, 0.8181502819061279, 0.8156716227531433, 0.8141081929206848, 0.813482403755188, 0.8115920424461365, 0.8101206421852112, 0.8088167905807495, 0.8074727654457092, 0.8068033456802368], "accuracy": [0.26765352487564087, 0.45229044556617737, 0.477895587682724, 0.5007001161575317, 0.5311062335968018, 0.547509491443634, 0.5587117671966553, 0.5641128420829773, 0.5731146335601807, 0.5763152837753296, 0.5805160999298096, 0.5833166837692261, 0.5845168828964233, 0.587517499923706, 0.5895178914070129, 0.5831166505813599, 0.5925185084342957, 0.5901180505752563, 0.5933186411857605, 0.5937187671661377, 0.5969193577766418, 0.5993198752403259, 0.5989198088645935, 0.6009202003479004, 0.6009202003479004, 0.5991198420524597, 0.5975195169448853, 0.6025205254554749, 0.6023204922676086, 0.6037207245826721, 0.6061212420463562, 0.6023204922676086, 0.6065213084220886, 0.6081216335296631, 0.6081216335296631, 0.6079216003417969, 0.611322283744812, 0.6149230003356934, 0.6121224164962769, 0.6121224164962769, 0.6153230667114258, 0.6147229671478271, 0.6123224496841431, 0.6183236837387085, 0.615523099899292, 0.6195238828659058, 0.6223244667053223, 0.6251250505447388, 0.6225244998931885, 0.6217243671417236, 0.6281256079673767, 0.6271254420280457, 0.6281256079673767, 0.6289258003234863, 0.6305261254310608, 0.6347269415855408, 0.6331266164779663, 0.6347269415855408, 0.6359272003173828, 0.6357271671295166, 0.6367273330688477, 0.6411282420158386, 0.6373274922370911, 0.6421284079551697, 0.641528308391571, 0.6421284079551697, 0.6439287662506104, 0.6469293832778931, 0.6477295756340027, 0.6493298411369324, 0.6459291577339172, 0.6489297747612, 0.6483296751976013, 0.6537307500839233, 0.6477295756340027, 0.6523304581642151, 0.6553310751914978, 0.6551310420036316, 0.6517303586006165, 0.6575314998626709, 0.6585317254066467, 0.6589317917823792, 0.659731924533844, 0.6595318913459778, 0.6601320505142212, 0.6643328666687012, 0.6649329662322998, 0.665333092212677, 0.6619324088096619, 0.6637327671051025, 0.6647329330444336, 0.6661332249641418, 0.6683336496353149, 0.6643328666687012, 0.670734167098999, 0.6691338419914246, 0.6731346249580383, 0.6675335168838501, 0.6717343330383301, 0.6715342998504639], "val_loss": [3.1017861366271973, 2.7828264236450195, 2.6208319664001465, 2.5049960613250732, 2.4172134399414062, 2.3472249507904053, 2.2898638248443604, 2.242516040802002, 2.1883130073547363, 2.142042398452759, 2.0998780727386475, 2.0600383281707764, 2.021350145339966, 1.981764554977417, 1.9429235458374023, 1.9079691171646118, 1.8756989240646362, 1.8430469036102295, 1.8198446035385132, 1.7910765409469604, 1.768051028251648, 1.7427918910980225, 1.720226526260376, 1.6953601837158203, 1.6728270053863525, 1.6445330381393433, 1.6127442121505737, 1.5785815715789795, 1.5367151498794556, 1.4986971616744995, 1.4545766115188599, 1.4093115329742432, 1.3669060468673706, 1.3290144205093384, 1.2919610738754272, 1.2663952112197876, 1.2465592622756958, 1.2282114028930664, 1.2124868631362915, 1.1956299543380737, 1.1681106090545654, 1.0887404680252075, 1.0509800910949707, 1.0378321409225464, 1.029293179512024, 1.0217633247375488, 1.0162307024002075, 1.0138094425201416, 1.004749059677124, 1.0025557279586792, 0.9981188774108887, 0.994880735874176, 0.9871126413345337, 0.9863395690917969, 0.9819015264511108, 0.9757232666015625, 0.9723871350288391, 0.9733002185821533, 0.9696016311645508, 0.9652979373931885, 0.9640613794326782, 0.961874783039093, 0.9581755995750427, 0.9581501483917236, 0.954936683177948, 0.9550839066505432, 0.9531112313270569, 0.949824333190918, 0.948338508605957, 0.9480981230735779, 0.9438261389732361, 0.9439837336540222, 0.9424389004707336, 0.9424176812171936, 0.9408260583877563, 0.9381572604179382, 0.9372727274894714, 0.9360573291778564, 0.9385488629341125, 0.9353760480880737, 0.9344233870506287, 0.9341887831687927, 0.9309142231941223, 0.9322105646133423, 0.9292674660682678, 0.927806556224823, 0.9265233874320984, 0.9290862083435059, 0.9264509081840515, 0.9253681898117065, 0.9246922731399536, 0.926217257976532, 0.925072193145752, 0.9233089089393616, 0.9231618642807007, 0.9231074452400208, 0.9235870838165283, 0.9262312650680542, 0.924643337726593, 0.925399899482727], "val_accuracy": [0.41968393325805664, 0.46149230003356934, 0.4926985502243042, 0.5159031748771667, 0.5359072089195251, 0.5461091995239258, 0.5493098497390747, 0.557311475276947, 0.5609121918678284, 0.5597119331359863, 0.5671133995056152, 0.5617123246192932, 0.5711142420768738, 0.570114016532898, 0.5717143416404724, 0.5769153833389282, 0.5757151246070862, 0.5785157084465027, 0.5761152505874634, 0.5831166505813599, 0.5839167833328247, 0.5871174335479736, 0.5823164582252502, 0.5831166505813599, 0.5835167169570923, 0.5869174003601074, 0.5845168828964233, 0.5831166505813599, 0.5855171084403992, 0.5815163254737854, 0.5839167833328247, 0.5873174667358398, 0.5885177254676819, 0.5905181169509888, 0.5893178582191467, 0.5897179245948792, 0.5929185748100281, 0.5937187671661377, 0.5931186079978943, 0.5951189994812012, 0.5963192582130432, 0.590718150138855, 0.5955191254615784, 0.5947189331054688, 0.5975195169448853, 0.5999199748039246, 0.601520299911499, 0.591918408870697, 0.60592120885849, 0.6053210496902466, 0.6023204922676086, 0.6063212752342224, 0.6127225160598755, 0.6063212752342224, 0.606921374797821, 0.6133226752281189, 0.61432284116745, 0.6135227084159851, 0.6081216335296631, 0.6145229339599609, 0.615523099899292, 0.6109221577644348, 0.616723358631134, 0.6107221245765686, 0.6177235245704651, 0.6123224496841431, 0.6119223833084106, 0.6171234250068665, 0.6181236505508423, 0.6159231662750244, 0.6259251832962036, 0.6203240752220154, 0.6213242411613464, 0.6149230003356934, 0.6259251832962036, 0.6267253160476685, 0.6265252828598022, 0.6235247254371643, 0.6201240420341492, 0.6235247254371643, 0.629525899887085, 0.6323264837265015, 0.6291258335113525, 0.6291258335113525, 0.6329265832901001, 0.6331266164779663, 0.6341268420219421, 0.6297259330749512, 0.6351270079612732, 0.6351270079612732, 0.6351270079612732, 0.6339268088340759, 0.6327265501022339, 0.6337267160415649, 0.6341268420219421, 0.6367273330688477, 0.6363272666931152, 0.6359272003173828, 0.6371273994445801, 0.6335266828536987],