{"loss": [1.9023232460021973, 1.2456755638122559, 1.0741839408874512, 0.9778940677642822, 0.9093837738037109, 0.8523038029670715, 0.8014766573905945, 0.7556032538414001, 0.7127392888069153, 0.6762238144874573, 0.6411923170089722, 0.6104779839515686, 0.5818725824356079, 0.5596362352371216, 0.5369998812675476, 0.5176052451133728, 0.5017942786216736, 0.48414406180381775, 0.4716237783432007, 0.4567890763282776, 0.44685468077659607, 0.43600189685821533, 0.4248989522457123, 0.4146111309528351, 0.40557482838630676, 0.39859694242477417, 0.3954581618309021, 0.38230592012405396, 0.37194207310676575, 0.3643229901790619, 0.3583407402038574, 0.35047048330307007, 0.3437148928642273, 0.3378105163574219, 0.3316021263599396, 0.32429465651512146, 0.3295285701751709, 0.31535741686820984, 0.3078871965408325, 0.30287572741508484, 0.2957744598388672, 0.2905288338661194, 0.2886813282966614, 0.28355833888053894, 0.2773644030094147, 0.275344580411911, 0.27154475450515747, 0.2715551555156708, 0.2656848430633545, 0.26033174991607666, 0.25810685753822327, 0.25543349981307983, 0.2549166679382324, 0.25046321749687195, 0.2456880658864975, 0.24476884305477142, 0.24730093777179718, 0.24067118763923645, 0.23779255151748657, 0.23563946783542633, 0.23647384345531464, 0.2318018525838852, 0.2291679084300995, 0.22646279633045197, 0.22839811444282532, 0.2244938313961029, 0.22113902866840363, 0.21954353153705597, 0.21848109364509583, 0.21696235239505768, 0.2134661078453064, 0.21075521409511566, 0.21236181259155273, 0.21061094105243683, 0.2091493159532547, 0.20660297572612762, 0.20392145216464996, 0.20489318668842316, 0.20718783140182495, 0.2042296975851059, 0.20163002610206604, 0.19873186945915222, 0.1985628455877304, 0.19705532491207123, 0.19974644482135773, 0.19533398747444153, 0.19335651397705078, 0.19202932715415955, 0.19306649267673492, 0.19295470416545868, 0.18873578310012817, 0.18946729600429535, 0.18819043040275574, 0.19027282297611237, 0.18403246998786926, 0.20526538789272308, 0.19408032298088074, 0.18226951360702515, 0.18063418567180634, 0.18065965175628662], "accuracy": [0.4622983932495117, 0.6195564270019531, 0.6516128778457642, 0.6760080456733704, 0.69536292552948, 0.7131048440933228, 0.7231854796409607, 0.7348790168762207, 0.7473790049552917, 0.7622984051704407, 0.7782257795333862, 0.7895161509513855, 0.7993951439857483, 0.8086693286895752, 0.8149193525314331, 0.8229838609695435, 0.8266128897666931, 0.8324596881866455, 0.8377016186714172, 0.8427419066429138, 0.8477822542190552, 0.856249988079071, 0.8602822422981262, 0.86330646276474, 0.8691532015800476, 0.8711693286895752, 0.8727822303771973, 0.8776209950447083, 0.8802419304847717, 0.8834677338600159, 0.8852822780609131, 0.8901209831237793, 0.8905242085456848, 0.8931451439857483, 0.8949596881866455, 0.8959677219390869, 0.8961693644523621, 0.9022177457809448, 0.9014112949371338, 0.9034274220466614, 0.9052419066429138, 0.90625, 0.9088709950447083, 0.9094758033752441, 0.9108871221542358, 0.9108871221542358, 0.9122983813285828, 0.9116935729980469, 0.913306474685669, 0.9129032492637634, 0.9169355034828186, 0.9159274101257324, 0.9163306355476379, 0.9197580814361572, 0.9203628897666931, 0.9211693406105042, 0.9195564389228821, 0.9215725660324097, 0.9213709831237793, 0.9239919185638428, 0.9211693406105042, 0.9233871102333069, 0.9235886931419373, 0.925000011920929, 0.9231854677200317, 0.9247983694076538, 0.9256048202514648, 0.9276209473609924, 0.9272177219390869, 0.9282258152961731, 0.9298387169837952, 0.9302419424057007, 0.9292338490486145, 0.9314516186714172, 0.9318548440933228, 0.9322580695152283, 0.9340725541114807, 0.9322580695152283, 0.9322580695152283, 0.9338709712028503, 0.9324596524238586, 0.9354838728904724, 0.9342741966247559, 0.9354838728904724, 0.9332661032676697, 0.9370967745780945, 0.9354838728904724, 0.9385080933570862, 0.9381048679351807, 0.9364919066429138, 0.9368951320648193, 0.9393145442008972, 0.9403225779533386, 0.938306450843811, 0.9399193525314331, 0.9358870983123779, 0.9368951320648193, 0.9397177696228027, 0.9411290287971497, 0.9393145442008972], "val_loss": [1.4426615238189697, 1.2185826301574707, 1.1139488220214844, 1.065804362297058, 1.0295459032058716, 0.9849075078964233, 0.9788216948509216, 0.9386540651321411, 0.9145821928977966, 0.913611114025116, 0.8809272050857544, 0.8748181462287903, 0.8787602782249451, 0.8547152876853943, 0.8547635674476624, 0.8427261710166931, 0.845526933670044, 0.8526078462600708, 0.8388426899909973, 0.8448926210403442, 0.825372576713562, 0.8163707256317139, 0.8363456726074219, 0.8406976461410522, 0.8098602890968323, 0.8332040905952454, 0.8529344201087952, 0.8091322779655457, 0.8067162036895752, 0.8260055184364319, 0.8019010424613953, 0.815276563167572, 0.8073344230651855, 0.8028380870819092, 0.8045248985290527, 0.8661667108535767, 0.8165265321731567, 0.7973393797874451, 0.8092825412750244, 0.787799060344696, 0.8052855730056763, 0.7969244718551636, 0.8005810976028442, 0.7911036610603333, 0.8004012107849121, 0.7855163216590881, 0.7611609101295471, 0.8183309435844421, 0.7652860283851624, 0.746972382068634, 0.7853653430938721, 0.7535369992256165, 0.7496381402015686, 0.7558979988098145, 0.8066412806510925, 0.7705972194671631, 0.8035861849784851, 0.7766918540000916, 0.7554705739021301, 0.8256882429122925, 0.7769860625267029, 0.7820745706558228, 0.7916065454483032, 0.8031197786331177, 0.8459537625312805, 0.7953351140022278, 0.8175491094589233, 0.809563934803009, 0.81938636302948, 0.8118711113929749, 0.8066619634628296, 0.8285849094390869, 0.858504056930542, 0.8144720196723938, 0.8350322842597961, 0.8259714245796204, 0.8465591669082642, 0.8584406971931458, 0.8517833948135376, 0.8111651539802551, 0.8413715958595276, 0.8272153735160828, 0.8316991925239563, 0.8540533185005188, 0.858892023563385, 0.8544394373893738, 0.8838180899620056, 0.8456907272338867, 0.8441889882087708, 0.8404223322868347, 0.9407082796096802, 0.8837894797325134, 0.8828132152557373, 0.8827865123748779, 0.9014307856559753, 0.9672661423683167, 0.8395829796791077, 0.8216627240180969, 0.872285783290863, 0.8333297967910767],