{"loss": [3.525662422180176, 2.125670909881592, 1.8064783811569214, 1.6053476333618164, 1.474212884902954, 1.3754442930221558, 1.2977266311645508, 1.2354731559753418, 1.1758456230163574, 1.1277188062667847, 1.0819823741912842, 1.0406361818313599, 1.0024044513702393, 0.9663729071617126, 0.9295881986618042, 0.8990345597267151, 0.8677923679351807, 0.8378814458847046, 0.8109087347984314, 0.7815654277801514, 0.7549123764038086, 0.733006477355957, 0.707176148891449, 0.6848190426826477, 0.6644108295440674, 0.6462022662162781, 0.6254295110702515, 0.6099371910095215, 0.5933369398117065, 0.5801293253898621, 0.56624835729599, 0.5534135103225708, 0.5421871542930603, 0.5311319828033447, 0.5195426940917969, 0.5075213313102722, 0.4981919229030609, 0.4881076514720917, 0.4778155982494354, 0.46795472502708435, 0.45646238327026367, 0.44522202014923096, 0.4328208267688751, 0.4175649881362915, 0.4030528664588928, 0.3904666006565094, 0.3802231252193451, 0.3706499934196472, 0.36320361495018005, 0.355125367641449, 0.3485485017299652, 0.34256044030189514, 0.33673104643821716, 0.33161649107933044, 0.3274765610694885, 0.3218672573566437, 0.31795501708984375, 0.3129664361476898, 0.31073707342147827, 0.3059064447879791, 0.3023819029331207, 0.3007007837295532, 0.29455479979515076, 0.29193314909935, 0.28804799914360046, 0.28507739305496216, 0.28548893332481384, 0.27908220887184143, 0.2759413421154022, 0.27464455366134644, 0.2705402076244354, 0.26734283566474915, 0.265715628862381, 0.26215073466300964, 0.2592819333076477, 0.25699472427368164, 0.25287333130836487, 0.25052255392074585, 0.24868282675743103, 0.24476025998592377, 0.24424007534980774, 0.24163717031478882, 0.23900215327739716, 0.23887476325035095, 0.23481179773807526, 0.23380495607852936, 0.22998583316802979, 0.22835934162139893, 0.227050319314003, 0.240107461810112, 0.22252404689788818, 0.22172032296657562, 0.21944855153560638, 0.2175568789243698, 0.2161215990781784, 0.21398921310901642, 0.2141042947769165, 0.21210937201976776, 0.21074460446834564, 0.2097892463207245], "accuracy": [0.40100806951522827, 0.5596774220466614, 0.5774193406105042, 0.637499988079071, 0.6693548560142517, 0.6875, 0.6959677338600159, 0.7110887169837952, 0.7211693525314331, 0.7340725660324097, 0.7441532015800476, 0.7506048679351807, 0.7598790526390076, 0.7622984051704407, 0.7715725898742676, 0.7782257795333862, 0.7858871221542358, 0.7897177338600159, 0.7931451797485352, 0.8014112710952759, 0.8062499761581421, 0.8100806474685669, 0.8167338967323303, 0.8205645084381104, 0.8243951797485352, 0.8272177577018738, 0.8332661390304565, 0.8377016186714172, 0.8389112949371338, 0.8417338728904724, 0.8471774458885193, 0.8463709950447083, 0.8514112830162048, 0.8522177338600159, 0.8542338609695435, 0.8570564389228821, 0.8600806593894958, 0.8618951439857483, 0.8643144965171814, 0.8659273982048035, 0.8685483932495117, 0.8747983574867249, 0.8731854557991028, 0.8760080933570862, 0.8784274458885193, 0.8786290287971497, 0.8838709592819214, 0.8852822780609131, 0.88669353723526, 0.8919354677200317, 0.8901209831237793, 0.8927419185638428, 0.8951612710952759, 0.8957661390304565, 0.8971773982048035, 0.897580623626709, 0.8973790407180786, 0.899193525314331, 0.9006048440933228, 0.9020161032676697, 0.9030241966247559, 0.9046370983123779, 0.905443549156189, 0.9034274220466614, 0.90625, 0.9058467745780945, 0.9032257795333862, 0.9084677696228027, 0.9066532254219055, 0.9056451320648193, 0.9098790287971497, 0.9110887050628662, 0.9114919304847717, 0.9137097001075745, 0.91411292552948, 0.9125000238418579, 0.9175403118133545, 0.9155241847038269, 0.9195564389228821, 0.9195564389228821, 0.9183467626571655, 0.918749988079071, 0.9195564389228821, 0.9211693406105042, 0.9203628897666931, 0.9211693406105042, 0.9235886931419373, 0.9241935610771179, 0.925000011920929, 0.9219757914543152, 0.9262096881866455, 0.9260080456733704, 0.9252015948295593, 0.9284273982048035, 0.9278225898742676, 0.928024172782898, 0.9276209473609924, 0.9306451678276062, 0.9300402998924255, 0.9322580695152283], "val_loss": [2.473942279815674, 2.018953323364258, 1.7807139158248901, 1.6773560047149658, 1.5870580673217773, 1.5159484148025513, 1.4996076822280884, 1.4226664304733276, 1.393320918083191, 1.3718138933181763, 1.310591459274292, 1.2832599878311157, 1.2495990991592407, 1.2183970212936401, 1.2174664735794067, 1.1770315170288086, 1.169783115386963, 1.1437795162200928, 1.1157528162002563, 1.1161465644836426, 1.0773650407791138, 1.0447704792022705, 1.0295206308364868, 1.0268466472625732, 0.9805237650871277, 0.9675776362419128, 0.971365749835968, 0.926742672920227, 0.9092791080474854, 0.8900543451309204, 0.8886976838111877, 0.8717536330223083, 0.8459447026252747, 0.8388832211494446, 0.8251988291740417, 0.8119522333145142, 0.8007482290267944, 0.7894318699836731, 0.7809020280838013, 0.781041145324707, 0.7591601610183716, 0.7418975830078125, 0.7296460270881653, 0.7009081244468689, 0.6842650175094604, 0.6643298268318176, 0.6523718237876892, 0.6391793489456177, 0.6245570182800293, 0.6247525811195374, 0.6076305508613586, 0.5988498330116272, 0.6002986431121826, 0.5853598117828369, 0.5878927707672119, 0.5721665620803833, 0.5754887461662292, 0.5632424354553223, 0.5571292638778687, 0.5921162962913513, 0.5562254786491394, 0.5445151925086975, 0.5403354167938232, 0.5390032529830933, 0.5415465831756592, 0.5258889198303223, 0.5245851278305054, 0.5188506841659546, 0.5186367630958557, 0.5180357694625854, 0.5147462487220764, 0.5102830529212952, 0.5049512386322021, 0.5022234320640564, 0.5045215487480164, 0.5078245401382446, 0.49564528465270996, 0.49628764390945435, 0.49265122413635254, 0.4997534453868866, 0.48965418338775635, 0.4900935888290405, 0.5113508105278015, 0.498374879360199, 0.48585277795791626, 0.48665255308151245, 0.4849083721637726, 0.4860093593597412, 0.48334527015686035, 0.5058581233024597, 0.4793868660926819, 0.4980202913284302, 0.4737764000892639, 0.4723459482192993, 0.47937527298927307, 0.4871462881565094, 0.48466017842292786, 0.4674406051635742, 0.47084641456604004, 0.47342562675476074],