{"loss": [3.434096574783325, 2.5107200145721436, 2.076669454574585, 1.78327214717865, 1.5783782005310059, 1.4352262020111084, 1.3333016633987427, 1.2584607601165771, 1.2018635272979736, 1.1597967147827148, 1.1258376836776733, 1.099412441253662, 1.077079176902771, 1.0593571662902832, 1.0430132150650024, 1.0292774438858032, 1.017136812210083, 1.008492112159729, 0.9976714849472046, 0.991198718547821, 0.9823731780052185, 0.9743695855140686, 0.9676098227500916, 0.9609426856040955, 0.9542303085327148, 0.9485850930213928, 0.9411855340003967, 0.9359574317932129, 0.9275437593460083, 0.9229212403297424, 0.9159421324729919, 0.9099051356315613, 0.9033966660499573, 0.8952906131744385, 0.8915183544158936, 0.8868210911750793, 0.8806910514831543, 0.8756306171417236, 0.8705174922943115, 0.8649612665176392, 0.8556744456291199, 0.8565465807914734, 0.8474295735359192, 0.844152569770813, 0.8362656831741333, 0.833203136920929, 0.8249385952949524, 0.8223404884338379, 0.8183100819587708, 0.8137289881706238, 0.8096268773078918, 0.8105145692825317, 0.7983065843582153, 0.794834315776825, 0.792798638343811, 0.7973747253417969, 0.7798004150390625, 0.7845244407653809, 0.7777199149131775, 0.771755576133728, 0.7659554481506348, 0.7643623352050781, 0.761991560459137, 0.7564975619316101, 0.7513138055801392, 0.7511879801750183, 0.7459614872932434, 0.7443071007728577, 0.7480311989784241, 0.7343969345092773, 0.735507607460022, 0.7306133508682251, 0.7308942079544067, 0.724801778793335, 0.7279145121574402, 0.7248926758766174, 0.7194513082504272, 0.7219756841659546, 0.7135039567947388, 0.7135071754455566, 0.7075443267822266, 0.7005507349967957, 0.7247310280799866, 0.693672239780426, 0.6956460475921631, 0.6882706880569458, 0.6845361590385437, 0.6867277026176453, 0.6783583164215088, 0.6772069931030273, 0.6759350299835205, 0.6688241958618164, 0.6794084906578064, 0.6742456555366516, 0.6584773063659668, 0.6578896045684814, 0.6602277755737305, 0.6588454246520996, 0.6514084339141846, 0.644395112991333], "accuracy": [0.2940940856933594, 0.39459457993507385, 0.44424423575401306, 0.49149149656295776, 0.5159159302711487, 0.5345345139503479, 0.5479479432106018, 0.5491491556167603, 0.5541541576385498, 0.5547547340393066, 0.5657657384872437, 0.5715715885162354, 0.5709709525108337, 0.5771771669387817, 0.5793793797492981, 0.5783783793449402, 0.5887888073921204, 0.5839839577674866, 0.5907908082008362, 0.5895895957946777, 0.5963963866233826, 0.5985985994338989, 0.6040040254592896, 0.6078078150749207, 0.613413393497467, 0.6132132411003113, 0.6188188195228577, 0.6260260343551636, 0.6332332491874695, 0.63343346118927, 0.6402402520179749, 0.6428428292274475, 0.650250256061554, 0.6460460424423218, 0.6542542576789856, 0.6588588356971741, 0.6630630493164062, 0.6646646857261658, 0.6670670509338379, 0.6718719005584717, 0.6756756901741028, 0.6720720529556274, 0.6854854822158813, 0.6822822690010071, 0.6930931210517883, 0.6902902722358704, 0.6950951218605042, 0.6980981230735779, 0.6950951218605042, 0.7025024890899658, 0.7045044898986816, 0.7049049139022827, 0.7087087035179138, 0.7111111283302307, 0.7121121287345886, 0.7159159183502197, 0.7193193435668945, 0.7193193435668945, 0.7215214967727661, 0.7197197079658508, 0.7263263463973999, 0.7317317128181458, 0.7313313484191895, 0.7291291356086731, 0.7353353500366211, 0.7355355620384216, 0.7387387156486511, 0.7355355620384216, 0.7381381392478943, 0.7399399280548096, 0.7381381392478943, 0.7445445656776428, 0.7401401400566101, 0.7441441416740417, 0.7453453540802002, 0.7445445656776428, 0.7437437176704407, 0.7481481432914734, 0.7475475668907166, 0.7481481432914734, 0.7505505681037903, 0.7529529333114624, 0.7475475668907166, 0.7531531453132629, 0.753553569316864, 0.7571571469306946, 0.7635635733604431, 0.7591591477394104, 0.7623623609542847, 0.7625625729560852, 0.7655655741691589, 0.7681681513786316, 0.7621621489524841, 0.7595595717430115, 0.768968939781189, 0.7723723649978638, 0.768968939781189, 0.7701701521873474, 0.7731731534004211, 0.775575578212738], "val_loss": [2.7629201412200928, 2.258265733718872, 1.920418620109558, 1.6839557886123657, 1.5201160907745361, 1.4082163572311401, 1.327694058418274, 1.2703598737716675, 1.2250946760177612, 1.1907821893692017, 1.1736904382705688, 1.1501433849334717, 1.130919337272644, 1.1214237213134766, 1.1116079092025757, 1.1011444330215454, 1.0938849449157715, 1.0870383977890015, 1.0774502754211426, 1.0723376274108887, 1.0713999271392822, 1.0628571510314941, 1.0535696744918823, 1.05272376537323, 1.049146294593811, 1.0414800643920898, 1.0401896238327026, 1.0377334356307983, 1.031457781791687, 1.0289939641952515, 1.0272096395492554, 1.0246174335479736, 1.020705223083496, 1.0192550420761108, 1.0098588466644287, 1.0147203207015991, 1.0052176713943481, 1.0013333559036255, 1.0068057775497437, 1.0025358200073242, 1.0129127502441406, 0.9945038557052612, 1.0078693628311157, 0.9922164082527161, 1.016847848892212, 0.991564929485321, 0.988251805305481, 0.9925861358642578, 0.9935400485992432, 0.989508330821991, 0.9966346025466919, 0.9829156398773193, 0.9864339828491211, 0.9980326294898987, 0.9863881468772888, 0.9841703176498413, 0.9961742162704468, 0.9926905632019043, 0.9876047968864441, 0.986500084400177, 0.9921664595603943, 0.9964285492897034, 0.9930875301361084, 0.9876323342323303, 1.0055105686187744, 0.9855746626853943, 1.002160906791687, 0.9854999780654907, 0.9884506464004517, 0.9863684773445129, 0.9894844889640808, 0.9920871257781982, 0.9973270893096924, 0.9888524413108826, 0.9995203018188477, 1.0023674964904785, 0.9983956813812256, 0.9958183765411377, 1.0041048526763916, 1.0042580366134644, 0.990879237651825, 0.9895490407943726, 0.9875568151473999, 0.9948214888572693, 1.010207176208496, 0.990512490272522, 0.9858969449996948, 0.9869555234909058, 0.9922120571136475, 1.0021876096725464, 1.0121989250183105, 0.9943069219589233, 1.0078039169311523, 0.9918337464332581, 0.9931678771972656, 0.9843130111694336, 1.001004934310913, 0.9862706661224365, 0.9846702218055725, 0.9902065396308899],