{"loss": [1.838828206062317, 1.1495193243026733, 0.9496499300003052, 0.8644291758537292, 0.8170577883720398, 0.784059464931488, 0.7567254304885864, 0.735371470451355, 0.7149792313575745, 0.6960200071334839, 0.6796336770057678, 0.662679135799408, 0.6492822170257568, 0.6334211826324463, 0.6185888648033142, 0.6050475835800171, 0.5921571254730225, 0.576619565486908, 0.5632882118225098, 0.5492914319038391, 0.53346848487854, 0.5197344422340393, 0.5063579678535461, 0.4925169050693512, 0.48095792531967163, 0.4676521122455597, 0.4547756016254425, 0.4437655508518219, 0.4336131811141968, 0.42293021082878113, 0.41286376118659973, 0.4034842252731323, 0.3948528468608856, 0.3855242133140564, 0.37796372175216675, 0.37025049328804016, 0.3643399477005005, 0.35805976390838623, 0.3523479700088501, 0.347118616104126, 0.3416893482208252, 0.33651643991470337, 0.33237746357917786, 0.32790660858154297, 0.32369452714920044, 0.3188176453113556, 0.31515637040138245, 0.31011757254600525, 0.307515949010849, 0.3043595552444458, 0.3008820414543152, 0.2958351969718933, 0.2932964563369751, 0.2905641496181488, 0.2872171700000763, 0.2857145369052887, 0.2813756763935089, 0.2795649468898773, 0.2770277261734009, 0.2737726867198944, 0.2717442810535431, 0.2707066833972931, 0.26738059520721436, 0.2654258608818054, 0.26250699162483215, 0.2608298361301422, 0.25927355885505676, 0.2563582956790924, 0.2543303072452545, 0.25253570079803467, 0.2531777620315552, 0.24937660992145538, 0.24628613889217377, 0.24470357596874237, 0.2438492774963379, 0.23998123407363892, 0.2385084629058838, 0.23669399321079254, 0.23651304841041565, 0.2373400777578354, 0.2340400218963623, 0.2289068102836609, 0.2277757227420807, 0.22715763747692108, 0.22407765686511993, 0.2239382117986679, 0.22071509063243866, 0.2200389802455902, 0.2179120033979416, 0.2166738510131836, 0.21418730914592743, 0.21214011311531067, 0.2130669206380844, 0.21056638658046722, 0.2086091786623001, 0.20614401996135712, 0.2060028612613678, 0.2044808715581894, 0.20223654806613922, 0.2006554752588272], "accuracy": [0.4375, 0.5606854557991028, 0.6215725541114807, 0.6518145203590393, 0.663306474685669, 0.678024172782898, 0.6840725541114807, 0.6959677338600159, 0.7052419185638428, 0.7175403237342834, 0.727419376373291, 0.7431451678276062, 0.7512096762657166, 0.7627016305923462, 0.7683467864990234, 0.780443549156189, 0.7862903475761414, 0.7911290526390076, 0.7985886931419373, 0.8056451678276062, 0.8125, 0.8193548321723938, 0.8247984051704407, 0.8344758152961731, 0.8364919424057007, 0.8423386812210083, 0.8512097001075745, 0.8536290526390076, 0.8570564389228821, 0.8618951439857483, 0.8637096881866455, 0.8657258152961731, 0.8693548440933228, 0.8733870983123779, 0.8804435729980469, 0.8794354796409607, 0.883669376373291, 0.8868951797485352, 0.8850806355476379, 0.8864919543266296, 0.8860887289047241, 0.8907257914543152, 0.8915322422981262, 0.8915322422981262, 0.8921371102333069, 0.8949596881866455, 0.8957661390304565, 0.8987902998924255, 0.89838707447052, 0.8979838490486145, 0.8981854915618896, 0.9006048440933228, 0.9016128778457642, 0.9004032015800476, 0.9040322303771973, 0.9028225541114807, 0.9032257795333862, 0.9028225541114807, 0.905443549156189, 0.9082661271095276, 0.9094758033752441, 0.907056450843811, 0.9084677696228027, 0.9078629016876221, 0.9094758033752441, 0.9102822542190552, 0.9084677696228027, 0.9094758033752441, 0.9108871221542358, 0.9120967984199524, 0.9108871221542358, 0.9129032492637634, 0.914919376373291, 0.9165322780609131, 0.9165322780609131, 0.9151209592819214, 0.9181451797485352, 0.9183467626571655, 0.9183467626571655, 0.9155241847038269, 0.9165322780609131, 0.9205645322799683, 0.9215725660324097, 0.9213709831237793, 0.9209677577018738, 0.9225806593894958, 0.9235886931419373, 0.9215725660324097, 0.9239919185638428, 0.9268144965171814, 0.9252015948295593, 0.9286290407180786, 0.9272177219390869, 0.9274193644523621, 0.9292338490486145, 0.9276209473609924, 0.9272177219390869, 0.930443525314331, 0.9300402998924255, 0.9330645203590393], "val_loss": [1.3502998352050781, 1.0760208368301392, 0.960386335849762, 0.9157174229621887, 0.8831559419631958, 0.8648448586463928, 0.8474448919296265, 0.839668333530426, 0.8261129856109619, 0.818509578704834, 0.8077385425567627, 0.8058261871337891, 0.7963170409202576, 0.7885956764221191, 0.782056987285614, 0.7774919867515564, 0.7700345516204834, 0.7648874521255493, 0.7558598518371582, 0.7507351040840149, 0.7452033758163452, 0.7412228584289551, 0.7239906787872314, 0.715509295463562, 0.7105132937431335, 0.6996065974235535, 0.6949161887168884, 0.6839594841003418, 0.6847748160362244, 0.6804687976837158, 0.6889544725418091, 0.6783463358879089, 0.6698691844940186, 0.6656095385551453, 0.6628872156143188, 0.6639566421508789, 0.6533084511756897, 0.6421058177947998, 0.6485670804977417, 0.6385897994041443, 0.6382315158843994, 0.6328166127204895, 0.6279428005218506, 0.6247311234474182, 0.6218513250350952, 0.6257078051567078, 0.6214684247970581, 0.6215658187866211, 0.6242024302482605, 0.6125683784484863, 0.6050276160240173, 0.6179051995277405, 0.6020224094390869, 0.5913706421852112, 0.6037381291389465, 0.5982676148414612, 0.5957872867584229, 0.5892272591590881, 0.588679850101471, 0.5834603309631348, 0.5868330597877502, 0.5779158473014832, 0.5844578146934509, 0.5725201368331909, 0.5701258182525635, 0.5775405168533325, 0.5824971199035645, 0.5871365070343018, 0.5770190954208374, 0.574726939201355, 0.5838755965232849, 0.5671307444572449, 0.5712871551513672, 0.5662409067153931, 0.5771486163139343, 0.5767862796783447, 0.5914451479911804, 0.5888674855232239, 0.6089555025100708, 0.5905556678771973, 0.5904226899147034, 0.5857439041137695, 0.6050989627838135, 0.5842244029045105, 0.6135988235473633, 0.5928590297698975, 0.6079865097999573, 0.625538170337677, 0.6366268396377563, 0.6122217178344727, 0.6228089332580566, 0.607284426689148, 0.623632550239563, 0.6256637573242188, 0.6270699501037598, 0.6191249489784241, 0.6489534378051758, 0.6392820477485657, 0.6514514088630676, 0.6522998213768005],