{"loss": [1.5482723712921143, 1.073250412940979, 0.9242029786109924, 0.8537464141845703, 0.806865930557251, 0.7747771143913269, 0.7486977577209473, 0.7245907187461853, 0.7062191367149353, 0.6880199909210205, 0.6709523797035217, 0.6546012163162231, 0.6404625177383423, 0.6293230652809143, 0.615278959274292, 0.6051526665687561, 0.5938984155654907, 0.5840699076652527, 0.5731827020645142, 0.5632620453834534, 0.5549110174179077, 0.5456458330154419, 0.5379565358161926, 0.527875542640686, 0.5203670859336853, 0.5140220522880554, 0.5052039623260498, 0.49914947152137756, 0.4907718300819397, 0.4826008975505829, 0.4765799641609192, 0.4693584740161896, 0.46186405420303345, 0.4551294147968292, 0.4480963945388794, 0.4412476420402527, 0.4365764260292053, 0.4293636381626129, 0.42400702834129333, 0.41606003046035767, 0.41311246156692505, 0.406685471534729, 0.4021660387516022, 0.39856791496276855, 0.39256125688552856, 0.38911962509155273, 0.38562682271003723, 0.38162243366241455, 0.376172810792923, 0.37284642457962036, 0.36960023641586304, 0.366070955991745, 0.3609181344509125, 0.3603931665420532, 0.3566092848777771, 0.3509085774421692, 0.3492007553577423, 0.3463791608810425, 0.344653457403183, 0.3411139249801636, 0.3407883942127228, 0.3351374566555023, 0.333590030670166, 0.33212071657180786, 0.3276804983615875, 0.3279821276664734, 0.3232002854347229, 0.3215715289115906, 0.3196253776550293, 0.3172343671321869, 0.31547316908836365, 0.3129989504814148, 0.30858975648880005, 0.3102455735206604, 0.30520620942115784, 0.30567896366119385, 0.3051570653915405, 0.3008576035499573, 0.2973119616508484, 0.2958992123603821, 0.29334744811058044, 0.2923005223274231, 0.29058292508125305, 0.2923603951931, 0.28654879331588745, 0.2861110270023346, 0.2814425230026245, 0.27970582246780396, 0.28245237469673157, 0.27856776118278503, 0.27729058265686035, 0.27439892292022705, 0.27358365058898926, 0.27068543434143066, 0.2693682014942169, 0.2682458162307739, 0.268515020608902, 0.26468542218208313, 0.2635795474052429, 0.2606402039527893], "accuracy": [0.4512048065662384, 0.6160642504692078, 0.6439759135246277, 0.6704819202423096, 0.6771084070205688, 0.6929718852043152, 0.7046184539794922, 0.7112450003623962, 0.7196786999702454, 0.7246987819671631, 0.738353431224823, 0.7425702810287476, 0.75, 0.7562248706817627, 0.7608433961868286, 0.7688754796981812, 0.7708835601806641, 0.7757028341293335, 0.7799196839332581, 0.7845381498336792, 0.7901606559753418, 0.7961847186088562, 0.7975903749465942, 0.8034136295318604, 0.8068273067474365, 0.8080321550369263, 0.8110441565513611, 0.8154618740081787, 0.8200803399085999, 0.8214859366416931, 0.8263052105903625, 0.8255019783973694, 0.8357429504394531, 0.8341365456581116, 0.8365461826324463, 0.8375502228736877, 0.8403614163398743, 0.8429718613624573, 0.84678715467453, 0.8518072366714478, 0.8495984077453613, 0.8522088527679443, 0.8534136414527893, 0.8554216623306274, 0.8596385717391968, 0.8614457845687866, 0.8600401878356934, 0.8660642504692078, 0.8652610182762146, 0.8690763115882874, 0.8666666746139526, 0.8722891807556152, 0.8757027983665466, 0.8732931613922119, 0.8761044144630432, 0.8801204562187195, 0.8795180916786194, 0.8823293447494507, 0.8839357495307922, 0.8847389817237854, 0.8813253045082092, 0.8871486186981201, 0.8873494267463684, 0.8883534073829651, 0.8927710652351379, 0.8903614282608032, 0.8935742974281311, 0.8903614282608032, 0.8949798941612244, 0.8949798941612244, 0.8961847424507141, 0.8969879746437073, 0.8975903391838074, 0.8959839344024658, 0.8995984196662903, 0.8987951874732971, 0.8985943794250488, 0.9018072485923767, 0.9044176936149597, 0.90321284532547, 0.9056224822998047, 0.9040160775184631, 0.9052208662033081, 0.904618501663208, 0.9062249064445496, 0.904618501663208, 0.9078313112258911, 0.9100401401519775, 0.905823290348053, 0.9092369675636292, 0.9078313112258911, 0.912248969078064, 0.9088353514671326, 0.9112449884414673, 0.912248969078064, 0.9126505851745605, 0.9080321192741394, 0.9128513932228088, 0.912248969078064, 0.9130522012710571], "val_loss": [1.1944783926010132, 0.9993501305580139, 0.9399726986885071, 0.8953778743743896, 0.8607497215270996, 0.8392987847328186, 0.8270384073257446, 0.8123838901519775, 0.7973523736000061, 0.7894021272659302, 0.7752285599708557, 0.7688838839530945, 0.7628830075263977, 0.7617624998092651, 0.7598135471343994, 0.7606303095817566, 0.7631688117980957, 0.7460659742355347, 0.7411068081855774, 0.7462873458862305, 0.7442373037338257, 0.7506480813026428, 0.7395384907722473, 0.7438271045684814, 0.7582031488418579, 0.7416410446166992, 0.7396347522735596, 0.7464273571968079, 0.7438578009605408, 0.7333920001983643, 0.7358973026275635, 0.7358986735343933, 0.7323159575462341, 0.7392421960830688, 0.7469961643218994, 0.7436951994895935, 0.7308885455131531, 0.734996497631073, 0.7380391955375671, 0.7561652660369873, 0.7330583930015564, 0.7332168221473694, 0.7425655126571655, 0.7474496960639954, 0.727405309677124, 0.7363340854644775, 0.7238662242889404, 0.7401279211044312, 0.7293404936790466, 0.7273702025413513, 0.728644847869873, 0.7212361097335815, 0.7210597395896912, 0.7270142436027527, 0.7296895980834961, 0.7394257187843323, 0.7190059423446655, 0.7156609296798706, 0.7394151091575623, 0.7234702706336975, 0.7138606905937195, 0.7365729808807373, 0.731744110584259, 0.7161181569099426, 0.7247424125671387, 0.7230111956596375, 0.7322174906730652, 0.7290347218513489, 0.7373971939086914, 0.7535134553909302, 0.7648413181304932, 0.7217747569084167, 0.7875843048095703, 0.7452176213264465, 0.7965351343154907, 0.7881245017051697, 0.8110952377319336, 0.7631092071533203, 0.7380535006523132, 0.7613793015480042, 0.7534862160682678, 0.7474333643913269, 0.7593364715576172, 0.7999369502067566, 0.7890032529830933, 0.7606117129325867, 0.779941737651825, 0.788808286190033, 0.8336451053619385, 0.7971962094306946, 0.7634270191192627, 0.7778124213218689, 0.7842768430709839, 0.7755641937255859, 0.7807549238204956, 0.7857800126075745, 0.7937266826629639, 0.768544614315033, 0.7604333758354187, 0.7762746214866638],