{"loss": [3.0091073513031006, 1.8497027158737183, 1.4312585592269897, 1.2662147283554077, 1.1794418096542358, 1.1224393844604492, 1.0820024013519287, 1.0509929656982422, 1.0260505676269531, 1.0053644180297852, 0.9864230751991272, 0.9714785814285278, 0.9566610455513, 0.9447439312934875, 0.9338926672935486, 0.9216664433479309, 0.9156429171562195, 0.9073641896247864, 0.8991751670837402, 0.8913740515708923, 0.8859339952468872, 0.8799367547035217, 0.8738501667976379, 0.8686841130256653, 0.8632054328918457, 0.8557814955711365, 0.8524278998374939, 0.8473284244537354, 0.8428431749343872, 0.8381458520889282, 0.835342288017273, 0.8305260539054871, 0.8260685205459595, 0.8226881623268127, 0.8179912567138672, 0.816026508808136, 0.8132726550102234, 0.8076685070991516, 0.8049606680870056, 0.802204966545105, 0.7986222505569458, 0.7969140410423279, 0.7923253178596497, 0.7888785004615784, 0.7879359722137451, 0.7840974926948547, 0.7823290228843689, 0.7793211340904236, 0.7782784104347229, 0.7754070162773132, 0.772395133972168, 0.7704417705535889, 0.7672753930091858, 0.7643313407897949, 0.7641764283180237, 0.7595590353012085, 0.7562329769134521, 0.7543964982032776, 0.7526259422302246, 0.7527862191200256, 0.7505424618721008, 0.7463440299034119, 0.7458292245864868, 0.7424538731575012, 0.7427772879600525, 0.7421310544013977, 0.7398712635040283, 0.735181987285614, 0.7357378005981445, 0.7323965430259705, 0.7312576770782471, 0.7294009923934937, 0.72755366563797, 0.7284492254257202, 0.7243618369102478, 0.7232942581176758, 0.7222670316696167, 0.7224452495574951, 0.7230029106140137, 0.7185524702072144, 0.7161484956741333, 0.7155414819717407, 0.7132812142372131, 0.7131685018539429, 0.7118700742721558, 0.7107802629470825, 0.7093350291252136, 0.7073583602905273, 0.7083342671394348, 0.7065523266792297, 0.7044664621353149, 0.7040821313858032, 0.7021998763084412, 0.7010700702667236, 0.6998636722564697, 0.6981750130653381, 0.6980595588684082, 0.6973893046379089, 0.6959367990493774, 0.694525957107544], "accuracy": [0.3516703248023987, 0.45889177918434143, 0.5147029161453247, 0.541108250617981, 0.5505101084709167, 0.5569114089012146, 0.5705140829086304, 0.5727145671844482, 0.5761152505874634, 0.5797159671783447, 0.5819163918495178, 0.5859171748161316, 0.5953190922737122, 0.5967193245887756, 0.5985196828842163, 0.6037207245826721, 0.6019203662872314, 0.61012202501297, 0.6123224496841431, 0.6165233254432678, 0.6223244667053223, 0.6181236505508423, 0.6241248250007629, 0.625325083732605, 0.6291258335113525, 0.6269254088401794, 0.6305261254310608, 0.6323264837265015, 0.6357271671295166, 0.6359272003173828, 0.6339268088340759, 0.6385276913642883, 0.6397279500961304, 0.641528308391571, 0.6449289917945862, 0.6429286003112793, 0.6497299671173096, 0.6529305577278137, 0.650130033493042, 0.6483296751976013, 0.6505300998687744, 0.6539307832717896, 0.6583316922187805, 0.6611322164535522, 0.6635327339172363, 0.6623324751853943, 0.6637327671051025, 0.6683336496353149, 0.6663332581520081, 0.6717343330383301, 0.6697339415550232, 0.6747349500656128, 0.6753350496292114, 0.6739347577095032, 0.6787357330322266, 0.6751350164413452, 0.6787357330322266, 0.6819363832473755, 0.6819363832473755, 0.6849370002746582, 0.6845369338989258, 0.68353670835495, 0.6815363168716431, 0.685737133026123, 0.6887377500534058, 0.6893378496170044, 0.693138599395752, 0.6935387253761292, 0.693138599395752, 0.7023404836654663, 0.6965392827987671, 0.7011402249336243, 0.7003400921821594, 0.6961392164230347, 0.7035406827926636, 0.7001399993896484, 0.7013402581214905, 0.7025405168533325, 0.7025405168533325, 0.7035406827926636, 0.7053410410881042, 0.7069413661956787, 0.7047409415245056, 0.704140841960907, 0.7117423415184021, 0.708341658115387, 0.7131426334381104, 0.7147429585456848, 0.7073414921760559, 0.7119423747062683, 0.7111422419548035, 0.7099419832229614, 0.7123424410820007, 0.7159432172775269, 0.7133426666259766, 0.7209441661834717, 0.7213442921638489, 0.7171434164047241, 0.7175434827804565, 0.7207441329956055], "val_loss": [2.1942179203033447, 1.5744670629501343, 1.3451462984085083, 1.2393629550933838, 1.183877944946289, 1.1421284675598145, 1.116256594657898, 1.097273826599121, 1.072594165802002, 1.0544666051864624, 1.0428500175476074, 1.0341849327087402, 1.023471713066101, 1.0183789730072021, 1.005056381225586, 0.9988515973091125, 0.9940699338912964, 0.9852549433708191, 0.9790603518486023, 0.9733744859695435, 0.9775806665420532, 0.9704650044441223, 0.9641610980033875, 0.958379864692688, 0.9552088975906372, 0.9573771357536316, 0.9482027292251587, 0.9513691663742065, 0.9470328688621521, 0.9405013918876648, 0.9382603168487549, 0.9376475811004639, 0.9366928339004517, 0.9356910586357117, 0.9293540120124817, 0.9315659999847412, 0.9291293621063232, 0.9271471500396729, 0.921087920665741, 0.9216379523277283, 0.9230544567108154, 0.9186789393424988, 0.9159160852432251, 0.9177774786949158, 0.9141013622283936, 0.9135225415229797, 0.9124886393547058, 0.918472945690155, 0.9134560227394104, 0.9104140996932983, 0.9082080125808716, 0.9074510931968689, 0.904653787612915, 0.9107847213745117, 0.9030202627182007, 0.904097318649292, 0.9028613567352295, 0.9031949043273926, 0.903558075428009, 0.8961594104766846, 0.8969465494155884, 0.8964933753013611, 0.8953536748886108, 0.9036462306976318, 0.9016910791397095, 0.8945080041885376, 0.8939520120620728, 0.8920819163322449, 0.8966007828712463, 0.8874618411064148, 0.8864135146141052, 0.8907333016395569, 0.8880036473274231, 0.8901585936546326, 0.8835388422012329, 0.8838790059089661, 0.8853821754455566, 0.8874923586845398, 0.8893353939056396, 0.8830865621566772, 0.8829944729804993, 0.8818405270576477, 0.8882394433021545, 0.8859672546386719, 0.8835368752479553, 0.8795150518417358, 0.8792377710342407, 0.880946695804596, 0.8800137042999268, 0.8818281292915344, 0.8787646293640137, 0.8819578289985657, 0.8791947960853577, 0.8790848255157471, 0.8797101378440857, 0.8790172934532166, 0.8840798139572144, 0.8762879371643066, 0.8847400546073914, 0.8810231685638428],