{"loss": [2.9455440044403076, 1.6227960586547852, 1.2575078010559082, 1.0807294845581055, 0.9828351736068726, 0.9160488247871399, 0.8674816489219666, 0.8319286108016968, 0.8040465712547302, 0.7805001139640808, 0.7611691951751709, 0.7429094314575195, 0.7266787886619568, 0.7094311714172363, 0.695938766002655, 0.6821678280830383, 0.6709572672843933, 0.6591806411743164, 0.6486547589302063, 0.6369706392288208, 0.6285524368286133, 0.618205189704895, 0.6070836186408997, 0.5964416265487671, 0.5869931578636169, 0.5760799050331116, 0.5660056471824646, 0.5571058392524719, 0.5501696467399597, 0.541270911693573, 0.5339240431785583, 0.5248802900314331, 0.5186752080917358, 0.5126779675483704, 0.5055534243583679, 0.5003153085708618, 0.4917251467704773, 0.48604077100753784, 0.47998785972595215, 0.47337883710861206, 0.4669882357120514, 0.4611727297306061, 0.45418819785118103, 0.44901973009109497, 0.4431987404823303, 0.4345691502094269, 0.42975062131881714, 0.42487818002700806, 0.4190993905067444, 0.4129409193992615, 0.4107215404510498, 0.40485355257987976, 0.400643527507782, 0.39647066593170166, 0.3921479284763336, 0.3868977129459381, 0.38359272480010986, 0.38120636343955994, 0.375347763299942, 0.37229350209236145, 0.3708861172199249, 0.36359697580337524, 0.3610197901725769, 0.3596467673778534, 0.3562200367450714, 0.3526324927806854, 0.34775152802467346, 0.3464382588863373, 0.34309983253479004, 0.34043776988983154, 0.33742615580558777, 0.3375239670276642, 0.331047922372818, 0.3302050828933716, 0.3277125656604767, 0.3241958022117615, 0.3223658502101898, 0.32091063261032104, 0.31652677059173584, 0.31404221057891846, 0.31402188539505005, 0.313490092754364, 0.30886656045913696, 0.3061332404613495, 0.3007842004299164, 0.29980024695396423, 0.299762099981308, 0.29523274302482605, 0.2938086986541748, 0.2926674485206604, 0.28866055607795715, 0.28903284668922424, 0.28596073389053345, 0.2832355797290802, 0.2853395938873291, 0.28571784496307373, 0.2777496576309204, 0.2762131094932556, 0.2746964693069458, 0.27981144189834595], "accuracy": [0.3739478886127472, 0.46633267402648926, 0.5316632986068726, 0.5791583061218262, 0.6158316731452942, 0.63807612657547, 0.6625250577926636, 0.6797595024108887, 0.6897795796394348, 0.7054108381271362, 0.7118236422538757, 0.7162324786186218, 0.723046064376831, 0.7300601005554199, 0.7380761504173279, 0.7454909682273865, 0.7474949955940247, 0.7533066272735596, 0.7581162452697754, 0.767735481262207, 0.7665330767631531, 0.7747495174407959, 0.7825651168823242, 0.7855711579322815, 0.7911823391914368, 0.7955911755561829, 0.7967935800552368, 0.800000011920929, 0.8032063841819763, 0.8106212615966797, 0.8112224340438843, 0.8130260705947876, 0.8164328932762146, 0.8208416700363159, 0.8208416700363159, 0.8204408884048462, 0.8234468698501587, 0.8278557062149048, 0.8282564878463745, 0.8308617472648621, 0.8340681195259094, 0.8344689607620239, 0.8376753330230713, 0.8388777375221252, 0.8438877463340759, 0.844889760017395, 0.8474950194358826, 0.8476954102516174, 0.8505010008811951, 0.8539078235626221, 0.8549098372459412, 0.8581162095069885, 0.8613226413726807, 0.8605210185050964, 0.8605210185050964, 0.8651302456855774, 0.8705410957336426, 0.8697394728660583, 0.8729459047317505, 0.872545063495636, 0.8729459047317505, 0.8783566951751709, 0.8753507137298584, 0.8807615041732788, 0.8765531182289124, 0.8803607225418091, 0.8837675452232361, 0.882765531539917, 0.8841683268547058, 0.8863727450370789, 0.8865731358528137, 0.8851703405380249, 0.8897795677185059, 0.8867735266685486, 0.8881763815879822, 0.8909819722175598, 0.8913827538490295, 0.8893787860870361, 0.8913827538490295, 0.8933867812156677, 0.8937875628471375, 0.8927855491638184, 0.8935871720314026, 0.8943887948989868, 0.9010019898414612, 0.8975951671600342, 0.8983967900276184, 0.9018036127090454, 0.8977956175804138, 0.9018036127090454, 0.903607189655304, 0.9026052355766296, 0.903607189655304, 0.9038076400756836, 0.9048095941543579, 0.9002004265785217, 0.905811607837677, 0.9064128398895264, 0.905811607837677, 0.9050100445747375], "val_loss": [1.9902478456497192, 1.4493248462677002, 1.2386871576309204, 1.119748830795288, 1.0464928150177002, 0.9947890639305115, 0.9557176828384399, 0.9374551773071289, 0.9154734015464783, 0.9021254181861877, 0.8829500079154968, 0.8774083256721497, 0.8652427196502686, 0.8582360148429871, 0.8452226519584656, 0.8367071747779846, 0.8277814388275146, 0.8228170275688171, 0.8193326592445374, 0.8185369968414307, 0.8151506781578064, 0.804250955581665, 0.7964014410972595, 0.7986515164375305, 0.791961669921875, 0.7950540781021118, 0.7901959419250488, 0.7826551198959351, 0.7827651500701904, 0.7811296582221985, 0.7787107229232788, 0.7787958979606628, 0.7756017446517944, 0.7719782590866089, 0.7720919847488403, 0.7747331261634827, 0.7699341773986816, 0.7651357054710388, 0.7706686854362488, 0.7638457417488098, 0.7577752470970154, 0.7617635130882263, 0.7546181082725525, 0.7567546963691711, 0.7548230886459351, 0.7529212832450867, 0.7535778880119324, 0.7664009928703308, 0.7476909756660461, 0.7606291770935059, 0.7532361149787903, 0.7454462647438049, 0.7465190887451172, 0.7492344975471497, 0.7519839406013489, 0.7523081302642822, 0.7529046535491943, 0.750996470451355, 0.7467300891876221, 0.7533801794052124, 0.7481646537780762, 0.7478519082069397, 0.7526519298553467, 0.7505151629447937, 0.7458334565162659, 0.7442167401313782, 0.7398488521575928, 0.7540452480316162, 0.7480047941207886, 0.7423428893089294, 0.7512220740318298, 0.7445487976074219, 0.7466055154800415, 0.748354434967041, 0.7470878958702087, 0.7630501985549927, 0.7604804635047913, 0.7522624135017395, 0.7513126730918884, 0.7548528909683228, 0.7503074407577515, 0.7472788691520691, 0.7559385299682617, 0.7556473016738892, 0.751065194606781, 0.7465988397598267, 0.7520456314086914, 0.7558419704437256, 0.7653837203979492, 0.7624639868736267, 0.7617805600166321, 0.7575862407684326, 0.765365481376648, 0.7646510004997253, 0.7581356763839722, 0.7564057111740112, 0.7654117345809937, 0.7673611640930176, 0.7617905735969543, 0.7689745426177979],