{"loss": [1.8998900651931763, 1.4767849445343018, 1.3251994848251343, 1.2349246740341187, 1.1768550872802734, 1.1381233930587769, 1.1090720891952515, 1.085145354270935, 1.0691099166870117, 1.0499022006988525, 1.0359182357788086, 1.0234214067459106, 1.01291823387146, 1.0039716958999634, 0.9927126169204712, 0.985773503780365, 0.9771741032600403, 0.9704864621162415, 0.9619396328926086, 0.954169750213623, 0.9471668004989624, 0.9401214122772217, 0.9326269030570984, 0.9267808198928833, 0.9191555380821228, 0.9116973876953125, 0.9049748778343201, 0.8953995704650879, 0.8871569633483887, 0.8781833648681641, 0.8702817559242249, 0.8559478521347046, 0.8505361080169678, 0.8411499261856079, 0.8274117112159729, 0.8193936347961426, 0.814179539680481, 0.8050591945648193, 0.7990593314170837, 0.7950811982154846, 0.7804911732673645, 0.7738525867462158, 0.7652381658554077, 0.7551023364067078, 0.7421227693557739, 0.7323369383811951, 0.7247784733772278, 0.7171046137809753, 0.7077555656433105, 0.7039450407028198, 0.692547082901001, 0.6899052858352661, 0.6778926849365234, 0.6793909668922424, 0.6740095019340515, 0.6693484783172607, 0.678134024143219, 0.6580362915992737, 0.6561046242713928, 0.6507916450500488, 0.6593296527862549, 0.6468235850334167, 0.6413809657096863, 0.657497763633728, 0.6417521834373474, 0.6346586346626282, 0.6363876461982727, 0.6321552395820618, 0.6289434432983398, 0.6670986413955688, 0.6282349824905396, 0.6212426424026489, 0.6442563533782959, 0.6236646175384521, 0.6199578046798706, 0.6210735440254211, 0.618066132068634, 0.6114116311073303, 0.6077884435653687, 0.6123372316360474, 0.6083313226699829, 0.6058750152587891, 0.607133686542511, 0.6069446802139282, 0.6097212433815002, 0.654317319393158, 0.6041161417961121, 0.5914076566696167, 0.5926070809364319, 0.5925459861755371, 0.5943912267684937, 0.5902313590049744, 0.5835219621658325, 0.589573860168457, 1.002834677696228, 0.9526155591011047, 0.8728341460227966, 0.8363251090049744, 0.7940088510513306, 0.7780988216400146], "accuracy": [0.3703109323978424, 0.47522568702697754, 0.5065195560455322, 0.523370087146759, 0.538415253162384, 0.535205602645874, 0.543831467628479, 0.5522567629814148, 0.5506519675254822, 0.5572718381881714, 0.55867600440979, 0.5610832571983337, 0.5624874830245972, 0.5673019289970398, 0.5709127187728882, 0.5777332186698914, 0.5849548578262329, 0.5871614813804626, 0.5933801531791687, 0.6010029911994934, 0.609027087688446, 0.6180541515350342, 0.6170511245727539, 0.620862603187561, 0.62647944688797, 0.6256770491600037, 0.635105311870575, 0.6405215859413147, 0.6473420262336731, 0.6481444239616394, 0.6599799394607544, 0.664995014667511, 0.667201578617096, 0.6730190515518188, 0.6838515400886536, 0.6880642175674438, 0.6926780343055725, 0.693881630897522, 0.6990972757339478, 0.7053159475326538, 0.7103310227394104, 0.7193580865859985, 0.7289869785308838, 0.7344031929969788, 0.7412236928939819, 0.7452356815338135, 0.7534604072570801, 0.7562687993049622, 0.7612838745117188, 0.7640922665596008, 0.7733199596405029, 0.770912766456604, 0.7785356044769287, 0.779338002204895, 0.7799398303031921, 0.7809428572654724, 0.7811434268951416, 0.7877632975578308, 0.7885656952857971, 0.7867602705955505, 0.7835506796836853, 0.7903711199760437, 0.7905716896057129, 0.7873620986938477, 0.7905716896057129, 0.7945837378501892, 0.796790361404419, 0.7953861355781555, 0.7965897917747498, 0.7815446257591248, 0.7981945872306824, 0.8012036085128784, 0.7899699211120605, 0.8010029792785645, 0.8032096028327942, 0.8012036085128784, 0.8036108613014221, 0.802808403968811, 0.806218683719635, 0.8024072051048279, 0.8050150275230408, 0.802808403968811, 0.8074222803115845, 0.806218683719635, 0.8044132590293884, 0.79117351770401, 0.8108325004577637, 0.8104313015937805, 0.8112336993217468, 0.8128384947776794, 0.8114343285560608, 0.8142427206039429, 0.8158475160598755, 0.8138415217399597, 0.7265797257423401, 0.7358074188232422, 0.758876621723175, 0.7656970620155334, 0.7765296101570129, 0.7753259539604187], "val_loss": [1.5518372058868408, 1.365936040878296, 1.2632019519805908, 1.209062099456787, 1.1669750213623047, 1.1434252262115479, 1.1237800121307373, 1.1064423322677612, 1.100461721420288, 1.086533784866333, 1.077394723892212, 1.0716711282730103, 1.0639023780822754, 1.0565799474716187, 1.0544353723526, 1.0484892129898071, 1.0494379997253418, 1.0419390201568604, 1.0380945205688477, 1.036493182182312, 1.0348039865493774, 1.0275719165802002, 1.0286954641342163, 1.0204174518585205, 1.0138031244277954, 1.0052924156188965, 1.0019599199295044, 0.9966655969619751, 0.9913467764854431, 0.9864861369132996, 0.9784323573112488, 0.9793540835380554, 0.9683945178985596, 0.9836776852607727, 0.960586667060852, 0.9610477089881897, 0.9618752002716064, 0.9646101593971252, 0.9611276388168335, 0.9540673494338989, 0.9512692093849182, 0.9573071599006653, 0.9478800892829895, 0.9480170011520386, 0.9329580664634705, 0.9462930560112, 0.9670652747154236, 0.9284099340438843, 0.9195106029510498, 0.9253584146499634, 0.9260225296020508, 0.9170494079589844, 0.9205194711685181, 0.9194902777671814, 0.9202279448509216, 0.9373114705085754, 0.9178878664970398, 0.9142940640449524, 0.9140363335609436, 0.9121652245521545, 0.9109021425247192, 0.926326334476471, 0.9144852757453918, 0.9189686179161072, 0.9267116785049438, 0.9404141902923584, 0.9238868951797485, 0.9171129465103149, 0.9937331676483154, 0.929778516292572, 0.9219884276390076, 0.9274243712425232, 0.9245623350143433, 0.917396605014801, 0.9253873825073242, 0.9167754054069519, 0.9256095290184021, 0.9480048418045044, 0.9322658181190491, 0.9340276718139648, 0.9274758696556091, 0.9225872159004211, 0.9760725498199463, 0.9208982586860657, 0.9456174373626709, 0.9835293889045715, 0.9491417407989502, 0.9358206391334534, 0.9334620237350464, 0.9190322160720825, 0.9298641085624695, 0.9213751554489136, 0.9250677824020386, 0.9395511746406555, 1.2952245473861694, 1.1894605159759521, 1.1485105752944946, 1.1054519414901733, 1.0914782285690308, 1.072397232055664], "val_accuracy": [0.454363077878952, 0.514944851398468, 0.5211634635925293, 0.5279839634895325, 0.5348044037818909, 0.5331996083259583, 0.5462387204170227, 0.5366098284721375, 0.5522567629814148, 0.5490471124649048, 0.5578736066818237, 0.55867600440979, 0.5636910796165466, 0.5662989020347595, 0.5679036974906921, 0.5751253962516785, 0.5679036974906921, 0.5923771262168884, 0.5797392129898071, 0.5957873463630676, 0.5979939699172974, 0.6008024215698242, 0.5991975665092468, 0.6134403347969055, 0.6118354797363281, 0.6216650009155273, 0.6214643716812134, 0.6214643716812134, 0.629287838935852, 0.6272818446159363, 0.6296890377998352, 0.6310932636260986, 0.6377131342887878, 0.6246740221977234, 0.6385155320167542, 0.641123354434967, 0.6417251825332642, 0.649749219417572, 0.6417251825332642, 0.6463389992713928, 0.6553661227226257, 0.658575713634491, 0.6625877618789673, 0.6597793102264404, 0.6668003797531128, 0.6657974123954773, 0.6573721170425415, 0.6726178526878357, 0.6804413199424744, 0.6830491423606873, 0.6794382929801941, 0.6838515400886536, 0.6796389222145081, 0.685255765914917, 0.6832497715950012, 0.6752256751060486, 0.6828485727310181, 0.6874623894691467, 0.6912738084793091, 0.6890671849250793, 0.6904714107513428, 0.6816449165344238, 0.6922768354415894, 0.6922768354415894, 0.6864593625068665, 0.6876630187034607, 0.6922768354415894, 0.6900702118873596, 0.6722166538238525, 0.6932798624038696, 0.6926780343055725, 0.6934804320335388, 0.6898695826530457, 0.6942828297615051, 0.6948846578598022, 0.6944834589958191, 0.6932798624038696, 0.6842527389526367, 0.6928786635398865, 0.6922768354415894, 0.6962888836860657, 0.6956870555877686, 0.6844533681869507, 0.703309953212738, 0.6922768354415894, 0.6812437176704407, 0.6858575940132141, 0.6964894533157349, 0.6978936791419983, 0.7035105228424072, 0.6954864859580994, 0.7031093239784241, 0.6992979049682617, 0.6992979049682617, 0.6290872693061829, 0.6543630957603455, 0.6613841652870178, 0.668004035949707, 0.6758275032043457, 0.6810431480407715],