{"loss": [3.448859214782715, 2.516706943511963, 2.08687686920166, 1.7908684015274048, 1.5828132629394531, 1.4394251108169556, 1.3356242179870605, 1.2614760398864746, 1.2041455507278442, 1.1614670753479004, 1.12464439868927, 1.0971777439117432, 1.0772550106048584, 1.0575417280197144, 1.0414482355117798, 1.0297209024429321, 1.0189027786254883, 1.005942463874817, 0.9972354173660278, 0.9881064295768738, 0.9789291620254517, 0.9726497530937195, 0.9648898243904114, 0.9570655822753906, 0.9502272009849548, 0.9442075490951538, 0.9339092373847961, 0.926055908203125, 0.9175700545310974, 0.9093155264854431, 0.8989217281341553, 0.8923646211624146, 0.878246009349823, 0.8636476397514343, 0.8514795899391174, 0.8344556093215942, 0.8169503808021545, 0.799763023853302, 0.7889828681945801, 0.7721864581108093, 0.7534891366958618, 0.7435301542282104, 0.7266377806663513, 0.7309104800224304, 0.7014623880386353, 0.6882840394973755, 0.6766373515129089, 0.6794872283935547, 0.6627640128135681, 0.6856870651245117, 0.6373216509819031, 0.6325187683105469, 0.6233602166175842, 0.6185997724533081, 0.7933390140533447, 0.623995840549469, 0.6084805130958557, 0.6064066886901855, 0.6117475628852844, 0.6148875951766968, 0.6120150685310364, 0.6364040970802307, 0.6720705032348633, 0.6099897623062134, 0.5891918540000916, 0.6790456175804138, 0.58587247133255, 0.5799969434738159, 0.5767221450805664, 0.60457843542099, 0.57450932264328, 0.6848150491714478, 0.5814854502677917, 0.571099579334259, 0.5686503648757935, 0.581605076789856, 0.5651623606681824, 0.5777040123939514, 0.5660005807876587, 0.563360333442688, 0.5811160206794739, 0.6634226441383362, 0.5676790475845337, 0.5694193243980408, 0.5616163611412048, 0.5581824779510498, 0.592355489730835, 0.6721378564834595, 1.9488437175750732, 1.0499329566955566, 0.6861258149147034, 0.6044445633888245, 0.567207396030426, 0.5529747009277344, 0.6623044013977051, 0.7761451005935669, 0.5502086877822876, 0.5463767051696777, 0.545897364616394, 0.5421095490455627], "accuracy": [0.2758064568042755, 0.3931451737880707, 0.43669354915618896, 0.49133065342903137, 0.5219758152961731, 0.5328629016876221, 0.5457661151885986, 0.5477822422981262, 0.5550402998924255, 0.5592741966247559, 0.569556474685669, 0.5707661509513855, 0.5685483813285828, 0.5772177577018738, 0.5784274339675903, 0.5798386931419373, 0.5810483694076538, 0.5901209712028503, 0.5899193286895752, 0.5951613187789917, 0.6004032492637634, 0.6004032492637634, 0.6092742085456848, 0.6096774339675903, 0.6183467507362366, 0.6213709712028503, 0.6316532492637634, 0.6387096643447876, 0.6443548202514648, 0.6514112949371338, 0.6610887050628662, 0.6590725779533386, 0.6711693406105042, 0.6816532015800476, 0.6937500238418579, 0.6985887289047241, 0.7139112949371338, 0.7245967984199524, 0.7294355034828186, 0.7356854677200317, 0.750806450843811, 0.7590726017951965, 0.7639113068580627, 0.7643145322799683, 0.7786290049552917, 0.7810483574867249, 0.7852822542190552, 0.7798386812210083, 0.7909274101257324, 0.7814516425132751, 0.7995967864990234, 0.8058467507362366, 0.8060483932495117, 0.8088709712028503, 0.7528225779533386, 0.8056451678276062, 0.8175403475761414, 0.8141129016876221, 0.8120967745780945, 0.8098790049552917, 0.8084677457809448, 0.8024193644523621, 0.7895161509513855, 0.8108870983123779, 0.821975827217102, 0.7842742204666138, 0.8215726017951965, 0.8239919543266296, 0.8231855034828186, 0.811693549156189, 0.8266128897666931, 0.780443549156189, 0.819556474685669, 0.8266128897666931, 0.8252016305923462, 0.8215726017951965, 0.8308467864990234, 0.8207661509513855, 0.8280242085456848, 0.8274193406105042, 0.8221774101257324, 0.7919355034828186, 0.8274193406105042, 0.8292338848114014, 0.8264113068580627, 0.8288306593894958, 0.8173387050628662, 0.7919355034828186, 0.46370968222618103, 0.6735886931419373, 0.7752016186714172, 0.8074596524238586, 0.8260080814361572, 0.8324596881866455, 0.7959677577018738, 0.7453628778457642, 0.8338709473609924, 0.836693525314331, 0.8372983932495117, 0.8397177457809448], "val_loss": [2.772812604904175, 2.2744219303131104, 1.9287776947021484, 1.6891365051269531, 1.522117018699646, 1.4057072401046753, 1.3298184871673584, 1.2715071439743042, 1.2293391227722168, 1.197190523147583, 1.165243148803711, 1.152246356010437, 1.1317341327667236, 1.1188193559646606, 1.110431432723999, 1.1029071807861328, 1.0926263332366943, 1.0868439674377441, 1.081415057182312, 1.070928692817688, 1.0707483291625977, 1.0618656873703003, 1.0539939403533936, 1.0572266578674316, 1.044158697128296, 1.040067434310913, 1.0339637994766235, 1.0372278690338135, 1.0328266620635986, 1.0167012214660645, 1.0140783786773682, 1.0050048828125, 1.0078763961791992, 0.9881221652030945, 0.9813023805618286, 0.9754990935325623, 0.959476113319397, 0.9647247195243835, 0.9493589401245117, 0.9333121180534363, 0.9322019219398499, 0.9673800468444824, 0.9280868768692017, 0.9522033929824829, 0.939694881439209, 0.9331172108650208, 0.9533101916313171, 0.9536841511726379, 1.0859253406524658, 0.9443240165710449, 1.0290727615356445, 1.0217994451522827, 0.9835178256034851, 0.9958585500717163, 0.986167848110199, 0.9852322340011597, 0.9606087803840637, 0.9968699812889099, 1.0548901557922363, 1.0248569250106812, 0.993278443813324, 1.4467273950576782, 0.971373438835144, 1.005377173423767, 1.0121452808380127, 1.0054532289505005, 1.0020208358764648, 0.9895215630531311, 1.0262595415115356, 1.0276204347610474, 0.9951410293579102, 1.0046838521957397, 0.9711259603500366, 1.0019720792770386, 1.0341922044754028, 1.0142163038253784, 1.0037916898727417, 0.9893618822097778, 1.0079668760299683, 1.0198780298233032, 1.1837108135223389, 0.996341347694397, 1.0045220851898193, 1.008349895477295, 0.9963392615318298, 1.026018738746643, 1.0321075916290283, 2.12039852142334, 1.4931050539016724, 1.156549096107483, 1.0604684352874756, 1.0359172821044922, 1.0160454511642456, 1.0169363021850586, 1.3377118110656738, 0.9908398985862732, 0.9905378818511963, 0.9895510673522949, 0.9812245965003967, 1.0004862546920776], "val_accuracy": [0.3794354796409607, 0.4102822542190552, 0.4756048321723938, 0.5062500238418579, 0.5314516425132751, 0.5489919185638428, 0.5433467626571655, 0.5485886931419373, 0.5532258152961731, 0.550000011920929, 0.5536290407180786, 0.5556451678276062, 0.5570564270019531, 0.561693549156189, 0.561693549156189, 0.5697580575942993, 0.5729838609695435, 0.5725806355476379, 0.5798386931419373, 0.5798386931419373, 0.5893145203590393, 0.5913306474685669, 0.5921370983123779, 0.5925403237342834, 0.5911290049552917, 0.6000000238418579, 0.6102822422981262, 0.6084677577018738, 0.6110886931419373, 0.6270161271095276, 0.6247983574867249, 0.6310483813285828, 0.6387096643447876, 0.6473790407180786, 0.6552419066429138, 0.6600806713104248, 0.665725827217102, 0.6677419543266296, 0.6774193644523621, 0.6868951320648193, 0.6870967745780945, 0.665725827217102, 0.6901209950447083, 0.6784273982048035, 0.6846774220466614, 0.6931451559066772, 0.6834677457809448, 0.6844757795333862, 0.6364919543266296, 0.6937500238418579, 0.6594758033752441, 0.6580645442008972, 0.6838709712028503, 0.6756048202514648, 0.678830623626709, 0.6834677457809448, 0.6919354796409607, 0.6778225898742676, 0.6614919304847717, 0.6719757914543152, 0.678024172782898, 0.5495967864990234, 0.6840725541114807, 0.6776209473609924, 0.6745967864990234, 0.6778225898742676, 0.6806451678276062, 0.6824596524238586, 0.6770161390304565, 0.6747983694076538, 0.6808467507362366, 0.6806451678276062, 0.6903225779533386, 0.6836693286895752, 0.6731854677200317, 0.6842741966247559, 0.6848790049552917, 0.694556474685669, 0.6879032254219055, 0.6784273982048035, 0.6415322422981262, 0.6917338967323303, 0.6802419424057007, 0.6864919066429138, 0.6891129016876221, 0.6790322661399841, 0.676612913608551, 0.43326613306999207, 0.5625, 0.634475827217102, 0.6645161509513855, 0.6786290407180786, 0.6812499761581421, 0.6806451678276062, 0.6040322780609131, 0.6899193525314331, 0.6889113187789917, 0.6903225779533386, 0.694556474685669, 0.6852822303771973],