{"loss": [1.460364580154419, 1.101405382156372, 0.9804362654685974, 0.8984380960464478, 0.838141143321991, 0.789047360420227, 0.7480915188789368, 0.7145069241523743, 0.6825625896453857, 0.648606538772583, 0.6133083701133728, 0.5829455852508545, 0.5533463358879089, 0.5276975631713867, 0.5028097629547119, 0.4817279875278473, 0.4646281599998474, 0.4463605284690857, 0.4339812695980072, 0.418316513299942, 0.40816065669059753, 0.39870837330818176, 0.38672828674316406, 0.37721601128578186, 0.37281113862991333, 0.3607674241065979, 0.35103604197502136, 0.3459484577178955, 0.33754807710647583, 0.3338368535041809, 0.3286561369895935, 0.31817224621772766, 0.3123270273208618, 0.3063760995864868, 0.3022741675376892, 0.31910204887390137, 0.29431483149528503, 0.2896963059902191, 0.2867043912410736, 0.28338348865509033, 0.27918195724487305, 0.2760791778564453, 0.27267181873321533, 0.2704068720340729, 0.2659798860549927, 0.2654716372489929, 0.26134297251701355, 0.2637364864349365, 0.2568765878677368, 0.25245460867881775, 0.2526863217353821, 0.24903710186481476, 0.24735631048679352, 0.244136780500412, 0.24198509752750397, 0.24564334750175476, 0.23771195113658905, 0.24627342820167542, 0.23647300899028778, 0.23262791335582733, 0.23998861014842987, 0.23146450519561768, 0.2297438085079193, 0.22656136751174927, 0.22585493326187134, 0.2252224087715149, 0.22220417857170105, 0.2211601734161377, 0.21933361887931824, 0.2178729921579361, 0.21671824157238007, 0.214041605591774, 0.23368090391159058, 0.21678142249584198, 0.21169424057006836, 0.22046242654323578, 0.20905685424804688, 0.20839986205101013, 0.20748493075370789, 0.20414866507053375, 0.21274569630622864, 0.20287498831748962, 0.2027883231639862, 0.2012258768081665, 0.22347062826156616, 0.19979976117610931, 0.19810351729393005, 0.1968485563993454, 0.19542337954044342, 0.19771093130111694, 0.19403588771820068, 0.1939680129289627, 0.19672903418540955, 0.19934232532978058, 0.19235290586948395, 0.19000661373138428, 0.1982172280550003, 0.19070427119731903, 0.18785294890403748, 0.18798354268074036], "accuracy": [0.5074597001075745, 0.6247983574867249, 0.6568548679351807, 0.6824596524238586, 0.699999988079071, 0.7131048440933228, 0.729637086391449, 0.7403225898742676, 0.750806450843811, 0.7657257914543152, 0.7786290049552917, 0.7925403118133545, 0.8036290407180786, 0.8149193525314331, 0.8266128897666931, 0.8379032015800476, 0.8417338728904724, 0.8510080575942993, 0.8586693406105042, 0.8616935610771179, 0.8649193644523621, 0.8687499761581421, 0.8743951320648193, 0.8806451559066772, 0.8786290287971497, 0.8826612830162048, 0.8877016305923462, 0.8901209831237793, 0.8919354677200317, 0.8939515948295593, 0.8939515948295593, 0.9004032015800476, 0.9010080695152283, 0.9038306474685669, 0.9060483574867249, 0.8951612710952759, 0.9080645442008972, 0.9088709950447083, 0.9100806713104248, 0.9090725779533386, 0.9137097001075745, 0.9102822542190552, 0.91411292552948, 0.9145161509513855, 0.9173387289047241, 0.9139112830162048, 0.9189516305923462, 0.914919376373291, 0.9203628897666931, 0.9199596643447876, 0.9195564389228821, 0.9223790168762207, 0.9217742085456848, 0.9241935610771179, 0.9221774339675903, 0.9217742085456848, 0.9227822422981262, 0.9219757914543152, 0.9233871102333069, 0.9254032373428345, 0.9245967864990234, 0.92580646276474, 0.9245967864990234, 0.9231854677200317, 0.926612913608551, 0.9260080456733704, 0.9276209473609924, 0.9274193644523621, 0.9292338490486145, 0.9290322661399841, 0.9310483932495117, 0.930443525314331, 0.9270161390304565, 0.9312499761581421, 0.9308467507362366, 0.9278225898742676, 0.930443525314331, 0.9310483932495117, 0.9316532015800476, 0.9354838728904724, 0.928830623626709, 0.9348790049552917, 0.9340725541114807, 0.936693549156189, 0.9286290407180786, 0.9360886812210083, 0.9372983574867249, 0.936693549156189, 0.9360886812210083, 0.9352822303771973, 0.9401209950447083, 0.9375, 0.9342741966247559, 0.9346774220466614, 0.9395161271095276, 0.938306450843811, 0.9377016425132751, 0.9393145442008972, 0.9407258033752441, 0.9407258033752441], "val_loss": [1.2286806106567383, 1.1136540174484253, 1.0348351001739502, 0.9945446252822876, 0.9677507877349854, 0.9284267425537109, 0.9381923675537109, 0.9073389768600464, 0.8849830627441406, 0.8980835676193237, 0.8441886901855469, 0.8522786498069763, 0.8474113941192627, 0.8258248567581177, 0.8332719206809998, 0.8247857093811035, 0.8172807693481445, 0.8205572366714478, 0.8145219087600708, 0.8153331279754639, 0.8007809519767761, 0.7754320502281189, 0.7999563217163086, 0.8130149841308594, 0.7765795588493347, 0.8139482736587524, 0.7949425578117371, 0.7989160418510437, 0.7915171384811401, 0.792406439781189, 0.7870073318481445, 0.7991654872894287, 0.7908212542533875, 0.7807886004447937, 0.7859221696853638, 0.7876546382904053, 0.7784673571586609, 0.7838330864906311, 0.806181788444519, 0.7680567502975464, 0.7963225841522217, 0.7787856459617615, 0.7868469953536987, 0.7915397882461548, 0.8128013610839844, 0.7876849174499512, 0.7934893369674683, 0.7363182306289673, 0.7709349393844604, 0.7779409289360046, 0.7915184497833252, 0.7759276628494263, 0.7758261561393738, 0.7856641411781311, 0.8157845139503479, 0.7951685190200806, 0.8078675270080566, 0.8034380674362183, 0.7672056555747986, 0.8321533203125, 0.7738077640533447, 0.8112020492553711, 0.77944016456604, 0.783089280128479, 0.8543789982795715, 0.7871567606925964, 0.8065159320831299, 0.7707815766334534, 0.7876656651496887, 0.8103832602500916, 0.7848536372184753, 0.8028823137283325, 0.7643424868583679, 0.765637218952179, 0.7853574156761169, 0.7630535364151001, 0.7605511546134949, 0.7957301735877991, 0.8100790977478027, 0.7775894999504089, 0.7857854962348938, 0.7950125932693481, 0.79313725233078, 0.8100112676620483, 0.7952984571456909, 0.7967140674591064, 0.8182558417320251, 0.8247502446174622, 0.8626418709754944, 0.8053222894668579, 0.8504448533058167, 0.8311217427253723, 0.9371248483657837, 0.8395813703536987, 0.8301426768302917, 0.8153597116470337, 0.782254695892334, 0.8077329397201538, 0.8430878520011902, 0.789131760597229],