{"loss": [1.99343740940094, 1.3580857515335083, 1.177283525466919, 1.0749760866165161, 1.0078706741333008, 0.9554851651191711, 0.9123143553733826, 0.8769018650054932, 0.8502354025840759, 0.8257399797439575, 0.8023931384086609, 0.7850309610366821, 0.7691229581832886, 0.7518417239189148, 0.7372995018959045, 0.724015474319458, 0.7143770456314087, 0.7033580541610718, 0.6951536536216736, 0.6808524131774902, 0.6724458932876587, 0.6633455157279968, 0.6554880142211914, 0.6420954465866089, 0.6347350478172302, 0.6263622641563416, 0.6155228614807129, 0.6078724265098572, 0.5990728735923767, 0.5914090871810913, 0.582430362701416, 0.5743206143379211, 0.5679311156272888, 0.560509204864502, 0.5496233105659485, 0.5370709896087646, 0.5245414972305298, 0.5142205357551575, 0.5083824992179871, 0.4991222620010376, 0.49378669261932373, 0.48739418387413025, 0.48093292117118835, 0.47619369626045227, 0.46983644366264343, 0.46601277589797974, 0.46391209959983826, 0.45866385102272034, 0.45595017075538635, 0.4503820538520813, 0.44660067558288574, 0.44205161929130554, 0.4406893849372864, 0.4395963251590729, 0.4328964650630951, 0.42954307794570923, 0.42431509494781494, 0.42253002524375916, 0.41897282004356384, 0.41729098558425903, 0.41582995653152466, 0.4113149642944336, 0.4082605540752411, 0.4046083986759186, 0.4036235213279724, 0.40075525641441345, 0.39759305119514465, 0.3960009515285492, 0.3922956883907318, 0.3907998502254486, 0.3896061182022095, 0.386772483587265, 0.3847559988498688, 0.38111865520477295, 0.3799084722995758, 0.37895047664642334, 0.3729800283908844, 0.37365180253982544, 0.3714873492717743, 0.36940690875053406, 0.3680407404899597, 0.36616048216819763, 0.3642420768737793, 0.3590329885482788, 0.3595336675643921, 0.3546595275402069, 0.3555428683757782, 0.35318538546562195, 0.3551653027534485, 0.35007837414741516, 0.3494388163089752, 0.34919437766075134, 0.34735777974128723, 0.3445505201816559, 0.343949556350708, 0.3422897160053253, 0.3466445207595825, 0.34243473410606384, 0.33762770891189575, 0.3370852768421173], "accuracy": [0.4410821497440338, 0.5725451111793518, 0.6066132187843323, 0.6334669589996338, 0.6591182351112366, 0.6733466982841492, 0.6867735385894775, 0.7002003788948059, 0.7082164287567139, 0.7142284512519836, 0.7212424874305725, 0.7280561327934265, 0.7346693277359009, 0.7370741367340088, 0.7436873912811279, 0.7462925910949707, 0.7472946047782898, 0.7557114362716675, 0.7567134499549866, 0.762124240398407, 0.7663326859474182, 0.7681362628936768, 0.767735481262207, 0.7751502990722656, 0.7801603078842163, 0.7823647260665894, 0.7881763577461243, 0.7917835712432861, 0.7923847436904907, 0.796593189239502, 0.801002025604248, 0.8056111931800842, 0.8042083978652954, 0.8094188570976257, 0.8132264614105225, 0.8164328932762146, 0.820641279220581, 0.8200401067733765, 0.8228456974029541, 0.8224449157714844, 0.8268536925315857, 0.8288577198982239, 0.8314629197120667, 0.8324649333953857, 0.8348697423934937, 0.8358717560768127, 0.8326653242111206, 0.8376753330230713, 0.8384769558906555, 0.8378757238388062, 0.8422845602035522, 0.8422845602035522, 0.8440881967544556, 0.8430861830711365, 0.8450901508331299, 0.8452906012535095, 0.8484969735145569, 0.8470941781997681, 0.8490982055664062, 0.8478958010673523, 0.852905809879303, 0.8509017825126648, 0.8519037961959839, 0.8559118509292603, 0.855110228061676, 0.8577154278755188, 0.8583166599273682, 0.8605210185050964, 0.8621242642402649, 0.8607214689254761, 0.8615230321884155, 0.8629258275032043, 0.8629258275032043, 0.8655310869216919, 0.8641282320022583, 0.8669338822364807, 0.8687374591827393, 0.8677354454994202, 0.8695390820503235, 0.8701402544975281, 0.8705410957336426, 0.8707414865493774, 0.8719438910484314, 0.8727455139160156, 0.8741483092308044, 0.8743487000465393, 0.8743487000465393, 0.8757514953613281, 0.8731462955474854, 0.8755511045455933, 0.875951886177063, 0.8763527274131775, 0.8773546814918518, 0.8787575364112854, 0.8791583180427551, 0.8787575364112854, 0.8757514953613281, 0.8789579272270203, 0.8817635178565979, 0.8823647499084473], "val_loss": [1.5484871864318848, 1.297593355178833, 1.1989431381225586, 1.1311359405517578, 1.0864614248275757, 1.0460543632507324, 1.016982078552246, 0.9901982545852661, 0.9755395650863647, 0.9562614560127258, 0.9335565567016602, 0.9242209196090698, 0.9144220352172852, 0.897843062877655, 0.8886085748672485, 0.882286548614502, 0.8847153186798096, 0.8635729551315308, 0.8585113883018494, 0.8519477248191833, 0.8399568796157837, 0.8389934301376343, 0.8278867602348328, 0.8289608359336853, 0.8190621137619019, 0.8207984566688538, 0.8154473900794983, 0.7997131943702698, 0.8014771342277527, 0.7922015190124512, 0.7888960242271423, 0.7812566757202148, 0.7759595513343811, 0.7698853611946106, 0.762976348400116, 0.7487859725952148, 0.7292011976242065, 0.7275335192680359, 0.7265413403511047, 0.7075103521347046, 0.6975830793380737, 0.7020382881164551, 0.6953942775726318, 0.6898492574691772, 0.6896748542785645, 0.6928879022598267, 0.6819401383399963, 0.6937727928161621, 0.6885133385658264, 0.6807748675346375, 0.6819069981575012, 0.6720343828201294, 0.6698861718177795, 0.6674187183380127, 0.6749292612075806, 0.6667442917823792, 0.6678192019462585, 0.6708940863609314, 0.6602672338485718, 0.6603177785873413, 0.66876220703125, 0.6579561233520508, 0.6548954248428345, 0.6593291163444519, 0.6531853079795837, 0.6568681001663208, 0.648565948009491, 0.6667948961257935, 0.6606391668319702, 0.6490123271942139, 0.639690637588501, 0.6415177583694458, 0.6449233293533325, 0.6658634543418884, 0.6596193313598633, 0.6387238502502441, 0.6457695960998535, 0.6441134214401245, 0.6485306024551392, 0.6540809869766235, 0.6414060592651367, 0.6473477482795715, 0.6414406895637512, 0.6525563597679138, 0.6442856788635254, 0.6510353088378906, 0.6614298224449158, 0.640677809715271, 0.6479187607765198, 0.6448925137519836, 0.6448559165000916, 0.6464293599128723, 0.6519723534584045, 0.6452804207801819, 0.6452304124832153, 0.638795018196106, 0.6843301653862, 0.642728328704834, 0.6469321250915527, 0.6425272822380066],