{"loss": [2.6979920864105225, 2.0391011238098145, 1.5957075357437134, 1.3724325895309448, 1.2517108917236328, 1.1666914224624634, 1.099370002746582, 1.0430673360824585, 0.9783270359039307, 0.9186468124389648, 0.8597102761268616, 0.8086184859275818, 0.7694607377052307, 0.7335224151611328, 0.7014774084091187, 0.6726523041725159, 0.640061616897583, 0.6019800901412964, 0.5714793801307678, 0.5400702953338623, 0.5141093134880066, 0.49663135409355164, 0.4732060134410858, 0.45582619309425354, 0.440347284078598, 0.42811182141304016, 0.41406959295272827, 0.3999200761318207, 0.38920509815216064, 0.3790163993835449, 0.36807534098625183, 0.3571881651878357, 0.3494049608707428, 0.34088847041130066, 0.33621031045913696, 0.32751792669296265, 0.32241320610046387, 0.3162403106689453, 0.310724675655365, 0.3068285584449768, 0.29978305101394653, 0.2953919768333435, 0.2895019054412842, 0.2873111367225647, 0.2818322479724884, 0.2774316072463989, 0.27470701932907104, 0.2716718912124634, 0.2670772969722748, 0.26460227370262146, 0.2609492242336273, 0.2586175203323364, 0.2563818395137787, 0.25428277254104614, 0.2508446276187897, 0.24729545414447784, 0.24805234372615814, 0.24416381120681763, 0.24030688405036926, 0.23901940882205963, 0.236319899559021, 0.2365332841873169, 0.23288625478744507, 0.23066408932209015, 0.22852131724357605, 0.22542837262153625, 0.2244715839624405, 0.22419418394565582, 0.21943272650241852, 0.21899187564849854, 0.21710389852523804, 0.21426145732402802, 0.21306829154491425, 0.21053332090377808, 0.21022652089595795, 0.2090723067522049, 0.2067660242319107, 0.202846497297287, 0.2046733796596527, 0.20072954893112183, 0.20202821493148804, 0.200404554605484, 0.19837720692157745, 0.19684003293514252, 0.19583483040332794, 0.1938864290714264, 0.194349467754364, 0.1915217936038971, 0.19161014258861542, 0.189886674284935, 0.18746420741081238, 0.18933533132076263, 0.18639348447322845, 0.1869075447320938, 0.18549980223178864, 0.18352073431015015, 0.1851203739643097, 0.18198652565479279, 0.17978212237358093, 0.18059055507183075], "accuracy": [0.3372983932495117, 0.5014113187789917, 0.5808467864990234, 0.6120967864990234, 0.6322580575942993, 0.6487902998924255, 0.6667338609695435, 0.6832661032676697, 0.699999988079071, 0.7241935729980469, 0.7439516186714172, 0.76169353723526, 0.7671371102333069, 0.780443549156189, 0.7844758033752441, 0.7877016067504883, 0.7949596643447876, 0.8062499761581421, 0.8129032254219055, 0.824999988079071, 0.8292338848114014, 0.8377016186714172, 0.8435483574867249, 0.8477822542190552, 0.8544355034828186, 0.8564516305923462, 0.8604838848114014, 0.8697580695152283, 0.8685483932495117, 0.8733870983123779, 0.8780242204666138, 0.8806451559066772, 0.8860887289047241, 0.8864919543266296, 0.8905242085456848, 0.8879032135009766, 0.8919354677200317, 0.8925403356552124, 0.8947580456733704, 0.8993951678276062, 0.896774172782898, 0.9008064270019531, 0.9056451320648193, 0.9060483574867249, 0.9076613187789917, 0.9082661271095276, 0.9082661271095276, 0.9086693525314331, 0.9139112830162048, 0.9120967984199524, 0.9127016067504883, 0.9139112830162048, 0.9143145084381104, 0.9163306355476379, 0.9163306355476379, 0.9199596643447876, 0.9191532135009766, 0.9167338609695435, 0.9203628897666931, 0.9199596643447876, 0.9183467626571655, 0.9237903356552124, 0.9231854677200317, 0.9197580814361572, 0.9235886931419373, 0.9237903356552124, 0.925000011920929, 0.9213709831237793, 0.92580646276474, 0.9247983694076538, 0.928024172782898, 0.9286290407180786, 0.9272177219390869, 0.9298387169837952, 0.9278225898742676, 0.9278225898742676, 0.930443525314331, 0.9312499761581421, 0.928830623626709, 0.9322580695152283, 0.9316532015800476, 0.9330645203590393, 0.9312499761581421, 0.9328628778457642, 0.9328628778457642, 0.9326612949371338, 0.9328628778457642, 0.9389113187789917, 0.9360886812210083, 0.9391129016876221, 0.9354838728904724, 0.9379032254219055, 0.9360886812210083, 0.9362903237342834, 0.9372983574867249, 0.938306450843811, 0.9381048679351807, 0.9368951320648193, 0.9407258033752441, 0.9395161271095276], "val_loss": [2.307027816772461, 1.8922414779663086, 1.5753782987594604, 1.459252953529358, 1.3739320039749146, 1.3075079917907715, 1.2632406949996948, 1.2229480743408203, 1.2040276527404785, 1.1306744813919067, 1.0694972276687622, 1.0226010084152222, 0.9815710186958313, 0.9606065154075623, 0.9247273802757263, 0.9069455862045288, 0.8673739433288574, 0.8439793586730957, 0.8279849290847778, 0.7932306528091431, 0.779822051525116, 0.741627037525177, 0.7312449812889099, 0.7250913977622986, 0.7128062844276428, 0.7064180374145508, 0.683698296546936, 0.6778797507286072, 0.6787848472595215, 0.6563363075256348, 0.6666523814201355, 0.6367471218109131, 0.640182614326477, 0.6308190822601318, 0.6271923184394836, 0.6354318857192993, 0.6357946991920471, 0.6327419877052307, 0.61770099401474, 0.6376162767410278, 0.6338342428207397, 0.6120980381965637, 0.6208292841911316, 0.615974485874176, 0.6290193796157837, 0.6156181693077087, 0.6184065341949463, 0.6098654270172119, 0.6057027578353882, 0.6050670742988586, 0.6020475625991821, 0.6108210682868958, 0.6066575050354004, 0.6183797121047974, 0.6141942143440247, 0.623058557510376, 0.614571213722229, 0.6172924637794495, 0.6035768985748291, 0.624224841594696, 0.6072753667831421, 0.6175335049629211, 0.614616870880127, 0.6250818967819214, 0.6187999248504639, 0.6145403385162354, 0.6285274028778076, 0.6241388320922852, 0.6363337635993958, 0.6243991851806641, 0.624884843826294, 0.6383668184280396, 0.6300168633460999, 0.6219639778137207, 0.6336138248443604, 0.6541906595230103, 0.634356677532196, 0.6349157094955444, 0.6295363903045654, 0.6413573026657104, 0.6291303634643555, 0.6417587399482727, 0.6252582669258118, 0.6383018493652344, 0.6317791938781738, 0.6335541605949402, 0.6436556577682495, 0.6411494016647339, 0.636489987373352, 0.6515326499938965, 0.6453785300254822, 0.6506633162498474, 0.6546337008476257, 0.6361480951309204, 0.6752936840057373, 0.6352243423461914, 0.6741496324539185, 0.6429504156112671, 0.654852569103241, 0.6436367034912109],