{"loss": [3.502554416656494, 1.897653341293335, 1.4409586191177368, 1.2339285612106323, 1.1170374155044556, 1.0384547710418701, 0.9771018624305725, 0.9270408153533936, 0.8828750252723694, 0.8485806584358215, 0.8217116594314575, 0.7999778985977173, 0.7813460230827332, 0.7655916810035706, 0.7512297630310059, 0.7351865768432617, 0.7230275869369507, 0.7109020948410034, 0.6995284557342529, 0.6867460608482361, 0.6783834099769592, 0.668995201587677, 0.6571895480155945, 0.6480729579925537, 0.6386184692382812, 0.6269542574882507, 0.6175937056541443, 0.606377899646759, 0.5957821011543274, 0.5844473838806152, 0.5730829238891602, 0.5629382133483887, 0.552410364151001, 0.5402370691299438, 0.5318235158920288, 0.5242304801940918, 0.5139020681381226, 0.504231333732605, 0.49528905749320984, 0.4877450168132782, 0.47700563073158264, 0.470272958278656, 0.46126335859298706, 0.4542875289916992, 0.4464600682258606, 0.437770277261734, 0.4320843815803528, 0.4278583526611328, 0.42163389921188354, 0.41562461853027344, 0.40935590863227844, 0.4068455398082733, 0.39958301186561584, 0.39515647292137146, 0.39197003841400146, 0.38744720816612244, 0.38108739256858826, 0.3750782907009125, 0.3711819648742676, 0.3664446771144867, 0.36532703042030334, 0.36115026473999023, 0.3577221930027008, 0.35034626722335815, 0.3466399013996124, 0.3445678651332855, 0.3417462706565857, 0.3375406265258789, 0.33997008204460144, 0.33010637760162354, 0.33053821325302124, 0.326141893863678, 0.32145053148269653, 0.3195440173149109, 0.32155418395996094, 0.31828024983406067, 0.31199905276298523, 0.31140440702438354, 0.30495601892471313, 0.30591318011283875, 0.3033179044723511, 0.3039294183254242, 0.29836776852607727, 0.2964833974838257, 0.29470527172088623, 0.29013779759407043, 0.2863697409629822, 0.2846109867095947, 0.285953551530838, 0.2849867343902588, 0.2773725390434265, 0.27680158615112305, 0.2780236303806305, 0.2758873999118805, 0.272705078125, 0.2729109525680542, 0.2683594822883606, 0.27154260873794556, 0.26503628492355347, 0.3135620951652527], "accuracy": [0.3430861830711365, 0.4765531122684479, 0.519639253616333, 0.5591182112693787, 0.5843687653541565, 0.5989980101585388, 0.6158316731452942, 0.6336673498153687, 0.6466934084892273, 0.6565130352973938, 0.6731463074684143, 0.6825651526451111, 0.6949899792671204, 0.698997974395752, 0.7056112289428711, 0.7168336510658264, 0.7212424874305725, 0.728857696056366, 0.7374749779701233, 0.7430861592292786, 0.7456913590431213, 0.7521042227745056, 0.7601202130317688, 0.7613226175308228, 0.7657314538955688, 0.7735471129417419, 0.7827655076980591, 0.7867735624313354, 0.7887775301933289, 0.7925851941108704, 0.802204430103302, 0.8042083978652954, 0.8124248385429382, 0.8166332840919495, 0.8224449157714844, 0.8244488835334778, 0.8328657150268555, 0.83326655626297, 0.8368737697601318, 0.8396793603897095, 0.8480961918830872, 0.849498987197876, 0.8525050282478333, 0.851703405380249, 0.8581162095069885, 0.8609218597412109, 0.8625250458717346, 0.8659318685531616, 0.8633266687393188, 0.8681362867355347, 0.8683366775512695, 0.8737474679946899, 0.8753507137298584, 0.872545063495636, 0.8761522769927979, 0.87935870885849, 0.881563127040863, 0.8813627362251282, 0.881563127040863, 0.8841683268547058, 0.8843687176704407, 0.8871743679046631, 0.887374758720398, 0.889579176902771, 0.8891783356666565, 0.8899799585342407, 0.8921843767166138, 0.8923847675323486, 0.8909819722175598, 0.8961923718452454, 0.8923847675323486, 0.8949899673461914, 0.8969939947128296, 0.8981963992118835, 0.8949899673461914, 0.8973947763442993, 0.9008015990257263, 0.9034067988395691, 0.9042084217071533, 0.9014028310775757, 0.9044088125228882, 0.9014028310775757, 0.9060119986534119, 0.9052104353904724, 0.9062124490737915, 0.9066132307052612, 0.9098196625709534, 0.909218430519104, 0.9088176488876343, 0.9094188213348389, 0.9134268760681152, 0.9116232395172119, 0.9118236303329468, 0.9120240211486816, 0.9156312346458435, 0.9140280485153198, 0.9158316850662231, 0.9146292805671692, 0.9176352620124817, 0.9068136215209961], "val_loss": [2.4280779361724854, 1.69290030002594, 1.427452564239502, 1.2808709144592285, 1.1941744089126587, 1.1312164068222046, 1.0801750421524048, 1.045287013053894, 1.008304238319397, 0.9779512286186218, 0.9572943449020386, 0.9421482682228088, 0.933896005153656, 0.916484534740448, 0.9054813981056213, 0.9020311832427979, 0.8946520686149597, 0.8938781023025513, 0.8878499269485474, 0.8822609186172485, 0.879099428653717, 0.8691036105155945, 0.8665952086448669, 0.8738604187965393, 0.8652587532997131, 0.8675063252449036, 0.8624536991119385, 0.8557330369949341, 0.8552185297012329, 0.8428688645362854, 0.8403887748718262, 0.833838164806366, 0.8210461139678955, 0.8205865621566772, 0.8174781203269958, 0.8125360012054443, 0.8124183416366577, 0.8072770237922668, 0.8179305195808411, 0.8018494248390198, 0.7895591855049133, 0.7873390316963196, 0.7782300710678101, 0.7768070101737976, 0.7667528986930847, 0.7721964716911316, 0.7815341949462891, 0.7705622315406799, 0.7680642604827881, 0.7680286169052124, 0.7659726738929749, 0.7506446838378906, 0.7465071678161621, 0.7531794309616089, 0.7510681748390198, 0.7422521710395813, 0.7430740594863892, 0.7369228005409241, 0.7276278734207153, 0.7310062050819397, 0.741536021232605, 0.7440424561500549, 0.7305439114570618, 0.748774528503418, 0.7321622967720032, 0.7342869639396667, 0.7261391282081604, 0.7314584851264954, 0.7194486856460571, 0.7395949363708496, 0.7248923182487488, 0.7191644906997681, 0.7415237426757812, 0.7292500734329224, 0.72773677110672, 0.7221021056175232, 0.7250108122825623, 0.7266148328781128, 0.729877769947052, 0.7401924133300781, 0.7296496033668518, 0.7303012013435364, 0.7219419479370117, 0.73466956615448, 0.7368362545967102, 0.7292454242706299, 0.7346380949020386, 0.727351188659668, 0.7328109741210938, 0.7218696475028992, 0.7265216708183289, 0.7322208881378174, 0.7175761461257935, 0.7228325605392456, 0.7176886796951294, 0.7249544262886047, 0.7278092503547668, 0.7319808602333069, 0.7213628888130188, 0.8489083647727966],