{"loss": [2.2451109886169434, 1.7248860597610474, 1.4957058429718018, 1.3492552042007446, 1.2537122964859009, 1.1894971132278442, 1.1403611898422241, 1.1047961711883545, 1.07545006275177, 1.0543330907821655, 1.0345935821533203, 1.0194035768508911, 1.0083574056625366, 0.9948497414588928, 0.9832485318183899, 0.9752678871154785, 0.9657132029533386, 0.955238401889801, 0.9459890127182007, 0.9378281831741333, 0.9287494421005249, 0.9223421216011047, 0.9139774441719055, 0.9052469730377197, 0.8971697688102722, 0.8902678489685059, 0.8777026534080505, 0.8679831027984619, 0.8570899963378906, 0.8493131399154663, 0.8343912363052368, 0.8287620544433594, 0.813978910446167, 0.7996547818183899, 0.7877554297447205, 0.7735018134117126, 0.7602552771568298, 0.7442618608474731, 0.7388468384742737, 0.7232619524002075, 0.7110722064971924, 0.7046411037445068, 0.690300464630127, 0.6875054240226746, 0.6755660772323608, 0.6717666983604431, 0.6632981300354004, 0.655510425567627, 0.6484972834587097, 0.7595083713531494, 0.6557568311691284, 0.6753230094909668, 0.6197015643119812, 0.6145803928375244, 0.6159108877182007, 0.6174222826957703, 0.6057873964309692, 0.6054086089134216, 0.6051703691482544, 0.6731902360916138, 0.5941319465637207, 0.5904310941696167, 0.7222145795822144, 0.5935487151145935, 0.5896859169006348, 0.5764217972755432, 0.5773691534996033, 0.5856764912605286, 0.5696113109588623, 0.5745059847831726, 0.569492757320404, 0.6094363331794739, 0.5802726149559021, 0.5723143815994263, 0.6312748789787292, 0.5733528733253479, 0.5568072199821472, 0.7253141403198242, 0.5958672761917114, 0.5532126426696777, 0.5528519153594971, 0.5900545716285706, 0.548471212387085, 0.8101300001144409, 0.5914103984832764, 0.5444207787513733, 0.5429080724716187, 0.5436196327209473, 0.5622194409370422, 0.5416625738143921, 0.5687808990478516, 0.5397258400917053, 0.5363286733627319, 0.534438967704773, 0.5395063757896423, 0.5341330766677856, 0.5679528713226318, 0.5342669486999512, 0.5287335515022278, 0.5329580903053284], "accuracy": [0.38064515590667725, 0.48326611518859863, 0.5183467864990234, 0.5346774458885193, 0.5455645322799683, 0.5479838848114014, 0.5544354915618896, 0.5600806474685669, 0.5643145442008972, 0.5681451559066772, 0.5800403356552124, 0.585080623626709, 0.5874999761581421, 0.5925403237342834, 0.5997983813285828, 0.6038306355476379, 0.6080645322799683, 0.6191532015800476, 0.6193548440933228, 0.6270161271095276, 0.6314516067504883, 0.6294354796409607, 0.6411290168762207, 0.643750011920929, 0.6495967507362366, 0.6526209712028503, 0.6627016067504883, 0.6631048321723938, 0.6739919185638428, 0.6830645203590393, 0.686693549156189, 0.6889113187789917, 0.7020161151885986, 0.7147177457809448, 0.7243951559066772, 0.7334677577018738, 0.7370967864990234, 0.7459677457809448, 0.7534274458885193, 0.7622984051704407, 0.7651209831237793, 0.7661290168762207, 0.7731854915618896, 0.7778225541114807, 0.7824596762657166, 0.7828629016876221, 0.7856854796409607, 0.7877016067504883, 0.7893145084381104, 0.7556451559066772, 0.7844758033752441, 0.7760080695152283, 0.8018144965171814, 0.8052419424057007, 0.8042338490486145, 0.8022177219390869, 0.8088709712028503, 0.8072580695152283, 0.8078628778457642, 0.7852822542190552, 0.8110886812210083, 0.8135080933570862, 0.76169353723526, 0.8112903237342834, 0.8118951320648193, 0.8197580575942993, 0.8213709592819214, 0.8110886812210083, 0.8221774101257324, 0.8201612830162048, 0.82036292552948, 0.8100806474685669, 0.8141129016876221, 0.821975827217102, 0.7963709831237793, 0.8177419304847717, 0.8272177577018738, 0.76169353723526, 0.8078628778457642, 0.824999988079071, 0.8252016305923462, 0.8165322542190552, 0.8310483694076538, 0.750806450843811, 0.8131048679351807, 0.8300403356552124, 0.8302419185638428, 0.8296371102333069, 0.8193548321723938, 0.8314515948295593, 0.821169376373291, 0.8338709473609924, 0.8330644965171814, 0.8356854915618896, 0.83205646276474, 0.8314515948295593, 0.8209677338600159, 0.8322580456733704, 0.8332661390304565, 0.8330644965171814], "val_loss": [1.8291915655136108, 1.5679547786712646, 1.401478886604309, 1.3004957437515259, 1.2356404066085815, 1.1888628005981445, 1.1616400480270386, 1.1330523490905762, 1.1189833879470825, 1.1031631231307983, 1.086198091506958, 1.0827115774154663, 1.0697059631347656, 1.062047004699707, 1.056867241859436, 1.050088882446289, 1.0452005863189697, 1.0386912822723389, 1.036020040512085, 1.0304055213928223, 1.02516770362854, 1.019021987915039, 1.012654423713684, 1.0208717584609985, 1.0077658891677856, 1.0027974843978882, 0.9951899647712708, 1.0001542568206787, 0.995469331741333, 0.9775052070617676, 0.9736530184745789, 0.962908148765564, 0.9714181423187256, 0.9470447301864624, 0.9403977990150452, 0.9426171183586121, 0.9339038729667664, 0.9471275210380554, 0.943183183670044, 0.9193372130393982, 0.9189836978912354, 0.915931761264801, 0.9291890859603882, 0.9366366267204285, 0.9074639081954956, 0.8963508009910583, 0.9184620380401611, 0.9084653854370117, 0.9271230101585388, 1.0054163932800293, 0.9665390253067017, 0.906810462474823, 0.9190618991851807, 0.9216814637184143, 0.944256603717804, 0.9257107377052307, 0.9407259821891785, 0.9234378933906555, 0.9165298938751221, 0.9295492768287659, 0.9367518424987793, 0.9329278469085693, 0.9336467385292053, 0.9261969923973083, 0.9268761277198792, 0.9344788789749146, 0.9693955183029175, 0.9278013110160828, 0.9447261691093445, 0.9104428887367249, 0.928422212600708, 0.9972670078277588, 0.9402201771736145, 0.9490835666656494, 0.9951618909835815, 0.9313932061195374, 0.9347224831581116, 0.9604499936103821, 0.959246039390564, 0.9384682178497314, 0.926317572593689, 0.9232888221740723, 0.9355522990226746, 1.0951323509216309, 0.9025263786315918, 0.915489137172699, 0.925112247467041, 0.962243378162384, 0.9022621512413025, 0.9883771538734436, 0.9459430575370789, 0.9711117744445801, 0.941852867603302, 0.9486715197563171, 0.9357603788375854, 0.9618989825248718, 0.9599286317825317, 0.924283504486084, 0.9529299736022949, 0.980419933795929], "val_accuracy": [0.4735887050628662, 0.5169354677200317, 0.5381048321723938, 0.5481854677200317, 0.5520161390304565, 0.5534273982048035, 0.5544354915618896, 0.5643145442008972, 0.5618951320648193, 0.5625, 0.5756048560142517, 0.5729838609695435, 0.5794354677200317, 0.5862902998924255, 0.5864919424057007, 0.59375, 0.602419376373291, 0.6018145084381104, 0.604637086391449, 0.6044355034828186, 0.6106854677200317, 0.6161290407180786, 0.6175402998924255, 0.6167338490486145, 0.6215725541114807, 0.6254032254219055, 0.6294354796409607, 0.6266129016876221, 0.6304435729980469, 0.6461693644523621, 0.6417338848114014, 0.6512096524238586, 0.6493951678276062, 0.6586693525314331, 0.66411292552948, 0.6703628897666931, 0.6721774339675903, 0.6665322780609131, 0.6697580814361572, 0.688306450843811, 0.6895161271095276, 0.6933467984199524, 0.6818548440933228, 0.6850806474685669, 0.7008064389228821, 0.7072580456733704, 0.696975827217102, 0.7026209831237793, 0.6919354796409607, 0.6725806593894958, 0.6806451678276062, 0.7050403356552124, 0.7006048560142517, 0.6997984051704407, 0.6887096762657166, 0.7026209831237793, 0.6947580575942993, 0.7014113068580627, 0.7026209831237793, 0.7010080814361572, 0.6977822780609131, 0.6977822780609131, 0.7032257914543152, 0.706250011920929, 0.7086693644523621, 0.698387086391449, 0.6826612949371338, 0.7068548202514648, 0.7032257914543152, 0.7058467864990234, 0.7008064389228821, 0.6848790049552917, 0.696975827217102, 0.6967741847038269, 0.6745967864990234, 0.699999988079071, 0.7024193406105042, 0.6939516067504883, 0.6949597001075745, 0.7030242085456848, 0.7056451439857483, 0.7096773982048035, 0.699999988079071, 0.6540322303771973, 0.7086693644523621, 0.706250011920929, 0.7060483694076538, 0.6931451559066772, 0.7175403237342834, 0.6887096762657166, 0.6997984051704407, 0.6893145442008972, 0.6995967626571655, 0.696169376373291, 0.6993951797485352, 0.6895161271095276, 0.7026209831237793, 0.7010080814361572, 0.6987903118133545, 0.6881048679351807],