{"loss": [2.941876173019409, 1.8986773490905762, 1.6662615537643433, 1.5396043062210083, 1.4376671314239502, 1.3536710739135742, 1.284836769104004, 1.225991129875183, 1.172613263130188, 1.1298435926437378, 1.0860146284103394, 1.0454250574111938, 1.0026897192001343, 0.9701153039932251, 0.9380130171775818, 0.9106941223144531, 0.8876436352729797, 0.8656887412071228, 0.8468272686004639, 0.8284273743629456, 0.8139354586601257, 0.798310399055481, 0.7846905589103699, 0.7726320624351501, 0.7598715424537659, 0.7451063394546509, 0.7337089776992798, 0.7200078368186951, 0.7084654569625854, 0.6958804726600647, 0.6778838634490967, 0.6631849408149719, 0.6486956477165222, 0.6353844404220581, 0.6207090020179749, 0.6053991913795471, 0.5927156805992126, 0.5800359845161438, 0.5691191554069519, 0.5576184988021851, 0.5459560751914978, 0.5368711948394775, 0.5264908075332642, 0.5183485150337219, 0.5102900862693787, 0.5005583167076111, 0.4943529963493347, 0.4867939054965973, 0.4796886742115021, 0.4714285433292389, 0.4658314883708954, 0.45845693349838257, 0.4508545398712158, 0.44579559564590454, 0.4385882318019867, 0.432218074798584, 0.42541298270225525, 0.42086589336395264, 0.41413021087646484, 0.4085744619369507, 0.4035024344921112, 0.39672940969467163, 0.3923993706703186, 0.38677656650543213, 0.3820258378982544, 0.37861597537994385, 0.3750236928462982, 0.37077414989471436, 0.3665017783641815, 0.3621448278427124, 0.3593967854976654, 0.3540422320365906, 0.3526771068572998, 0.349070280790329, 0.345541387796402, 0.34340786933898926, 0.34013310074806213, 0.336281955242157, 0.33418008685112, 0.3315478563308716, 0.3286750316619873, 0.32520195841789246, 0.32260239124298096, 0.32140299677848816, 0.31793731451034546, 0.31645292043685913, 0.31242698431015015, 0.31097283959388733, 0.31094640493392944, 0.3081416189670563, 0.30407896637916565, 0.30445778369903564, 0.30156442523002625, 0.299386590719223, 0.29676172137260437, 0.2948668599128723, 0.29452192783355713, 0.2914864718914032, 0.29109689593315125, 0.2894326448440552], "accuracy": [0.3646586239337921, 0.5783132314682007, 0.6122490167617798, 0.6281124353408813, 0.6475903391838074, 0.6606425642967224, 0.672690749168396, 0.6815261244773865, 0.6913654804229736, 0.7022088170051575, 0.7134538292884827, 0.7222891449928284, 0.7291164398193359, 0.7337349653244019, 0.736947774887085, 0.7445783019065857, 0.747389554977417, 0.7524096369743347, 0.7566264867782593, 0.756425678730011, 0.7588353157043457, 0.7636545896530151, 0.7624498009681702, 0.7684739232063293, 0.7712851166725159, 0.7738955616950989, 0.7744979858398438, 0.7744979858398438, 0.7779116630554199, 0.7813252806663513, 0.785742998123169, 0.7887549996376038, 0.7903614640235901, 0.7959839105606079, 0.8006024360656738, 0.8012048006057739, 0.8034136295318604, 0.8064256906509399, 0.8106426000595093, 0.8118473887443542, 0.816867470741272, 0.8222891688346863, 0.8190762996673584, 0.8238955736160278, 0.8277108669281006, 0.8287148475646973, 0.8343373537063599, 0.836345374584198, 0.8381525874137878, 0.8393574357032776, 0.8423694968223572, 0.8491967916488647, 0.852008044719696, 0.850602388381958, 0.8568273186683655, 0.8578312993049622, 0.8644578456878662, 0.8628513813018799, 0.8624498248100281, 0.8642570376396179, 0.8696787357330322, 0.8724899888038635, 0.8728915452957153, 0.8716867566108704, 0.8769076466560364, 0.8771084547042847, 0.8755019903182983, 0.8785140514373779, 0.8807228803634644, 0.8817269206047058, 0.8835341334342957, 0.8835341334342957, 0.8857429623603821, 0.8881525993347168, 0.8875501751899719, 0.8885542154312134, 0.8899598121643066, 0.8901606202125549, 0.8935742974281311, 0.8911646604537964, 0.8935742974281311, 0.8923694491386414, 0.8951807022094727, 0.894176721572876, 0.8943775296211243, 0.8945783376693726, 0.897991955280304, 0.897991955280304, 0.897991955280304, 0.8985943794250488, 0.9012048244476318, 0.8995984196662903, 0.8991968035697937, 0.9030120372772217, 0.90321284532547, 0.9024096131324768, 0.90321284532547, 0.9052208662033081, 0.9072288870811462, 0.904618501663208], "val_loss": [2.1403942108154297, 1.8055974245071411, 1.6577197313308716, 1.5525310039520264, 1.4690923690795898, 1.407639980316162, 1.3511788845062256, 1.30561101436615, 1.2856996059417725, 1.2345178127288818, 1.1932445764541626, 1.1583999395370483, 1.1251499652862549, 1.0997593402862549, 1.0728657245635986, 1.0572357177734375, 1.041369915008545, 1.0194951295852661, 0.9995258450508118, 0.9944925308227539, 0.970919132232666, 0.9566404223442078, 0.9522615671157837, 0.938917875289917, 0.9355193376541138, 0.9243912100791931, 0.9050055742263794, 0.8944739103317261, 0.8928400874137878, 0.8800750970840454, 0.8481668829917908, 0.8392946720123291, 0.8228912949562073, 0.8076145052909851, 0.7973455190658569, 0.7911860942840576, 0.7691315412521362, 0.7543498873710632, 0.7463361024856567, 0.740074634552002, 0.7228361368179321, 0.7279344201087952, 0.7134195566177368, 0.7108075022697449, 0.6981577277183533, 0.6948525309562683, 0.6811299324035645, 0.6822665929794312, 0.6776930689811707, 0.6668790578842163, 0.6757839918136597, 0.6614173650741577, 0.6646977663040161, 0.6561306118965149, 0.6494331955909729, 0.6560654044151306, 0.6497321128845215, 0.6349787712097168, 0.6439472436904907, 0.6316314339637756, 0.6179544925689697, 0.6200902462005615, 0.6184834241867065, 0.631132960319519, 0.6227769255638123, 0.6244933605194092, 0.6103492975234985, 0.6093107461929321, 0.611243486404419, 0.6102378368377686, 0.6176082491874695, 0.5962536931037903, 0.5992250442504883, 0.6029155850410461, 0.6112923622131348, 0.6036502122879028, 0.5916401743888855, 0.6021121740341187, 0.6002374291419983, 0.596061646938324, 0.5808060169219971, 0.5840372443199158, 0.606456995010376, 0.5923622846603394, 0.5898789763450623, 0.5845168232917786, 0.582598090171814, 0.5773375034332275, 0.5761409401893616, 0.5767483115196228, 0.5779319405555725, 0.568911075592041, 0.5688307285308838, 0.5643223524093628, 0.5831258893013, 0.5919378399848938, 0.5650255084037781, 0.5830866098403931, 0.5675158500671387, 0.5715240836143494],