{"loss": [1.8302063941955566, 1.1955066919326782, 1.0236475467681885, 0.9292854070663452, 0.8727672100067139, 0.8286341428756714, 0.7946332693099976, 0.7660631537437439, 0.7413646578788757, 0.7193295359611511, 0.6994106769561768, 0.6821116209030151, 0.6654566526412964, 0.6507474780082703, 0.6346954703330994, 0.6235182285308838, 0.6101790070533752, 0.5987532138824463, 0.5876266956329346, 0.5765914916992188, 0.5667482018470764, 0.556911826133728, 0.5486156344413757, 0.5398975014686584, 0.530305027961731, 0.5227285623550415, 0.512836754322052, 0.503463625907898, 0.49377626180648804, 0.48535802960395813, 0.47562775015830994, 0.46584352850914, 0.4574076235294342, 0.4497571289539337, 0.44046974182128906, 0.43412259221076965, 0.42504698038101196, 0.41959017515182495, 0.4128241539001465, 0.4043619632720947, 0.39792513847351074, 0.3923211693763733, 0.388149619102478, 0.381565123796463, 0.3788686990737915, 0.37074798345565796, 0.36619091033935547, 0.36067795753479004, 0.3566395342350006, 0.351129412651062, 0.3468928635120392, 0.3424021899700165, 0.34006267786026, 0.33445224165916443, 0.33260998129844666, 0.3278515934944153, 0.3239073157310486, 0.32134169340133667, 0.3173017203807831, 0.31392866373062134, 0.30856773257255554, 0.3059118092060089, 0.30205947160720825, 0.2988796830177307, 0.29675397276878357, 0.2937312424182892, 0.2905727028846741, 0.28689008951187134, 0.2845154106616974, 0.28545448184013367, 0.2786300480365753, 0.2747494578361511, 0.27480101585388184, 0.27306893467903137, 0.2679394483566284, 0.2644291818141937, 0.26452550292015076, 0.2617073953151703, 0.2580817639827728, 0.2555493116378784, 0.25466278195381165, 0.25243231654167175, 0.2490922212600708, 0.24734894931316376, 0.2449236661195755, 0.24430958926677704, 0.24294357001781464, 0.23946745693683624, 0.23654724657535553, 0.23600348830223083, 0.23438763618469238, 0.23139488697052002, 0.22856022417545319, 0.22683803737163544, 0.23023740947246552, 0.22505705058574677, 0.22282353043556213, 0.22073501348495483, 0.222934752702713, 0.22077585756778717], "accuracy": [0.43289870023727417, 0.5436308979988098, 0.5807422399520874, 0.6068204641342163, 0.626278817653656, 0.6505516767501831, 0.6676028370857239, 0.691474437713623, 0.708726167678833, 0.7223671078681946, 0.737813413143158, 0.7456369400024414, 0.7524573802947998, 0.7628886699676514, 0.7723169326782227, 0.7749247550964355, 0.7827482223510742, 0.7871614694595337, 0.79117351770401, 0.7969909906387329, 0.800000011920929, 0.8054162263870239, 0.8098294734954834, 0.81484454870224, 0.8226680159568787, 0.8230692148208618, 0.8312938809394836, 0.8371113538742065, 0.841524600982666, 0.8411233425140381, 0.843731164932251, 0.8505516648292542, 0.8527582883834839, 0.8553661108016968, 0.8593781590461731, 0.8627883791923523, 0.8663991689682007, 0.8651955723762512, 0.8694082498550415, 0.8702106475830078, 0.8748244643211365, 0.8750250935554504, 0.8762286901473999, 0.8780341148376465, 0.8820461630821228, 0.8840521574020386, 0.8856569528579712, 0.8874623775482178, 0.8904713988304138, 0.8918756246566772, 0.8928786516189575, 0.8930792212486267, 0.893881618976593, 0.8936810493469238, 0.894082248210907, 0.8964894413948059, 0.8994985222816467, 0.8968906998634338, 0.8990972638130188, 0.9017050862312317, 0.9011033177375793, 0.8996990919113159, 0.9015045166015625, 0.9029087424278259, 0.9073219895362854, 0.905917763710022, 0.9071213603019714, 0.908926784992218, 0.9073219895362854, 0.9043129682540894, 0.9097291827201843, 0.9127382040023804, 0.9111334085464478, 0.9081243872642517, 0.912136435508728, 0.9133400321006775, 0.914543628692627, 0.9149448275566101, 0.9171514511108398, 0.9167502522468567, 0.9181544780731201, 0.9183550477027893, 0.9185556769371033, 0.9221665263175964, 0.920762300491333, 0.9209628701210022, 0.9195587038993835, 0.9251755475997925, 0.9249749183654785, 0.9245737195014954, 0.9249749183654785, 0.9259779453277588, 0.9265797138214111, 0.9285857677459717, 0.9267803430557251, 0.9285857677459717, 0.9299899935722351, 0.9313941597938538, 0.9289869666099548, 0.9309929609298706], "val_loss": [1.3655869960784912, 1.12893545627594, 1.0246275663375854, 0.9550142884254456, 0.913489580154419, 0.8849025368690491, 0.8652577996253967, 0.8507691025733948, 0.8293398022651672, 0.8148820996284485, 0.7990251779556274, 0.7917045950889587, 0.7815573215484619, 0.7686883211135864, 0.7630596160888672, 0.752680242061615, 0.7474201917648315, 0.7376207709312439, 0.7275086045265198, 0.7252027988433838, 0.7188910245895386, 0.7148230671882629, 0.7133930325508118, 0.7025789022445679, 0.7102657556533813, 0.6979747414588928, 0.695990800857544, 0.6900076270103455, 0.6950791478157043, 0.6874108910560608, 0.6836759448051453, 0.6775126457214355, 0.6819019317626953, 0.681890606880188, 0.6879432797431946, 0.6833580136299133, 0.6752703189849854, 0.6769773960113525, 0.6749836206436157, 0.6709453463554382, 0.6767398715019226, 0.6785938143730164, 0.6776499152183533, 0.6736838221549988, 0.6671866774559021, 0.6710677146911621, 0.6867325901985168, 0.6711463928222656, 0.6625451445579529, 0.6761674284934998, 0.672955334186554, 0.663530170917511, 0.6712380647659302, 0.6633487939834595, 0.6719546318054199, 0.6599470973014832, 0.6640475392341614, 0.6500709056854248, 0.6686925292015076, 0.6696507930755615, 0.6558273434638977, 0.6734818816184998, 0.6564232707023621, 0.6720831394195557, 0.6599527597427368, 0.6577028036117554, 0.6609516143798828, 0.6583875417709351, 0.6557998657226562, 0.6529830694198608, 0.6555929183959961, 0.6529994010925293, 0.6676365733146667, 0.6603439450263977, 0.6621484756469727, 0.6521610021591187, 0.6554328799247742, 0.6645386815071106, 0.6663030982017517, 0.6644541025161743, 0.6601525545120239, 0.6689377427101135, 0.663323700428009, 0.6599969863891602, 0.672511637210846, 0.6589149832725525, 0.6776114702224731, 0.6614687442779541, 0.6870179176330566, 0.6769156455993652, 0.6859970688819885, 0.6807461380958557, 0.6769576072692871, 0.7121419906616211, 0.6847738027572632, 0.6888696551322937, 0.6830326914787292, 0.7015225291252136, 0.6898342370986938, 0.6948041319847107],