{"loss": [3.8847405910491943, 2.2862448692321777, 1.7153393030166626, 1.4761706590652466, 1.3363616466522217, 1.244158387184143, 1.180384635925293, 1.132948875427246, 1.0970617532730103, 1.0691031217575073, 1.0446009635925293, 1.025449275970459, 1.0074375867843628, 0.9916754961013794, 0.9770476818084717, 0.9624422192573547, 0.9536106586456299, 0.9429516792297363, 0.932255208492279, 0.9224035143852234, 0.9146167039871216, 0.9065107703208923, 0.8991805911064148, 0.892441987991333, 0.8855924606323242, 0.8766298294067383, 0.8725495934486389, 0.867515504360199, 0.8620036244392395, 0.8562701940536499, 0.8535673022270203, 0.8482460379600525, 0.8425573706626892, 0.8385215997695923, 0.8341147899627686, 0.8322417140007019, 0.829365074634552, 0.8245583772659302, 0.821755588054657, 0.8184369206428528, 0.8156793713569641, 0.8134896159172058, 0.8090619444847107, 0.8054438233375549, 0.8049796223640442, 0.8009483814239502, 0.7992046475410461, 0.7967716455459595, 0.7956615686416626, 0.793861448764801, 0.7899856567382812, 0.7884526252746582, 0.7857992649078369, 0.7831870317459106, 0.7838245630264282, 0.7797797322273254, 0.7765357494354248, 0.774616003036499, 0.7740145921707153, 0.7749324440956116, 0.7716996669769287, 0.7675042152404785, 0.7672437429428101, 0.7650757431983948, 0.7648911476135254, 0.7649573683738708, 0.762990415096283, 0.7584327459335327, 0.7585970163345337, 0.755250096321106, 0.7550218105316162, 0.7531536817550659, 0.7518128752708435, 0.7527258396148682, 0.7483396530151367, 0.7476640939712524, 0.7471681237220764, 0.7467586398124695, 0.74884033203125, 0.7433971166610718, 0.7413167357444763, 0.7409291863441467, 0.7383001446723938, 0.7385237812995911, 0.7371547818183899, 0.7355455756187439, 0.7351462244987488, 0.7326834201812744, 0.7335118055343628, 0.7312731146812439, 0.730741024017334, 0.7294077277183533, 0.7285706400871277, 0.7271349430084229, 0.7264517545700073, 0.7243801951408386, 0.7239430546760559, 0.7240947484970093, 0.7216183543205261, 0.7201770544052124], "accuracy": [0.38567712903022766, 0.43768754601478577, 0.4900980293750763, 0.5175034999847412, 0.5401080250740051, 0.546309232711792, 0.5619123578071594, 0.5653130412101746, 0.5747149586677551, 0.577915608882904, 0.5793158411979675, 0.5855171084403992, 0.5891178250312805, 0.5883176922798157, 0.5897179245948792, 0.5899179577827454, 0.5967193245887756, 0.600320041179657, 0.6037207245826721, 0.604720950126648, 0.6149230003356934, 0.6107221245765686, 0.615523099899292, 0.6179235577583313, 0.6211242079734802, 0.6255251169204712, 0.6247249245643616, 0.6331266164779663, 0.6325265169143677, 0.6367273330688477, 0.6375275254249573, 0.6401280164718628, 0.6425285339355469, 0.6461292505264282, 0.6507301330566406, 0.6489297747612, 0.6545308828353882, 0.6531306505203247, 0.6485297083854675, 0.6535307168960571, 0.6551310420036316, 0.6557311415672302, 0.6607321500778198, 0.6657331585884094, 0.6607321500778198, 0.6671334505081177, 0.6657331585884094, 0.6683336496353149, 0.6697339415550232, 0.6665332913398743, 0.6715342998504639, 0.6723344922065735, 0.6783356666564941, 0.6775355339050293, 0.6755350828170776, 0.6797359585762024, 0.6767353415489197, 0.6789357662200928, 0.6815363168716431, 0.6779356002807617, 0.6805360913276672, 0.6863372921943665, 0.6851370334625244, 0.6817363500595093, 0.6899380087852478, 0.6873374581336975, 0.6855370998382568, 0.6867373585700989, 0.6887377500534058, 0.6937387585639954, 0.6937387585639954, 0.6969394087791443, 0.6957391500473022, 0.6939387917518616, 0.7007401585578918, 0.7005401253700256, 0.7011402249336243, 0.6961392164230347, 0.6951390504837036, 0.7029405832290649, 0.6975395083427429, 0.7043408751487732, 0.7035406827926636, 0.7021404504776001, 0.7063412666320801, 0.7053410410881042, 0.7081416249275208, 0.704140841960907, 0.7049409747123718, 0.7067413330078125, 0.7029405832290649, 0.704140841960907, 0.7049409747123718, 0.7131426334381104, 0.7075415253639221, 0.7135426998138428, 0.7105420827865601, 0.7125425338745117, 0.7105420827865601, 0.7133426666259766], "val_loss": [2.800025701522827, 1.9287388324737549, 1.6119567155838013, 1.437576413154602, 1.3378515243530273, 1.2661676406860352, 1.2200764417648315, 1.186649203300476, 1.1512585878372192, 1.126226782798767, 1.1079801321029663, 1.0940438508987427, 1.0803672075271606, 1.070096731185913, 1.0554057359695435, 1.0460796356201172, 1.0389052629470825, 1.0262638330459595, 1.0173289775848389, 1.0112941265106201, 1.0135222673416138, 1.0057077407836914, 0.9970345497131348, 0.9880651831626892, 0.9846826791763306, 0.9853171110153198, 0.9744613766670227, 0.9764547348022461, 0.9727942943572998, 0.9649496078491211, 0.9607666730880737, 0.9581659436225891, 0.9546279311180115, 0.9561305642127991, 0.9493145942687988, 0.9510538578033447, 0.9517979025840759, 0.9488322734832764, 0.9400668144226074, 0.9393176436424255, 0.943287193775177, 0.9370375275611877, 0.9338705539703369, 0.936858057975769, 0.9314053058624268, 0.9292435646057129, 0.9304392337799072, 0.9336925745010376, 0.9302343130111694, 0.9270723462104797, 0.9256006479263306, 0.9246715307235718, 0.9213434457778931, 0.9298417568206787, 0.9206591248512268, 0.9207112789154053, 0.9215295314788818, 0.921116054058075, 0.920465350151062, 0.9146188497543335, 0.9147496223449707, 0.9165854454040527, 0.9163082838058472, 0.9210858941078186, 0.9252814650535583, 0.9142586588859558, 0.9142729043960571, 0.9122633934020996, 0.9187139272689819, 0.9077705144882202, 0.907031238079071, 0.9097263813018799, 0.9085915684700012, 0.9091018438339233, 0.9040315747261047, 0.9048012495040894, 0.9051617980003357, 0.9064948558807373, 0.9128502607345581, 0.9040115475654602, 0.9032898545265198, 0.9045876264572144, 0.9094714522361755, 0.9029427766799927, 0.9019209146499634, 0.8980526328086853, 0.8959226608276367, 0.9031499624252319, 0.9004337191581726, 0.8992330431938171, 0.8989904522895813, 0.9039838314056396, 0.8992916941642761, 0.897438645362854, 0.8999750018119812, 0.8961353898048401, 0.9044068455696106, 0.8938432335853577, 0.9028240442276001, 0.9041551351547241],