{"loss": [1.5488605499267578, 1.0858590602874756, 0.9439014196395874, 0.8753273487091064, 0.8340070247650146, 0.802937388420105, 0.7772040963172913, 0.7557641863822937, 0.734092652797699, 0.7162381410598755, 0.6991760730743408, 0.6852149963378906, 0.6708182096481323, 0.6580920219421387, 0.6436625719070435, 0.6332979202270508, 0.6237366199493408, 0.6129218339920044, 0.6021785736083984, 0.5922336578369141, 0.5838090181350708, 0.573428750038147, 0.5666201710700989, 0.5590393543243408, 0.5498511791229248, 0.5448113679885864, 0.5364847183227539, 0.5295910239219666, 0.5232784748077393, 0.5167511701583862, 0.5111681222915649, 0.5050179362297058, 0.5016496181488037, 0.4960484504699707, 0.4901895225048065, 0.48638901114463806, 0.4807056784629822, 0.4776890277862549, 0.4731392562389374, 0.4667268991470337, 0.46305614709854126, 0.4569471478462219, 0.4530094563961029, 0.4464544951915741, 0.4426495432853699, 0.43768516182899475, 0.4319268465042114, 0.4272104501724243, 0.421591579914093, 0.4172363877296448, 0.41233959794044495, 0.40745100378990173, 0.4041905999183655, 0.3970978856086731, 0.39512595534324646, 0.3907245695590973, 0.38638195395469666, 0.3832266330718994, 0.3802375793457031, 0.37488460540771484, 0.3694559931755066, 0.3686832785606384, 0.3620132505893707, 0.3594911992549896, 0.35655054450035095, 0.3541002571582794, 0.3485879898071289, 0.3459899127483368, 0.34355244040489197, 0.33975648880004883, 0.33738455176353455, 0.3353458642959595, 0.33290165662765503, 0.3302147090435028, 0.32837000489234924, 0.3258410692214966, 0.3233674466609955, 0.3202039301395416, 0.31899070739746094, 0.31663933396339417, 0.3129555284976959, 0.3118152320384979, 0.30939820408821106, 0.3078673779964447, 0.30607348680496216, 0.3052818775177002, 0.3026987910270691, 0.3003729581832886, 0.2990834712982178, 0.296652615070343, 0.29616403579711914, 0.29373598098754883, 0.29135996103286743, 0.29041191935539246, 0.28941115736961365, 0.2868155837059021, 0.28533071279525757, 0.2830670475959778, 0.28221961855888367, 0.28107503056526184], "accuracy": [0.45677030086517334, 0.5963891744613647, 0.6298896670341492, 0.6477432250976562, 0.6631895899772644, 0.6696088314056396, 0.6874623894691467, 0.6960882544517517, 0.7137412428855896, 0.7253761291503906, 0.735406219959259, 0.7418254613876343, 0.7474423050880432, 0.7542628049850464, 0.7586760520935059, 0.7681043148040771, 0.767703115940094, 0.7751253843307495, 0.7789368033409119, 0.7837512493133545, 0.7857572436332703, 0.7917753458023071, 0.7917753458023071, 0.7981945872306824, 0.7981945872306824, 0.8012036085128784, 0.8048144578933716, 0.8086258769035339, 0.809227705001831, 0.8100301027297974, 0.8126379251480103, 0.8152457475662231, 0.8192577958106995, 0.8186559677124023, 0.8186559677124023, 0.8194583654403687, 0.8242728114128113, 0.8230692148208618, 0.8276830315589905, 0.826680064201355, 0.8312938809394836, 0.8314945101737976, 0.8316950798034668, 0.8312938809394836, 0.835105299949646, 0.8357071280479431, 0.8367101550102234, 0.841524600982666, 0.8459377884864807, 0.8477432131767273, 0.853159487247467, 0.8519558906555176, 0.853159487247467, 0.8581745028495789, 0.8561685085296631, 0.8623871803283691, 0.8611835241317749, 0.8635907769203186, 0.8661985993385315, 0.8661985993385315, 0.8692076206207275, 0.8688064217567444, 0.8714142441749573, 0.870611846446991, 0.8754262924194336, 0.8780341148376465, 0.8766298890113831, 0.8820461630821228, 0.8812437057495117, 0.8826479315757751, 0.8832497596740723, 0.8868606090545654, 0.8862587809562683, 0.8886659741401672, 0.8878635764122009, 0.8900701999664307, 0.8916749954223633, 0.8892678022384644, 0.894082248210907, 0.8920762538909912, 0.8944834470748901, 0.893881618976593, 0.8966900706291199, 0.8934804201126099, 0.8964894413948059, 0.8974924683570862, 0.8982948660850525, 0.9005014896392822, 0.900300920009613, 0.9017050862312317, 0.9021063446998596, 0.9025075435638428, 0.9041123390197754, 0.9031093120574951, 0.9069207906723022, 0.905717134475708, 0.9079237580299377, 0.9083249568939209, 0.9083249568939209, 0.9075225591659546], "val_loss": [1.2039936780929565, 1.0189915895462036, 0.9605317711830139, 0.9162983894348145, 0.8843892812728882, 0.8678911924362183, 0.843595027923584, 0.8280878067016602, 0.8159897923469543, 0.7995493412017822, 0.7965848445892334, 0.7850046157836914, 0.7826225757598877, 0.7747741937637329, 0.771091103553772, 0.765327513217926, 0.7630884647369385, 0.7613198757171631, 0.7538595199584961, 0.7556582689285278, 0.7605066895484924, 0.7482077479362488, 0.7528824210166931, 0.7446316480636597, 0.7379698157310486, 0.7344483137130737, 0.7378814816474915, 0.7430974841117859, 0.7357240915298462, 0.7413260340690613, 0.7456604838371277, 0.7369664311408997, 0.7377598881721497, 0.7303848266601562, 0.7351481914520264, 0.7252272367477417, 0.7183966040611267, 0.7172366976737976, 0.713764488697052, 0.7086488008499146, 0.7190936803817749, 0.7197651863098145, 0.7124947905540466, 0.7060914635658264, 0.6970336437225342, 0.6924560070037842, 0.6896186470985413, 0.6891672015190125, 0.6779447793960571, 0.6784111857414246, 0.6757012009620667, 0.6679834127426147, 0.6823326349258423, 0.6575543284416199, 0.6655285954475403, 0.6526138186454773, 0.6564770936965942, 0.6544914245605469, 0.6900885701179504, 0.6657150387763977, 0.6599084734916687, 0.6792614459991455, 0.6623876094818115, 0.6624442934989929, 0.6540833711624146, 0.6567723751068115, 0.6722922325134277, 0.6765763163566589, 0.6642013192176819, 0.6724967956542969, 0.6739983558654785, 0.6854636073112488, 0.6734340190887451, 0.6655080914497375, 0.6845574378967285, 0.6869251728057861, 0.6919757127761841, 0.6870406866073608, 0.6951662302017212, 0.6743475794792175, 0.6811369061470032, 0.6860342621803284, 0.6793710589408875, 0.7052136659622192, 0.6888655424118042, 0.6983980536460876, 0.6919474005699158, 0.6865282654762268, 0.707868754863739, 0.7029526829719543, 0.6823624968528748, 0.6889588236808777, 0.6996052861213684, 0.7130140662193298, 0.7217020392417908, 0.7010638117790222, 0.6942450404167175, 0.7219105362892151, 0.7155318260192871, 0.7061045169830322],