{"loss": [1.8972173929214478, 1.4773961305618286, 1.3289848566055298, 1.2392652034759521, 1.183372974395752, 1.1412221193313599, 1.1112360954284668, 1.0903087854385376, 1.068519949913025, 1.053428292274475, 1.0404891967773438, 1.0279455184936523, 1.0173009634017944, 1.0092872381210327, 0.9998601675033569, 0.9937307834625244, 0.9849109649658203, 0.9788674712181091, 0.9722779989242554, 0.9640038013458252, 0.9588893055915833, 0.9523659348487854, 0.9470645189285278, 0.9423601627349854, 0.9370017647743225, 0.9318028092384338, 0.930371880531311, 0.9246599674224854, 0.9209644794464111, 0.9181076884269714, 0.9132059216499329, 0.9101084470748901, 0.9052771329879761, 0.9049051403999329, 0.8989220857620239, 0.8965606093406677, 0.8932515978813171, 0.8893029093742371, 0.8885599970817566, 0.8849025964736938, 0.8834079504013062, 0.8806456923484802, 0.878476083278656, 0.8757199645042419, 0.8713341355323792, 0.8701568841934204, 0.8678349852561951, 0.8660969734191895, 0.8652022480964661, 0.8623266816139221, 0.8570238947868347, 0.8579615354537964, 0.8523768782615662, 0.8526498675346375, 0.8526197671890259, 0.8472604751586914, 0.8486429452896118, 0.8453462719917297, 0.843635082244873, 0.8386778235435486, 0.8345066905021667, 0.8327368497848511, 0.8318446278572083, 0.8292054533958435, 0.8280249238014221, 0.8240373134613037, 0.8245432376861572, 0.8199445009231567, 0.8160516023635864, 0.8198114037513733, 0.8164478540420532, 0.8126047253608704, 0.8117170929908752, 0.8083631992340088, 0.8056001663208008, 0.8043425679206848, 0.8040626049041748, 0.799208402633667, 0.7977489829063416, 0.7941232323646545, 0.7947272062301636, 0.7907723188400269, 0.7905861735343933, 0.786152184009552, 0.7858791351318359, 0.7851782441139221, 0.7808672785758972, 0.7799811363220215, 0.7820711135864258, 0.7809167504310608, 0.7749249935150146, 0.7778105735778809, 0.7776466608047485, 0.7706957459449768, 0.7712646126747131, 0.7707633376121521, 0.7662925124168396, 0.7695407867431641, 0.7668173909187317, 0.7661703824996948], "accuracy": [0.3702221214771271, 0.4734840989112854, 0.5073043704032898, 0.5257154107093811, 0.5335201025009155, 0.5425255298614502, 0.5465279221534729, 0.5487292408943176, 0.5581348538398743, 0.5551331043243408, 0.5587352514266968, 0.5623373985290527, 0.5655393004417419, 0.5671402812004089, 0.5757454633712769, 0.5763458013534546, 0.580748438835144, 0.5851510763168335, 0.590954601764679, 0.5927556753158569, 0.5989593863487244, 0.6005603075027466, 0.604762852191925, 0.6073644161224365, 0.6109665632247925, 0.6161696910858154, 0.6141685247421265, 0.6193716526031494, 0.6255753636360168, 0.6251751184463501, 0.6261757016181946, 0.6309785842895508, 0.635781466960907, 0.6349809765815735, 0.6441864967346191, 0.6407844424247742, 0.6477886438369751, 0.6433860063552856, 0.6473884582519531, 0.6471883058547974, 0.6513908505439758, 0.6451871395111084, 0.6523914337158203, 0.6517910957336426, 0.6573944091796875, 0.6549929976463318, 0.6639984250068665, 0.6609966158866882, 0.6635981798171997, 0.6607964634895325, 0.6670001745223999, 0.6696017384529114, 0.6710026264190674, 0.6708024740219116, 0.6724034547805786, 0.6750050187110901, 0.6760056018829346, 0.6784070730209351, 0.682009220123291, 0.6810085773468018, 0.677006185054779, 0.6812087297439575, 0.6868121027946472, 0.685611367225647, 0.680408239364624, 0.6868121027946472, 0.6848108768463135, 0.6878126859664917, 0.6902141571044922, 0.6834100484848022, 0.687212347984314, 0.6940163969993591, 0.6890134215354919, 0.6906143426895142, 0.6944166421890259, 0.6960176229476929, 0.6894136667251587, 0.7010205984115601, 0.6974184513092041, 0.6978186964988708, 0.6980187892913818, 0.704222559928894, 0.7018210887908936, 0.6988192796707153, 0.7032219171524048, 0.6998198628425598, 0.704622745513916, 0.7064238786697388, 0.702621579170227, 0.7012207508087158, 0.7058234810829163, 0.704222559928894, 0.7066239714622498, 0.7068241238594055, 0.7084250450134277, 0.7092255353927612, 0.7104262709617615, 0.7072243094444275, 0.7108265161514282, 0.7072243094444275], "val_loss": [1.5588536262512207, 1.3699619770050049, 1.268140435218811, 1.2062424421310425, 1.1655888557434082, 1.1469918489456177, 1.1220635175704956, 1.1086088418960571, 1.0994967222213745, 1.0930896997451782, 1.0806962251663208, 1.0728317499160767, 1.0677475929260254, 1.06131112575531, 1.0632187128067017, 1.0554454326629639, 1.0511597394943237, 1.045155644416809, 1.0442513227462769, 1.0421992540359497, 1.0387846231460571, 1.0364001989364624, 1.0332823991775513, 1.032861590385437, 1.0288338661193848, 1.0462446212768555, 1.0267283916473389, 1.022984504699707, 1.023655652999878, 1.0204955339431763, 1.0248903036117554, 1.021983027458191, 1.0159059762954712, 1.0184844732284546, 1.0124077796936035, 1.017101764678955, 1.0156073570251465, 1.0131170749664307, 1.00697660446167, 1.0163156986236572, 1.0234506130218506, 1.0061771869659424, 1.0077369213104248, 1.0058984756469727, 1.0053019523620605, 1.018574595451355, 1.0108872652053833, 1.0051268339157104, 1.0061113834381104, 1.0073819160461426, 1.0250158309936523, 1.000288724899292, 1.005228042602539, 0.9964206218719482, 1.0084788799285889, 1.0126926898956299, 1.0083715915679932, 1.0019903182983398, 1.0074383020401, 1.0042262077331543, 1.0050644874572754, 1.0036544799804688, 1.0084385871887207, 1.0025559663772583, 1.0040977001190186, 1.0092929601669312, 1.0021240711212158, 1.011274814605713, 1.0047801733016968, 1.0034384727478027, 1.0033507347106934, 1.0013470649719238, 1.00751531124115, 1.0017879009246826, 1.0027964115142822, 1.0009480714797974, 1.002902626991272, 1.0081342458724976, 1.0154446363449097, 1.0085176229476929, 1.0004645586013794, 1.005589246749878, 1.0030510425567627, 1.0065994262695312, 1.0050207376480103, 1.0092958211898804, 1.0003772974014282, 1.0108741521835327, 1.0180134773254395, 1.009352445602417, 1.007818579673767, 1.013586401939392, 1.006229281425476, 1.0177865028381348, 0.9949990510940552, 1.0018352270126343, 1.0182818174362183, 1.000717043876648, 1.0120259523391724, 0.9946565628051758], "val_accuracy": [0.44906944036483765, 0.5053032040596008, 0.5165098905563354, 0.5315189361572266, 0.537722647190094, 0.5461276769638062, 0.5381228923797607, 0.5485290884971619, 0.5451270937919617, 0.5553331971168518, 0.5551331043243408, 0.5561336874961853, 0.559935986995697, 0.5589353442192078, 0.5629377365112305, 0.5591354966163635, 0.5735441446304321, 0.5797478556632996, 0.5885531306266785, 0.5819491744041443, 0.5851510763168335, 0.5991594791412354, 0.5939563512802124, 0.5941565036773682, 0.6037622690200806, 0.5839503407478333, 0.6027616858482361, 0.6061636805534363, 0.6015609502792358, 0.613568127155304, 0.6069641709327698, 0.6103662252426147, 0.6137682795524597, 0.6121672987937927, 0.6177706718444824, 0.6165699362754822, 0.6105663180351257, 0.6211727261543274, 0.6205723285675049, 0.6193716526031494, 0.608364999294281, 0.6211727261543274, 0.6201720833778381, 0.6205723285675049, 0.6213728189468384, 0.6167700886726379, 0.6229737997055054, 0.6257754564285278, 0.6223734021186829, 0.6297778487205505, 0.6207724809646606, 0.6265759468078613, 0.6281769275665283, 0.630578339099884, 0.6223734021186829, 0.6205723285675049, 0.6235741376876831, 0.6301780939102173, 0.6223734021186829, 0.63418048620224, 0.6301780939102173, 0.6263758540153503, 0.6257754564285278, 0.6291775107383728, 0.6249749660491943, 0.6325795650482178, 0.628777265548706, 0.6317790746688843, 0.6343806385993958, 0.6267760396003723, 0.628977358341217, 0.6269761919975281, 0.6283770203590393, 0.6325795650482178, 0.6331799030303955, 0.632179319858551, 0.6345807313919067, 0.6297778487205505, 0.6223734021186829, 0.6267760396003723, 0.630578339099884, 0.6293776035308838, 0.628977358341217, 0.6327796578407288, 0.6299780011177063, 0.6259756088256836, 0.6285771727561951, 0.6293776035308838, 0.6269761919975281, 0.6297778487205505, 0.6311787366867065, 0.6265759468078613, 0.6249749660491943, 0.6243746280670166, 0.6349809765815735, 0.6313788294792175, 0.6279767751693726, 0.6337802410125732, 0.6277766823768616, 0.6295777559280396],