{"loss": [4.767457485198975, 3.848384141921997, 3.5585992336273193, 3.38472580909729, 3.2642881870269775, 3.1710667610168457, 3.0953152179718018, 3.0309829711914062, 2.970578193664551, 2.912338972091675, 2.8504490852355957, 2.7871899604797363, 2.717111825942993, 2.6392109394073486, 2.5696887969970703, 2.5093727111816406, 2.4546267986297607, 2.4054055213928223, 2.355247735977173, 2.309901237487793, 2.2685887813568115, 2.2308619022369385, 2.1950430870056152, 2.161672353744507, 2.1303162574768066, 2.1006977558135986, 2.0717623233795166, 2.042560577392578, 2.0136220455169678, 1.9847012758255005, 1.9529120922088623, 1.9182626008987427, 1.8794044256210327, 1.8328726291656494, 1.780922532081604, 1.7241389751434326, 1.6653562784194946, 1.6054452657699585, 1.5460832118988037, 1.487090826034546, 1.4336210489273071, 1.3883264064788818, 1.3504544496536255, 1.3191144466400146, 1.2914422750473022, 1.2623246908187866, 1.219296932220459, 1.1215330362319946, 1.0464415550231934, 1.019106149673462, 1.0041861534118652, 0.9924871921539307, 0.9824203252792358, 0.9736469984054565, 0.9656516313552856, 0.9579585790634155, 0.9513062834739685, 0.9445252418518066, 0.9391812682151794, 0.9345598816871643, 0.9289084672927856, 0.9238349795341492, 0.9194269776344299, 0.9145541787147522, 0.9113321900367737, 0.907028079032898, 0.9027858376502991, 0.8979186415672302, 0.8937507271766663, 0.8891774415969849, 0.8853554725646973, 0.8823016285896301, 0.8786625266075134, 0.8756992816925049, 0.8730528354644775, 0.8696447014808655, 0.8673645853996277, 0.8643295168876648, 0.8617240786552429, 0.8596462607383728, 0.8570496439933777, 0.854942262172699, 0.8525989651679993, 0.8508653044700623, 0.8487196564674377, 0.8469722270965576, 0.8457430601119995, 0.843036949634552, 0.8422573208808899, 0.8404375314712524, 0.8387998938560486, 0.8359911441802979, 0.8334919214248657, 0.8315353393554688, 0.8303191661834717, 0.827976644039154, 0.8263254165649414, 0.8244244456291199, 0.8227885961532593, 0.8220263123512268], "accuracy": [0.33386677503585815, 0.45169034600257874, 0.47629526257514954, 0.5023004412651062, 0.5303060412406921, 0.5511102080345154, 0.5585116744041443, 0.5649129748344421, 0.5729146003723145, 0.5773154497146606, 0.5795158743858337, 0.5849170088768005, 0.586317241191864, 0.5871174335479736, 0.5877175331115723, 0.5845168828964233, 0.5871174335479736, 0.590718150138855, 0.5905181169509888, 0.5899179577827454, 0.5955191254615784, 0.5953190922737122, 0.5989198088645935, 0.600320041179657, 0.6033206582069397, 0.6041208505630493, 0.6025205254554749, 0.6061212420463562, 0.60592120885849, 0.606921374797821, 0.611322283744812, 0.6043208837509155, 0.6083216667175293, 0.604720950126648, 0.6073214411735535, 0.6073214411735535, 0.6087217330932617, 0.6109221577644348, 0.6071214079856873, 0.6109221577644348, 0.6119223833084106, 0.6117223501205444, 0.6149230003356934, 0.6189237833023071, 0.6187237501144409, 0.6203240752220154, 0.619924008846283, 0.6185237169265747, 0.6163232922554016, 0.6161231994628906, 0.622124433517456, 0.6237247586250305, 0.6191238164901733, 0.6251250505447388, 0.6281256079673767, 0.6265252828598022, 0.6277255415916443, 0.6291258335113525, 0.6275255084037781, 0.6311262249946594, 0.6291258335113525, 0.6301259994506836, 0.6297259330749512, 0.6317263245582581, 0.6315262913703918, 0.6331266164779663, 0.636127233505249, 0.6369273662567139, 0.6387277245521545, 0.6357271671295166, 0.641528308391571, 0.6413282752037048, 0.6435286998748779, 0.6433286666870117, 0.6423284411430359, 0.6455290913581848, 0.6471294164657593, 0.6465293169021606, 0.6461292505264282, 0.6485297083854675, 0.6509301662445068, 0.6523304581642151, 0.6497299671173096, 0.6517303586006165, 0.6527305245399475, 0.6523304581642151, 0.655531108379364, 0.6591318249702454, 0.6529305577278137, 0.6583316922187805, 0.6593318581581116, 0.6601320505142212, 0.6569314002990723, 0.6599319577217102, 0.6645328998565674, 0.6623324751853943, 0.6655331254005432, 0.665132999420166, 0.6677335500717163, 0.6629325747489929], "val_loss": [4.123226642608643, 3.7248804569244385, 3.518599510192871, 3.3745779991149902, 3.2685434818267822, 3.1811468601226807, 3.1098620891571045, 3.0528905391693115, 2.9881465435028076, 2.9313759803771973, 2.873563051223755, 2.814497232437134, 2.7526652812957764, 2.6934280395507812, 2.6370928287506104, 2.58587908744812, 2.536571502685547, 2.4861834049224854, 2.4392178058624268, 2.3924689292907715, 2.3526878356933594, 2.313521385192871, 2.279766082763672, 2.2456743717193604, 2.217442512512207, 2.186901330947876, 2.1579413414001465, 2.1324267387390137, 2.099031686782837, 2.072857618331909, 2.039762258529663, 2.0024912357330322, 1.9604429006576538, 1.9132782220840454, 1.8608877658843994, 1.8047312498092651, 1.7460472583770752, 1.6837595701217651, 1.6196184158325195, 1.5564641952514648, 1.4953824281692505, 1.4456862211227417, 1.4076480865478516, 1.374906301498413, 1.3445278406143188, 1.3117183446884155, 1.2479989528656006, 1.1311060190200806, 1.08920156955719, 1.0748330354690552, 1.0625673532485962, 1.0550868511199951, 1.0433502197265625, 1.039828896522522, 1.0326519012451172, 1.0248401165008545, 1.0200945138931274, 1.0178236961364746, 1.0144270658493042, 1.0074305534362793, 1.0063371658325195, 1.0036571025848389, 0.998037576675415, 0.9966094493865967, 0.992392897605896, 0.991028368473053, 0.9876071810722351, 0.9830605983734131, 0.9794395565986633, 0.9775224328041077, 0.9722597002983093, 0.971251368522644, 0.9692489504814148, 0.9686284065246582, 0.9659562706947327, 0.9632968306541443, 0.9619536995887756, 0.9611255526542664, 0.9623402953147888, 0.9598702192306519, 0.9580222964286804, 0.9579007625579834, 0.9547092318534851, 0.956299364566803, 0.9530249834060669, 0.9519291520118713, 0.9506630897521973, 0.9530394077301025, 0.9502682685852051, 0.9488210082054138, 0.9472699165344238, 0.9478485584259033, 0.946174681186676, 0.9435872435569763, 0.9432157874107361, 0.942676305770874, 0.9409573078155518, 0.9431266188621521, 0.9411103129386902, 0.9409522414207458], "val_accuracy": [0.4352870583534241, 0.45709142088890076, 0.4922984540462494, 0.5125024914741516, 0.5307061672210693, 0.5425084829330444, 0.547509491443634, 0.5543108582496643, 0.5581116080284119, 0.5589118003845215, 0.5637127161026001, 0.5585116744041443, 0.5705140829086304, 0.57131427526474, 0.5725144743919373, 0.570114016532898, 0.5765153169631958, 0.5763152837753296, 0.5711142420768738, 0.5789157748222351, 0.5811161994934082, 0.5861172080039978, 0.5831166505813599, 0.5869174003601074, 0.5835167169570923, 0.587517499923706, 0.5873174667358398, 0.5811161994934082, 0.5909181833267212, 0.5867173671722412, 0.5839167833328247, 0.5887177586555481, 0.5877175331115723, 0.5859171748161316, 0.5813162922859192, 0.5843168497085571, 0.5873174667358398, 0.5855171084403992, 0.5883176922798157, 0.5895178914070129, 0.594918966293335, 0.5929185748100281, 0.5955191254615784, 0.591718316078186, 0.5975195169448853, 0.5985196828842163, 0.596119225025177, 0.5867173671722412, 0.5969193577766418, 0.5957191586494446, 0.5983196496963501, 0.5985196828842163, 0.6067213416099548, 0.600320041179657, 0.6005200743675232, 0.605721116065979, 0.6091217994689941, 0.6043208837509155, 0.6013202667236328, 0.6109221577644348, 0.6075215339660645, 0.601520299911499, 0.6087217330932617, 0.6049209833145142, 0.6103220582008362, 0.6043208837509155, 0.6049209833145142, 0.6073214411735535, 0.6083216667175293, 0.6055210828781128, 0.6163232922554016, 0.6115223169326782, 0.6133226752281189, 0.6053210496902466, 0.6195238828659058, 0.6175234913825989, 0.6175234913825989, 0.6141228079795837, 0.6135227084159851, 0.6135227084159851, 0.6243248581886292, 0.6241248250007629, 0.6207241415977478, 0.6241248250007629, 0.6271254420280457, 0.6257251501083374, 0.629525899887085, 0.6247249245643616, 0.6287257671356201, 0.630726158618927, 0.6279255747795105, 0.626325249671936, 0.622124433517456, 0.6283256411552429, 0.626325249671936, 0.6325265169143677, 0.6297259330749512, 0.6265252828598022, 0.6309261918067932, 0.6271254420280457],