{"loss": [3.5558884143829346, 1.5362364053726196, 1.1362403631210327, 0.9762990474700928, 0.894667387008667, 0.8493830561637878, 0.803695797920227, 0.7683126330375671, 0.7395496368408203, 0.7158345580101013, 0.6963499784469604, 0.6789282560348511, 0.6650269031524658, 0.6484212875366211, 0.634060800075531, 0.6228113770484924, 0.6094787120819092, 0.5948765873908997, 0.5816463828086853, 0.5709019899368286, 0.5577529072761536, 0.5477299094200134, 0.5384570956230164, 0.5289790034294128, 0.5196998715400696, 0.5103455781936646, 0.49994710087776184, 0.49131911993026733, 0.4846264123916626, 0.4756181240081787, 0.4652610421180725, 0.45592808723449707, 0.4474565088748932, 0.4372844099998474, 0.42837926745414734, 0.4212166666984558, 0.41412127017974854, 0.40885818004608154, 0.40019968152046204, 0.3944169878959656, 0.38928985595703125, 0.38164907693862915, 0.37663233280181885, 0.372915655374527, 0.36711567640304565, 0.3601008653640747, 0.3554065227508545, 0.3495458662509918, 0.344363808631897, 0.3396395742893219, 0.3353983759880066, 0.33039772510528564, 0.32692646980285645, 0.3213847279548645, 0.31567150354385376, 0.31187954545021057, 0.3078096807003021, 0.3059031367301941, 0.3018479347229004, 0.2968847155570984, 0.2939354181289673, 0.2923184931278229, 0.28737589716911316, 0.2909744083881378, 0.28365835547447205, 0.27740171551704407, 0.27466514706611633, 0.2732491195201874, 0.27266785502433777, 0.268017053604126, 0.27537041902542114, 0.2636202275753021, 0.2602364718914032, 0.26059263944625854, 0.2581271231174469, 0.2555121183395386, 0.25416672229766846, 0.2539197504520416, 0.2505628168582916, 0.24853484332561493, 0.247863307595253, 0.2452090084552765, 0.24242624640464783, 0.24369509518146515, 0.2447986900806427, 0.24062645435333252, 0.23944836854934692, 0.23336735367774963, 0.2437363713979721, 0.24934500455856323, 0.23604202270507812, 0.2291487455368042, 0.2279966026544571, 0.22743737697601318, 0.22469201683998108, 0.22608888149261475, 0.22395086288452148, 0.23321162164211273, 0.22034533321857452, 0.22674401104450226], "accuracy": [0.4151209592819214, 0.5197580456733704, 0.5975806713104248, 0.6449596881866455, 0.6616935729980469, 0.678024172782898, 0.6905242204666138, 0.7026209831237793, 0.710080623626709, 0.719556450843811, 0.7250000238418579, 0.7322580814361572, 0.7441532015800476, 0.7475806474685669, 0.7614919543266296, 0.7657257914543152, 0.7705644965171814, 0.7838709950447083, 0.7881048321723938, 0.7887097001075745, 0.7993951439857483, 0.8018144965171814, 0.8060483932495117, 0.8110886812210083, 0.8122983574867249, 0.8173387050628662, 0.8207661509513855, 0.8282257914543152, 0.8266128897666931, 0.8336693644523621, 0.8391128778457642, 0.8411290049552917, 0.8447580933570862, 0.8473790287971497, 0.852419376373291, 0.8538306355476379, 0.8584677577018738, 0.8566532135009766, 0.8618951439857483, 0.8661290407180786, 0.8629032373428345, 0.8683467507362366, 0.8707661032676697, 0.8747983574867249, 0.8733870983123779, 0.8768145442008972, 0.8778225779533386, 0.8812500238418579, 0.8838709592819214, 0.8810483813285828, 0.8842741847038269, 0.8877016305923462, 0.8895161151885986, 0.8887096643447876, 0.8927419185638428, 0.8911290168762207, 0.8943548202514648, 0.8969758152961731, 0.9006048440933228, 0.899193525314331, 0.9018145203590393, 0.9016128778457642, 0.9056451320648193, 0.899193525314331, 0.9026209712028503, 0.9092742204666138, 0.9098790287971497, 0.9092742204666138, 0.9090725779533386, 0.9122983813285828, 0.9052419066429138, 0.9108871221542358, 0.9161290526390076, 0.9116935729980469, 0.9120967984199524, 0.9131048321723938, 0.91411292552948, 0.9137097001075745, 0.9159274101257324, 0.9169355034828186, 0.9165322780609131, 0.9183467626571655, 0.9201613068580627, 0.9175403118133545, 0.917137086391449, 0.9181451797485352, 0.9181451797485352, 0.9219757914543152, 0.918749988079071, 0.9165322780609131, 0.9209677577018738, 0.9227822422981262, 0.9245967864990234, 0.9254032373428345, 0.9245967864990234, 0.9247983694076538, 0.9247983694076538, 0.9201613068580627, 0.9274193644523621, 0.9256048202514648], "val_loss": [2.075749158859253, 1.396353006362915, 1.1758357286453247, 1.0847572088241577, 1.0328752994537354, 1.0005671977996826, 0.9784518480300903, 0.9520502090454102, 0.9324671626091003, 0.9220967888832092, 0.9038658738136292, 0.9079795479774475, 0.8866789937019348, 0.8808608651161194, 0.8696457147598267, 0.8647019863128662, 0.8477493524551392, 0.8423789739608765, 0.8234826326370239, 0.8194301724433899, 0.8111441135406494, 0.8020710349082947, 0.7915290594100952, 0.7800883054733276, 0.7773978114128113, 0.766463041305542, 0.771300733089447, 0.765051543712616, 0.7555246949195862, 0.7364675402641296, 0.743819534778595, 0.7325628399848938, 0.7365410327911377, 0.7259460687637329, 0.7297301888465881, 0.7264636754989624, 0.7196085453033447, 0.7138469815254211, 0.7246842980384827, 0.7165387868881226, 0.718544602394104, 0.7073432207107544, 0.7172195911407471, 0.7100859880447388, 0.7120659351348877, 0.724419355392456, 0.7123681902885437, 0.7227388024330139, 0.7278667688369751, 0.7187360525131226, 0.7139749526977539, 0.7268524169921875, 0.7152403593063354, 0.7170205116271973, 0.7237799167633057, 0.7213523983955383, 0.7238427996635437, 0.7222739458084106, 0.7350578308105469, 0.7399091720581055, 0.7358032464981079, 0.7304965853691101, 0.7419944405555725, 0.7362621426582336, 0.7328230142593384, 0.7262172698974609, 0.7475306987762451, 0.7400513887405396, 0.7464789152145386, 0.7544443011283875, 0.749200165271759, 0.739988386631012, 0.7559720873832703, 0.755598247051239, 0.754271388053894, 0.7465482354164124, 0.7680433392524719, 0.767704963684082, 0.7753291726112366, 0.7848185896873474, 0.7836689352989197, 0.7851770520210266, 0.8149290084838867, 0.7898157238960266, 0.7673227190971375, 0.790717363357544, 0.7900331020355225, 0.8035297393798828, 0.7872569561004639, 0.8020636439323425, 0.7961599230766296, 0.7872294187545776, 0.8024075031280518, 0.8246471285820007, 0.8113043904304504, 0.8110749125480652, 0.8180468082427979, 0.8064202070236206, 0.8072477579116821, 0.8136377930641174],