{"loss": [1.7102035284042358, 1.4978562593460083, 1.4183064699172974, 1.363235354423523, 1.3225167989730835, 1.2898868322372437, 1.2637239694595337, 1.2414424419403076, 1.2220324277877808, 1.205029845237732, 1.1884217262268066, 1.1734812259674072, 1.1578638553619385, 1.1412211656570435, 1.1211822032928467, 1.0945460796356201, 1.067017912864685, 1.046586036682129, 1.0310356616973877, 1.017586350440979, 0.9979912042617798, 0.9818123579025269, 0.9711140394210815, 0.9622356295585632, 0.9547677040100098, 0.94764643907547, 0.9418224692344666, 0.9368996620178223, 0.9310486912727356, 0.9257595539093018, 0.9216507077217102, 0.9171169996261597, 0.9126241207122803, 0.9084349274635315, 0.904960572719574, 0.9013798832893372, 0.8972506523132324, 0.8940204977989197, 0.890990138053894, 0.8875783085823059, 0.8845956921577454, 0.8815047144889832, 0.8785421848297119, 0.8757360577583313, 0.8736101984977722, 0.870776891708374, 0.868118941783905, 0.8652524352073669, 0.8640660047531128, 0.8606737852096558, 0.8595155477523804, 0.8570651412010193, 0.8549546003341675, 0.8526124358177185, 0.8509548306465149, 0.8488945960998535, 0.8466931581497192, 0.8456850647926331, 0.8432874083518982, 0.8425948619842529, 0.8406860828399658, 0.8384847044944763, 0.8368198275566101, 0.8350812792778015, 0.8343688249588013, 0.8324931859970093, 0.8309220671653748, 0.8293977975845337, 0.8283513188362122, 0.8265523910522461, 0.8246801495552063, 0.8240710496902466, 0.8222718834877014, 0.8212597370147705, 0.8197141289710999, 0.81793612241745, 0.8169910907745361, 0.8161184191703796, 0.8153215050697327, 0.8139070868492126, 0.8118534684181213, 0.8107401728630066, 0.809180498123169, 0.8085214495658875, 0.8069716095924377, 0.806093692779541, 0.8053621649742126, 0.8036026954650879, 0.8034902215003967, 0.802049994468689, 0.8014770150184631, 0.8005145192146301, 0.7986394762992859, 0.7978380918502808, 0.7972213625907898, 0.7956870794296265, 0.7950030565261841, 0.7935042381286621, 0.7931720018386841, 0.7925515174865723], "accuracy": [0.42788559198379517, 0.4976995289325714, 0.5239048004150391, 0.5315062999725342, 0.5377075672149658, 0.5401080250740051, 0.5425084829330444, 0.5455090999603271, 0.5539107918739319, 0.556111216545105, 0.5593118667602539, 0.5563112497329712, 0.561512291431427, 0.5649129748344421, 0.5681136250495911, 0.5665132999420166, 0.5725144743919373, 0.5741147994995117, 0.5737147331237793, 0.576715350151062, 0.5805160999298096, 0.5879175662994385, 0.5873174667358398, 0.5873174667358398, 0.5891178250312805, 0.591918408870697, 0.5927185416221619, 0.5887177586555481, 0.5927185416221619, 0.5965192914009094, 0.594918966293335, 0.5999199748039246, 0.5985196828842163, 0.600320041179657, 0.5977195501327515, 0.6039207577705383, 0.6017203330993652, 0.6055210828781128, 0.6041208505630493, 0.6049209833145142, 0.605721116065979, 0.6053210496902466, 0.6071214079856873, 0.6115223169326782, 0.611322283744812, 0.6107221245765686, 0.6087217330932617, 0.6115223169326782, 0.611322283744812, 0.611322283744812, 0.6117223501205444, 0.6169233918190002, 0.619723916053772, 0.6163232922554016, 0.6183236837387085, 0.6181236505508423, 0.6211242079734802, 0.6201240420341492, 0.6231245994567871, 0.6215243339538574, 0.6241248250007629, 0.6249249577522278, 0.6277255415916443, 0.6283256411552429, 0.626325249671936, 0.6265252828598022, 0.6303260922431946, 0.629525899887085, 0.6279255747795105, 0.6329265832901001, 0.6313262581825256, 0.6303260922431946, 0.6363272666931152, 0.6365272998809814, 0.6347269415855408, 0.6359272003173828, 0.6377275586128235, 0.6371273994445801, 0.6351270079612732, 0.6353270411491394, 0.6401280164718628, 0.6397279500961304, 0.6411282420158386, 0.6407281160354614, 0.6417283415794373, 0.640328049659729, 0.645729124546051, 0.6423284411430359, 0.6401280164718628, 0.6435286998748779, 0.6449289917945862, 0.6445289254188538, 0.6441287994384766, 0.6431286334991455, 0.6461292505264282, 0.6479296088218689, 0.6497299671173096, 0.6493298411369324, 0.6481296420097351, 0.6505300998687744], "val_loss": [1.5601221323013306, 1.4721225500106812, 1.4194104671478271, 1.3806997537612915, 1.352394700050354, 1.3253144025802612, 1.3054364919662476, 1.2851948738098145, 1.2679089307785034, 1.2519651651382446, 1.2349382638931274, 1.2205580472946167, 1.2060490846633911, 1.1860343217849731, 1.1612906455993652, 1.1292953491210938, 1.1030914783477783, 1.0851705074310303, 1.073026418685913, 1.0613590478897095, 1.0401111841201782, 1.0295345783233643, 1.021155595779419, 1.0149646997451782, 1.0074872970581055, 1.0025560855865479, 0.9989968538284302, 0.9938176274299622, 0.9898056983947754, 0.9859186410903931, 0.9826666712760925, 0.979315996170044, 0.9773147106170654, 0.9739547371864319, 0.9702907204627991, 0.9677289724349976, 0.9656285047531128, 0.9634937644004822, 0.9616026878356934, 0.9596093893051147, 0.9579619765281677, 0.9553160667419434, 0.9543367624282837, 0.9540983438491821, 0.9529203772544861, 0.9508517980575562, 0.9504647850990295, 0.9518528580665588, 0.9494931101799011, 0.9506415724754333, 0.9476410150527954, 0.9465962648391724, 0.9437092542648315, 0.9443639516830444, 0.9429519772529602, 0.9404457807540894, 0.9406875371932983, 0.9400510787963867, 0.938231885433197, 0.9372389316558838, 0.9362338185310364, 0.9354540109634399, 0.9359349608421326, 0.934333860874176, 0.9326502084732056, 0.9333825707435608, 0.9323889017105103, 0.9304348230361938, 0.9296414852142334, 0.9294813275337219, 0.9284558892250061, 0.928444504737854, 0.9269656538963318, 0.9262811541557312, 0.9268399477005005, 0.9259100556373596, 0.9245709776878357, 0.9238983392715454, 0.9261705875396729, 0.9235672354698181, 0.9230208396911621, 0.9230738878250122, 0.9220673441886902, 0.9222416877746582, 0.9203766584396362, 0.9202021956443787, 0.9197802543640137, 0.9209793210029602, 0.9188191294670105, 0.9179503917694092, 0.9175419807434082, 0.9173902273178101, 0.9172629714012146, 0.9156255125999451, 0.9159414172172546, 0.9158602356910706, 0.9149237275123596, 0.9154329895973206, 0.9143843650817871, 0.9134714603424072],