{"loss": [2.9248077869415283, 1.4617069959640503, 1.09637451171875, 0.9512395858764648, 0.8677414655685425, 0.8173927068710327, 0.7809929847717285, 0.7526252865791321, 0.7295215725898743, 0.7095307111740112, 0.6929322481155396, 0.6763652563095093, 0.6638190150260925, 0.6495048403739929, 0.6349486112594604, 0.6224112510681152, 0.6084133982658386, 0.5928265452384949, 0.5802390575408936, 0.5658110976219177, 0.5485053062438965, 0.5343232750892639, 0.5184144973754883, 0.5013430118560791, 0.4862431287765503, 0.4710310995578766, 0.45658600330352783, 0.44405683875083923, 0.43328508734703064, 0.42311277985572815, 0.41324517130851746, 0.4035037159919739, 0.396792471408844, 0.3869188725948334, 0.37795132398605347, 0.3722887635231018, 0.36558496952056885, 0.35867950320243835, 0.35279783606529236, 0.34751057624816895, 0.34113767743110657, 0.3357393741607666, 0.33063557744026184, 0.32591545581817627, 0.31993991136550903, 0.3152100145816803, 0.31186437606811523, 0.30688753724098206, 0.3027132749557495, 0.2998622953891754, 0.29515209794044495, 0.28971007466316223, 0.28689807653427124, 0.2832954525947571, 0.27873337268829346, 0.27584683895111084, 0.27257606387138367, 0.26825740933418274, 0.2665127217769623, 0.2623646855354309, 0.2591041922569275, 0.25707384943962097, 0.25427648425102234, 0.2511259615421295, 0.24774180352687836, 0.24584625661373138, 0.24263004958629608, 0.2381831705570221, 0.23723183572292328, 0.23411507904529572, 0.23336830735206604, 0.22946922481060028, 0.2273738980293274, 0.2263144701719284, 0.224611297249794, 0.2217368334531784, 0.219879150390625, 0.21846982836723328, 0.21814709901809692, 0.21621420979499817, 0.21624989807605743, 0.21183772385120392, 0.2106010615825653, 0.20924769341945648, 0.20909465849399567, 0.20732611417770386, 0.20476935803890228, 0.20298783481121063, 0.20208851993083954, 0.20139680802822113, 0.19960948824882507, 0.19802536070346832, 0.1988314837217331, 0.19674406945705414, 0.19477678835391998, 0.19443883001804352, 0.19365836679935455, 0.19207780063152313, 0.19087597727775574, 0.190412238240242], "accuracy": [0.37076613306999207, 0.4848790466785431, 0.5764113068580627, 0.6332661509513855, 0.6697580814361572, 0.6903225779533386, 0.6957661509513855, 0.7068548202514648, 0.7155241966247559, 0.72661292552948, 0.7302419543266296, 0.73830646276474, 0.7433467507362366, 0.7530242204666138, 0.7614919543266296, 0.7665322422981262, 0.7758064270019531, 0.7852822542190552, 0.7911290526390076, 0.7965725660324097, 0.8064516186714172, 0.8098790049552917, 0.8185483813285828, 0.8270161151885986, 0.8316532373428345, 0.8374999761581421, 0.8427419066429138, 0.8510080575942993, 0.854637086391449, 0.8600806593894958, 0.8629032373428345, 0.8673387169837952, 0.8691532015800476, 0.8725806474685669, 0.8756048679351807, 0.8766129016876221, 0.8784274458885193, 0.8784274458885193, 0.8808467984199524, 0.88286292552948, 0.8816532492637634, 0.8854838609695435, 0.8872984051704407, 0.8913306593894958, 0.8931451439857483, 0.8949596881866455, 0.8961693644523621, 0.8965725898742676, 0.8995967507362366, 0.899193525314331, 0.8987902998924255, 0.9016128778457642, 0.9034274220466614, 0.9042338728904724, 0.9044354557991028, 0.905443549156189, 0.9076613187789917, 0.9076613187789917, 0.9096774458885193, 0.9131048321723938, 0.9139112830162048, 0.9139112830162048, 0.9161290526390076, 0.9165322780609131, 0.9185484051704407, 0.9185484051704407, 0.9183467626571655, 0.9207661151885986, 0.9189516305923462, 0.9211693406105042, 0.9217742085456848, 0.9243951439857483, 0.9243951439857483, 0.9245967864990234, 0.9260080456733704, 0.9264112710952759, 0.9270161390304565, 0.925000011920929, 0.92580646276474, 0.928024172782898, 0.9264112710952759, 0.9284273982048035, 0.9314516186714172, 0.9308467507362366, 0.9306451678276062, 0.930443525314331, 0.9326612949371338, 0.9300402998924255, 0.9320564270019531, 0.9344757795333862, 0.9346774220466614, 0.9348790049552917, 0.9342741966247559, 0.9340725541114807, 0.9336693286895752, 0.9340725541114807, 0.9330645203590393, 0.9356854557991028, 0.9377016425132751, 0.9364919066429138], "val_loss": [1.8513585329055786, 1.296191930770874, 1.1100678443908691, 1.0294513702392578, 0.9755581617355347, 0.947466254234314, 0.9257270097732544, 0.9070844054222107, 0.8840000033378601, 0.877080500125885, 0.8663621544837952, 0.8637577295303345, 0.8514633774757385, 0.8432508707046509, 0.8393206000328064, 0.8366129994392395, 0.8297721743583679, 0.8245320916175842, 0.8154304027557373, 0.7956027984619141, 0.7947446703910828, 0.7952186465263367, 0.7671782374382019, 0.7576377987861633, 0.7566884756088257, 0.7448902726173401, 0.7435244917869568, 0.7216035723686218, 0.7145202159881592, 0.7018828392028809, 0.707076370716095, 0.6926245093345642, 0.6850712895393372, 0.6834877133369446, 0.6883819103240967, 0.6827729940414429, 0.674666166305542, 0.6670562624931335, 0.6719446778297424, 0.6746459007263184, 0.6654031276702881, 0.6644589304924011, 0.6601051688194275, 0.6527251601219177, 0.6500235199928284, 0.6514065861701965, 0.6507995128631592, 0.641780436038971, 0.6485835909843445, 0.6454504728317261, 0.6387262344360352, 0.6377139687538147, 0.6367416381835938, 0.6353087425231934, 0.629817545413971, 0.6230910420417786, 0.6321060061454773, 0.6184509992599487, 0.6280804872512817, 0.6253541111946106, 0.6217530965805054, 0.6172910928726196, 0.6271098852157593, 0.6232663989067078, 0.6182373762130737, 0.6297619938850403, 0.6285983324050903, 0.6231326460838318, 0.6220986843109131, 0.6338601112365723, 0.6260789036750793, 0.6287546753883362, 0.6395113468170166, 0.6304436326026917, 0.6348884105682373, 0.6298861503601074, 0.6474659442901611, 0.6437591910362244, 0.6310610771179199, 0.6369339823722839, 0.6458436250686646, 0.6381852626800537, 0.6426559090614319, 0.6375928521156311, 0.6541762351989746, 0.6352443695068359, 0.6469444036483765, 0.654289186000824, 0.6579425930976868, 0.6566296219825745, 0.6614862084388733, 0.6322494745254517, 0.6430336236953735, 0.6516351699829102, 0.639406144618988, 0.6474820971488953, 0.6553696393966675, 0.6392374634742737, 0.6377423405647278, 0.6128273010253906],