{"loss": [3.6865336894989014, 2.555847406387329, 2.2909040451049805, 2.1528825759887695, 2.045226573944092, 1.9371906518936157, 1.851819634437561, 1.7863529920578003, 1.7320783138275146, 1.6852407455444336, 1.6459773778915405, 1.6143667697906494, 1.586867094039917, 1.5654106140136719, 1.5412912368774414, 1.5243616104125977, 1.5045781135559082, 1.4880372285842896, 1.4715286493301392, 1.4558597803115845, 1.440483808517456, 1.4241341352462769, 1.4078426361083984, 1.3904019594192505, 1.372707724571228, 1.3550068140029907, 1.3360819816589355, 1.3200746774673462, 1.3004045486450195, 1.2794605493545532, 1.2357350587844849, 1.1834715604782104, 1.1428006887435913, 1.1037408113479614, 1.0641453266143799, 1.0165578126907349, 0.9614723324775696, 0.914010226726532, 0.8726853728294373, 0.842595636844635, 0.8154523968696594, 0.7965289950370789, 0.7802116870880127, 0.7641187906265259, 0.7510356307029724, 0.7397260069847107, 0.7298611402511597, 0.7207276821136475, 0.7116903066635132, 0.7037773132324219, 0.6965745687484741, 0.6900009512901306, 0.6819349527359009, 0.6755434274673462, 0.6703547835350037, 0.6655445694923401, 0.6592588424682617, 0.6541576981544495, 0.6486661434173584, 0.6437900066375732, 0.6389454007148743, 0.6343452334403992, 0.6301061511039734, 0.6249969005584717, 0.6218141317367554, 0.6175873875617981, 0.6143112778663635, 0.6105947494506836, 0.6080582737922668, 0.6040155291557312, 0.5994594097137451, 0.5970782041549683, 0.5940274000167847, 0.5907379388809204, 0.5862913131713867, 0.5834349393844604, 0.5811830163002014, 0.5784026384353638, 0.5762556791305542, 0.5734490156173706, 0.5716010332107544, 0.5683346390724182, 0.56683748960495, 0.5642903447151184, 0.5625028610229492, 0.5617198348045349, 0.5576451420783997, 0.5567601323127747, 0.5537471771240234, 0.5524035096168518, 0.5499275922775269, 0.5474496483802795, 0.5457268953323364, 0.5446875691413879, 0.543196439743042, 0.5412610173225403, 0.5397574305534363, 0.5383514165878296, 0.5372559428215027, 0.5347328186035156], "accuracy": [0.3353353440761566, 0.4702702760696411, 0.49369367957115173, 0.5269269347190857, 0.5463463664054871, 0.5601601600646973, 0.5753753781318665, 0.5819819569587708, 0.5897898077964783, 0.5973973870277405, 0.6052051782608032, 0.6092091798782349, 0.6200200319290161, 0.6174173951148987, 0.6250250339508057, 0.6278278231620789, 0.6312312483787537, 0.6356356143951416, 0.6360360383987427, 0.6420420408248901, 0.6414414644241333, 0.6434434652328491, 0.6500500440597534, 0.6490490436553955, 0.6526526808738708, 0.655455470085144, 0.6578578352928162, 0.6604604721069336, 0.6590590476989746, 0.6624624729156494, 0.6698698401451111, 0.6802802681922913, 0.6816816926002502, 0.688088059425354, 0.6928929090499878, 0.6932932734489441, 0.6932932734489441, 0.6982982754707336, 0.7037037014961243, 0.7057057023048401, 0.7079079151153564, 0.7079079151153564, 0.7131131291389465, 0.7171171307563782, 0.7211211323738098, 0.7217217087745667, 0.730130136013031, 0.7371371388435364, 0.7379379272460938, 0.741141140460968, 0.7429429292678833, 0.7455455660820007, 0.7505505681037903, 0.7513513565063477, 0.7537537813186646, 0.7525525689125061, 0.7563563585281372, 0.7601601481437683, 0.7629629373550415, 0.7665665745735168, 0.7661661505699158, 0.7677677869796753, 0.7723723649978638, 0.7705705761909485, 0.7717717885971069, 0.774174153804779, 0.7787787914276123, 0.776977002620697, 0.7795795798301697, 0.781381368637085, 0.7805805802345276, 0.7831831574440002, 0.7857857942581177, 0.7859860062599182, 0.787988007068634, 0.7909910082817078, 0.7885885834693909, 0.7931932210922241, 0.7957957983016968, 0.7935935854911804, 0.7953953742980957, 0.7965965867042542, 0.8018018007278442, 0.7995995879173279, 0.8002002239227295, 0.798999011516571, 0.8014013767242432, 0.798999011516571, 0.8040040135383606, 0.8056055903434753, 0.8050050139427185, 0.8046045899391174, 0.8070070147514343, 0.8092092275619507, 0.8060060143470764, 0.8098098039627075, 0.8086085915565491, 0.8100100159645081, 0.8116115927696228, 0.8140140175819397], "val_loss": [2.74898099899292, 2.3622326850891113, 2.18703556060791, 2.0797741413116455, 1.9820611476898193, 1.8930027484893799, 1.826566457748413, 1.7770556211471558, 1.7293568849563599, 1.689902424812317, 1.665042757987976, 1.6431704759597778, 1.6173975467681885, 1.5999786853790283, 1.5883876085281372, 1.5724424123764038, 1.5596232414245605, 1.5462265014648438, 1.530265212059021, 1.5189807415008545, 1.5065027475357056, 1.4917864799499512, 1.475189208984375, 1.4620016813278198, 1.4447606801986694, 1.4284828901290894, 1.41080641746521, 1.3940361738204956, 1.3793779611587524, 1.3546489477157593, 1.3008586168289185, 1.2622312307357788, 1.2256232500076294, 1.1882177591323853, 1.1425973176956177, 1.0868338346481323, 1.0260140895843506, 0.9793477058410645, 0.9499683976173401, 0.9193962812423706, 0.9027130603790283, 0.8879291415214539, 0.8720685243606567, 0.859480082988739, 0.8520188927650452, 0.8437431454658508, 0.8371278643608093, 0.831675112247467, 0.8254993557929993, 0.8246935606002808, 0.8203684091567993, 0.8123204112052917, 0.8156055212020874, 0.8030132055282593, 0.802884042263031, 0.7981584668159485, 0.7974324226379395, 0.794048547744751, 0.7880973219871521, 0.783688485622406, 0.7872924208641052, 0.7815381288528442, 0.7744098901748657, 0.7773230671882629, 0.7693646550178528, 0.7685718536376953, 0.7681239247322083, 0.7624915838241577, 0.7602629661560059, 0.75612473487854, 0.7552991509437561, 0.7534427642822266, 0.7528327107429504, 0.7498887777328491, 0.753060519695282, 0.7460135221481323, 0.743201494216919, 0.7422343492507935, 0.7442501783370972, 0.7454092502593994, 0.7405115365982056, 0.7346389889717102, 0.737449049949646, 0.7399692535400391, 0.7334449887275696, 0.7313944697380066, 0.730582058429718, 0.7280610799789429, 0.7283045053482056, 0.7281173467636108, 0.7270578145980835, 0.7256745100021362, 0.725347101688385, 0.7269208431243896, 0.7249049544334412, 0.7232052087783813, 0.7236629724502563, 0.7213156819343567, 0.7197015881538391, 0.7250573039054871],