{"loss": [4.361240863800049, 3.152034044265747, 2.6243743896484375, 2.2423338890075684, 1.9486180543899536, 1.735999345779419, 1.577095866203308, 1.4562803506851196, 1.35849928855896, 1.282755732536316, 1.220811128616333, 1.173227071762085, 1.1380176544189453, 1.1075479984283447, 1.082585334777832, 1.0643633604049683, 1.0483237504959106, 1.0321414470672607, 1.0205057859420776, 1.0091744661331177, 0.9981724619865417, 0.9908086061477661, 0.9820324182510376, 0.9736749529838562, 0.9655799865722656, 0.9600182175636292, 0.9485151767730713, 0.9413882493972778, 0.933119535446167, 0.9250822067260742, 0.9154034852981567, 0.9098674058914185, 0.8967066407203674, 0.8859409689903259, 0.8747683763504028, 0.8627645969390869, 0.853741466999054, 0.8399547934532166, 0.8289394378662109, 0.8186336755752563, 0.8032466173171997, 0.8041287064552307, 0.7787126302719116, 0.7823148369789124, 0.759431779384613, 0.7388471364974976, 0.7244393825531006, 0.7405654191970825, 0.697298526763916, 0.6864393353462219, 0.6798881888389587, 0.6753425598144531, 0.6597946286201477, 0.6546387672424316, 0.6450139880180359, 0.6394919753074646, 0.620905339717865, 0.6262974143028259, 0.6663100123405457, 0.7518657445907593, 0.6832720041275024, 0.6077428460121155, 0.5969198942184448, 0.5941422581672668, 0.6111345887184143, 0.5855072736740112, 0.58403080701828, 0.5773164629936218, 0.7435615658760071, 0.6430004835128784, 0.5795502662658691, 0.5743984580039978, 0.5869941711425781, 0.5670331716537476, 0.5775982141494751, 0.767544686794281, 0.5825085043907166, 0.5620911121368408, 0.5601816773414612, 0.5559104681015015, 0.5600159764289856, 0.5551307797431946, 0.7299366593360901, 1.1936718225479126, 0.9062524437904358, 0.6580191850662231, 0.584222137928009, 0.5626181960105896, 0.5588132739067078, 0.560825526714325, 0.5582974553108215, 0.5474645495414734, 0.5504683256149292, 0.5461881160736084, 0.5449647307395935, 0.5485572218894958, 0.5435866713523865, 0.6386086940765381, 0.5518578886985779, 0.6207779049873352], "accuracy": [0.32298386096954346, 0.4068548381328583, 0.4262096881866455, 0.4622983932495117, 0.4925403296947479, 0.5163306593894958, 0.5352822542190552, 0.543749988079071, 0.5542338490486145, 0.5590725541114807, 0.5649193525314331, 0.5727822780609131, 0.574999988079071, 0.5788306593894958, 0.5798386931419373, 0.5792338848114014, 0.5838709473609924, 0.5856854915618896, 0.5913306474685669, 0.5967742204666138, 0.5967742204666138, 0.5959677696228027, 0.5997983813285828, 0.6006048321723938, 0.6064516305923462, 0.6098790168762207, 0.6173387169837952, 0.6262096762657166, 0.6308467984199524, 0.6360887289047241, 0.6417338848114014, 0.6439515948295593, 0.6522177457809448, 0.6637097001075745, 0.6752015948295593, 0.6806451678276062, 0.6852822303771973, 0.6929435729980469, 0.706250011920929, 0.7141128778457642, 0.719556450843811, 0.717943549156189, 0.7334677577018738, 0.7356854677200317, 0.74213707447052, 0.7588709592819214, 0.7622984051704407, 0.7614919543266296, 0.7776209712028503, 0.7816532254219055, 0.7834677696228027, 0.7856854796409607, 0.7903226017951965, 0.7933467626571655, 0.7941532135009766, 0.8006048202514648, 0.8082661032676697, 0.80463707447052, 0.7933467626571655, 0.7653225660324097, 0.7877016067504883, 0.8108870983123779, 0.8149193525314331, 0.8207661509513855, 0.8143145442008972, 0.8217741847038269, 0.8207661509513855, 0.8235887289047241, 0.7782257795333862, 0.8036290407180786, 0.8262096643447876, 0.8247984051704407, 0.8189516067504883, 0.8302419185638428, 0.8191532492637634, 0.7562500238418579, 0.8205645084381104, 0.831250011920929, 0.8296371102333069, 0.8332661390304565, 0.8270161151885986, 0.8308467864990234, 0.7923387289047241, 0.6616935729980469, 0.7264112830162048, 0.7959677577018738, 0.8175403475761414, 0.8298386931419373, 0.8310483694076538, 0.8284274339675903, 0.8288306593894958, 0.835080623626709, 0.8346773982048035, 0.8330644965171814, 0.8356854915618896, 0.8346773982048035, 0.835080623626709, 0.7957661151885986, 0.8318548202514648, 0.8006048202514648], "val_loss": [3.48581862449646, 2.865870237350464, 2.4396092891693115, 2.114612102508545, 1.8663649559020996, 1.6830335855484009, 1.5510358810424805, 1.4491981267929077, 1.3666491508483887, 1.3053652048110962, 1.2486847639083862, 1.2179019451141357, 1.1820428371429443, 1.1556051969528198, 1.1399425268173218, 1.1253889799118042, 1.1101733446121216, 1.1003446578979492, 1.0927120447158813, 1.0812149047851562, 1.0821921825408936, 1.0710742473602295, 1.0624288320541382, 1.0650389194488525, 1.048961877822876, 1.0470199584960938, 1.0435528755187988, 1.045630693435669, 1.0392825603485107, 1.0233972072601318, 1.022229790687561, 1.0129693746566772, 1.0155320167541504, 1.0006977319717407, 0.9893697500228882, 0.9965353608131409, 0.9787111282348633, 0.9903245568275452, 0.9722869992256165, 0.964049220085144, 0.952560305595398, 0.9634464383125305, 0.9453330039978027, 1.0276838541030884, 0.9247706532478333, 0.9317038059234619, 0.9752828478813171, 0.938733696937561, 0.9386335015296936, 0.9350976943969727, 1.0948996543884277, 0.9439558386802673, 0.9693805575370789, 0.9828085899353027, 0.9685351848602295, 0.9914275407791138, 0.9828479290008545, 1.0061628818511963, 1.5145131349563599, 1.034720540046692, 0.9725707173347473, 0.9930777549743652, 0.9823318123817444, 0.938474178314209, 1.0193030834197998, 0.9873520135879517, 0.9890440702438354, 0.9534106850624084, 1.0896117687225342, 0.9868668913841248, 0.9425234198570251, 0.962296724319458, 0.9534439444541931, 0.948532223701477, 0.9707297086715698, 0.9638594388961792, 1.001548171043396, 0.9660266637802124, 0.9888690710067749, 0.9828938245773315, 0.9734005928039551, 1.0065371990203857, 1.4292153120040894, 1.660408854484558, 1.0956284999847412, 0.9890854358673096, 0.9479004144668579, 0.9646174311637878, 0.9418960809707642, 0.9615049362182617, 0.9518247246742249, 0.9597697854042053, 0.9396572113037109, 0.9416263699531555, 0.9445828199386597, 0.9771450161933899, 0.946820855140686, 0.9635953903198242, 0.946515679359436, 0.9467063546180725], "val_accuracy": [0.4048387110233307, 0.41673386096954346, 0.4540322721004486, 0.4856854975223541, 0.509475827217102, 0.5324596762657166, 0.5366935729980469, 0.550000011920929, 0.55080646276474, 0.5550402998924255, 0.5604838728904724, 0.5562499761581421, 0.5584677457809448, 0.5637096762657166, 0.5675403475761414, 0.569556474685669, 0.5778225660324097, 0.5713709592819214, 0.5806451439857483, 0.5772177577018738, 0.5860887169837952, 0.5889112949371338, 0.5913306474685669, 0.5917338728904724, 0.5901209712028503, 0.5973790287971497, 0.6066532135009766, 0.6010080575942993, 0.603225827217102, 0.6149193644523621, 0.616330623626709, 0.6229838728904724, 0.6290322542190552, 0.6340726017951965, 0.6439515948295593, 0.6393145322799683, 0.6576613187789917, 0.6512096524238586, 0.66794353723526, 0.6677419543266296, 0.6802419424057007, 0.6651209592819214, 0.680443525314331, 0.6602822542190552, 0.6868951320648193, 0.6862903237342834, 0.6695564389228821, 0.6875, 0.6854838728904724, 0.6850806474685669, 0.6332661509513855, 0.6820564270019531, 0.678024172782898, 0.6725806593894958, 0.6752015948295593, 0.6727822422981262, 0.6725806593894958, 0.6747983694076538, 0.574999988079071, 0.664919376373291, 0.686693549156189, 0.678830623626709, 0.6762096881866455, 0.6997984051704407, 0.6756048202514648, 0.6774193644523621, 0.6800402998924255, 0.6907258033752441, 0.6622983813285828, 0.6877016425132751, 0.6985887289047241, 0.6931451559066772, 0.6929435729980469, 0.6947580575942993, 0.6903225779533386, 0.6929435729980469, 0.676612913608551, 0.6850806474685669, 0.6784273982048035, 0.6800402998924255, 0.6858870983123779, 0.6733871102333069, 0.5969758033752441, 0.5401209592819214, 0.6665322780609131, 0.6939516067504883, 0.7018145322799683, 0.6949597001075745, 0.6997984051704407, 0.6891129016876221, 0.696975827217102, 0.6927419304847717, 0.7016128897666931, 0.6927419304847717, 0.6927419304847717, 0.6850806474685669, 0.696169376373291, 0.6907258033752441, 0.6955645084381104, 0.6941532492637634],