{"loss": [4.372640609741211, 3.1598641872406006, 2.629281997680664, 2.2428040504455566, 1.9480619430541992, 1.7312803268432617, 1.5728188753128052, 1.4510685205459595, 1.3556443452835083, 1.2798511981964111, 1.2203090190887451, 1.1740509271621704, 1.1380608081817627, 1.1105893850326538, 1.0854942798614502, 1.0653727054595947, 1.0500370264053345, 1.0356303453445435, 1.0228500366210938, 1.0110410451889038, 1.001448154449463, 0.9947596192359924, 0.9835427403450012, 0.9775549173355103, 0.9686182737350464, 0.9619538187980652, 0.9529167413711548, 0.9454218149185181, 0.9387694597244263, 0.929129421710968, 0.9195024967193604, 0.9125953912734985, 0.9058431386947632, 0.8926174640655518, 0.8832637667655945, 0.8748961091041565, 0.8631583452224731, 0.8557174205780029, 0.8440461754798889, 0.8334735035896301, 0.8252692818641663, 0.8156911134719849, 0.8023204207420349, 0.7921152114868164, 0.788672924041748, 0.7813370227813721, 0.765495240688324, 0.7573344111442566, 0.7494637370109558, 0.7549585700035095, 0.7394508719444275, 0.7368215322494507, 0.7236406207084656, 0.7225823998451233, 0.721524178981781, 0.7264721989631653, 0.7146590352058411, 0.7138055562973022, 0.7112067937850952, 0.708378255367279, 0.7013087272644043, 0.7030397057533264, 0.6968304514884949, 0.7016679644584656, 0.7000700831413269, 0.6898716688156128, 0.6935483813285828, 0.6826919913291931, 0.6809391379356384, 0.6901782751083374, 0.6799159646034241, 0.6974172592163086, 0.6847953200340271, 0.6705619096755981, 0.669312059879303, 0.6736782193183899, 0.6664941906929016, 0.6661502718925476, 0.6669464707374573, 0.6601850986480713, 0.6614521741867065, 0.657721221446991, 0.6564220190048218, 0.6519271731376648, 0.6644291877746582, 0.6462389826774597, 0.6462879776954651, 0.6469910144805908, 0.6387984156608582, 0.6376062631607056, 0.6353948712348938, 0.6321886777877808, 0.6301262974739075, 0.6249802112579346, 0.6203574538230896, 0.633934497833252, 0.6209019422531128, 0.631999671459198, 0.6251806616783142, 0.6109725832939148], "accuracy": [0.3282565176486969, 0.4010019898414612, 0.4342685341835022, 0.46252503991127014, 0.49338677525520325, 0.5178356766700745, 0.5326653122901917, 0.5492985844612122, 0.5567134022712708, 0.5581162571907043, 0.5641282796859741, 0.5671342611312866, 0.5731462836265564, 0.5723446607589722, 0.5819639563560486, 0.5813627243041992, 0.582765519618988, 0.5869739651679993, 0.590781569480896, 0.594188392162323, 0.59759521484375, 0.6002004146575928, 0.598797619342804, 0.6022043824195862, 0.607014000415802, 0.6102204322814941, 0.617234468460083, 0.6236472725868225, 0.6280561089515686, 0.6326653361320496, 0.6372745633125305, 0.6400801539421082, 0.651703417301178, 0.6565130352973938, 0.6675350666046143, 0.678156316280365, 0.6775550842285156, 0.6859719157218933, 0.6967936158180237, 0.7002003788948059, 0.7032064199447632, 0.7120240330696106, 0.7258517146110535, 0.7236472964286804, 0.7308617234230042, 0.7284569144248962, 0.7396793365478516, 0.7454909682273865, 0.7496994137763977, 0.7466933727264404, 0.7535070180892944, 0.7505009770393372, 0.7581162452697754, 0.7583166360855103, 0.7615230679512024, 0.7543086409568787, 0.7633266448974609, 0.7627254724502563, 0.7645290493965149, 0.7631262540817261, 0.7703406810760498, 0.7645290493965149, 0.7675350904464722, 0.7693386673927307, 0.7657314538955688, 0.7715430855751038, 0.7727454900741577, 0.7787575125694275, 0.7803606986999512, 0.7743486762046814, 0.7795591354370117, 0.7697395086288452, 0.7773547172546387, 0.7815631031990051, 0.7807615399360657, 0.7803606986999512, 0.7837675213813782, 0.7829659581184387, 0.7805611491203308, 0.7869739532470703, 0.78737473487854, 0.7859719395637512, 0.7879759669303894, 0.7883767485618591, 0.7887775301933289, 0.795390784740448, 0.790781557559967, 0.794188380241394, 0.7933867573738098, 0.7955911755561829, 0.7967935800552368, 0.794188380241394, 0.7985972166061401, 0.8002004027366638, 0.802204430103302, 0.7947895526885986, 0.8006011843681335, 0.795390784740448, 0.8004007935523987, 0.8108216524124146], "val_loss": [3.4895882606506348, 2.857717990875244, 2.439473867416382, 2.1086299419403076, 1.863013744354248, 1.6762292385101318, 1.5406445264816284, 1.4357280731201172, 1.3591800928115845, 1.2936187982559204, 1.2454627752304077, 1.2106584310531616, 1.1810330152511597, 1.1587944030761719, 1.1395564079284668, 1.1193652153015137, 1.1064412593841553, 1.0998870134353638, 1.0854742527008057, 1.0782440900802612, 1.07432222366333, 1.0653903484344482, 1.0592089891433716, 1.0628399848937988, 1.0527980327606201, 1.0505295991897583, 1.0512667894363403, 1.0361958742141724, 1.0298212766647339, 1.028549313545227, 1.0180257558822632, 1.0144978761672974, 1.008090615272522, 1.0020549297332764, 1.0083682537078857, 0.9922528862953186, 0.9941008687019348, 0.9837145805358887, 0.9803093671798706, 0.9800540804862976, 0.977863609790802, 0.963204562664032, 0.9598305225372314, 0.9606268405914307, 0.9600626826286316, 0.9648855328559875, 0.9926996827125549, 0.9462810158729553, 0.9486996531486511, 0.9480454325675964, 0.9381102919578552, 0.9673630595207214, 0.9464365243911743, 0.9749691486358643, 0.953392505645752, 0.9585272073745728, 0.9510939121246338, 0.9550788998603821, 0.9664763808250427, 0.967722475528717, 0.9587833881378174, 0.9573503732681274, 0.9632235169410706, 0.9781666994094849, 0.957238495349884, 0.9645753502845764, 0.9629658460617065, 0.9737020134925842, 0.9791858196258545, 0.9822934865951538, 1.0271223783493042, 1.016496181488037, 0.966458797454834, 0.9597280621528625, 0.9681195616722107, 0.986626386642456, 0.9823775291442871, 0.9823067784309387, 0.9834067821502686, 0.9830465912818909, 0.9875211119651794, 0.9687364101409912, 0.9883231520652771, 0.9840075373649597, 1.009917140007019, 0.993644118309021, 1.0039684772491455, 0.9897065758705139, 0.9951293468475342, 1.0153793096542358, 0.9968580603599548, 0.994329571723938, 1.0073250532150269, 1.0207090377807617, 1.0028904676437378, 0.9963781833648682, 0.9994302988052368, 1.0624301433563232, 1.0001723766326904, 1.0123016834259033], "val_accuracy": [0.41142284870147705, 0.4240480959415436, 0.44869738817214966, 0.49138277769088745, 0.4973948001861572, 0.5268536806106567, 0.5428857803344727, 0.5509018301963806, 0.5513026118278503, 0.5593186616897583, 0.5585170388221741, 0.5579158067703247, 0.5569138526916504, 0.5603206157684326, 0.5627254247665405, 0.5737475156784058, 0.5735470652580261, 0.5769538879394531, 0.5787575244903564, 0.5809619426727295, 0.5867735743522644, 0.5859719514846802, 0.5897795557975769, 0.5841683149337769, 0.586172342300415, 0.5927855968475342, 0.5921843647956848, 0.5995991826057434, 0.607014000415802, 0.6040080189704895, 0.616032063961029, 0.6200400590896606, 0.6306613087654114, 0.6314629316329956, 0.6320641040802002, 0.6406813859939575, 0.6498997807502747, 0.6515030264854431, 0.6513025760650635, 0.6579158306121826, 0.6561122536659241, 0.667935848236084, 0.6683366894721985, 0.6695390939712524, 0.66673344373703, 0.6613226532936096, 0.6531062126159668, 0.6763526797294617, 0.6687374711036682, 0.667935848236084, 0.6791583299636841, 0.6607214212417603, 0.6715430617332458, 0.6607214212417603, 0.6717435121536255, 0.6685370802879333, 0.6737474799156189, 0.6755511164665222, 0.6695390939712524, 0.6661322712898254, 0.671342670917511, 0.673547089099884, 0.670140266418457, 0.6675350666046143, 0.6753507256507874, 0.6763526797294617, 0.6761522889137268, 0.670140266418457, 0.6623246669769287, 0.6675350666046143, 0.6498997807502747, 0.6593186259269714, 0.6733466982841492, 0.6733466982841492, 0.6761522889137268, 0.667935848236084, 0.6685370802879333, 0.6685370802879333, 0.6695390939712524, 0.6731463074684143, 0.6677354574203491, 0.679358720779419, 0.6685370802879333, 0.6695390939712524, 0.6673346757888794, 0.6755511164665222, 0.66673344373703, 0.673547089099884, 0.6745491027832031, 0.6687374711036682, 0.670140266418457, 0.6765531301498413, 0.671342670917511, 0.6653306484222412, 0.6783567070960999, 0.6725450754165649, 0.674749493598938, 0.655110239982605, 0.6783567070960999, 0.6709418892860413],