{"loss": [1.917866826057434, 1.2724130153656006, 1.1004363298416138, 1.0091807842254639, 0.9445450901985168, 0.8941391706466675, 0.8517146110534668, 0.8153746724128723, 0.7879883050918579, 0.7598609328269958, 0.7361608147621155, 0.7144239544868469, 0.696507453918457, 0.6764834523200989, 0.660393238067627, 0.64666748046875, 0.628522515296936, 0.6197816729545593, 0.603496789932251, 0.5906012058258057, 0.5794323086738586, 0.5656382441520691, 0.5526982545852661, 0.5418171882629395, 0.5318087339401245, 0.5202559232711792, 0.5109081864356995, 0.5005815029144287, 0.4929695725440979, 0.48264721035957336, 0.4762110412120819, 0.4667947292327881, 0.45718052983283997, 0.45184561610221863, 0.44548940658569336, 0.4386894702911377, 0.4263854920864105, 0.41655924916267395, 0.41126441955566406, 0.40811803936958313, 0.4000864326953888, 0.39310312271118164, 0.3875027000904083, 0.3832121193408966, 0.37792739272117615, 0.37743034958839417, 0.37090227007865906, 0.36490246653556824, 0.36382824182510376, 0.3647954761981964, 0.3551013171672821, 0.35154804587364197, 0.3524397909641266, 0.3457784950733185, 0.3433389365673065, 0.3427761495113373, 0.33635637164115906, 0.3374580442905426, 0.3328382968902588, 0.330556184053421, 0.32977768778800964, 0.32556232810020447, 0.32399463653564453, 0.32306650280952454, 0.3216917812824249, 0.31953465938568115, 0.31894659996032715, 0.31545209884643555, 0.3114646375179291, 0.30928727984428406, 0.31088367104530334, 0.3103331923484802, 0.3060785233974457, 0.3018929660320282, 0.3039025068283081, 0.30286338925361633, 0.2982378602027893, 0.30526331067085266, 0.29466912150382996, 0.2922951579093933, 0.295460969209671, 0.28871503472328186, 0.2875385582447052, 0.2886897027492523, 0.29580390453338623, 0.2876732349395752, 0.28447583317756653, 0.28083088994026184, 0.28106194734573364, 0.2906249165534973, 0.28041985630989075, 0.2762628197669983, 0.2749245762825012, 0.2791081964969635, 0.2735863924026489, 0.2797938883304596, 0.2710857689380646, 0.2685447931289673, 0.26851052045822144, 0.2695639729499817], "accuracy": [0.4619859457015991, 0.5967903733253479, 0.6328986883163452, 0.6633901596069336, 0.6790370941162109, 0.6864593625068665, 0.7037111520767212, 0.7153460383415222, 0.723570704460144, 0.7317953705787659, 0.7384152412414551, 0.7470411062240601, 0.7540621757507324, 0.7618856430053711, 0.7671012878417969, 0.7735205888748169, 0.7835506796836853, 0.7833500504493713, 0.7931795120239258, 0.7981945872306824, 0.8064192533493042, 0.8080240488052368, 0.8132396936416626, 0.8150451183319092, 0.8262788653373718, 0.8272818326950073, 0.8324974775314331, 0.8330993056297302, 0.8355064988136292, 0.8427281975746155, 0.8451353907585144, 0.850150465965271, 0.8511534333229065, 0.8559678792953491, 0.8543630838394165, 0.858776330947876, 0.8601805567741394, 0.8631895780563354, 0.861785352230072, 0.8625877499580383, 0.8670009970664978, 0.870611846446991, 0.8716148734092712, 0.8744232654571533, 0.8740220665931702, 0.8726178407669067, 0.8742226958274841, 0.8786358833312988, 0.8780341148376465, 0.8782346844673157, 0.8794383406639099, 0.8816449642181396, 0.8810431361198425, 0.8844533562660217, 0.8860581517219543, 0.8842527866363525, 0.8880642056465149, 0.8864593505859375, 0.8874623775482178, 0.885456383228302, 0.8894684314727783, 0.8892678022384644, 0.8872618079185486, 0.8916749954223633, 0.8900701999664307, 0.8918756246566772, 0.8926780223846436, 0.8936810493469238, 0.893881618976593, 0.8964894413948059, 0.893881618976593, 0.8960882425308228, 0.8946840763092041, 0.8992978930473328, 0.8986960649490356, 0.900300920009613, 0.9009026885032654, 0.8976930975914001, 0.9005014896392822, 0.9031093120574951, 0.9017050862312317, 0.9043129682540894, 0.9043129682540894, 0.9031093120574951, 0.902708113193512, 0.9031093120574951, 0.9039117097854614, 0.9061183333396912, 0.905717134475708, 0.9037111401557922, 0.9063189625740051, 0.9075225591659546, 0.9085255861282349, 0.9069207906723022, 0.9099298119544983, 0.9077231884002686, 0.9093279838562012, 0.9091273546218872, 0.9117351770401001, 0.9101303815841675], "val_loss": [1.4651771783828735, 1.2410063743591309, 1.1467680931091309, 1.0873374938964844, 1.0328946113586426, 1.0227488279342651, 0.9769706726074219, 0.9478581547737122, 0.9364922046661377, 0.9178982377052307, 0.899993360042572, 0.9060620069503784, 0.8774698376655579, 0.868384838104248, 0.8634642958641052, 0.8473907113075256, 0.8357827663421631, 0.8439937829971313, 0.8227615356445312, 0.8125858306884766, 0.8084397315979004, 0.8062825798988342, 0.7897840738296509, 0.7897582650184631, 0.76634681224823, 0.7585322856903076, 0.7512120008468628, 0.7435883283615112, 0.7427201271057129, 0.7352308630943298, 0.7341372966766357, 0.7217063903808594, 0.7319985628128052, 0.7325472235679626, 0.7098454833030701, 0.7006245255470276, 0.6904270648956299, 0.6909293532371521, 0.6900454759597778, 0.6616936922073364, 0.667382538318634, 0.664577066898346, 0.6620638966560364, 0.6484621167182922, 0.6531803607940674, 0.6527179479598999, 0.6513045430183411, 0.6615868806838989, 0.6641613841056824, 0.6457525491714478, 0.6349154710769653, 0.6499943733215332, 0.6674196124076843, 0.6684800982475281, 0.6421314477920532, 0.6304842233657837, 0.6462721824645996, 0.6506853103637695, 0.6376350522041321, 0.6454783082008362, 0.6256371140480042, 0.6274605989456177, 0.6289874911308289, 0.6424727439880371, 0.634053111076355, 0.6306434869766235, 0.638075590133667, 0.6389403939247131, 0.6315760612487793, 0.6440109014511108, 0.6767656803131104, 0.6271068453788757, 0.6348904371261597, 0.6323757767677307, 0.6156709790229797, 0.6168161630630493, 0.6282801032066345, 0.6302099227905273, 0.6204835772514343, 0.6195574998855591, 0.6164676547050476, 0.6261417865753174, 0.6390905976295471, 0.6297488808631897, 0.6280167698860168, 0.6292354464530945, 0.6463525295257568, 0.6218611598014832, 0.612942636013031, 0.619207501411438, 0.6303621530532837, 0.6280171871185303, 0.6393359303474426, 0.6370489597320557, 0.6343371272087097, 0.6521221399307251, 0.6415058970451355, 0.6359387040138245, 0.6354263424873352, 0.6403801441192627],