{"loss": [3.789388656616211, 2.2206571102142334, 1.6136828660964966, 1.3139604330062866, 1.1338802576065063, 1.0283968448638916, 0.970664918422699, 0.9292393922805786, 0.8964900374412537, 0.8694698810577393, 0.8468631505966187, 0.8262867331504822, 0.8079845905303955, 0.7938589453697205, 0.776930034160614, 0.7601428031921387, 0.7448403239250183, 0.7336929440498352, 0.7208728194236755, 0.7098451256752014, 0.6990553736686707, 0.6878328323364258, 0.6772860288619995, 0.6687684059143066, 0.6585114002227783, 0.6509154438972473, 0.6410878896713257, 0.6341843605041504, 0.622480034828186, 0.6161556243896484, 0.6066855788230896, 0.5977887511253357, 0.5921544432640076, 0.5821090340614319, 0.5756716728210449, 0.5690251588821411, 0.5629398226737976, 0.5555925369262695, 0.5477426052093506, 0.5417541861534119, 0.533653974533081, 0.5300129055976868, 0.5226383805274963, 0.5160301923751831, 0.5131942629814148, 0.5057064890861511, 0.501039981842041, 0.49658921360969543, 0.49114543199539185, 0.4867155849933624, 0.48217660188674927, 0.47890380024909973, 0.47292613983154297, 0.46889662742614746, 0.4653167426586151, 0.46388858556747437, 0.4573456645011902, 0.45677101612091064, 0.4499208331108093, 0.44717666506767273, 0.4429451823234558, 0.4405865967273712, 0.43665677309036255, 0.4346630275249481, 0.43041756749153137, 0.4287914037704468, 0.425595223903656, 0.4229273796081543, 0.42000511288642883, 0.41660091280937195, 0.41420719027519226, 0.41081565618515015, 0.4073925018310547, 0.40583375096321106, 0.40256553888320923, 0.4005093574523926, 0.39648523926734924, 0.39384081959724426, 0.39384859800338745, 0.39061546325683594, 0.3875812590122223, 0.38432976603507996, 0.38549840450286865, 0.37980177998542786, 0.3778955638408661, 0.37576964497566223, 0.37308165431022644, 0.3735426366329193, 0.373150110244751, 0.36779117584228516, 0.365566611289978, 0.3649227023124695, 0.36190351843833923, 0.35944265127182007, 0.36681848764419556, 0.35473254323005676, 0.3544282913208008, 0.3523278832435608, 0.3502230644226074, 0.348904013633728], "accuracy": [0.37037035822868347, 0.4458458423614502, 0.49149149656295776, 0.5379379391670227, 0.5659659504890442, 0.6056056022644043, 0.6208208203315735, 0.6314314603805542, 0.6402402520179749, 0.6524524688720703, 0.6596596837043762, 0.66266268491745, 0.672272264957428, 0.6804804801940918, 0.6884884834289551, 0.6984984874725342, 0.7119119167327881, 0.7139139175415039, 0.7197197079658508, 0.7265264987945557, 0.7311311364173889, 0.745945930480957, 0.7493493556976318, 0.7487487196922302, 0.7607607841491699, 0.757957935333252, 0.7683683633804321, 0.7691691517829895, 0.7753753662109375, 0.7793793678283691, 0.7807807922363281, 0.7895895838737488, 0.792392373085022, 0.7981982231140137, 0.8004003763198853, 0.7979980111122131, 0.8058058023452759, 0.8056055903434753, 0.8144144415855408, 0.8180180191993713, 0.8178178071975708, 0.8242242336273193, 0.8194194436073303, 0.8288288116455078, 0.826826810836792, 0.8314314484596252, 0.8290290236473083, 0.8336336612701416, 0.8320320248603821, 0.8322322368621826, 0.8368368148803711, 0.8374374508857727, 0.8412412405014038, 0.8424424529075623, 0.8426426649093628, 0.8472472429275513, 0.8472472429275513, 0.8420420289039612, 0.8482482433319092, 0.8532532453536987, 0.8514514565467834, 0.8526526689529419, 0.8520520329475403, 0.851651668548584, 0.8574574589729309, 0.8540540337562561, 0.8560560345649719, 0.856456458568573, 0.8580580353736877, 0.8582582473754883, 0.8598598837852478, 0.8586586713790894, 0.8632632493972778, 0.8646646738052368, 0.8606606721878052, 0.8632632493972778, 0.8630630373954773, 0.8642642498016357, 0.8634634613990784, 0.866066038608551, 0.8668668866157532, 0.8672672510147095, 0.8700700998306274, 0.8706706762313843, 0.8690690398216248, 0.8698698878288269, 0.8716716766357422, 0.8694694638252258, 0.8694694638252258, 0.872272253036499, 0.8732732534408569, 0.8708708882331848, 0.8734734654426575, 0.8740741014480591, 0.8686686754226685, 0.8774774670600891, 0.8760761022567749, 0.8760761022567749, 0.8800801038742065, 0.8790791034698486], "val_loss": [2.6948933601379395, 1.9404559135437012, 1.5457054376602173, 1.3298945426940918, 1.1810052394866943, 1.1106964349746704, 1.0665054321289062, 1.0328388214111328, 1.0082039833068848, 0.9867039918899536, 0.9731617569923401, 0.950753390789032, 0.937012791633606, 0.9231053590774536, 0.9161710739135742, 0.9012702107429504, 0.8943639993667603, 0.8818612694740295, 0.8745259642601013, 0.8628972768783569, 0.8601986765861511, 0.8513669967651367, 0.8463364839553833, 0.8434522151947021, 0.835385262966156, 0.8276075124740601, 0.8235875368118286, 0.8221544623374939, 0.8147772550582886, 0.8137065172195435, 0.8049951791763306, 0.8027908205986023, 0.7980114817619324, 0.7968214154243469, 0.7985054850578308, 0.7980085015296936, 0.7857996225357056, 0.7923504114151001, 0.79520183801651, 0.7847671508789062, 0.7824070453643799, 0.7795725464820862, 0.7911869287490845, 0.7741395235061646, 0.7734286785125732, 0.7708123922348022, 0.7743832468986511, 0.7661973834037781, 0.7606844305992126, 0.7640519738197327, 0.7667190432548523, 0.7588503956794739, 0.76471346616745, 0.7572359442710876, 0.7565050721168518, 0.7564173936843872, 0.7797978520393372, 0.7580798268318176, 0.7552504539489746, 0.756759762763977, 0.7493271827697754, 0.7562194466590881, 0.7441561222076416, 0.7383729219436646, 0.7369820475578308, 0.7401081323623657, 0.755477786064148, 0.7442688941955566, 0.7301886081695557, 0.7343004941940308, 0.7279931902885437, 0.7311717867851257, 0.7475812435150146, 0.7356978058815002, 0.7335275411605835, 0.7281653881072998, 0.7183573246002197, 0.7242693901062012, 0.717723548412323, 0.7219571471214294, 0.7253538370132446, 0.7259513735771179, 0.7251147627830505, 0.7252351641654968, 0.72055584192276, 0.7126829028129578, 0.7114466428756714, 0.7199925780296326, 0.7261118292808533, 0.7272083759307861, 0.7332462072372437, 0.7136453986167908, 0.7185694575309753, 0.7182867527008057, 0.720778226852417, 0.7087956666946411, 0.7241026163101196, 0.7205826640129089, 0.7209845781326294, 0.7233535051345825],