{"loss": [4.663236141204834, 3.3347675800323486, 2.6798274517059326, 2.474271535873413, 2.333582878112793, 2.2285356521606445, 2.1360089778900146, 2.0622620582580566, 2.005601644515991, 1.9599997997283936, 1.9221410751342773, 1.886670708656311, 1.8526560068130493, 1.819893479347229, 1.7852246761322021, 1.7584586143493652, 1.7296464443206787, 1.706322193145752, 1.684818983078003, 1.6664127111434937, 1.6485215425491333, 1.6286598443984985, 1.6104755401611328, 1.5946780443191528, 1.5770902633666992, 1.5606756210327148, 1.5438629388809204, 1.5302273035049438, 1.5121138095855713, 1.4968631267547607, 1.4803407192230225, 1.465762972831726, 1.4496383666992188, 1.4297219514846802, 1.4124274253845215, 1.393663763999939, 1.3711144924163818, 1.3446201086044312, 1.3114500045776367, 1.274804949760437, 1.2392233610153198, 1.205714225769043, 1.174487829208374, 1.1056654453277588, 0.9962263107299805, 0.955528974533081, 0.929073691368103, 0.9083925485610962, 0.8904727101325989, 0.875587522983551, 0.8642107248306274, 0.8538487553596497, 0.842228353023529, 0.8336222171783447, 0.8260678648948669, 0.8188702464103699, 0.8106366991996765, 0.8042762279510498, 0.7992891073226929, 0.7926918268203735, 0.7876141667366028, 0.7832696437835693, 0.7767966985702515, 0.7697203755378723, 0.7606908082962036, 0.7499443888664246, 0.742866575717926, 0.7337969541549683, 0.7286272048950195, 0.724082887172699, 0.7186784148216248, 0.7136924266815186, 0.7096751928329468, 0.7053043842315674, 0.6999952793121338, 0.6966450214385986, 0.6926778554916382, 0.6910527944564819, 0.6866713166236877, 0.6835886240005493, 0.6814159154891968, 0.6784260272979736, 0.6760841608047485, 0.6736815571784973, 0.6716375350952148, 0.6682236790657043, 0.6656412482261658, 0.6632230281829834, 0.6614030003547668, 0.6588990688323975, 0.6569955348968506, 0.653843343257904, 0.6518532633781433, 0.6507295966148376, 0.6486707925796509, 0.6469011306762695, 0.6450321078300476, 0.643089234828949, 0.64225172996521, 0.6393954753875732], "accuracy": [0.2612612545490265, 0.4120120108127594, 0.48188188672065735, 0.5015015006065369, 0.5249249339103699, 0.5339339375495911, 0.5495495200157166, 0.5603603720664978, 0.5667667388916016, 0.5713713765144348, 0.5785785913467407, 0.5815815925598145, 0.5861861705780029, 0.5925925970077515, 0.5965965986251831, 0.6034033894538879, 0.607207179069519, 0.6114113926887512, 0.616216242313385, 0.616216242313385, 0.6208208203315735, 0.6240240335464478, 0.6308308243751526, 0.6288288235664368, 0.6318318247795105, 0.6312312483787537, 0.6344344615936279, 0.6352352499961853, 0.6368368268013, 0.6396396160125732, 0.6428428292274475, 0.6412412524223328, 0.6368368268013, 0.6420420408248901, 0.6446446180343628, 0.6436436176300049, 0.6472472548484802, 0.6438438296318054, 0.644444465637207, 0.6462462544441223, 0.6428428292274475, 0.6418418288230896, 0.6424424648284912, 0.644044041633606, 0.6398398280143738, 0.6452452540397644, 0.6442442536354065, 0.6450450420379639, 0.649249255657196, 0.6496496200561523, 0.6508508324623108, 0.6516516804695129, 0.6540540456771851, 0.6546546816825867, 0.6548548340797424, 0.6562562584877014, 0.6574574708938599, 0.6584584712982178, 0.6586586833000183, 0.6618618369102478, 0.659859836101532, 0.66266268491745, 0.6642642617225647, 0.6670670509338379, 0.6710710525512695, 0.6738739013671875, 0.6814814805984497, 0.6858859062194824, 0.6852852702140808, 0.6858859062194824, 0.6902902722358704, 0.6928929090499878, 0.6950951218605042, 0.6936936974525452, 0.6996996998786926, 0.70050048828125, 0.6968969106674194, 0.7033032774925232, 0.7037037014961243, 0.7083082795143127, 0.7107107043266296, 0.7105104923248291, 0.7105104923248291, 0.7113113403320312, 0.7147147059440613, 0.7145144939422607, 0.7149149179458618, 0.7215214967727661, 0.7159159183502197, 0.7207207083702087, 0.7229229211807251, 0.723923921585083, 0.723923921585083, 0.723923921585083, 0.7229229211807251, 0.7303303480148315, 0.7291291356086731, 0.7289289236068726, 0.7313313484191895, 0.7291291356086731], "val_loss": [3.7143807411193848, 2.8692095279693604, 2.5556981563568115, 2.384997844696045, 2.2734196186065674, 2.1635324954986572, 2.087832450866699, 2.032559394836426, 1.9851313829421997, 1.9451487064361572, 1.9216575622558594, 1.8942431211471558, 1.8545739650726318, 1.8279433250427246, 1.8085044622421265, 1.7852109670639038, 1.768645167350769, 1.7534008026123047, 1.7309731245040894, 1.7165788412094116, 1.7034823894500732, 1.6871860027313232, 1.6731688976287842, 1.6614186763763428, 1.6471350193023682, 1.6336987018585205, 1.6175166368484497, 1.6025817394256592, 1.5909796953201294, 1.5741288661956787, 1.5615659952163696, 1.5429821014404297, 1.5268640518188477, 1.5118112564086914, 1.4891338348388672, 1.4650976657867432, 1.4384698867797852, 1.409950852394104, 1.3691880702972412, 1.3294765949249268, 1.294884443283081, 1.2668205499649048, 1.2351561784744263, 1.1261640787124634, 1.066228985786438, 1.0322232246398926, 1.0060111284255981, 0.9909278154373169, 0.9730542898178101, 0.9625173211097717, 0.9518707990646362, 0.9412716627120972, 0.9375481009483337, 0.9274650812149048, 0.9215610027313232, 0.9166542291641235, 0.9157264828681946, 0.9061565399169922, 0.9026771783828735, 0.8985106945037842, 0.8939168453216553, 0.8902119994163513, 0.8883199691772461, 0.8747079968452454, 0.8639580011367798, 0.8590267300605774, 0.8504807353019714, 0.8458019495010376, 0.8399332761764526, 0.8343755006790161, 0.8310357332229614, 0.8291454315185547, 0.8231604695320129, 0.8201096653938293, 0.8176694512367249, 0.817412257194519, 0.8122029304504395, 0.8117932081222534, 0.8112539052963257, 0.8090583682060242, 0.8067594170570374, 0.803253173828125, 0.8021501898765564, 0.8028936386108398, 0.7984579801559448, 0.7985895276069641, 0.7953659892082214, 0.7946863770484924, 0.795615553855896, 0.7924290895462036, 0.7938020825386047, 0.7914294600486755, 0.7937393188476562, 0.7910009622573853, 0.7902349233627319, 0.7859693169593811, 0.7852384448051453, 0.7818953990936279, 0.7830591797828674, 0.7826114892959595], "val_accuracy": [0.3509509563446045, 0.46186184883117676, 0.4816816747188568, 0.5043042898178101, 0.5209209322929382, 0.5371371507644653, 0.5469469428062439, 0.5533533692359924, 0.5607607364654541, 0.5655655860900879, 0.5701701641082764, 0.5715715885162354, 0.5815815925598145, 0.5863863825798035, 0.5909910202026367, 0.592792809009552, 0.5987988114356995, 0.5967968106269836, 0.6042041778564453, 0.6036036014556885, 0.60240238904953, 0.608208179473877, 0.6036036014556885, 0.6066066026687622, 0.6048048138618469, 0.6078078150749207, 0.6128128170967102, 0.608208179473877, 0.6062061786651611, 0.6166166067123413, 0.6202202439308167, 0.6164163947105408, 0.6194193959236145, 0.6136136054992676, 0.6182182431221008, 0.6154153943061829, 0.6200200319290161, 0.6156156063079834, 0.6170170307159424, 0.6172172427177429, 0.6128128170967102, 0.6116116046905518, 0.6158158183097839, 0.6110110282897949, 0.6120120286941528, 0.6136136054992676, 0.619619607925415, 0.6166166067123413, 0.6240240335464478, 0.6246246099472046, 0.6224223971366882, 0.6278278231620789, 0.6240240335464478, 0.6286286115646362, 0.6300300359725952, 0.6310310363769531, 0.6288288235664368, 0.6314314603805542, 0.6342342495918274, 0.633033037185669, 0.6352352499961853, 0.6350350379943848, 0.6338338255882263, 0.637837827205658, 0.6438438296318054, 0.6474474668502808, 0.6468468308448792, 0.6484484672546387, 0.649249255657196, 0.6570570468902588, 0.656456470489502, 0.655455470085144, 0.66266268491745, 0.6636636853218079, 0.6624624729156494, 0.6620620489120483, 0.6666666865348816, 0.6634634733200073, 0.6690690517425537, 0.6650650501251221, 0.6624624729156494, 0.6716716885566711, 0.672272264957428, 0.6730730533599854, 0.6710710525512695, 0.6706706881523132, 0.6754754781723022, 0.6760760545730591, 0.6802802681922913, 0.6762762665748596, 0.6754754781723022, 0.6774774789810181, 0.6800800561904907, 0.6774774789810181, 0.677077054977417, 0.6774774789810181, 0.6812812685966492, 0.6852852702140808, 0.6854854822158813, 0.679879903793335],