{"loss": [3.9257404804229736, 2.8080897331237793, 2.32576060295105, 1.9767543077468872, 1.7250388860702515, 1.550754427909851, 1.4266257286071777, 1.3319456577301025, 1.260058045387268, 1.2037466764450073, 1.1596291065216064, 1.1257758140563965, 1.0988476276397705, 1.0785959959030151, 1.0586140155792236, 1.0423203706741333, 1.0299263000488281, 1.017425537109375, 1.0062479972839355, 0.9951501488685608, 0.9864629507064819, 0.9800969362258911, 0.9693530797958374, 0.9629996418952942, 0.9535835385322571, 0.9466627836227417, 0.9366428852081299, 0.9284204244613647, 0.9213199615478516, 0.9084460139274597, 0.8971651196479797, 0.8882743120193481, 0.8768777847290039, 0.8621294498443604, 0.8507046103477478, 0.8429182767868042, 0.8254883885383606, 0.8143975138664246, 0.8045235872268677, 0.7936264872550964, 0.7874660491943359, 0.774449348449707, 0.7678951025009155, 0.7598375678062439, 0.7498089671134949, 0.741500973701477, 0.7407076358795166, 0.7401820421218872, 0.7285405397415161, 0.7318816184997559, 0.7245808243751526, 0.7179338335990906, 0.7250435948371887, 0.7181813716888428, 0.7118929028511047, 0.7246952056884766, 0.7057811617851257, 0.7118676900863647, 0.6996047496795654, 0.7048836946487427, 0.6950379014015198, 0.7000735402107239, 0.6927790641784668, 0.6910322904586792, 0.6858798265457153, 0.6854320168495178, 0.6856452822685242, 0.6758710741996765, 0.6805285811424255, 0.6792657971382141, 0.6691838502883911, 0.6724586486816406, 0.6715326309204102, 0.6664477586746216, 0.6642125248908997, 0.6743593215942383, 0.660835325717926, 0.6604859828948975, 0.6632709503173828, 0.6597223877906799, 0.6623988151550293, 0.6516048908233643, 0.6502397060394287, 0.6492371559143066, 0.6469907760620117, 0.6419425010681152, 0.6412034630775452, 0.6400759816169739, 0.6358559727668762, 0.6397678256034851, 0.6356065273284912, 0.6292775869369507, 0.6289304494857788, 0.6338943243026733, 0.6322329044342041, 0.6246896982192993, 0.6224117875099182, 0.6276401281356812, 0.6185985803604126, 0.6187950372695923], "accuracy": [0.3048096299171448, 0.408617228269577, 0.4410821497440338, 0.47575148940086365, 0.5044088363647461, 0.5270541310310364, 0.5450901985168457, 0.5533066391944885, 0.5579158067703247, 0.5585170388221741, 0.5689378976821899, 0.5703406929969788, 0.5753507018089294, 0.5767534971237183, 0.5841683149337769, 0.588577151298523, 0.5897795557975769, 0.592985987663269, 0.5985971689224243, 0.6006011962890625, 0.6098196506500244, 0.6106212139129639, 0.6166332960128784, 0.6170340776443481, 0.6222444772720337, 0.625250518321991, 0.6396793723106384, 0.6372745633125305, 0.647094190120697, 0.6609218716621399, 0.6651302576065063, 0.6693387031555176, 0.6811622977256775, 0.6879759430885315, 0.6991984248161316, 0.7018036246299744, 0.7090180516242981, 0.7236472964286804, 0.724248468875885, 0.7266532778739929, 0.7318637371063232, 0.7388777732849121, 0.7434870004653931, 0.742484986782074, 0.7523046135902405, 0.7547094225883484, 0.7525050044059753, 0.7521042227745056, 0.760921835899353, 0.7547094225883484, 0.7599198222160339, 0.7597194314002991, 0.7569138407707214, 0.7589178085327148, 0.7627254724502563, 0.7565129995346069, 0.7675350904464722, 0.7649298310279846, 0.7715430855751038, 0.7651302814483643, 0.7741482853889465, 0.7695390582084656, 0.7739478945732117, 0.7753506898880005, 0.7755510807037354, 0.7739478945732117, 0.7735471129417419, 0.7801603078842163, 0.7795591354370117, 0.7767534852027893, 0.7801603078842163, 0.7825651168823242, 0.7835671305656433, 0.7831663489341736, 0.7857715487480164, 0.7823647260665894, 0.7843687534332275, 0.7869739532470703, 0.7803606986999512, 0.7841683626174927, 0.7877755761146545, 0.7895791530609131, 0.7901803851127625, 0.7891783714294434, 0.7911823391914368, 0.7943887710571289, 0.790781557559967, 0.7945891618728638, 0.794188380241394, 0.791983962059021, 0.7959919571876526, 0.7951903939247131, 0.7967935800552368, 0.798797607421875, 0.7959919571876526, 0.8012024164199829, 0.7993987798690796, 0.7991983890533447, 0.8036072254180908, 0.8030059933662415], "val_loss": [3.114109516143799, 2.5445990562438965, 2.15940523147583, 1.8673652410507202, 1.6602416038513184, 1.5093426704406738, 1.4044009447097778, 1.3258084058761597, 1.2704813480377197, 1.223905086517334, 1.1932257413864136, 1.1684808731079102, 1.148048758506775, 1.1319292783737183, 1.117003083229065, 1.1012848615646362, 1.0918700695037842, 1.0871187448501587, 1.0741276741027832, 1.0689951181411743, 1.0655784606933594, 1.0590450763702393, 1.0512741804122925, 1.0569013357162476, 1.0452954769134521, 1.0411306619644165, 1.0373297929763794, 1.0249736309051514, 1.015867829322815, 1.0218232870101929, 1.0023261308670044, 0.9975098371505737, 0.9892919659614563, 0.9806816577911377, 0.9909726977348328, 0.9657207727432251, 0.9633955359458923, 0.9531990885734558, 0.9461556077003479, 0.9595128893852234, 0.9607204794883728, 0.9449390769004822, 0.9393163323402405, 0.9540817737579346, 0.9462809562683105, 0.949376106262207, 0.9840111136436462, 0.9539656639099121, 0.9408771395683289, 0.9371358156204224, 0.9469370245933533, 0.9576753973960876, 0.9578783512115479, 0.9715119004249573, 0.9556435346603394, 0.9464060068130493, 0.9414209127426147, 0.9533576965332031, 0.9504559636116028, 0.959421694278717, 0.9553788304328918, 0.9495367407798767, 0.944379985332489, 0.9516772627830505, 0.9507216811180115, 0.9586217403411865, 0.9439221024513245, 0.9803629517555237, 0.968819797039032, 0.9597007632255554, 0.964323878288269, 0.9451168179512024, 0.9470261931419373, 0.9474300146102905, 0.9678933024406433, 0.9609131217002869, 0.9519814252853394, 0.9555220007896423, 0.9391341209411621, 0.9536210298538208, 0.9563316106796265, 0.9573956727981567, 0.9412941932678223, 0.9482674598693848, 0.9679977893829346, 0.9615744948387146, 0.9531532526016235, 0.9599494934082031, 0.9611159563064575, 0.9691486358642578, 0.9618008732795715, 0.9553055167198181, 0.9736995697021484, 1.0056171417236328, 0.9685906171798706, 0.9666252136230469, 0.9714468717575073, 0.9687612652778625, 0.9704185724258423, 0.9819900393486023],