{"loss": [2.7527995109558105, 2.0693724155426025, 1.7560540437698364, 1.5467429161071777, 1.4062036275863647, 1.3053572177886963, 1.2332077026367188, 1.1801763772964478, 1.1442127227783203, 1.1122535467147827, 1.0899330377578735, 1.0711123943328857, 1.056067705154419, 1.043538212776184, 1.029903531074524, 1.020664095878601, 1.0103294849395752, 1.002023696899414, 0.9920021891593933, 0.9827762842178345, 0.9746605157852173, 0.9660293459892273, 0.9576402902603149, 0.9499559998512268, 0.9411766529083252, 0.9317908883094788, 0.9234178066253662, 0.9111768007278442, 0.9007061123847961, 0.8889106512069702, 0.8785846829414368, 0.8627247214317322, 0.8576833009719849, 0.8482269048690796, 0.8332503437995911, 0.8196771740913391, 0.8118067383766174, 0.7989519834518433, 0.7895910143852234, 0.7834087014198303, 0.7614922523498535, 0.7510250210762024, 0.7406826019287109, 0.7335584163665771, 0.7181864976882935, 0.7123253345489502, 0.7078550457954407, 0.6972630023956299, 0.6997436881065369, 0.6968255639076233, 0.6826819181442261, 0.6908027529716492, 0.6712554097175598, 0.672300398349762, 0.6697836518287659, 0.6738348007202148, 0.6623256802558899, 0.6636262536048889, 0.657128632068634, 0.6524854302406311, 0.6572037935256958, 0.6927827000617981, 0.6455848813056946, 0.6396948099136353, 0.6386315822601318, 0.636907160282135, 0.6376091241836548, 0.6316894888877869, 0.620796799659729, 0.6517825722694397, 0.6286693811416626, 0.6635741591453552, 0.6214699745178223, 0.6383454203605652, 0.6279803514480591, 0.6153730750083923, 0.615311861038208, 0.6123175621032715, 0.6186287999153137, 0.607833743095398, 0.6067203879356384, 0.6042337417602539, 0.6118178963661194, 0.6009223461151123, 0.6065695881843567, 0.6114972233772278, 0.597449541091919, 0.6018811464309692, 0.598407506942749, 0.5966147184371948, 0.5998252034187317, 0.6200470328330994, 0.5887519717216492, 0.6350551247596741, 0.589521050453186, 0.5938506722450256, 0.5877287983894348, 0.589043140411377, 0.5850768089294434, 0.5758309960365295], "accuracy": [0.3432296812534332, 0.4316950738430023, 0.48104313015937805, 0.5083249807357788, 0.5323972105979919, 0.5338013768196106, 0.5452356934547424, 0.5532597899436951, 0.5544633865356445, 0.5624874830245972, 0.5689067244529724, 0.5731193423271179, 0.5771313905715942, 0.5795386433601379, 0.5845536589622498, 0.5889669060707092, 0.5947843790054321, 0.5969910025596619, 0.6024072170257568, 0.6100301146507263, 0.6160481572151184, 0.6222668290138245, 0.6260782480239868, 0.629287838935852, 0.6302908658981323, 0.6389167308807373, 0.6435306072235107, 0.6567702889442444, 0.6557673215866089, 0.6629889607429504, 0.6774322986602783, 0.6806419491767883, 0.6844533681869507, 0.685055136680603, 0.7013038992881775, 0.7095285654067993, 0.717352032661438, 0.7231695055961609, 0.7295887470245361, 0.7364092469215393, 0.7512537837028503, 0.7606820464134216, 0.7618856430053711, 0.7628886699676514, 0.7699097394943237, 0.770912766456604, 0.7771313786506653, 0.7821464538574219, 0.7781344056129456, 0.7819458246231079, 0.7909729480743408, 0.7839518785476685, 0.7931795120239258, 0.7907723188400269, 0.7929789423942566, 0.7899699211120605, 0.7925777435302734, 0.7921765446662903, 0.7937813401222229, 0.7951855659484863, 0.8002005815505981, 0.7831494212150574, 0.7989969849586487, 0.8022066354751587, 0.8022066354751587, 0.802808403968811, 0.8038114309310913, 0.8078234791755676, 0.811835527420044, 0.7945837378501892, 0.8056168556213379, 0.7899699211120605, 0.806018054485321, 0.8074222803115845, 0.8058174252510071, 0.8104313015937805, 0.8136409521102905, 0.8124372959136963, 0.8124372959136963, 0.8128384947776794, 0.8128384947776794, 0.8162487745285034, 0.8102306723594666, 0.8172517418861389, 0.81163489818573, 0.8136409521102905, 0.8212637901306152, 0.8154463171958923, 0.8164493441581726, 0.8182547688484192, 0.8172517418861389, 0.8070210814476013, 0.8166499733924866, 0.8056168556213379, 0.8192577958106995, 0.8194583654403687, 0.8216649889945984, 0.820260763168335, 0.8228685855865479, 0.8284854292869568], "val_loss": [2.268148899078369, 1.8960727453231812, 1.6484920978546143, 1.4857850074768066, 1.367018222808838, 1.2905285358428955, 1.2329519987106323, 1.186327576637268, 1.161723017692566, 1.1358927488327026, 1.1163166761398315, 1.1032410860061646, 1.0897634029388428, 1.0794873237609863, 1.0739953517913818, 1.0648642778396606, 1.0647634267807007, 1.0540790557861328, 1.050383448600769, 1.04524827003479, 1.0428420305252075, 1.0354541540145874, 1.0350359678268433, 1.0246344804763794, 1.0165603160858154, 1.0058296918869019, 0.9997687339782715, 0.9936453700065613, 0.9867384433746338, 0.9831726551055908, 0.9741608500480652, 0.9725138545036316, 0.9656251072883606, 0.9930142164230347, 0.956112265586853, 0.9488393664360046, 0.9537114500999451, 0.9524503350257874, 0.9552584290504456, 0.9405064582824707, 0.9485791325569153, 0.9489305019378662, 0.9291081428527832, 0.9452491998672485, 0.9177939891815186, 0.9334571957588196, 0.9565849900245667, 0.9165031909942627, 0.934948205947876, 0.9255134463310242, 0.9247711896896362, 0.9269900321960449, 0.9286113977432251, 0.929439902305603, 0.9480690956115723, 0.9224278330802917, 0.9312750697135925, 0.923674464225769, 0.9574494957923889, 0.9473714828491211, 1.0529654026031494, 0.9249725937843323, 0.9374004006385803, 0.9571882486343384, 0.9316551089286804, 0.9334670305252075, 0.9460318684577942, 0.9291521310806274, 0.9692078232765198, 0.9405612349510193, 0.9490305185317993, 0.957948625087738, 0.9357079267501831, 1.0026413202285767, 0.9325401782989502, 0.9321660399436951, 0.9753654599189758, 0.9626510143280029, 0.9460920095443726, 0.9354567527770996, 0.9475291967391968, 0.9580001831054688, 0.9703673720359802, 0.9622052907943726, 0.9768649935722351, 0.9756613373756409, 0.9405892491340637, 0.9376094341278076, 0.9493578672409058, 1.1097643375396729, 0.9802225232124329, 0.9431536793708801, 0.967390775680542, 0.9454784989356995, 0.9466407895088196, 0.9550586342811584, 0.9887744188308716, 0.9561959505081177, 0.9475287199020386, 0.9627622961997986],