{"loss": [2.7524921894073486, 2.1295857429504395, 1.8600921630859375, 1.6920092105865479, 1.5551743507385254, 1.3162862062454224, 1.206403374671936, 1.137820839881897, 1.0740431547164917, 0.9964495301246643, 0.9161942601203918, 0.8685165047645569, 0.8291029334068298, 0.7947424054145813, 0.767959713935852, 0.7451947927474976, 0.719714343547821, 0.698224663734436, 0.6792874932289124, 0.6587048768997192, 0.6423511505126953, 0.6242606043815613, 0.6072525978088379, 0.5913909673690796, 0.5728089809417725, 0.556647002696991, 0.5403831005096436, 0.5253455638885498, 0.5128862261772156, 0.5006942749023438, 0.4914974868297577, 0.4775997996330261, 0.46883609890937805, 0.4598831236362457, 0.45015764236450195, 0.4418611228466034, 0.43317657709121704, 0.42586323618888855, 0.41938579082489014, 0.41335466504096985, 0.40723493695259094, 0.4008348286151886, 0.3959256112575531, 0.3916134536266327, 0.38786303997039795, 0.38214921951293945, 0.3778693377971649, 0.3730343282222748, 0.3699924647808075, 0.36502739787101746, 0.36054620146751404, 0.3576413094997406, 0.35441288352012634, 0.3502151072025299, 0.34914109110832214, 0.3454305827617645, 0.3406984806060791, 0.3414733111858368, 0.33548298478126526, 0.33329102396965027, 0.32982760667800903, 0.3268106281757355, 0.32783380150794983, 0.3222517967224121, 0.3200908303260803, 0.31908994913101196, 0.31615710258483887, 0.3129773437976837, 0.30892056226730347, 0.30747249722480774, 0.3066328763961792, 0.30512455105781555, 0.3015984892845154, 0.30081257224082947, 0.2976545989513397, 0.2960675060749054, 0.295635461807251, 0.2922757863998413, 0.2897741496562958, 0.29018256068229675, 0.28688398003578186, 0.2849871516227722, 0.28311410546302795, 0.28247392177581787, 0.28080853819847107, 0.27907419204711914, 0.276058167219162, 0.27682432532310486, 0.273796945810318, 0.2729107737541199, 0.27141815423965454, 0.27029141783714294, 0.26726067066192627, 0.27241817116737366, 0.26583895087242126, 0.26387086510658264, 0.26682543754577637, 0.2605915069580078, 0.2605070471763611, 0.2594221532344818], "accuracy": [0.30932798981666565, 0.44674021005630493, 0.4872617721557617, 0.5223671197891235, 0.5562688112258911, 0.6164493560791016, 0.6353059411048889, 0.6535606980323792, 0.6702106595039368, 0.6930792331695557, 0.7307924032211304, 0.7394182682037354, 0.7452356815338135, 0.7598796486854553, 0.7662988901138306, 0.7689067125320435, 0.7755265831947327, 0.7791374325752258, 0.7821464538574219, 0.7909729480743408, 0.7929789423942566, 0.800000011920929, 0.8024072051048279, 0.8054162263870239, 0.81163489818573, 0.814643919467926, 0.8214644193649292, 0.8226680159568787, 0.8250752091407776, 0.8280842304229736, 0.8326981067657471, 0.838114321231842, 0.8391173481941223, 0.8427281975746155, 0.8445336222648621, 0.8467402458190918, 0.8507522344589233, 0.849949836730957, 0.8547642827033997, 0.8559678792953491, 0.8579739332199097, 0.8625877499580383, 0.8643931746482849, 0.8684052228927612, 0.8682045936584473, 0.8698094487190247, 0.8688064217567444, 0.8732196688652039, 0.8744232654571533, 0.8776329159736633, 0.8776329159736633, 0.8794383406639099, 0.8820461630821228, 0.8828485608100891, 0.8860581517219543, 0.882246732711792, 0.8874623775482178, 0.8866599798202515, 0.888465404510498, 0.8894684314727783, 0.8930792212486267, 0.8956870436668396, 0.8916749954223633, 0.8932798504829407, 0.894082248210907, 0.8950852751731873, 0.8978936672210693, 0.8984954953193665, 0.9023069143295288, 0.9029087424278259, 0.9009026885032654, 0.8998997211456299, 0.9049147367477417, 0.9039117097854614, 0.9029087424278259, 0.9029087424278259, 0.9045135378837585, 0.908726155757904, 0.9081243872642517, 0.9065195322036743, 0.908726155757904, 0.9111334085464478, 0.9095286130905151, 0.9097291827201843, 0.9111334085464478, 0.9115346074104309, 0.9137412309646606, 0.9115346074104309, 0.9133400321006775, 0.9115346074104309, 0.9139418005943298, 0.914342999458313, 0.9157472252845764, 0.9125376343727112, 0.9165496230125427, 0.9165496230125427, 0.912136435508728, 0.9161484241485596, 0.917753279209137, 0.9183550477027893], "val_loss": [2.343021869659424, 2.013059377670288, 1.8496307134628296, 1.7405726909637451, 1.571915864944458, 1.3949236869812012, 1.3301219940185547, 1.273045539855957, 1.2149442434310913, 1.1232874393463135, 1.0748050212860107, 1.034433364868164, 1.0049870014190674, 0.9825140237808228, 0.9577221870422363, 0.9377901554107666, 0.9313013553619385, 0.9039629697799683, 0.8858951926231384, 0.8679174184799194, 0.8565844893455505, 0.8389140367507935, 0.8310834765434265, 0.8123465776443481, 0.7965887784957886, 0.7814424633979797, 0.7674999833106995, 0.759691059589386, 0.7431613206863403, 0.7294853925704956, 0.7207556962966919, 0.7047462463378906, 0.701414942741394, 0.7026428580284119, 0.6935974955558777, 0.6749858260154724, 0.65852952003479, 0.661311149597168, 0.6503773331642151, 0.6461169719696045, 0.640173077583313, 0.6419541835784912, 0.6427726149559021, 0.6339181661605835, 0.6240666508674622, 0.6229152083396912, 0.6157675385475159, 0.6243717074394226, 0.6091535091400146, 0.6132945418357849, 0.6036896109580994, 0.609931230545044, 0.6103782653808594, 0.5979663729667664, 0.6015014052391052, 0.5999565124511719, 0.603015124797821, 0.5999041795730591, 0.5976715087890625, 0.5897700786590576, 0.5911208987236023, 0.6058778762817383, 0.5879841446876526, 0.5945913195610046, 0.589107096195221, 0.5896627902984619, 0.5881733894348145, 0.5894896388053894, 0.5890111327171326, 0.5856370329856873, 0.5867911577224731, 0.593472421169281, 0.5937077403068542, 0.5825828909873962, 0.5868886709213257, 0.5837497115135193, 0.5817314386367798, 0.5898953676223755, 0.5854345560073853, 0.6031243205070496, 0.59096759557724, 0.588445246219635, 0.5950126051902771, 0.581746518611908, 0.5914189219474792, 0.5952718257904053, 0.5919935703277588, 0.5865134596824646, 0.584907054901123, 0.5893921852111816, 0.595988929271698, 0.5901476740837097, 0.5861490964889526, 0.5917433500289917, 0.5954318642616272, 0.6055614352226257, 0.5815365314483643, 0.5880158543586731, 0.5845579504966736, 0.6028703451156616],