{"loss": [4.000304698944092, 3.0260536670684814, 2.633443593978882, 2.3565237522125244, 2.145699977874756, 1.9803314208984375, 1.8515212535858154, 1.7447233200073242, 1.657792091369629, 1.5836198329925537, 1.5163915157318115, 1.458713173866272, 1.4082666635513306, 1.3615683317184448, 1.3206853866577148, 1.2834781408309937, 1.2541272640228271, 1.2258481979370117, 1.2007509469985962, 1.177551031112671, 1.1577816009521484, 1.1402872800827026, 1.125427484512329, 1.1102626323699951, 1.0972989797592163, 1.0839052200317383, 1.0737842321395874, 1.0646015405654907, 1.0559135675430298, 1.0470601320266724, 1.0404086112976074, 1.0316028594970703, 1.0252991914749146, 1.0189839601516724, 1.0121281147003174, 1.0081477165222168, 1.0022740364074707, 0.9973799586296082, 0.9929895997047424, 0.9894083142280579, 0.9844793081283569, 0.9818941354751587, 0.9775944352149963, 0.973370373249054, 0.9725545644760132, 0.9680812954902649, 0.9653540253639221, 0.9624611735343933, 0.9620217084884644, 0.9598358869552612, 0.9561863541603088, 0.9547865390777588, 0.9522620439529419, 0.9508125185966492, 0.9505874514579773, 0.9467638731002808, 0.945754885673523, 0.943773627281189, 0.9432258605957031, 0.9435849785804749, 0.942184329032898, 0.9392778873443604, 0.9383488893508911, 0.9365817308425903, 0.9381289482116699, 0.9369028210639954, 0.9355065226554871, 0.9336209893226624, 0.933722972869873, 0.9313890933990479, 0.9314060211181641, 0.9311137795448303, 0.9297833442687988, 0.9306479692459106, 0.9280562996864319, 0.927554726600647, 0.928122341632843, 0.9274994730949402, 0.9291993379592896, 0.9263744354248047, 0.9249643683433533, 0.9243940711021423, 0.9236873984336853, 0.9238442182540894, 0.9235029816627502, 0.9219875931739807, 0.923121452331543, 0.9206401705741882, 0.9224479794502258, 0.9209149479866028, 0.9210039377212524, 0.920201301574707, 0.919495701789856, 0.9194507598876953, 0.9183706045150757, 0.9174990057945251, 0.9172924160957336, 0.917935848236084, 0.9163283705711365, 0.9162139892578125], "accuracy": [0.30366072058677673, 0.41268253326416016, 0.4288857877254486, 0.4558911919593811, 0.4760952293872833, 0.5015003085136414, 0.517303466796875, 0.5321063995361328, 0.5403080582618713, 0.5493098497390747, 0.5537107586860657, 0.5559111833572388, 0.5613122582435608, 0.566913366317749, 0.5729146003723145, 0.5749149918556213, 0.5771154165267944, 0.5815163254737854, 0.580916166305542, 0.590718150138855, 0.5885177254676819, 0.5879175662994385, 0.5897179245948792, 0.5933186411857605, 0.5943188667297363, 0.5957191586494446, 0.5967193245887756, 0.5967193245887756, 0.5985196828842163, 0.5959191918373108, 0.6007201671600342, 0.5989198088645935, 0.6017203330993652, 0.6053210496902466, 0.6005200743675232, 0.6023204922676086, 0.605721116065979, 0.6115223169326782, 0.60592120885849, 0.6083216667175293, 0.6103220582008362, 0.6063212752342224, 0.6111222505569458, 0.611322283744812, 0.6105220913887024, 0.611322283744812, 0.6115223169326782, 0.6077215671539307, 0.6043208837509155, 0.6055210828781128, 0.6109221577644348, 0.6103220582008362, 0.6109221577644348, 0.6103220582008362, 0.61012202501297, 0.6159231662750244, 0.6119223833084106, 0.6165233254432678, 0.61432284116745, 0.61012202501297, 0.6153230667114258, 0.6115223169326782, 0.6137227416038513, 0.615523099899292, 0.6119223833084106, 0.6123224496841431, 0.6111222505569458, 0.616723358631134, 0.6131226420402527, 0.6165233254432678, 0.615523099899292, 0.6163232922554016, 0.6151230335235596, 0.6157231330871582, 0.6165233254432678, 0.6179235577583313, 0.6175234913825989, 0.6181236505508423, 0.6163232922554016, 0.619723916053772, 0.6251250505447388, 0.6205241084098816, 0.6181236505508423, 0.619924008846283, 0.6179235577583313, 0.6179235577583313, 0.620924174785614, 0.6183236837387085, 0.6203240752220154, 0.6217243671417236, 0.6195238828659058, 0.6213242411613464, 0.6195238828659058, 0.6257251501083374, 0.6245248913764954, 0.6205241084098816, 0.6239247918128967, 0.622124433517456, 0.626325249671936, 0.626325249671936], "val_loss": [3.276374101638794, 2.822352409362793, 2.5169026851654053, 2.2813782691955566, 2.0974855422973633, 1.9559003114700317, 1.8407524824142456, 1.7541389465332031, 1.6692218780517578, 1.6023025512695312, 1.5453177690505981, 1.4941118955612183, 1.451829195022583, 1.416082739830017, 1.3772902488708496, 1.344844102859497, 1.3186705112457275, 1.2938342094421387, 1.2715733051300049, 1.251645803451538, 1.245680332183838, 1.2306082248687744, 1.208191156387329, 1.1956510543823242, 1.1849852800369263, 1.1785826683044434, 1.1658204793930054, 1.1592152118682861, 1.1523864269256592, 1.1447372436523438, 1.13516366481781, 1.131546974182129, 1.1282376050949097, 1.121783971786499, 1.1152132749557495, 1.1090235710144043, 1.112716555595398, 1.103081226348877, 1.0981624126434326, 1.0945227146148682, 1.0938698053359985, 1.0895448923110962, 1.0865654945373535, 1.0890789031982422, 1.078715205192566, 1.0791221857070923, 1.078129768371582, 1.0818718671798706, 1.073603630065918, 1.0735677480697632, 1.069565773010254, 1.0690404176712036, 1.0660409927368164, 1.0686511993408203, 1.0641987323760986, 1.0619902610778809, 1.0648045539855957, 1.0637081861495972, 1.0617518424987793, 1.060166597366333, 1.0586286783218384, 1.0590027570724487, 1.064238429069519, 1.0607292652130127, 1.057797908782959, 1.061295509338379, 1.0603948831558228, 1.0550938844680786, 1.0624455213546753, 1.0573995113372803, 1.0571351051330566, 1.0586915016174316, 1.0554622411727905, 1.0538142919540405, 1.054581642150879, 1.0545042753219604, 1.0502666234970093, 1.057665228843689, 1.0603700876235962, 1.0545530319213867, 1.055952548980713, 1.0566937923431396, 1.05892813205719, 1.054571270942688, 1.056740403175354, 1.053978681564331, 1.0547412633895874, 1.0551116466522217, 1.0538511276245117, 1.0549297332763672, 1.053754448890686, 1.0551245212554932, 1.0555675029754639, 1.054979920387268, 1.053673267364502, 1.0563784837722778, 1.0548110008239746, 1.0520273447036743, 1.0566960573196411, 1.0525789260864258], "val_accuracy": [0.40528106689453125, 0.4160832166671753, 0.4560912251472473, 0.4854970872402191, 0.5025004744529724, 0.5111021995544434, 0.5277055501937866, 0.5255051255226135, 0.5353070497512817, 0.550710141658783, 0.5505101084709167, 0.5577115416526794, 0.5563112497329712, 0.556111216545105, 0.5635126829147339, 0.5673134922981262, 0.57131427526474, 0.5737147331237793, 0.5719143748283386, 0.5771154165267944, 0.5749149918556213, 0.5739147663116455, 0.5747149586677551, 0.57551509141922, 0.577915608882904, 0.5789157748222351, 0.5867173671722412, 0.5805160999298096, 0.5789157748222351, 0.5829165577888489, 0.5859171748161316, 0.5837167501449585, 0.5797159671783447, 0.582116425037384, 0.5845168828964233, 0.5897179245948792, 0.585317075252533, 0.5881175994873047, 0.5909181833267212, 0.5921184420585632, 0.5845168828964233, 0.5883176922798157, 0.5931186079978943, 0.5835167169570923, 0.5959191918373108, 0.5923184752464294, 0.5911182165145874, 0.5831166505813599, 0.5923184752464294, 0.5987197160720825, 0.591918408870697, 0.5955191254615784, 0.5965192914009094, 0.5889177918434143, 0.591718316078186, 0.5941188335418701, 0.5913182497024536, 0.5931186079978943, 0.5903180837631226, 0.5957191586494446, 0.5941188335418701, 0.591718316078186, 0.5911182165145874, 0.5865172743797302, 0.5895178914070129, 0.5901180505752563, 0.5881175994873047, 0.5933186411857605, 0.5841168165206909, 0.5903180837631226, 0.5999199748039246, 0.587517499923706, 0.591918408870697, 0.5933186411857605, 0.5985196828842163, 0.5905181169509888, 0.6007201671600342, 0.591918408870697, 0.5895178914070129, 0.5915182828903198, 0.5943188667297363, 0.5999199748039246, 0.5927185416221619, 0.5975195169448853, 0.5935186743736267, 0.5933186411857605, 0.5969193577766418, 0.5951189994812012, 0.5923184752464294, 0.5975195169448853, 0.5999199748039246, 0.5947189331054688, 0.5959191918373108, 0.5901180505752563, 0.5941188335418701, 0.5935186743736267, 0.5953190922737122, 0.5963192582130432, 0.5929185748100281, 0.5945188999176025],