{"loss": [4.095863342285156, 2.5719282627105713, 2.2332775592803955, 2.0587055683135986, 1.9328395128250122, 1.8327933549880981, 1.7520076036453247, 1.678256630897522, 1.6182301044464111, 1.5586687326431274, 1.5054652690887451, 1.459905982017517, 1.4147282838821411, 1.3686206340789795, 1.3275394439697266, 1.2896333932876587, 1.25273859500885, 1.217278003692627, 1.1838772296905518, 1.1487623453140259, 1.1188833713531494, 1.0914183855056763, 1.0651179552078247, 1.041940689086914, 1.0196807384490967, 1.000451683998108, 0.9791097044944763, 0.9596701264381409, 0.9413548111915588, 0.9243812561035156, 0.9051722288131714, 0.8847578167915344, 0.8670547008514404, 0.8448982834815979, 0.8239926099777222, 0.8064314723014832, 0.7855044603347778, 0.7663866281509399, 0.7487901449203491, 0.7292158007621765, 0.7125980257987976, 0.6960644721984863, 0.6833997964859009, 0.6700336337089539, 0.6578905582427979, 0.6457924246788025, 0.6357322335243225, 0.6274483799934387, 0.6189885139465332, 0.6116683483123779, 0.6039444208145142, 0.5970102548599243, 0.5916803479194641, 0.5854153633117676, 0.5801053643226624, 0.574487030506134, 0.5691050887107849, 0.565300464630127, 0.5600348114967346, 0.5543919205665588, 0.5487143993377686, 0.5444990992546082, 0.5397136807441711, 0.5347439646720886, 0.5296831130981445, 0.521111249923706, 0.5159761309623718, 0.5099069476127625, 0.5028297305107117, 0.4980343282222748, 0.4932471215724945, 0.48926427960395813, 0.48518288135528564, 0.4804738461971283, 0.4769512712955475, 0.47261908650398254, 0.4700999855995178, 0.4657820165157318, 0.4601524770259857, 0.45497459173202515, 0.4502096176147461, 0.44591647386550903, 0.4400213956832886, 0.4352894723415375, 0.43046748638153076, 0.4257550835609436, 0.42156460881233215, 0.4194093644618988, 0.41483503580093384, 0.4121367633342743, 0.4078707695007324, 0.40493255853652954, 0.40125247836112976, 0.3993472456932068, 0.3967883884906769, 0.3935450315475464, 0.39157477021217346, 0.3881438374519348, 0.3869220018386841, 0.38464775681495667], "accuracy": [0.41123369336128235, 0.5474423170089722, 0.579338014125824, 0.6046138405799866, 0.6190571784973145, 0.6310932636260986, 0.6439318060874939, 0.6503510475158691, 0.6519558429718018, 0.6639919877052307, 0.6716148257255554, 0.6772316694259644, 0.6848545670509338, 0.6932798624038696, 0.6962888836860657, 0.7053159475326538, 0.7149448394775391, 0.7193580865859985, 0.723771333694458, 0.7331995964050293, 0.7388164401054382, 0.7408224940299988, 0.7444332838058472, 0.7466399073600769, 0.7512537837028503, 0.7534604072570801, 0.758876621723175, 0.7610832452774048, 0.7642928957939148, 0.76750248670578, 0.7697091102600098, 0.7681043148040771, 0.7733199596405029, 0.7739217877388, 0.7775325775146484, 0.7791374325752258, 0.7813440561294556, 0.7833500504493713, 0.7847542762756348, 0.7903711199760437, 0.7899699211120605, 0.7935807704925537, 0.7927783131599426, 0.7951855659484863, 0.8002005815505981, 0.8020060062408447, 0.8018054366111755, 0.8016048073768616, 0.8026078343391418, 0.8046138286590576, 0.8052156567573547, 0.8056168556213379, 0.8046138286590576, 0.809227705001831, 0.8088265061378479, 0.8094282746315002, 0.8096289038658142, 0.8128384947776794, 0.8134403228759766, 0.8142427206039429, 0.8166499733924866, 0.8156469464302063, 0.814643919467926, 0.8162487745285034, 0.8204613924026489, 0.823269784450531, 0.8248746395111084, 0.8258776068687439, 0.8254764080047607, 0.8252758383750916, 0.8298896551132202, 0.8302908539772034, 0.8326981067657471, 0.8355064988136292, 0.83530592918396, 0.8375125527381897, 0.8397191762924194, 0.8397191762924194, 0.8425275683403015, 0.8459377884864807, 0.8485456109046936, 0.8517552614212036, 0.8535606861114502, 0.8541625142097473, 0.8577733039855957, 0.861985981464386, 0.8639919757843018, 0.8639919757843018, 0.8661985993385315, 0.8684052228927612, 0.867402195930481, 0.8682045936584473, 0.867402195930481, 0.870411217212677, 0.8692076206207275, 0.8684052228927612, 0.870611846446991, 0.873420238494873, 0.8738214373588562, 0.8752256631851196], "val_loss": [3.0037925243377686, 2.408043146133423, 2.2119009494781494, 2.086930990219116, 1.9969137907028198, 1.924517273902893, 1.8498644828796387, 1.7875908613204956, 1.7387590408325195, 1.6849242448806763, 1.6410470008850098, 1.5868242979049683, 1.5450305938720703, 1.5042877197265625, 1.4754607677459717, 1.4322055578231812, 1.390408992767334, 1.3570204973220825, 1.3241311311721802, 1.2924959659576416, 1.2684165239334106, 1.243372917175293, 1.2181856632232666, 1.200110673904419, 1.1736639738082886, 1.1544132232666016, 1.1394221782684326, 1.121284008026123, 1.1073647737503052, 1.088000774383545, 1.0746029615402222, 1.052473783493042, 1.0323545932769775, 1.0234113931655884, 0.9968822598457336, 0.9775267243385315, 0.9594115614891052, 0.9477333426475525, 0.9220596551895142, 0.9040383696556091, 0.8942667841911316, 0.8781536221504211, 0.8663484454154968, 0.8461956977844238, 0.8272087574005127, 0.8278279304504395, 0.8184407949447632, 0.8115240335464478, 0.794988751411438, 0.7965303659439087, 0.7895514965057373, 0.7843440771102905, 0.7916714549064636, 0.7664704918861389, 0.7741642594337463, 0.7633633017539978, 0.7630414366722107, 0.7494657635688782, 0.761947512626648, 0.7452642321586609, 0.751968264579773, 0.7478759288787842, 0.7313647270202637, 0.7294142246246338, 0.727665364742279, 0.7086517810821533, 0.7015763521194458, 0.7090796828269958, 0.6957510113716125, 0.6905258893966675, 0.6959168910980225, 0.6921679377555847, 0.6899475455284119, 0.6839241981506348, 0.6783367395401001, 0.677797257900238, 0.6741762161254883, 0.673076331615448, 0.6680262684822083, 0.656558096408844, 0.6682372093200684, 0.6569728851318359, 0.6563100218772888, 0.6471258997917175, 0.6451389193534851, 0.6457251906394958, 0.6394075751304626, 0.6372872591018677, 0.6381230354309082, 0.6358530521392822, 0.6289553642272949, 0.6376152634620667, 0.634117066860199, 0.6349184513092041, 0.6332654356956482, 0.6337194442749023, 0.6210771203041077, 0.6207453608512878, 0.6284082531929016, 0.6191229224205017],