{"loss": [4.034515380859375, 2.4203226566314697, 2.0443308353424072, 1.8465781211853027, 1.7189565896987915, 1.6309764385223389, 1.5540213584899902, 1.4918534755706787, 1.436457633972168, 1.3821412324905396, 1.339743733406067, 1.2980461120605469, 1.2605185508728027, 1.2217133045196533, 1.188894271850586, 1.1536515951156616, 1.1238064765930176, 1.0907968282699585, 1.0621546506881714, 1.0314210653305054, 1.0037165880203247, 0.9790714383125305, 0.9554327130317688, 0.9350327253341675, 0.9144900441169739, 0.8930016160011292, 0.8725422620773315, 0.8560472130775452, 0.8394213318824768, 0.8236808180809021, 0.8074374198913574, 0.7889841794967651, 0.7740132808685303, 0.7556182146072388, 0.7382095456123352, 0.7211906909942627, 0.7027485370635986, 0.6864904761314392, 0.669877290725708, 0.654861569404602, 0.6386040449142456, 0.6229556798934937, 0.6096102595329285, 0.5949584245681763, 0.5852699279785156, 0.5709579586982727, 0.5619207620620728, 0.5510848164558411, 0.5402092933654785, 0.5320035815238953, 0.5232889652252197, 0.5147596001625061, 0.5090565085411072, 0.4987587630748749, 0.49250635504722595, 0.485490620136261, 0.4777379333972931, 0.47040867805480957, 0.4626446068286896, 0.45536699891090393, 0.4453308582305908, 0.43945348262786865, 0.4336794912815094, 0.42595043778419495, 0.4206744432449341, 0.41399821639060974, 0.40838393568992615, 0.4015215039253235, 0.39895594120025635, 0.392416775226593, 0.38850706815719604, 0.38216617703437805, 0.3775535225868225, 0.37463316321372986, 0.36917728185653687, 0.3643511235713959, 0.3615262806415558, 0.35764801502227783, 0.35563167929649353, 0.34990251064300537, 0.34674179553985596, 0.3428840637207031, 0.34103959798812866, 0.33913126587867737, 0.3354732096195221, 0.3332210183143616, 0.329597532749176, 0.3274167776107788, 0.32400545477867126, 0.323203980922699, 0.3199503719806671, 0.31716927886009216, 0.3159030079841614, 0.31379035115242004, 0.3110774755477905, 0.3085196316242218, 0.30803120136260986, 0.305067777633667, 0.3021343946456909, 0.2988226115703583], "accuracy": [0.4310483932495117, 0.5784274339675903, 0.6167338490486145, 0.6387096643447876, 0.6568548679351807, 0.66411292552948, 0.6703628897666931, 0.6812499761581421, 0.6870967745780945, 0.69536292552948, 0.7034274339675903, 0.706250011920929, 0.7155241966247559, 0.7215725779533386, 0.7276209592819214, 0.7344757914543152, 0.7385080456733704, 0.7453628778457642, 0.7485886812210083, 0.7526209950447083, 0.7582661509513855, 0.7588709592819214, 0.7598790526390076, 0.7610887289047241, 0.7675403356552124, 0.7673386931419373, 0.7705644965171814, 0.7737902998924255, 0.7735887169837952, 0.7766128778457642, 0.78125, 0.7806451320648193, 0.7862903475761414, 0.7875000238418579, 0.7931451797485352, 0.793749988079071, 0.7971774339675903, 0.7981854677200317, 0.8010080456733704, 0.8020161390304565, 0.8056451678276062, 0.8086693286895752, 0.8096774220466614, 0.8108870983123779, 0.8114919066429138, 0.8137096762657166, 0.8139113187789917, 0.8187500238418579, 0.8199597001075745, 0.8223790526390076, 0.823387086391449, 0.8235887289047241, 0.8260080814361572, 0.8282257914543152, 0.8302419185638428, 0.8334677219390869, 0.8399193286895752, 0.8451613187789917, 0.8461693525314331, 0.850806474685669, 0.852419376373291, 0.8544355034828186, 0.8566532135009766, 0.8608871102333069, 0.8639112710952759, 0.865524172782898, 0.8661290407180786, 0.8683467507362366, 0.8717741966247559, 0.875806450843811, 0.8756048679351807, 0.8770161271095276, 0.8784274458885193, 0.8782258033752441, 0.8832661509513855, 0.882056474685669, 0.8816532492637634, 0.8860887289047241, 0.8862903118133545, 0.8868951797485352, 0.887499988079071, 0.8879032135009766, 0.8903225660324097, 0.8905242085456848, 0.8927419185638428, 0.8919354677200317, 0.8957661390304565, 0.8925403356552124, 0.8961693644523621, 0.89455646276474, 0.8963709473609924, 0.8985887169837952, 0.8979838490486145, 0.89838707447052, 0.9006048440933228, 0.9024193286895752, 0.9014112949371338, 0.9020161032676697, 0.9032257795333862, 0.9052419066429138], "val_loss": [2.8068203926086426, 2.261909008026123, 2.071120262145996, 1.9261102676391602, 1.837005853652954, 1.7573318481445312, 1.6791019439697266, 1.6168094873428345, 1.5809978246688843, 1.516143798828125, 1.4719480276107788, 1.4255931377410889, 1.404510259628296, 1.3642919063568115, 1.3349697589874268, 1.3064301013946533, 1.2680824995040894, 1.2441457509994507, 1.2216570377349854, 1.1992498636245728, 1.1723276376724243, 1.1442574262619019, 1.131375789642334, 1.1170059442520142, 1.0846322774887085, 1.0742865800857544, 1.0745600461959839, 1.0544182062149048, 1.0348433256149292, 1.011961817741394, 0.9971754550933838, 0.984495222568512, 0.966264009475708, 0.9540110230445862, 0.9327995777130127, 0.9219245314598083, 0.9096288084983826, 0.8904554843902588, 0.8821264505386353, 0.8875593543052673, 0.8589105606079102, 0.8510757088661194, 0.8389045000076294, 0.8248558044433594, 0.8149389028549194, 0.8090431690216064, 0.7934190034866333, 0.8037493228912354, 0.7831164002418518, 0.7721855640411377, 0.7636120915412903, 0.7625394463539124, 0.7558853626251221, 0.7593057155609131, 0.7547413110733032, 0.7458910942077637, 0.7511138319969177, 0.7314930558204651, 0.722599446773529, 0.7236859202384949, 0.7162534594535828, 0.7071447372436523, 0.7131909132003784, 0.6960026621818542, 0.6938413977622986, 0.6902609467506409, 0.6894500255584717, 0.6940313577651978, 0.6856154203414917, 0.6927716135978699, 0.6770033240318298, 0.6782175898551941, 0.6777114868164062, 0.6644613146781921, 0.6631234288215637, 0.6597641706466675, 0.6580830216407776, 0.6570298075675964, 0.6524503827095032, 0.6521111726760864, 0.6553253531455994, 0.6515787839889526, 0.6710779666900635, 0.6411733627319336, 0.6402744650840759, 0.6414708495140076, 0.6440337896347046, 0.6380710005760193, 0.6389541625976562, 0.6479912996292114, 0.6385486125946045, 0.6411687731742859, 0.6424590945243835, 0.645484983921051, 0.6411495804786682, 0.6579933762550354, 0.645765483379364, 0.6221156120300293, 0.6406912803649902, 0.6312586069107056],