{"loss": [1.8624043464660645, 1.237784743309021, 1.0424540042877197, 0.939889132976532, 0.8756000399589539, 0.8296775221824646, 0.7969232797622681, 0.7698879241943359, 0.7467761635780334, 0.7267740964889526, 0.7090080976486206, 0.6934463977813721, 0.6796064376831055, 0.6654054522514343, 0.654241144657135, 0.640792191028595, 0.6311579942703247, 0.6207837462425232, 0.6118543744087219, 0.6018372774124146, 0.5936141610145569, 0.5861024856567383, 0.5773766040802002, 0.5707714557647705, 0.5647048354148865, 0.5574655532836914, 0.549554705619812, 0.5435448884963989, 0.5393076539039612, 0.5315147042274475, 0.5256481766700745, 0.5204269289970398, 0.5143222212791443, 0.5079999566078186, 0.5019639134407043, 0.49752718210220337, 0.49051886796951294, 0.4846333861351013, 0.4805631637573242, 0.47527584433555603, 0.4685121774673462, 0.46319323778152466, 0.4572649300098419, 0.4521668255329132, 0.44823157787323, 0.44240105152130127, 0.4378319978713989, 0.4323471784591675, 0.4276656210422516, 0.4222553074359894, 0.4208979606628418, 0.415780246257782, 0.41113823652267456, 0.4065098166465759, 0.40229734778404236, 0.3961230218410492, 0.39401501417160034, 0.3915490508079529, 0.3865332007408142, 0.38369157910346985, 0.3794976472854614, 0.37690067291259766, 0.3721171021461487, 0.3717728555202484, 0.3641751706600189, 0.3628403842449188, 0.36083972454071045, 0.35604485869407654, 0.35426679253578186, 0.35273030400276184, 0.34808915853500366, 0.3476748466491699, 0.342813640832901, 0.3398226201534271, 0.33876171708106995, 0.33575618267059326, 0.3331315815448761, 0.3373183012008667, 0.3299424648284912, 0.32427462935447693, 0.328509122133255, 0.3245795667171478, 0.31895238161087036, 0.31716442108154297, 0.3182392120361328, 0.3154335916042328, 0.31158360838890076, 0.31054866313934326, 0.3107421100139618, 0.31133970618247986, 0.3066242039203644, 0.30433857440948486, 0.3007224202156067, 0.30065399408340454, 0.29818955063819885, 0.29667559266090393, 0.2957230508327484, 0.29493477940559387, 0.29398587346076965, 0.2903629541397095], "accuracy": [0.42965930700302124, 0.5256512761116028, 0.5705410838127136, 0.6130260229110718, 0.63807612657547, 0.6645290851593018, 0.6805611252784729, 0.6949899792671204, 0.710220456123352, 0.725450873374939, 0.7280561327934265, 0.7372745275497437, 0.7428857684135437, 0.7515029907226562, 0.7571142315864563, 0.7649298310279846, 0.7699398994445801, 0.7727454900741577, 0.7735471129417419, 0.7815631031990051, 0.7799599170684814, 0.7859719395637512, 0.7867735624313354, 0.7875751256942749, 0.7901803851127625, 0.7895791530609131, 0.7961924076080322, 0.7971943616867065, 0.7993987798690796, 0.802204430103302, 0.7985972166061401, 0.8032063841819763, 0.8030059933662415, 0.8120240569114685, 0.8118236660957336, 0.8082164525985718, 0.8160320520401001, 0.8192384839057922, 0.820641279220581, 0.823046088218689, 0.8288577198982239, 0.8304609060287476, 0.8294588923454285, 0.8324649333953857, 0.8324649333953857, 0.8338677287101746, 0.8362725377082825, 0.8422845602035522, 0.8410821557044983, 0.8466933965682983, 0.8428857922554016, 0.8468937873840332, 0.8507013916969299, 0.8519037961959839, 0.8513026237487793, 0.8531062006950378, 0.8571142554283142, 0.85631263256073, 0.8605210185050964, 0.8589178323745728, 0.8639278411865234, 0.8643286824226379, 0.8681362867355347, 0.8659318685531616, 0.8673346638679504, 0.8689378499984741, 0.8683366775512695, 0.872545063495636, 0.8723446726799011, 0.8739479184150696, 0.8757514953613281, 0.8767535090446472, 0.878156304359436, 0.8799599409103394, 0.8783566951751709, 0.8803607225418091, 0.87935870885849, 0.8825651407241821, 0.882765531539917, 0.8833667039871216, 0.8829659223556519, 0.8845691084861755, 0.8857715725898743, 0.8893787860870361, 0.8887775540351868, 0.8877755403518677, 0.890781581401825, 0.8945891857147217, 0.8877755403518677, 0.890781581401825, 0.8921843767166138, 0.8939879536628723, 0.8953908085823059, 0.8949899673461914, 0.8977956175804138, 0.8945891857147217, 0.8987975716590881, 0.8991984128952026, 0.8965932130813599, 0.8995991945266724], "val_loss": [1.4330389499664307, 1.1641076803207397, 1.0535229444503784, 0.9738662838935852, 0.9279525876045227, 0.8976227045059204, 0.8800525069236755, 0.8752152919769287, 0.859632134437561, 0.8490971922874451, 0.8360804319381714, 0.8361143469810486, 0.82442307472229, 0.8195406198501587, 0.8101603388786316, 0.8004506826400757, 0.7936905026435852, 0.791911780834198, 0.7864391207695007, 0.7821880578994751, 0.777983546257019, 0.7713354825973511, 0.7713696360588074, 0.7731951475143433, 0.7674798369407654, 0.7705740332603455, 0.7666111588478088, 0.758918285369873, 0.7619330883026123, 0.760405957698822, 0.7566969394683838, 0.7607365846633911, 0.7561841607093811, 0.7548772096633911, 0.7504019737243652, 0.7581755518913269, 0.756505012512207, 0.7548004388809204, 0.7569863796234131, 0.750191867351532, 0.7516645789146423, 0.7579176425933838, 0.749228835105896, 0.7497168183326721, 0.7526081204414368, 0.7515056729316711, 0.7517665028572083, 0.7589235901832581, 0.7496622800827026, 0.7600276470184326, 0.7535068392753601, 0.7426704168319702, 0.7502042651176453, 0.7518125772476196, 0.7497740387916565, 0.7518196702003479, 0.7517693638801575, 0.747554361820221, 0.7423128485679626, 0.7486535310745239, 0.7475859522819519, 0.7468228936195374, 0.7668938040733337, 0.7492119073867798, 0.7503076195716858, 0.7444789409637451, 0.7404696345329285, 0.7568991184234619, 0.7436681389808655, 0.7430192828178406, 0.7505394816398621, 0.7513648271560669, 0.7565633654594421, 0.7484707236289978, 0.7633451223373413, 0.7748246192932129, 0.7650027871131897, 0.748156726360321, 0.7563643455505371, 0.7720597386360168, 0.7601367831230164, 0.7590237855911255, 0.7623854279518127, 0.7637656927108765, 0.7589586973190308, 0.7514901161193848, 0.7566444277763367, 0.7728241086006165, 0.7771840691566467, 0.7624633312225342, 0.78582763671875, 0.7620750069618225, 0.762348473072052, 0.7634385228157043, 0.7602112293243408, 0.7674169540405273, 0.763595461845398, 0.7837063074111938, 0.7614244222640991, 0.7732656002044678],