{"loss": [3.6295361518859863, 2.1507246494293213, 1.8439087867736816, 1.6790313720703125, 1.5544077157974243, 1.4612683057785034, 1.3797670602798462, 1.3079519271850586, 1.243949055671692, 1.1916508674621582, 1.1431169509887695, 1.1008518934249878, 1.0635994672775269, 1.0309380292892456, 0.99689781665802, 0.9667649269104004, 0.938454806804657, 0.9100955724716187, 0.884960949420929, 0.8581014275550842, 0.8343665599822998, 0.8081505298614502, 0.7830792665481567, 0.7623711824417114, 0.7403987050056458, 0.7203862071037292, 0.7022320628166199, 0.688969612121582, 0.6669470071792603, 0.6501666307449341, 0.6350478529930115, 0.6229844093322754, 0.6053457856178284, 0.5926368832588196, 0.5818614363670349, 0.572671115398407, 0.5583851337432861, 0.5459241271018982, 0.5355066061019897, 0.524778425693512, 0.5134791731834412, 0.5003071427345276, 0.49156591296195984, 0.47259849309921265, 0.45219850540161133, 0.43481940031051636, 0.42236068844795227, 0.40922343730926514, 0.39814767241477966, 0.38899943232536316, 0.3802083134651184, 0.37181511521339417, 0.3676528334617615, 0.358421266078949, 0.3540531396865845, 0.3482600450515747, 0.34195664525032043, 0.3341973125934601, 0.34285423159599304, 0.32533979415893555, 0.3221256136894226, 0.32478275895118713, 0.3140503764152527, 0.30903181433677673, 0.30484113097190857, 0.30062198638916016, 0.2973383665084839, 0.29474592208862305, 0.29629069566726685, 0.2881098985671997, 0.2921638488769531, 0.28146663308143616, 0.278234601020813, 0.2789013683795929, 0.2719622254371643, 0.27085214853286743, 0.2667715549468994, 0.2633133828639984, 0.26066815853118896, 0.2665575444698334, 0.25723981857299805, 0.25377070903778076, 0.2524033486843109, 0.25027674436569214, 0.24753133952617645, 0.24599462747573853, 0.26018667221069336, 0.24543261528015137, 0.23996873199939728, 0.2376135140657425, 0.23583421111106873, 0.23423616588115692, 0.23184260725975037, 0.23042930662631989, 0.22875618934631348, 0.22708243131637573, 0.22588667273521423, 0.22457042336463928, 0.22344735264778137, 0.22122013568878174], "accuracy": [0.40321284532546997, 0.5504016280174255, 0.5718875527381897, 0.6100401878356934, 0.6399598121643066, 0.6672690510749817, 0.6835341453552246, 0.6951807141304016, 0.7070280909538269, 0.7186747193336487, 0.7263052463531494, 0.7339357137680054, 0.7433735132217407, 0.7483935952186584, 0.755220890045166, 0.7602409720420837, 0.7620481848716736, 0.7710843086242676, 0.7740963697433472, 0.7831325531005859, 0.786345362663269, 0.7937750816345215, 0.797389566898346, 0.8034136295318604, 0.8096385598182678, 0.8128514289855957, 0.8190762996673584, 0.8206827044487, 0.8261044025421143, 0.8315261006355286, 0.8333333134651184, 0.8345381617546082, 0.837751030921936, 0.8419678807258606, 0.8407630324363708, 0.8429718613624573, 0.8471887707710266, 0.8491967916488647, 0.8504015803337097, 0.8536144495010376, 0.8536144495010376, 0.8566265106201172, 0.8554216623306274, 0.8594377636909485, 0.8616465926170349, 0.863654613494873, 0.8672690987586975, 0.8688755035400391, 0.8704819083213806, 0.8720883727073669, 0.87469881772995, 0.87530118227005, 0.8807228803634644, 0.8811244964599609, 0.8861445784568787, 0.8869478106498718, 0.8873494267463684, 0.8931726813316345, 0.8929718732833862, 0.8977911472320557, 0.8981927633285522, 0.8949798941612244, 0.9004015922546387, 0.9018072485923767, 0.9036144614219666, 0.9040160775184631, 0.9054216742515564, 0.9054216742515564, 0.9076305031776428, 0.9076305031776428, 0.9066265225410461, 0.9120482206344604, 0.912248969078064, 0.911044180393219, 0.9166666865348816, 0.913654625415802, 0.91746985912323, 0.9178714752197266, 0.9186747074127197, 0.9182730913162231, 0.921485960483551, 0.9218875765800476, 0.9212851524353027, 0.9244980216026306, 0.9236947894096375, 0.9230923652648926, 0.918875515460968, 0.9269076585769653, 0.9263052344322205, 0.9273092150688171, 0.9295180439949036, 0.9285140633583069, 0.9291164875030518, 0.9303212761878967, 0.9313253164291382, 0.9309237003326416, 0.930522084236145, 0.9299196600914001, 0.9319277405738831, 0.9335341453552246], "val_loss": [2.5221822261810303, 2.0141940116882324, 1.8317824602127075, 1.7122005224227905, 1.6132818460464478, 1.5370227098464966, 1.4706099033355713, 1.4242727756500244, 1.3685634136199951, 1.3347500562667847, 1.2932628393173218, 1.2615336179733276, 1.2348204851150513, 1.2122489213943481, 1.1846058368682861, 1.1766387224197388, 1.1576076745986938, 1.1122936010360718, 1.0983507633209229, 1.0771735906600952, 1.052349328994751, 1.0348706245422363, 1.0249552726745605, 1.004476547241211, 0.9878820180892944, 0.9792263507843018, 0.9561732411384583, 0.9355797171592712, 0.921585738658905, 0.9004595279693604, 0.8822723627090454, 0.8717209696769714, 0.8523486256599426, 0.838413417339325, 0.825038731098175, 0.8139215111732483, 0.7977273464202881, 0.7882913947105408, 0.7707497477531433, 0.7574471831321716, 0.7473821640014648, 0.7318867444992065, 0.7200438976287842, 0.6989459991455078, 0.6816782355308533, 0.6849250793457031, 0.6418666243553162, 0.6285591125488281, 0.6169520616531372, 0.6084516644477844, 0.5949815511703491, 0.5888155102729797, 0.5826617479324341, 0.5713186264038086, 0.5771908760070801, 0.5662841200828552, 0.559497058391571, 0.5531325936317444, 0.5510542392730713, 0.5497123003005981, 0.540415346622467, 0.5478633046150208, 0.5408671498298645, 0.5350807309150696, 0.530873715877533, 0.5273705720901489, 0.5315033793449402, 0.523760199546814, 0.517319917678833, 0.5181253552436829, 0.5244291424751282, 0.524100124835968, 0.5291242599487305, 0.5141688585281372, 0.5223232507705688, 0.5156762599945068, 0.5069971084594727, 0.5039443373680115, 0.5081098079681396, 0.5101773738861084, 0.501737117767334, 0.501549243927002, 0.4982939064502716, 0.5040746331214905, 0.4993126690387726, 0.4951817989349365, 0.5227934718132019, 0.504126250743866, 0.49760702252388, 0.495252400636673, 0.4993005096912384, 0.4962785840034485, 0.49623367190361023, 0.49220702052116394, 0.4965360462665558, 0.49721959233283997, 0.4873414635658264, 0.4849751591682434, 0.4755813777446747, 0.48906224966049194],