{"loss": [1.8425885438919067, 1.1726511716842651, 0.9858085513114929, 0.8919275999069214, 0.8353315591812134, 0.797045111656189, 0.7690722942352295, 0.7464898228645325, 0.7256592512130737, 0.7074382901191711, 0.6902371048927307, 0.6741744875907898, 0.6605573892593384, 0.648220956325531, 0.6346644163131714, 0.6228422522544861, 0.6106067895889282, 0.600480854511261, 0.589108407497406, 0.5765630602836609, 0.5638020634651184, 0.5505996942520142, 0.5373601317405701, 0.5247845649719238, 0.5123810172080994, 0.4996778964996338, 0.48823869228363037, 0.4766916334629059, 0.4652036726474762, 0.4546213150024414, 0.44415730237960815, 0.4332846403121948, 0.42279478907585144, 0.41598421335220337, 0.40661096572875977, 0.3993561565876007, 0.39243823289871216, 0.38438889384269714, 0.378893107175827, 0.3725317418575287, 0.36682620644569397, 0.3607216477394104, 0.35636404156684875, 0.3513558804988861, 0.3480477035045624, 0.3428647816181183, 0.33996325731277466, 0.33481183648109436, 0.33213531970977783, 0.32698267698287964, 0.3254232406616211, 0.3212011754512787, 0.3172907829284668, 0.3148316740989685, 0.31129518151283264, 0.3086569011211395, 0.3056522011756897, 0.30179092288017273, 0.29874852299690247, 0.2952641546726227, 0.2935043275356293, 0.2890222668647766, 0.28850117325782776, 0.2840365767478943, 0.28200995922088623, 0.2792065441608429, 0.2773517072200775, 0.2742764353752136, 0.2719307243824005, 0.2687516510486603, 0.26867157220840454, 0.2652909755706787, 0.2628251016139984, 0.2616640627384186, 0.2585739195346832, 0.25807619094848633, 0.2551999092102051, 0.2540115416049957, 0.25182074308395386, 0.24954383075237274, 0.24830755591392517, 0.24593788385391235, 0.24332435429096222, 0.24189651012420654, 0.23981483280658722, 0.24005700647830963, 0.23612220585346222, 0.23544132709503174, 0.23399609327316284, 0.23205479979515076, 0.2303527146577835, 0.22910048067569733, 0.22835437953472137, 0.22512520849704742, 0.22532378137111664, 0.22337430715560913, 0.22342421114444733, 0.2194710224866867, 0.21959665417671204, 0.21743333339691162], "accuracy": [0.4273092448711395, 0.5556225180625916, 0.6038152575492859, 0.6349397301673889, 0.6548192501068115, 0.6761044263839722, 0.6877509951591492, 0.6943774819374084, 0.7040160894393921, 0.7102409601211548, 0.725301206111908, 0.7351405620574951, 0.7459839582443237, 0.7556225061416626, 0.7634538412094116, 0.7728915810585022, 0.7775100469589233, 0.7819277048110962, 0.7913654446601868, 0.8008031845092773, 0.8014056086540222, 0.813052237033844, 0.8186746835708618, 0.8192771077156067, 0.824698805809021, 0.8319277167320251, 0.8379517793655396, 0.8391566276550293, 0.8463855385780334, 0.8528112173080444, 0.8554216623306274, 0.8592369556427002, 0.8654618263244629, 0.8664658665657043, 0.8720883727073669, 0.8738955855369568, 0.8759036064147949, 0.8795180916786194, 0.8803212642669678, 0.8835341334342957, 0.8855421543121338, 0.8871486186981201, 0.88895583152771, 0.8913654685020447, 0.8903614282608032, 0.8947791457176208, 0.8911646604537964, 0.8999999761581421, 0.8981927633285522, 0.8989959955215454, 0.9016064405441284, 0.900602400302887, 0.9012048244476318, 0.9040160775184631, 0.9038152694702148, 0.9044176936149597, 0.9030120372772217, 0.9066265225410461, 0.9038152694702148, 0.9078313112258911, 0.9070281386375427, 0.9078313112258911, 0.908433735370636, 0.9082329273223877, 0.9098393321037292, 0.9126505851745605, 0.9114457964897156, 0.9102409482002258, 0.9116466045379639, 0.9142570495605469, 0.9114457964897156, 0.9134538173675537, 0.9130522012710571, 0.9152610301971436, 0.9158634543418884, 0.9186747074127197, 0.9186747074127197, 0.9164658784866333, 0.9168674945831299, 0.9176706671714783, 0.9180722832679749, 0.9192771315574646, 0.9194779396057129, 0.9224899411201477, 0.920080304145813, 0.9204819202423096, 0.9218875765800476, 0.921485960483551, 0.9212851524353027, 0.9222891330718994, 0.9228915572166443, 0.9271084070205688, 0.922690749168396, 0.9263052344322205, 0.9242972135543823, 0.9242972135543823, 0.9246987700462341, 0.927911639213562, 0.925301194190979, 0.9285140633583069], "val_loss": [1.354899287223816, 1.0931816101074219, 0.9806873798370361, 0.9226837754249573, 0.8873637318611145, 0.8710235357284546, 0.8525831699371338, 0.8399234414100647, 0.8361468315124512, 0.8240906000137329, 0.8151417970657349, 0.804725170135498, 0.8073170781135559, 0.7995131611824036, 0.7933874130249023, 0.7894672751426697, 0.7860280275344849, 0.7807361483573914, 0.7746871709823608, 0.7705215811729431, 0.7578657865524292, 0.7456393241882324, 0.7335972785949707, 0.7271939516067505, 0.7309209704399109, 0.7156258225440979, 0.7162139415740967, 0.6991005539894104, 0.6946262121200562, 0.6851523518562317, 0.683242917060852, 0.6652891039848328, 0.6564840078353882, 0.6535878777503967, 0.657417356967926, 0.6456838846206665, 0.6404827833175659, 0.6425952315330505, 0.635269045829773, 0.6364420652389526, 0.629119336605072, 0.6254392862319946, 0.6294670104980469, 0.6292030215263367, 0.6288727521896362, 0.6228200197219849, 0.6221509575843811, 0.6294427514076233, 0.6235635876655579, 0.6196077466011047, 0.61712646484375, 0.6193846464157104, 0.6196741461753845, 0.6208283305168152, 0.6191201210021973, 0.6295777559280396, 0.6187430620193481, 0.6220811605453491, 0.6234455108642578, 0.6183601021766663, 0.6111171245574951, 0.6050480008125305, 0.6142582297325134, 0.6045406460762024, 0.6060607433319092, 0.6152181029319763, 0.61577308177948, 0.6162988543510437, 0.6215642094612122, 0.6155394911766052, 0.6234508156776428, 0.618441641330719, 0.6272690892219543, 0.6218318343162537, 0.6404523253440857, 0.6176718473434448, 0.6276347637176514, 0.6134838461875916, 0.6303814649581909, 0.6196249723434448, 0.6107107996940613, 0.6151112914085388, 0.6151126623153687, 0.6121311187744141, 0.6106101870536804, 0.6116908192634583, 0.6148879528045654, 0.6204559803009033, 0.6154015064239502, 0.6295280456542969, 0.617913007736206, 0.6211901307106018, 0.6243547201156616, 0.6261979341506958, 0.6233376860618591, 0.6209977865219116, 0.6240167021751404, 0.6197120547294617, 0.6179426908493042, 0.6318182945251465],