{"loss": [3.6661055088043213, 2.904144525527954, 2.2926197052001953, 2.043797731399536, 1.9536794424057007, 1.8871735334396362, 1.8300787210464478, 1.7811604738235474, 1.737186074256897, 1.703547477722168, 1.6742587089538574, 1.6508457660675049, 1.6287192106246948, 1.607956051826477, 1.588558316230774, 1.5695651769638062, 1.551465392112732, 1.5315756797790527, 1.5107721090316772, 1.4924955368041992, 1.4728243350982666, 1.4529273509979248, 1.4315658807754517, 1.408958911895752, 1.3840131759643555, 1.3541041612625122, 1.3167338371276855, 1.26823091506958, 1.2189284563064575, 1.1787240505218506, 1.137402892112732, 1.0819631814956665, 1.036685585975647, 1.004804253578186, 0.9782613515853882, 0.9575245976448059, 0.9390051960945129, 0.9239736199378967, 0.9084352850914001, 0.893440842628479, 0.8798120617866516, 0.86897873878479, 0.858478844165802, 0.8507115840911865, 0.8426617383956909, 0.8354583978652954, 0.8291110396385193, 0.822769045829773, 0.8169155120849609, 0.8110594153404236, 0.8050464987754822, 0.8008331656455994, 0.7936541438102722, 0.7896335124969482, 0.7851755619049072, 0.7801470756530762, 0.7770000100135803, 0.7721228003501892, 0.7680907845497131, 0.7633417248725891, 0.7621312141418457, 0.7571751475334167, 0.7535300254821777, 0.7509663105010986, 0.7461753487586975, 0.7428915500640869, 0.7408238649368286, 0.7376508712768555, 0.733576238155365, 0.7321500778198242, 0.7294629812240601, 0.725758969783783, 0.7242292761802673, 0.7226473093032837, 0.7183285355567932, 0.7175337672233582, 0.7150108218193054, 0.7125543355941772, 0.7099515199661255, 0.7073492407798767, 0.7069942355155945, 0.7036624550819397, 0.7019611597061157, 0.6999894976615906, 0.697963535785675, 0.6965464353561401, 0.6943156123161316, 0.6907961964607239, 0.6893800497055054, 0.687212347984314, 0.6844788193702698, 0.6843349933624268, 0.6829426884651184, 0.6801484227180481, 0.6794440150260925, 0.6787909865379333, 0.6767839789390564, 0.6761753559112549, 0.6742314696311951, 0.6726611852645874], "accuracy": [0.1853111833333969, 0.35441264510154724, 0.4880928695201874, 0.5165098905563354, 0.5319191217422485, 0.5385231375694275, 0.5505303144454956, 0.5605363249778748, 0.5681408643722534, 0.5789473652839661, 0.5873523950576782, 0.5913547873497009, 0.5915549397468567, 0.5945567488670349, 0.5977586507797241, 0.6005603075027466, 0.6051630973815918, 0.6023614406585693, 0.609965980052948, 0.6123673915863037, 0.6093656420707703, 0.6119672060012817, 0.613368034362793, 0.6149689555168152, 0.6165699362754822, 0.6197718381881714, 0.6185711622238159, 0.6171702742576599, 0.6215729713439941, 0.6207724809646606, 0.6225735545158386, 0.6215729713439941, 0.6295777559280396, 0.6331799030303955, 0.6415849328041077, 0.6421853303909302, 0.6429858207702637, 0.6473884582519531, 0.6493896245956421, 0.6515909433364868, 0.6587952971458435, 0.6587952971458435, 0.6623974442481995, 0.663197934627533, 0.6678006649017334, 0.6680008172988892, 0.6698018908500671, 0.6698018908500671, 0.6740043759346008, 0.6754052639007568, 0.6800079941749573, 0.6790074110031128, 0.6818090677261353, 0.682209312915802, 0.6876125931739807, 0.687412440776825, 0.6880127787590027, 0.6896137595176697, 0.6934160590171814, 0.6920152306556702, 0.6970182061195374, 0.6962177157402039, 0.6958174705505371, 0.7012207508087158, 0.7014208436012268, 0.7040224075317383, 0.7024214267730713, 0.702821671962738, 0.7038223147392273, 0.7068241238594055, 0.7040224075317383, 0.7074244618415833, 0.7092255353927612, 0.709625780582428, 0.7124274373054504, 0.7094256281852722, 0.709825873374939, 0.7142285108566284, 0.7160296440124512, 0.7170302271842957, 0.7188313007354736, 0.7182309627532959, 0.7202321290969849, 0.7194316387176514, 0.7246347665786743, 0.7272363305091858, 0.7272363305091858, 0.7244346737861633, 0.728437066078186, 0.7256354093551636, 0.7260355949401855, 0.7304382920265198, 0.7292375564575195, 0.7334400415420532, 0.7298378944396973, 0.7330397963523865, 0.730038046836853, 0.7342405319213867, 0.7332399487495422, 0.7332399487495422], "val_loss": [3.273409843444824, 2.572117805480957, 2.092308759689331, 1.985537052154541, 1.915993094444275, 1.8651747703552246, 1.8137785196304321, 1.7746901512145996, 1.7419188022613525, 1.7161402702331543, 1.6961350440979004, 1.6777783632278442, 1.6594003438949585, 1.6474732160568237, 1.638162612915039, 1.6182396411895752, 1.605078935623169, 1.5892393589019775, 1.5755455493927002, 1.5581858158111572, 1.5440436601638794, 1.5257705450057983, 1.5048553943634033, 1.4825702905654907, 1.4536689519882202, 1.4252192974090576, 1.3786563873291016, 1.3148022890090942, 1.2641760110855103, 1.2223918437957764, 1.1631555557250977, 1.1161630153656006, 1.0780093669891357, 1.0516489744186401, 1.0350614786148071, 1.02003014087677, 1.0033981800079346, 0.989974856376648, 0.9757600426673889, 0.966713011264801, 0.9572203159332275, 0.948439359664917, 0.944622814655304, 0.9312160611152649, 0.9254172444343567, 0.9220941662788391, 0.9202300906181335, 0.9101282954216003, 0.9086087346076965, 0.9033802151679993, 0.8973877429962158, 0.8924241065979004, 0.8874784708023071, 0.8816964030265808, 0.8790065050125122, 0.8759657144546509, 0.8722474575042725, 0.8694279789924622, 0.8669467568397522, 0.8639358282089233, 0.8642950654029846, 0.8581823706626892, 0.8600413203239441, 0.8547912240028381, 0.8543974757194519, 0.8531089425086975, 0.8515035510063171, 0.8478372097015381, 0.8447436690330505, 0.8454985022544861, 0.8404403924942017, 0.8413434624671936, 0.8411301374435425, 0.8370487093925476, 0.83675616979599, 0.8360369801521301, 0.8332216143608093, 0.8331120014190674, 0.8331722617149353, 0.831782877445221, 0.8330966234207153, 0.8320257663726807, 0.830141544342041, 0.8276579976081848, 0.8276588916778564, 0.8249416351318359, 0.824120283126831, 0.8274921178817749, 0.8272709846496582, 0.8228719234466553, 0.8213876485824585, 0.8206897974014282, 0.820497989654541, 0.8232464790344238, 0.8213667273521423, 0.8189927339553833, 0.8188067078590393, 0.8181967735290527, 0.8178561925888062, 0.8188450336456299],