{"loss": [1.571753740310669, 1.2077418565750122, 1.0850563049316406, 1.0208133459091187, 0.9743882417678833, 0.9372882843017578, 0.9084829688072205, 0.8845146894454956, 0.8641397356987, 0.8459511995315552, 0.8305283784866333, 0.8175572752952576, 0.8017566800117493, 0.7913884520530701, 0.7784644961357117, 0.7680763006210327, 0.7566231489181519, 0.7488775253295898, 0.7386098504066467, 0.7311382293701172, 0.7242745757102966, 0.7144407033920288, 0.707112193107605, 0.6997667551040649, 0.6914386749267578, 0.6848108172416687, 0.677213728427887, 0.6716715097427368, 0.6616425514221191, 0.6553800106048584, 0.6489772796630859, 0.6418197751045227, 0.6357036232948303, 0.628541886806488, 0.6216265559196472, 0.6186739802360535, 0.610674262046814, 0.6049777269363403, 0.5981140732765198, 0.5928968191146851, 0.5853756666183472, 0.5825328826904297, 0.5757944583892822, 0.5699836015701294, 0.5670980215072632, 0.5607616305351257, 0.5573405027389526, 0.5513725876808167, 0.5479472279548645, 0.542827844619751, 0.5382266044616699, 0.537303626537323, 0.5309377312660217, 0.5281079411506653, 0.5260441303253174, 0.5209767818450928, 0.5147882103919983, 0.513786256313324, 0.51166170835495, 0.5062365531921387, 0.5037288069725037, 0.5014923214912415, 0.4982348084449768, 0.4956786334514618, 0.49128156900405884, 0.4900556802749634, 0.48722559213638306, 0.48448672890663147, 0.48243552446365356, 0.48064547777175903, 0.4768025279045105, 0.4764004647731781, 0.4732528030872345, 0.47249555587768555, 0.4678106904029846, 0.46614357829093933, 0.4637259244918823, 0.4620439410209656, 0.4611658453941345, 0.4575018286705017, 0.4548530876636505, 0.45332324504852295, 0.45153558254241943, 0.4534224569797516, 0.44718530774116516, 0.4472059905529022, 0.4446741044521332, 0.4416525363922119, 0.4469165802001953, 0.43872642517089844, 0.43777841329574585, 0.4378602206707001, 0.4338184893131256, 0.4345754384994507, 0.4311690032482147, 0.43074193596839905, 0.4283803403377533, 0.4266158640384674, 0.4252999722957611, 0.4234147369861603], "accuracy": [0.40520521998405457, 0.5171171426773071, 0.5561561584472656, 0.5733733773231506, 0.5925925970077515, 0.607207179069519, 0.6166166067123413, 0.6248248219490051, 0.6374374628067017, 0.6442442536354065, 0.6538538336753845, 0.6596596837043762, 0.6644644737243652, 0.6764764785766602, 0.679879903793335, 0.6884884834289551, 0.7023022770881653, 0.6934934854507446, 0.7125124931335449, 0.7163163423538208, 0.7181181311607361, 0.7265264987945557, 0.73153156042099, 0.7307307124137878, 0.7337337136268616, 0.7379379272460938, 0.7455455660820007, 0.7505505681037903, 0.7503503561019897, 0.7573573589324951, 0.7591591477394104, 0.7705705761909485, 0.7657657861709595, 0.7713713645935059, 0.7731731534004211, 0.7731731534004211, 0.7791791558265686, 0.7851851582527161, 0.7867867946624756, 0.7883883714675903, 0.7885885834693909, 0.7933933734893799, 0.7949950098991394, 0.7969970107078552, 0.8004003763198853, 0.8014013767242432, 0.8016015887260437, 0.8046045899391174, 0.8058058023452759, 0.8040040135383606, 0.8090090155601501, 0.8092092275619507, 0.811011016368866, 0.811011016368866, 0.8142142295837402, 0.8146145939826965, 0.8170170187950134, 0.8170170187950134, 0.8174174427986145, 0.8238238096237183, 0.8200200200080872, 0.8228228092193604, 0.8218218088150024, 0.8196195960044861, 0.8246245980262756, 0.8248248100280762, 0.8258258104324341, 0.8260260224342346, 0.8310310244560242, 0.828228235244751, 0.8352352380752563, 0.8260260224342346, 0.8332332372665405, 0.83303302526474, 0.8328328132629395, 0.8334334492683411, 0.8356356620788574, 0.8336336612701416, 0.837837815284729, 0.8368368148803711, 0.840640664100647, 0.8400400280952454, 0.8412412405014038, 0.8370370268821716, 0.8422422409057617, 0.8420420289039612, 0.8426426649093628, 0.8430430293083191, 0.8432432413101196, 0.8444444537162781, 0.8456456661224365, 0.8446446657180786, 0.8464464545249939, 0.8438438177108765, 0.844044029712677, 0.845445454120636, 0.8474474549293518, 0.8490490317344666, 0.8476476669311523, 0.8480480313301086], "val_loss": [1.3213034868240356, 1.1559991836547852, 1.0872374773025513, 1.0410577058792114, 1.0115408897399902, 0.9795383214950562, 0.9557848572731018, 0.9394029974937439, 0.9224537014961243, 0.9102967977523804, 0.905631422996521, 0.8939675092697144, 0.8824604749679565, 0.8735913634300232, 0.8759316802024841, 0.866864800453186, 0.8639798164367676, 0.8631613850593567, 0.8512089252471924, 0.8436559438705444, 0.8423544764518738, 0.8335164189338684, 0.8293311595916748, 0.8282882571220398, 0.8237512111663818, 0.8204091787338257, 0.8181197047233582, 0.8102830648422241, 0.8061699271202087, 0.8049288988113403, 0.8000413775444031, 0.7987937927246094, 0.7883785367012024, 0.7857927680015564, 0.7807243466377258, 0.7762543559074402, 0.7719502449035645, 0.7721675038337708, 0.767342746257782, 0.7618837356567383, 0.7635629773139954, 0.7589271664619446, 0.76151442527771, 0.7504789233207703, 0.7603646516799927, 0.7456147074699402, 0.7471937537193298, 0.7400954961776733, 0.7357994914054871, 0.7463301420211792, 0.7427117228507996, 0.7319707274436951, 0.7367875576019287, 0.7300501465797424, 0.7353595495223999, 0.7332372665405273, 0.7418888211250305, 0.7297251224517822, 0.7260844111442566, 0.7319133281707764, 0.7342739105224609, 0.7306520938873291, 0.7189208269119263, 0.717143177986145, 0.723395586013794, 0.7211865186691284, 0.7146543264389038, 0.7132214307785034, 0.7131449580192566, 0.7080453038215637, 0.7028278112411499, 0.7019063234329224, 0.7084293365478516, 0.7034733891487122, 0.7057725787162781, 0.7062378525733948, 0.7015581727027893, 0.7062983512878418, 0.6984464526176453, 0.7026528716087341, 0.7011045217514038, 0.7162993550300598, 0.6975350379943848, 0.7020984292030334, 0.7028144598007202, 0.6946518421173096, 0.700257420539856, 0.7056095600128174, 0.7015967965126038, 0.6996082663536072, 0.7158975005149841, 0.6985484957695007, 0.6973698139190674, 0.6982489228248596, 0.6980271339416504, 0.6994315385818481, 0.7031322121620178, 0.6979883313179016, 0.6974482536315918, 0.7152542471885681],