{"loss": [2.941270112991333, 1.8942807912826538, 1.6671321392059326, 1.5268828868865967, 1.4139658212661743, 1.314260721206665, 1.2281672954559326, 1.1507220268249512, 1.0868537425994873, 1.0250171422958374, 0.9764367938041687, 0.932489812374115, 0.8918561339378357, 0.8521868586540222, 0.8171705007553101, 0.7816132307052612, 0.742895781993866, 0.7012488842010498, 0.671570897102356, 0.644831657409668, 0.6204260587692261, 0.5979931950569153, 0.5781189203262329, 0.5607086420059204, 0.542789101600647, 0.5282377600669861, 0.512030839920044, 0.5004720091819763, 0.4870132505893707, 0.4750407934188843, 0.4624488055706024, 0.4512031674385071, 0.43963998556137085, 0.430128812789917, 0.4243380129337311, 0.41512277722358704, 0.40765616297721863, 0.3998928964138031, 0.39231932163238525, 0.3863036632537842, 0.3778582215309143, 0.37244418263435364, 0.36735591292381287, 0.36144164204597473, 0.35419878363609314, 0.3491876423358917, 0.34474122524261475, 0.33930256962776184, 0.3320888876914978, 0.33015045523643494, 0.32117530703544617, 0.31636855006217957, 0.3118460178375244, 0.3073216378688812, 0.30067989230155945, 0.2957219183444977, 0.2938360273838043, 0.28748220205307007, 0.2843736410140991, 0.28123608231544495, 0.27609318494796753, 0.27638521790504456, 0.2720779776573181, 0.26618799567222595, 0.26635032892227173, 0.26087167859077454, 0.2571956515312195, 0.25404834747314453, 0.2541278600692749, 0.2507183253765106, 0.2467474341392517, 0.24383001029491425, 0.24240998923778534, 0.23993222415447235, 0.23750169575214386, 0.23550668358802795, 0.23161581158638, 0.2298053652048111, 0.22994433343410492, 0.22469227015972137, 0.22619973123073578, 0.22259041666984558, 0.22314642369747162, 0.21998783946037292, 0.21759425103664398, 0.21661758422851562, 0.21548636257648468, 0.2143189162015915, 0.21258234977722168, 0.21085985004901886, 0.2098083198070526, 0.2080983817577362, 0.20871427655220032, 0.20583371818065643, 0.2036195993423462, 0.2036069631576538, 0.20324772596359253, 0.20005007088184357, 0.19843246042728424, 0.19903992116451263], "accuracy": [0.3778225779533386, 0.5800403356552124, 0.6173387169837952, 0.6354838609695435, 0.6566532254219055, 0.6764112710952759, 0.6939516067504883, 0.7193548679351807, 0.7316532135009766, 0.7407258152961731, 0.7481854557991028, 0.7639113068580627, 0.770362913608551, 0.7782257795333862, 0.7864919304847717, 0.7997983694076538, 0.8068548440933228, 0.8159274458885193, 0.8223790526390076, 0.8290322422981262, 0.8326612710952759, 0.8374999761581421, 0.8385080695152283, 0.8433467745780945, 0.8471774458885193, 0.8560484051704407, 0.8566532135009766, 0.8635080456733704, 0.862500011920929, 0.8657258152961731, 0.8691532015800476, 0.8709677457809448, 0.875806450843811, 0.8784274458885193, 0.8782258033752441, 0.8822580575942993, 0.8822580575942993, 0.885887086391449, 0.8879032135009766, 0.8870967626571655, 0.8887096643447876, 0.8897177577018738, 0.8947580456733704, 0.8915322422981262, 0.8955644965171814, 0.8971773982048035, 0.9004032015800476, 0.8987902998924255, 0.9012096524238586, 0.9014112949371338, 0.905443549156189, 0.905443549156189, 0.9052419066429138, 0.9076613187789917, 0.90625, 0.9102822542190552, 0.9108871221542358, 0.9100806713104248, 0.9100806713104248, 0.9139112830162048, 0.9122983813285828, 0.9151209592819214, 0.9161290526390076, 0.917137086391449, 0.9155241847038269, 0.9165322780609131, 0.9185484051704407, 0.9199596643447876, 0.918749988079071, 0.9199596643447876, 0.9235886931419373, 0.9183467626571655, 0.9231854677200317, 0.9231854677200317, 0.9203628897666931, 0.9227822422981262, 0.9239919185638428, 0.9252015948295593, 0.9225806593894958, 0.92580646276474, 0.92580646276474, 0.9276209473609924, 0.9229838848114014, 0.9290322661399841, 0.9268144965171814, 0.9290322661399841, 0.9306451678276062, 0.9278225898742676, 0.9286290407180786, 0.92963707447052, 0.9294354915618896, 0.9302419424057007, 0.92963707447052, 0.9314516186714172, 0.9330645203590393, 0.9328628778457642, 0.9332661032676697, 0.9326612949371338, 0.9352822303771973, 0.9322580695152283], "val_loss": [2.135793924331665, 1.8236576318740845, 1.684407114982605, 1.5606205463409424, 1.4858810901641846, 1.3953444957733154, 1.3524528741836548, 1.3037582635879517, 1.2852933406829834, 1.2326745986938477, 1.1988857984542847, 1.1652519702911377, 1.1697489023208618, 1.096801519393921, 1.0822257995605469, 1.0391079187393188, 0.9848294854164124, 0.9502039551734924, 0.9382387399673462, 0.9241377115249634, 0.8852133750915527, 0.8590587973594666, 0.853382408618927, 0.8475306630134583, 0.8301328420639038, 0.8231931328773499, 0.8131521940231323, 0.8187418580055237, 0.783231258392334, 0.782594621181488, 0.7742512822151184, 0.7812296748161316, 0.7728809714317322, 0.7727133631706238, 0.7705448865890503, 0.783089280128479, 0.7562885880470276, 0.7568880319595337, 0.7562312483787537, 0.7443320751190186, 0.7672449946403503, 0.776272714138031, 0.7578139305114746, 0.7677788734436035, 0.7841150164604187, 0.7690372467041016, 0.7682947516441345, 0.7553853392601013, 0.7627211809158325, 0.7368348836898804, 0.7485513091087341, 0.7232091426849365, 0.7242463231086731, 0.7264555096626282, 0.7303100824356079, 0.7157413363456726, 0.7228126525878906, 0.7302722930908203, 0.7490806579589844, 0.7225199937820435, 0.711351215839386, 0.7651328444480896, 0.7240930795669556, 0.7556964755058289, 0.7413275241851807, 0.731937825679779, 0.7521834969520569, 0.7235376834869385, 0.7270381450653076, 0.7299627661705017, 0.7258122563362122, 0.7172290682792664, 0.7179151177406311, 0.7328116297721863, 0.768110454082489, 0.7426504492759705, 0.7457559704780579, 0.7611879110336304, 0.7369335293769836, 0.7462143898010254, 0.7488654255867004, 0.7613397240638733, 0.7386906743049622, 0.7462002038955688, 0.7347158193588257, 0.7598045468330383, 0.7566089630126953, 0.7580053806304932, 0.7529964447021484, 0.7752987146377563, 0.7914572954177856, 0.717697024345398, 0.7536628246307373, 0.7698795199394226, 0.7224036455154419, 0.7290557622909546, 0.7761561870574951, 0.7789493203163147, 0.7653788924217224, 0.7369915843009949],