{"loss": [2.232743263244629, 1.7220501899719238, 1.4916783571243286, 1.3496936559677124, 1.2572453022003174, 1.1899755001068115, 1.1429325342178345, 1.1073263883590698, 1.0794692039489746, 1.0584019422531128, 1.0397394895553589, 1.0260547399520874, 1.0124304294586182, 1.0013190507888794, 0.9901283383369446, 0.9792059659957886, 0.9689481258392334, 0.9619128704071045, 0.9529260993003845, 0.9465555548667908, 0.9389677047729492, 0.9308048486709595, 0.9241858124732971, 0.9177458882331848, 0.9105187058448792, 0.9057698249816895, 0.8982476592063904, 0.8933006525039673, 0.8861241340637207, 0.8806360363960266, 0.875546932220459, 0.8691348433494568, 0.8634228706359863, 0.8558664321899414, 0.8533865809440613, 0.8497198224067688, 0.8442220687866211, 0.840146005153656, 0.8349334597587585, 0.8300243616104126, 0.8221723437309265, 0.824772834777832, 0.8162242770195007, 0.8139286041259766, 0.8087380528450012, 0.804144561290741, 0.7979492545127869, 0.7946837544441223, 0.792218804359436, 0.7883177995681763, 0.7842323780059814, 0.7871506810188293, 0.7764702439308167, 0.7759609222412109, 0.7754656672477722, 0.7782564163208008, 0.7642412781715393, 0.7704066634178162, 0.7615272402763367, 0.7573361396789551, 0.7531838417053223, 0.7530171871185303, 0.7519707679748535, 0.7448856830596924, 0.7419202923774719, 0.7429474592208862, 0.7374227643013, 0.7354730367660522, 0.7418164014816284, 0.7292609810829163, 0.7327016592025757, 0.7270050644874573, 0.7246988415718079, 0.7222113609313965, 0.7223485112190247, 0.7212268710136414, 0.7165955305099487, 0.7167028188705444, 0.7132937908172607, 0.713253378868103, 0.7037547826766968, 0.699639618396759, 0.6984864473342896, 0.6964575052261353, 0.6973906755447388, 0.694772481918335, 0.6886777281761169, 0.692371666431427, 0.6886691451072693, 0.6857826113700867, 0.6816075444221497, 0.6774172782897949, 0.6875506639480591, 0.6818896532058716, 0.668986439704895, 0.6711533069610596, 0.6669200658798218, 0.6652839183807373, 0.6603617072105408, 0.6546049118041992], "accuracy": [0.38358357548713684, 0.4834834933280945, 0.5215215086936951, 0.5327327251434326, 0.5449449419975281, 0.5433433651924133, 0.5551551580429077, 0.5597597360610962, 0.5673673748970032, 0.56796795129776, 0.5735735893249512, 0.5823823809623718, 0.5867868065834045, 0.5901901721954346, 0.5941941738128662, 0.5987988114356995, 0.6064063906669617, 0.6094093918800354, 0.6112112402915955, 0.6200200319290161, 0.6238238215446472, 0.6282282471656799, 0.6326326131820679, 0.63163161277771, 0.6398398280143738, 0.6400400400161743, 0.6470470428466797, 0.6500500440597534, 0.6552552580833435, 0.650250256061554, 0.6658658385276794, 0.6618618369102478, 0.6692692637443542, 0.6680680513381958, 0.6738739013671875, 0.6744744777679443, 0.6776776909828186, 0.6822822690010071, 0.6814814805984497, 0.6860860586166382, 0.6926926970481873, 0.6888889074325562, 0.6980981230735779, 0.6950951218605042, 0.6974974870681763, 0.7003002762794495, 0.7007007002830505, 0.7069069147109985, 0.7083082795143127, 0.7107107043266296, 0.7131131291389465, 0.7119119167327881, 0.7175174951553345, 0.7163163423538208, 0.7197197079658508, 0.719119131565094, 0.722522497177124, 0.7197197079658508, 0.7241241335868835, 0.7247247099876404, 0.7293293476104736, 0.7269269227981567, 0.7325325608253479, 0.7295295000076294, 0.7325325608253479, 0.7325325608253479, 0.7381381392478943, 0.7347347140312195, 0.7337337136268616, 0.7405405640602112, 0.7373373508453369, 0.7415415644645691, 0.7407407164573669, 0.7401401400566101, 0.7435435652732849, 0.7421421408653259, 0.7413413524627686, 0.7461461424827576, 0.7451451420783997, 0.7437437176704407, 0.7477477192878723, 0.7531531453132629, 0.7525525689125061, 0.7493493556976318, 0.7537537813186646, 0.7519519329071045, 0.7543543577194214, 0.7541541457176208, 0.7533533573150635, 0.7551551461219788, 0.7573573589324951, 0.7613613605499268, 0.7563563585281372, 0.7577577829360962, 0.7613613605499268, 0.7649649381637573, 0.763163149356842, 0.7649649381637573, 0.7673673629760742, 0.7687687873840332], "val_loss": [1.8286253213882446, 1.5578581094741821, 1.3962938785552979, 1.298292636871338, 1.2338441610336304, 1.1927251815795898, 1.1578806638717651, 1.1340935230255127, 1.1162794828414917, 1.0983760356903076, 1.0943303108215332, 1.0803108215332031, 1.0688740015029907, 1.0633466243743896, 1.0578925609588623, 1.0509140491485596, 1.0467793941497803, 1.0426936149597168, 1.0339325666427612, 1.0311357975006104, 1.0315039157867432, 1.02438485622406, 1.0185543298721313, 1.019486904144287, 1.0181013345718384, 1.0132228136062622, 1.0131216049194336, 1.0102875232696533, 1.0064829587936401, 1.0061683654785156, 1.0018893480300903, 1.0001627206802368, 0.99774569272995, 0.9968221187591553, 0.9903309345245361, 0.9991048574447632, 0.9893008470535278, 0.9852923154830933, 0.9889674782752991, 0.985122799873352, 0.9955173134803772, 0.9801470637321472, 0.9962364435195923, 0.9793475270271301, 1.0061755180358887, 0.9802628755569458, 0.9793301224708557, 0.985017716884613, 0.9837138652801514, 0.9872668385505676, 0.9967805743217468, 0.9778093695640564, 0.9857158064842224, 0.98927903175354, 0.9845250248908997, 0.9850638508796692, 1.0011104345321655, 0.9933563470840454, 0.98679119348526, 0.9888041615486145, 0.9945464134216309, 0.9943121075630188, 0.9905896186828613, 0.9897329211235046, 1.0040446519851685, 0.9873689413070679, 1.0112882852554321, 0.9929565191268921, 0.9944359660148621, 0.9922059774398804, 0.9923533201217651, 0.9900233149528503, 0.9990537166595459, 0.9921207427978516, 1.0021315813064575, 1.002532958984375, 1.0002028942108154, 0.9987167119979858, 1.0152450799942017, 1.002600908279419, 0.9973841905593872, 1.0036256313323975, 0.9961079955101013, 1.0115126371383667, 1.0168462991714478, 1.0040830373764038, 0.9983630180358887, 1.005794644355774, 1.0203193426132202, 1.0171083211898804, 1.0272374153137207, 1.011831521987915, 1.01968252658844, 1.0176734924316406, 1.0138769149780273, 1.0098176002502441, 1.010387659072876, 1.0103204250335693, 1.0124598741531372, 1.0137194395065308], "val_accuracy": [0.4698698818683624, 0.5179179310798645, 0.5371371507644653, 0.550750732421875, 0.5465465188026428, 0.545945942401886, 0.5541541576385498, 0.5595595836639404, 0.5591591596603394, 0.5697697401046753, 0.5711711645126343, 0.5725725889205933, 0.578978955745697, 0.5867868065834045, 0.5863863825798035, 0.5923923850059509, 0.5915915966033936, 0.5977978110313416, 0.6036036014556885, 0.6012011766433716, 0.5997998118400574, 0.608608603477478, 0.6098098158836365, 0.6104103922843933, 0.6074073910713196, 0.6132132411003113, 0.6136136054992676, 0.6178178191184998, 0.6204203963279724, 0.6274273991584778, 0.6264263987541199, 0.6282282471656799, 0.630630612373352, 0.6296296119689941, 0.6348348259925842, 0.6354354619979858, 0.6326326131820679, 0.6406406164169312, 0.6328328251838684, 0.6396396160125732, 0.6338338255882263, 0.6398398280143738, 0.6340340375900269, 0.6408408284187317, 0.6252252459526062, 0.642642617225647, 0.6480480432510376, 0.6356356143951416, 0.6318318247795105, 0.6412412524223328, 0.6466466188430786, 0.6480480432510376, 0.6424424648284912, 0.6454454660415649, 0.6416416168212891, 0.6436436176300049, 0.6458458304405212, 0.6462462544441223, 0.649249255657196, 0.6404404640197754, 0.6400400400161743, 0.642642617225647, 0.6438438296318054, 0.6436436176300049, 0.6384384632110596, 0.6476476192474365, 0.6460460424423218, 0.644444465637207, 0.6480480432510376, 0.6432432532310486, 0.6494494676589966, 0.6456456184387207, 0.6484484672546387, 0.649249255657196, 0.6480480432510376, 0.6476476192474365, 0.6446446180343628, 0.6458458304405212, 0.649249255657196, 0.6490490436553955, 0.650650680065155, 0.648848831653595, 0.650650680065155, 0.6458458304405212, 0.6500500440597534, 0.6460460424423218, 0.6456456184387207, 0.650250256061554, 0.6450450420379639, 0.6458458304405212, 0.6424424648284912, 0.6494494676589966, 0.6450450420379639, 0.6446446180343628, 0.6486486196517944, 0.6526526808738708, 0.6534534692764282, 0.6464464664459229, 0.6542542576789856, 0.650250256061554],