{"loss": [2.82401180267334, 2.2402303218841553, 1.9988248348236084, 1.851732611656189, 1.7474311590194702, 1.6499340534210205, 1.4178550243377686, 1.2605464458465576, 1.1135444641113281, 1.0379482507705688, 0.9911313652992249, 0.950833797454834, 0.9218754172325134, 0.8906701803207397, 0.8644821643829346, 0.8417090773582458, 0.8259629607200623, 0.8068898916244507, 0.7894058227539062, 0.7735757231712341, 0.7567314505577087, 0.7450665235519409, 0.7313176393508911, 0.71454256772995, 0.7035852670669556, 0.6860679388046265, 0.6685628294944763, 0.6524867415428162, 0.6359744668006897, 0.6183270812034607, 0.6032982468605042, 0.5892921686172485, 0.5786375999450684, 0.5654956102371216, 0.556307315826416, 0.544915497303009, 0.5368534922599792, 0.5298178195953369, 0.5231833457946777, 0.517192542552948, 0.5099443793296814, 0.5034724473953247, 0.49861058592796326, 0.4931119978427887, 0.488223671913147, 0.482543408870697, 0.47815680503845215, 0.4735046327114105, 0.47090691328048706, 0.46433380246162415, 0.46197474002838135, 0.4554489850997925, 0.4511330723762512, 0.44943442940711975, 0.4436229467391968, 0.44297540187835693, 0.4360225796699524, 0.43356919288635254, 0.43080833554267883, 0.42666640877723694, 0.42394715547561646, 0.4203220307826996, 0.4164980351924896, 0.41423946619033813, 0.4107036292552948, 0.40830057859420776, 0.4042178690433502, 0.40424203872680664, 0.4017038345336914, 0.39714598655700684, 0.39687153697013855, 0.392486035823822, 0.3895115256309509, 0.38976970314979553, 0.38672181963920593, 0.38305893540382385, 0.380851686000824, 0.3790616989135742, 0.3765551745891571, 0.3738168179988861, 0.3732912242412567, 0.36995887756347656, 0.3703824281692505, 0.3668765127658844, 0.36579132080078125, 0.362030565738678, 0.359432190656662, 0.3576565384864807, 0.35677242279052734, 0.35544341802597046, 0.35548609495162964, 0.35402587056159973, 0.35225337743759155, 0.3500216007232666, 0.3478167951107025, 0.34553250670433044, 0.34557411074638367, 0.3441934585571289, 0.3419083058834076, 0.34100961685180664], "accuracy": [0.28476953506469727, 0.41983968019485474, 0.45110219717025757, 0.4775550961494446, 0.5032064318656921, 0.5220440626144409, 0.5959919691085815, 0.6256512999534607, 0.6665330529212952, 0.6763526797294617, 0.6857715249061584, 0.6973947882652283, 0.7036072015762329, 0.7100200653076172, 0.7202404737472534, 0.7252504825592041, 0.7226452827453613, 0.7306613326072693, 0.7350701689720154, 0.7404809594154358, 0.7430861592292786, 0.7492985725402832, 0.7561122179031372, 0.7583166360855103, 0.7591182589530945, 0.7627254724502563, 0.7661322355270386, 0.7725450992584229, 0.7741482853889465, 0.7765530943870544, 0.7809619307518005, 0.7859719395637512, 0.7879759669303894, 0.7923847436904907, 0.7947895526885986, 0.8020039796829224, 0.8018035888671875, 0.8102204203605652, 0.8120240569114685, 0.8108216524124146, 0.8178356885910034, 0.8198396563529968, 0.8182364702224731, 0.8248497247695923, 0.8246492743492126, 0.8266533017158508, 0.8288577198982239, 0.8348697423934937, 0.8330661058425903, 0.8360721468925476, 0.8360721468925476, 0.8378757238388062, 0.8404809832572937, 0.8454909920692444, 0.8440881967544556, 0.8456913828849792, 0.8484969735145569, 0.8462926149368286, 0.8498998284339905, 0.8523046374320984, 0.8527054190635681, 0.85631263256073, 0.8571142554283142, 0.8577154278755188, 0.8607214689254761, 0.8591182231903076, 0.8617234230041504, 0.8635270595550537, 0.8645290732383728, 0.8643286824226379, 0.8661322593688965, 0.8685370683670044, 0.8659318685531616, 0.8667334914207458, 0.8691383004188538, 0.8715431094169617, 0.8719438910484314, 0.8737474679946899, 0.8733466863632202, 0.8735470771789551, 0.8741483092308044, 0.8773546814918518, 0.8779559135437012, 0.8777555227279663, 0.8803607225418091, 0.8801603317260742, 0.8811623454093933, 0.8795590996742249, 0.883967936038971, 0.8833667039871216, 0.8829659223556519, 0.8837675452232361, 0.8813627362251282, 0.8837675452232361, 0.886172354221344, 0.888376772403717, 0.887374758720398, 0.8871743679046631, 0.8881763815879822, 0.8877755403518677], "val_loss": [2.426637887954712, 2.122117280960083, 1.9734846353530884, 1.8684394359588623, 1.7932207584381104, 1.6821521520614624, 1.448296308517456, 1.292310118675232, 1.2147936820983887, 1.167628526687622, 1.1237813234329224, 1.1057928800582886, 1.075556993484497, 1.0547469854354858, 1.0294438600540161, 1.0138168334960938, 1.000759482383728, 0.98343425989151, 0.9764926433563232, 0.95888751745224, 0.9478342533111572, 0.9316428899765015, 0.9252234697341919, 0.9175654053688049, 0.8931998014450073, 0.8774797916412354, 0.8641070127487183, 0.840286910533905, 0.829176127910614, 0.8055858016014099, 0.7940694093704224, 0.7881838083267212, 0.770559549331665, 0.7568312883377075, 0.7529342174530029, 0.7428702116012573, 0.7354249954223633, 0.7351662516593933, 0.7276774048805237, 0.7202208638191223, 0.7071014046669006, 0.7148708701133728, 0.7065466046333313, 0.7040340900421143, 0.7015437483787537, 0.7000142335891724, 0.6970208287239075, 0.7009178400039673, 0.6837706565856934, 0.6915358304977417, 0.6868466138839722, 0.6745855212211609, 0.6724415421485901, 0.6729614734649658, 0.6666913628578186, 0.6685726046562195, 0.6604717373847961, 0.6640828251838684, 0.6601732969284058, 0.6565271019935608, 0.6594345569610596, 0.6563901901245117, 0.662090539932251, 0.6631608605384827, 0.6547317504882812, 0.65081787109375, 0.6459903717041016, 0.6634260416030884, 0.6513088941574097, 0.6473132967948914, 0.6485344767570496, 0.645361065864563, 0.6517834067344666, 0.6461494565010071, 0.6366986036300659, 0.6420992612838745, 0.6396958827972412, 0.6437916159629822, 0.639159083366394, 0.6341521739959717, 0.6302403211593628, 0.6304674744606018, 0.6434504985809326, 0.6384531855583191, 0.6269428730010986, 0.6219627261161804, 0.6425049901008606, 0.6322751641273499, 0.6217032074928284, 0.6150078177452087, 0.6219676733016968, 0.6269650459289551, 0.6318169832229614, 0.6138150095939636, 0.6180989742279053, 0.6178863048553467, 0.6239831447601318, 0.6163907647132874, 0.6216185092926025, 0.6255804300308228],