{"loss": [3.4030959606170654, 2.4280991554260254, 2.122711658477783, 1.9794647693634033, 1.8656580448150635, 1.7762702703475952, 1.7018215656280518, 1.6413984298706055, 1.5907528400421143, 1.5487215518951416, 1.5106189250946045, 1.4758098125457764, 1.443101406097412, 1.4129109382629395, 1.3814609050750732, 1.3521755933761597, 1.3228936195373535, 1.295760989189148, 1.2660928964614868, 1.2404811382293701, 1.2118024826049805, 1.1869580745697021, 1.1599211692810059, 1.1317323446273804, 1.1021788120269775, 1.0694260597229004, 1.0377601385116577, 1.007581353187561, 0.9795894622802734, 0.9579678177833557, 0.9375573992729187, 0.918161153793335, 0.9036216139793396, 0.889446496963501, 0.8764028549194336, 0.8655058145523071, 0.854345440864563, 0.8426300287246704, 0.8310195207595825, 0.8212034106254578, 0.8075114488601685, 0.7900336980819702, 0.7639779448509216, 0.7425102591514587, 0.7328277826309204, 0.7236416935920715, 0.7158077955245972, 0.7116562128067017, 0.7047386765480042, 0.6984812021255493, 0.6945586204528809, 0.6899399161338806, 0.6830071210861206, 0.6789759993553162, 0.674298882484436, 0.6711167097091675, 0.6666157245635986, 0.6626899838447571, 0.6599364280700684, 0.655520498752594, 0.6517108678817749, 0.6497151851654053, 0.645687460899353, 0.6414669752120972, 0.639606773853302, 0.6347597241401672, 0.632350742816925, 0.6288729906082153, 0.6278458833694458, 0.6242623925209045, 0.6202520132064819, 0.6180625557899475, 0.6170492172241211, 0.6145220994949341, 0.609926700592041, 0.6085075736045837, 0.6054267883300781, 0.6031548976898193, 0.6014619469642639, 0.598719596862793, 0.5964875221252441, 0.5936501026153564, 0.5922192931175232, 0.588581383228302, 0.5873387455940247, 0.5845322608947754, 0.5821550488471985, 0.5806006789207458, 0.5768439769744873, 0.5757356882095337, 0.5722817778587341, 0.5708542466163635, 0.5684833526611328, 0.567726194858551, 0.5647342205047607, 0.5622456669807434, 0.5612303614616394, 0.559180736541748, 0.5579811930656433, 0.5549397468566895], "accuracy": [0.2784784734249115, 0.490690678358078, 0.5147147178649902, 0.5341341495513916, 0.5547547340393066, 0.5661661624908447, 0.5795795917510986, 0.5861861705780029, 0.592792809009552, 0.6022021770477295, 0.6112112402915955, 0.6182182431221008, 0.6226226091384888, 0.6326326131820679, 0.6356356143951416, 0.6414414644241333, 0.6454454660415649, 0.6490490436553955, 0.6540540456771851, 0.6568568348884583, 0.6630630493164062, 0.6624624729156494, 0.6680680513381958, 0.6730730533599854, 0.6758759021759033, 0.678878903388977, 0.684684693813324, 0.6854854822158813, 0.6868869066238403, 0.6900901198387146, 0.6950951218605042, 0.695695698261261, 0.6974974870681763, 0.70050048828125, 0.7027027010917664, 0.7021021246910095, 0.7079079151153564, 0.7105104923248291, 0.7157157063484192, 0.7149149179458618, 0.7213213443756104, 0.7213213443756104, 0.7229229211807251, 0.7263263463973999, 0.7279279232025146, 0.7325325608253479, 0.7359359264373779, 0.7355355620384216, 0.7373373508453369, 0.7399399280548096, 0.7409409284591675, 0.7439439296722412, 0.7441441416740417, 0.7499499320983887, 0.7457457184791565, 0.7479479312896729, 0.7523523569107056, 0.7549549341201782, 0.7561561465263367, 0.758358359336853, 0.7571571469306946, 0.7627627849578857, 0.7615615725517273, 0.764564573764801, 0.7649649381637573, 0.767967939376831, 0.7709710001945496, 0.7735735774040222, 0.7717717885971069, 0.7713713645935059, 0.7711711525917053, 0.774174153804779, 0.7735735774040222, 0.770770788192749, 0.7773773670196533, 0.7763763666152954, 0.7783783674240112, 0.7787787914276123, 0.7793793678283691, 0.7821821570396423, 0.7823823690414429, 0.7849850058555603, 0.782782793045044, 0.782782793045044, 0.7831831574440002, 0.7851851582527161, 0.7849850058555603, 0.7877877950668335, 0.7885885834693909, 0.7863863706588745, 0.7933933734893799, 0.787988007068634, 0.787988007068634, 0.7877877950668335, 0.794194221496582, 0.7925925850868225, 0.793793797492981, 0.7959960103034973, 0.7935935854911804, 0.7965965867042542], "val_loss": [2.7230021953582764, 2.280501127243042, 2.115835189819336, 1.9999008178710938, 1.9030137062072754, 1.8258777856826782, 1.7580947875976562, 1.693743109703064, 1.6466994285583496, 1.603916883468628, 1.5831407308578491, 1.546884298324585, 1.5108846426010132, 1.4857757091522217, 1.4634240865707397, 1.4303678274154663, 1.4059505462646484, 1.3772997856140137, 1.350423812866211, 1.3267128467559814, 1.301236629486084, 1.2769722938537598, 1.2514386177062988, 1.22494637966156, 1.19205641746521, 1.156654953956604, 1.1255528926849365, 1.0926748514175415, 1.0674412250518799, 1.0461317300796509, 1.0213857889175415, 1.0055019855499268, 0.9930704236030579, 0.9844683408737183, 0.967884361743927, 0.9597313404083252, 0.9508618116378784, 0.9448327422142029, 0.9330528974533081, 0.9224474430084229, 0.9119410514831543, 0.8883224725723267, 0.8597012758255005, 0.8481561541557312, 0.8377749919891357, 0.8326005935668945, 0.8281521797180176, 0.8230958580970764, 0.8155838251113892, 0.8111888766288757, 0.8040688037872314, 0.8008112907409668, 0.8026039004325867, 0.7952685356140137, 0.7940047979354858, 0.7892338037490845, 0.7872905731201172, 0.7773730158805847, 0.7803199291229248, 0.7743422389030457, 0.7751317024230957, 0.7719379663467407, 0.7717443108558655, 0.769408643245697, 0.7633453607559204, 0.7593120336532593, 0.7577329874038696, 0.7568235993385315, 0.7592227458953857, 0.7551657557487488, 0.7504469752311707, 0.7524195313453674, 0.7494276762008667, 0.7449929714202881, 0.7463772296905518, 0.7468503713607788, 0.7437831163406372, 0.7447502613067627, 0.7398602962493896, 0.7394163012504578, 0.7346972227096558, 0.7397224307060242, 0.7331239581108093, 0.7330545783042908, 0.7298250198364258, 0.7304245233535767, 0.7305300235748291, 0.7259933352470398, 0.722926914691925, 0.7287452220916748, 0.7221943736076355, 0.7243571877479553, 0.7207967638969421, 0.7195240259170532, 0.7142074704170227, 0.7154632210731506, 0.7179259061813354, 0.7134327292442322, 0.710277259349823, 0.717847466468811], "val_accuracy": [0.45525527000427246, 0.5113112926483154, 0.529129147529602, 0.5509509444236755, 0.5525525808334351, 0.5637637376785278, 0.5689689517021179, 0.5731731653213501, 0.5791791677474976, 0.5841841697692871, 0.5891891717910767, 0.591391384601593, 0.592792809009552, 0.5967968106269836, 0.608608603477478, 0.610010027885437, 0.6160160303115845, 0.6178178191184998, 0.621021032333374, 0.6222222447395325, 0.6264263987541199, 0.6332332491874695, 0.6318318247795105, 0.6346346139907837, 0.63343346118927, 0.6384384632110596, 0.6344344615936279, 0.6464464664459229, 0.6408408284187317, 0.644044041633606, 0.643043041229248, 0.6472472548484802, 0.6470470428466797, 0.6466466188430786, 0.6524524688720703, 0.655455470085144, 0.6556556820869446, 0.6560560464859009, 0.6600600481033325, 0.6606606841087341, 0.6656656861305237, 0.6706706881523132, 0.6742742657661438, 0.6732732653617859, 0.6774774789810181, 0.679879903793335, 0.6800800561904907, 0.6842842698097229, 0.6862862706184387, 0.6860860586166382, 0.6900901198387146, 0.6952952742576599, 0.6916916966438293, 0.6964964866638184, 0.7023022770881653, 0.7045044898986816, 0.7035034894943237, 0.7133133411407471, 0.7071071267127991, 0.7107107043266296, 0.7123123407363892, 0.7155154943466187, 0.708108127117157, 0.7171171307563782, 0.7183183431625366, 0.7173173427581787, 0.7207207083702087, 0.7163163423538208, 0.7135134935379028, 0.7189189195632935, 0.7201201319694519, 0.7165164947509766, 0.7195194959640503, 0.7195194959640503, 0.7217217087745667, 0.7195194959640503, 0.7231231331825256, 0.7185184955596924, 0.7245244979858398, 0.7209209203720093, 0.7231231331825256, 0.7219219207763672, 0.7259259223937988, 0.7331331372261047, 0.7229229211807251, 0.7259259223937988, 0.7285284996032715, 0.7321321368217468, 0.7351351380348206, 0.725325345993042, 0.7303303480148315, 0.7305305600166321, 0.7355355620384216, 0.728728711605072, 0.7373373508453369, 0.7327327132225037, 0.7295295000076294, 0.7351351380348206, 0.7417417168617249, 0.7285284996032715],