{"loss": [1.4674887657165527, 1.0998497009277344, 0.980380117893219, 0.9035560488700867, 0.8483580946922302, 0.8049768209457397, 0.7670252919197083, 0.7377328872680664, 0.709286093711853, 0.6857353448867798, 0.66338050365448, 0.6380124092102051, 0.6183881163597107, 0.5978655815124512, 0.5745479464530945, 0.5545265674591064, 0.5391955971717834, 0.5194814801216125, 0.5059330463409424, 0.4901159405708313, 0.47726598381996155, 0.46569323539733887, 0.45379820466041565, 0.44366005063056946, 0.43308204412460327, 0.42779770493507385, 0.41567176580429077, 0.4083858132362366, 0.40228158235549927, 0.3933984339237213, 0.3863275349140167, 0.3830856382846832, 0.3713555335998535, 0.37591642141342163, 0.3606022596359253, 0.3554866313934326, 0.3507549464702606, 0.34719333052635193, 0.34124693274497986, 0.3383367955684662, 0.3336496651172638, 0.3279045522212982, 0.32422032952308655, 0.3227803409099579, 0.31830283999443054, 0.31516188383102417, 0.3106103241443634, 0.32593682408332825, 0.3076793849468231, 0.3005765378475189, 0.2987159192562103, 0.2965480387210846, 0.297303706407547, 0.31237977743148804, 0.28851622343063354, 0.2854960262775421, 0.28454700112342834, 0.2814667522907257, 0.2788200080394745, 0.2762655019760132, 0.2744624614715576, 0.27597540616989136, 0.2716622054576874, 0.27165862917900085, 0.26802876591682434, 0.2652283012866974, 0.2659333348274231, 0.26402753591537476, 0.2606438100337982, 0.2593633234500885, 0.265571266412735, 0.2573646008968353, 0.25488942861557007, 0.2598571479320526, 0.25046518445014954, 0.24964827299118042, 0.24781912565231323, 0.24585819244384766, 0.25149908661842346, 0.24656860530376434, 0.24319837987422943, 0.24124465882778168, 0.23915478587150574, 0.23854656517505646, 0.238481342792511, 0.2404327243566513, 0.2339172661304474, 0.24695076048374176, 0.23765574395656586, 0.23300042748451233, 0.23184554278850555, 0.23007327318191528, 0.22917605936527252, 0.22988563776016235, 0.22642236948013306, 0.22806401550769806, 0.23694318532943726, 0.22587601840496063, 0.22741591930389404, 0.2235603779554367], "accuracy": [0.5046184659004211, 0.6146586537361145, 0.6602409482002258, 0.6781124472618103, 0.697389543056488, 0.7086345553398132, 0.7232931852340698, 0.733132541179657, 0.7423694729804993, 0.7512048482894897, 0.7576305270195007, 0.7710843086242676, 0.7809237241744995, 0.7893574237823486, 0.7985943555831909, 0.8108433485031128, 0.8198795318603516, 0.8267068266868591, 0.8347389698028564, 0.8413654565811157, 0.8455823063850403, 0.852008044719696, 0.8588353395462036, 0.8606425523757935, 0.8648594617843628, 0.8654618263244629, 0.8708835244178772, 0.8704819083213806, 0.8767068386077881, 0.8767068386077881, 0.8789156675338745, 0.8813253045082092, 0.8817269206047058, 0.8769076466560364, 0.8861445784568787, 0.8869478106498718, 0.88895583152771, 0.8897590637207031, 0.8929718732833862, 0.8929718732833862, 0.8911646604537964, 0.8981927633285522, 0.8965863585472107, 0.8991968035697937, 0.9014056324958801, 0.8999999761581421, 0.9026104211807251, 0.8959839344024658, 0.9018072485923767, 0.90321284532547, 0.9072288870811462, 0.9064257144927979, 0.904618501663208, 0.899397611618042, 0.9080321192741394, 0.908433735370636, 0.9082329273223877, 0.9108433723449707, 0.911044180393219, 0.912248969078064, 0.9128513932228088, 0.9124497771263123, 0.913654625415802, 0.912248969078064, 0.9120482206344604, 0.9158634543418884, 0.9146586060523987, 0.9146586060523987, 0.914859414100647, 0.9138554334640503, 0.9150602221488953, 0.9160642623901367, 0.916265070438385, 0.9146586060523987, 0.91746985912323, 0.9176706671714783, 0.9182730913162231, 0.920080304145813, 0.9172690510749817, 0.9166666865348816, 0.9198794960975647, 0.9204819202423096, 0.9210843443870544, 0.9206827282905579, 0.9208835363388062, 0.9212851524353027, 0.9228915572166443, 0.9184738993644714, 0.9186747074127197, 0.9222891330718994, 0.9220883250236511, 0.9234939813613892, 0.9232931733131409, 0.9246987700462341, 0.9234939813613892, 0.9242972135543823, 0.9210843443870544, 0.9224899411201477, 0.9255020022392273, 0.9259036183357239], "val_loss": [1.2195664644241333, 1.103823184967041, 1.0331557989120483, 0.9956384897232056, 0.9551317691802979, 0.9269266724586487, 0.9101529121398926, 0.8917118906974792, 0.8655644059181213, 0.8682329654693604, 0.8381091952323914, 0.8143932819366455, 0.798868715763092, 0.7871384024620056, 0.7698050737380981, 0.7643986344337463, 0.7577887773513794, 0.7359897494316101, 0.733875572681427, 0.728201687335968, 0.7186431884765625, 0.715089738368988, 0.7101668119430542, 0.6910999417304993, 0.7123533487319946, 0.6843589544296265, 0.666127622127533, 0.6600536704063416, 0.6618789434432983, 0.6526327729225159, 0.681727409362793, 0.6440999507904053, 0.643524706363678, 0.6248218417167664, 0.6267038583755493, 0.6278528571128845, 0.6344010233879089, 0.6395227909088135, 0.6233991980552673, 0.6187670826911926, 0.6469420790672302, 0.6171888709068298, 0.6140264868736267, 0.6185803413391113, 0.6307067275047302, 0.6326379776000977, 0.6274735927581787, 0.6040241122245789, 0.6163119077682495, 0.606987476348877, 0.5978102087974548, 0.6108436584472656, 0.6050363779067993, 0.6121534705162048, 0.6180311441421509, 0.6077529788017273, 0.5977900624275208, 0.5968558192253113, 0.6022887825965881, 0.5992653369903564, 0.6021427512168884, 0.5943837761878967, 0.6065611243247986, 0.6111348271369934, 0.6045231223106384, 0.6025454998016357, 0.5945507884025574, 0.6022586822509766, 0.5783930420875549, 0.6215512752532959, 0.5896422863006592, 0.597001850605011, 0.6807798147201538, 0.5957605242729187, 0.6003507971763611, 0.6019678711891174, 0.5993531942367554, 0.585224986076355, 0.5916073322296143, 0.6105350852012634, 0.5933590531349182, 0.5873505473136902, 0.6066837310791016, 0.5911651253700256, 0.5998263955116272, 0.6036871075630188, 0.6240975856781006, 0.5853791236877441, 0.6046961545944214, 0.5858863592147827, 0.608941376209259, 0.593726396560669, 0.5944140553474426, 0.5779822468757629, 0.606630265712738, 0.6116795539855957, 0.5856791138648987, 0.6121591329574585, 0.5890689492225647, 0.6040402054786682],