{"loss": [3.5476832389831543, 1.5943682193756104, 1.174068570137024, 1.0102139711380005, 0.9190399050712585, 0.8635252118110657, 0.8213170766830444, 0.7884377241134644, 0.7629083395004272, 0.7408125400543213, 0.7226144671440125, 0.7059155106544495, 0.6905083656311035, 0.6775652170181274, 0.6611906886100769, 0.651792585849762, 0.6380541920661926, 0.626933753490448, 0.6135706901550293, 0.5977681279182434, 0.5826471447944641, 0.567615807056427, 0.5571860671043396, 0.5462679862976074, 0.535215437412262, 0.5259660482406616, 0.5164192914962769, 0.5078902244567871, 0.5005958676338196, 0.48912888765335083, 0.48059847950935364, 0.4719997048377991, 0.4625392556190491, 0.4553171694278717, 0.4466947317123413, 0.43787485361099243, 0.42983007431030273, 0.41847148537635803, 0.4109198749065399, 0.4008006751537323, 0.39306506514549255, 0.38311442732810974, 0.37653490900993347, 0.36719372868537903, 0.35962778329849243, 0.35272514820098877, 0.3482149839401245, 0.34063154458999634, 0.33467116951942444, 0.3273807168006897, 0.3231367766857147, 0.3171631097793579, 0.31069332361221313, 0.3060894310474396, 0.3020939826965332, 0.2982238233089447, 0.2934566140174866, 0.290166437625885, 0.2873629927635193, 0.28387486934661865, 0.2805710732936859, 0.27581697702407837, 0.2769981920719147, 0.2704923450946808, 0.27418017387390137, 0.2656855583190918, 0.2631606161594391, 0.25992894172668457, 0.25625914335250854, 0.254831463098526, 0.2555071711540222, 0.24985839426517487, 0.24712955951690674, 0.24425236880779266, 0.24335624277591705, 0.24311812222003937, 0.23971112072467804, 0.23731502890586853, 0.23577140271663666, 0.23339566588401794, 0.23067139089107513, 0.2296024113893509, 0.22874633967876434, 0.22597910463809967, 0.22400996088981628, 0.2268088459968567, 0.22109083831310272, 0.21971945464611053, 0.21960927546024323, 0.21815112233161926, 0.21696999669075012, 0.21474003791809082, 0.2134365290403366, 0.21094058454036713, 0.2107880711555481, 0.21007350087165833, 0.21191726624965668, 0.20683760941028595, 0.207047700881958, 0.2049015462398529], "accuracy": [0.41566264629364014, 0.5072289109230042, 0.587751030921936, 0.6257027983665466, 0.6514056324958801, 0.6748995780944824, 0.6905622482299805, 0.6943774819374084, 0.7010040283203125, 0.7086345553398132, 0.716265082359314, 0.7190762758255005, 0.7267068028450012, 0.7359437942504883, 0.7437751293182373, 0.7497991919517517, 0.7530120611190796, 0.759036123752594, 0.766867458820343, 0.7831325531005859, 0.7887549996376038, 0.7965863347053528, 0.8002008199691772, 0.807831346988678, 0.8112449645996094, 0.8146586418151855, 0.8196787238121033, 0.8204819560050964, 0.8253012299537659, 0.8365461826324463, 0.8341365456581116, 0.837751030921936, 0.8445783257484436, 0.8455823063850403, 0.8483935594558716, 0.855823278427124, 0.8612449765205383, 0.8650602698326111, 0.8650602698326111, 0.8696787357330322, 0.8736947774887085, 0.8777108192443848, 0.883734941482544, 0.8859437704086304, 0.8887550234794617, 0.8907630443572998, 0.8893574476242065, 0.895381510257721, 0.8977911472320557, 0.8985943794250488, 0.902008056640625, 0.902008056640625, 0.9048192501068115, 0.9074296951293945, 0.9074296951293945, 0.9088353514671326, 0.9108433723449707, 0.9118474125862122, 0.9146586060523987, 0.912248969078064, 0.9134538173675537, 0.9180722832679749, 0.9126505851745605, 0.9164658784866333, 0.914859414100647, 0.9172690510749817, 0.9198794960975647, 0.918875515460968, 0.9186747074127197, 0.9198794960975647, 0.9198794960975647, 0.9204819202423096, 0.922690749168396, 0.9246987700462341, 0.9234939813613892, 0.9251003861427307, 0.9273092150688171, 0.9271084070205688, 0.9269076585769653, 0.9273092150688171, 0.9291164875030518, 0.9287148714065552, 0.9291164875030518, 0.9309237003326416, 0.9315261244773865, 0.9311245083808899, 0.9313253164291382, 0.9317269325256348, 0.933132529258728, 0.9333333373069763, 0.9329317212104797, 0.9333333373069763, 0.9343373775482178, 0.9349397420883179, 0.9349397420883179, 0.9347389340400696, 0.9333333373069763, 0.9351405501365662, 0.9339357614517212, 0.9361445903778076], "val_loss": [2.136444091796875, 1.426690697669983, 1.2044678926467896, 1.100178599357605, 1.039170503616333, 0.9954620003700256, 0.9627218842506409, 0.9348555207252502, 0.9102383852005005, 0.8971680402755737, 0.8747208714485168, 0.8606300950050354, 0.8511432409286499, 0.8364266753196716, 0.8410903215408325, 0.8356574773788452, 0.8239609599113464, 0.8142255544662476, 0.8111757040023804, 0.8021326661109924, 0.7868567705154419, 0.7808808088302612, 0.7692008018493652, 0.7697737216949463, 0.766899049282074, 0.7525448799133301, 0.7528911828994751, 0.7483861446380615, 0.7437799572944641, 0.740149974822998, 0.7316765785217285, 0.7253426313400269, 0.7184217572212219, 0.7147765159606934, 0.7185108661651611, 0.7032883167266846, 0.6940847039222717, 0.6851562261581421, 0.678957462310791, 0.6664415597915649, 0.654809296131134, 0.6460567116737366, 0.6473445892333984, 0.6380109190940857, 0.6304027438163757, 0.6244977712631226, 0.6323950290679932, 0.6363596320152283, 0.6184008717536926, 0.6120414137840271, 0.6167482137680054, 0.6095919609069824, 0.6048358678817749, 0.6124690771102905, 0.6031139492988586, 0.6122941374778748, 0.5852087736129761, 0.5873438119888306, 0.5927354097366333, 0.5767888426780701, 0.5793417096138, 0.5817121267318726, 0.5704660415649414, 0.5694546103477478, 0.5670432448387146, 0.5792924165725708, 0.5781827569007874, 0.5794866681098938, 0.5799343585968018, 0.5762428045272827, 0.5774362087249756, 0.5813908576965332, 0.5854091048240662, 0.5807678699493408, 0.6003270745277405, 0.5971598029136658, 0.5969716906547546, 0.5782434940338135, 0.5859628319740295, 0.5830816030502319, 0.586768388748169, 0.5997834801673889, 0.5927321314811707, 0.5890119075775146, 0.588664710521698, 0.5990819334983826, 0.6050539016723633, 0.6031808257102966, 0.5970309376716614, 0.5951492786407471, 0.6182279586791992, 0.6001390814781189, 0.609248161315918, 0.6060776114463806, 0.6121129393577576, 0.630046010017395, 0.5959363579750061, 0.6096623539924622, 0.6136916279792786, 0.6124074459075928],