{"loss": [2.2056846618652344, 1.6708751916885376, 1.5066766738891602, 1.415033221244812, 1.3538734912872314, 1.3090685606002808, 1.2738078832626343, 1.2452160120010376, 1.2167726755142212, 1.1959189176559448, 1.1753766536712646, 1.1573355197906494, 1.1408674716949463, 1.1246428489685059, 1.108503818511963, 1.09316885471344, 1.0789891481399536, 1.0623159408569336, 1.0443638563156128, 1.024969220161438, 1.0000327825546265, 0.9681031107902527, 0.9371963143348694, 0.9128327369689941, 0.8918232917785645, 0.8746769428253174, 0.8606263399124146, 0.8467643857002258, 0.836368203163147, 0.8278746604919434, 0.8181044459342957, 0.8114980459213257, 0.8030685782432556, 0.7972612380981445, 0.7905858755111694, 0.7858599424362183, 0.7806196212768555, 0.7754873633384705, 0.7712703943252563, 0.7666583061218262, 0.762170672416687, 0.7575787901878357, 0.7532002329826355, 0.7492037415504456, 0.7457199096679688, 0.7412975430488586, 0.73790442943573, 0.7340380549430847, 0.731369137763977, 0.7285773754119873, 0.724990963935852, 0.7225422263145447, 0.7178968191146851, 0.7158136963844299, 0.7132152318954468, 0.7109308242797852, 0.7081822156906128, 0.7053459286689758, 0.7034667134284973, 0.6985035538673401, 0.6982936859130859, 0.6950013041496277, 0.6925123333930969, 0.6900962591171265, 0.6877114176750183, 0.6845728754997253, 0.6840066909790039, 0.6816225647926331, 0.6784722805023193, 0.6773217916488647, 0.6759141683578491, 0.6730253100395203, 0.6709983348846436, 0.6699322462081909, 0.666709303855896, 0.6655206680297852, 0.6636461615562439, 0.6623265147209167, 0.6606574058532715, 0.6576626896858215, 0.6571238040924072, 0.6553630232810974, 0.6522989869117737, 0.6516737341880798, 0.6499651074409485, 0.6487606167793274, 0.6461218595504761, 0.6448020935058594, 0.6437139511108398, 0.6416139602661133, 0.6382412910461426, 0.6393840909004211, 0.6367263793945312, 0.6347102522850037, 0.6342689990997314, 0.6325259208679199, 0.6310034990310669, 0.6305574178695679, 0.6288791298866272, 0.627334475517273], "accuracy": [0.3762257397174835, 0.4904943108558655, 0.5387232303619385, 0.5621373057365417, 0.5705423355102539, 0.587552547454834, 0.589353621006012, 0.5971583127975464, 0.6031618714332581, 0.6075645685195923, 0.6149689555168152, 0.6217730641365051, 0.6187712550163269, 0.6269761919975281, 0.6313788294792175, 0.6285771727561951, 0.635781466960907, 0.632379412651062, 0.6405843496322632, 0.6421853303909302, 0.6401841044425964, 0.6451871395111084, 0.6437862515449524, 0.6505903601646423, 0.6503902077674866, 0.6549929976463318, 0.6549929976463318, 0.6601961255073547, 0.6627976894378662, 0.6635981798171997, 0.6696017384529114, 0.6726035475730896, 0.6744046211242676, 0.6774064302444458, 0.682009220123291, 0.683810293674469, 0.6830098032951355, 0.6860116124153137, 0.6866119503974915, 0.6902141571044922, 0.6936161518096924, 0.6928156614303589, 0.6944166421890259, 0.6956173777580261, 0.6968181133270264, 0.6980187892913818, 0.7008205056190491, 0.7018210887908936, 0.7012207508087158, 0.706023633480072, 0.706023633480072, 0.7058234810829163, 0.7102261185646057, 0.7120271921157837, 0.7150290012359619, 0.7110266089439392, 0.711426854133606, 0.7128276824951172, 0.7148289084434509, 0.7164298295974731, 0.7178307175636292, 0.7208325266838074, 0.7208325266838074, 0.7210326194763184, 0.7256354093551636, 0.7244346737861633, 0.7210326194763184, 0.7206323742866516, 0.7280368208885193, 0.7266359925270081, 0.7276365756988525, 0.7270362377166748, 0.7312387228012085, 0.7306383848190308, 0.7270362377166748, 0.728637158870697, 0.7308384776115417, 0.7326396107673645, 0.7316389679908752, 0.7346407771110535, 0.7350410223007202, 0.7332399487495422, 0.7350410223007202, 0.7332399487495422, 0.7380428314208984, 0.737042248249054, 0.7408444881439209, 0.735641360282898, 0.7402441501617432, 0.7378426790237427, 0.7436462044715881, 0.7434460520744324, 0.7420452237129211, 0.7442465424537659, 0.7422453761100769, 0.7448468804359436, 0.7450470328330994, 0.7444466948509216, 0.7474484443664551, 0.7478486895561218], "val_loss": [1.7830668687820435, 1.5745856761932373, 1.4663290977478027, 1.4025180339813232, 1.362790584564209, 1.3348230123519897, 1.3016095161437988, 1.2790186405181885, 1.262001872062683, 1.2471760511398315, 1.229452133178711, 1.217223882675171, 1.2006967067718506, 1.1920499801635742, 1.184618592262268, 1.1699974536895752, 1.1558897495269775, 1.1398208141326904, 1.1252620220184326, 1.1029328107833862, 1.0745956897735596, 1.039849042892456, 1.010730504989624, 0.9912922382354736, 0.9736819863319397, 0.9617404937744141, 0.9489080905914307, 0.93398118019104, 0.9255108833312988, 0.9211397171020508, 0.9133875966072083, 0.9105246067047119, 0.9040313959121704, 0.8936618566513062, 0.8916736841201782, 0.8893914222717285, 0.8818924427032471, 0.8775396347045898, 0.8738007545471191, 0.8713903427124023, 0.8703983426094055, 0.8660591840744019, 0.8642863631248474, 0.8597994446754456, 0.8554010391235352, 0.8539507389068604, 0.8541723489761353, 0.8500839471817017, 0.8501522541046143, 0.8454793691635132, 0.8453144431114197, 0.8390029072761536, 0.8389859795570374, 0.8359503746032715, 0.8345016837120056, 0.832919180393219, 0.8308220505714417, 0.8284370303153992, 0.826758623123169, 0.8268730640411377, 0.826469898223877, 0.8222770690917969, 0.8228713870048523, 0.8206042647361755, 0.8200498223304749, 0.8226445913314819, 0.8204424381256104, 0.8164275288581848, 0.8159884810447693, 0.8174813389778137, 0.8127599358558655, 0.8124321103096008, 0.8178606033325195, 0.8138855695724487, 0.8118469715118408, 0.808922290802002, 0.8077982068061829, 0.8076532483100891, 0.8071147799491882, 0.8064299821853638, 0.8062897324562073, 0.8040440678596497, 0.8007651567459106, 0.8040501475334167, 0.8027703166007996, 0.804114043712616, 0.7999771237373352, 0.7980629801750183, 0.7993024587631226, 0.7961676716804504, 0.8009911179542542, 0.7956847548484802, 0.7956464290618896, 0.7963787317276001, 0.7932745814323425, 0.794079065322876, 0.793361246585846, 0.7915628552436829, 0.7923518419265747, 0.7937004566192627],