{"loss": [1.6373370885849, 1.3982410430908203, 1.3034765720367432, 1.237999677658081, 1.1877185106277466, 1.1493315696716309, 1.120478868484497, 1.0991582870483398, 1.077895998954773, 1.0619040727615356, 1.0454027652740479, 1.0302079916000366, 1.0149542093276978, 0.9931675791740417, 0.9535252451896667, 0.9232988953590393, 0.9028668403625488, 0.8876624703407288, 0.873047947883606, 0.8619157075881958, 0.8520544171333313, 0.8420310020446777, 0.8334103226661682, 0.8251373767852783, 0.8175365924835205, 0.8111276626586914, 0.8047953844070435, 0.7973636388778687, 0.7920204997062683, 0.7876083850860596, 0.7814237475395203, 0.7773891091346741, 0.7718321084976196, 0.7675213813781738, 0.7625257968902588, 0.7591657042503357, 0.7549076676368713, 0.7507946491241455, 0.7466341853141785, 0.7435930967330933, 0.7402586340904236, 0.7363385558128357, 0.732393205165863, 0.7290157079696655, 0.7246673107147217, 0.7201306819915771, 0.7170924544334412, 0.7134068608283997, 0.7112557291984558, 0.7083675265312195, 0.7048147916793823, 0.7027391195297241, 0.6993196606636047, 0.6973691582679749, 0.6951766014099121, 0.6925339102745056, 0.6907498240470886, 0.6881160736083984, 0.6856629848480225, 0.6820988655090332, 0.6811537146568298, 0.6788037419319153, 0.6766019463539124, 0.6747274994850159, 0.6720848083496094, 0.6698890328407288, 0.668910026550293, 0.6663618087768555, 0.6634032726287842, 0.6625189185142517, 0.6611553430557251, 0.6588586568832397, 0.6571708917617798, 0.6555476188659668, 0.6524463295936584, 0.6514579057693481, 0.649150013923645, 0.6481857895851135, 0.6460996866226196, 0.6437854170799255, 0.6434033513069153, 0.6411718130111694, 0.6396933794021606, 0.6385101675987244, 0.6363685131072998, 0.6354586482048035, 0.6330838799476624, 0.631564199924469, 0.6307047009468079, 0.6292704343795776, 0.6269677877426147, 0.6271186470985413, 0.6252421736717224, 0.6200439929962158, 0.6187058687210083, 0.6178129315376282, 0.6162100434303284, 0.6154788136482239, 0.614425003528595, 0.6130363941192627], "accuracy": [0.4446668028831482, 0.5061036348342896, 0.5267160534858704, 0.5425255298614502, 0.5539323687553406, 0.5613368153572083, 0.5671402812004089, 0.5723434090614319, 0.5761457085609436, 0.5795477032661438, 0.5903542041778564, 0.5979588031768799, 0.6007604598999023, 0.6037622690200806, 0.6131678819656372, 0.6221733093261719, 0.6263758540153503, 0.6325795650482178, 0.6385831236839294, 0.6425855755805969, 0.6457874774932861, 0.6507904529571533, 0.6513908505439758, 0.6577946543693542, 0.6647988557815552, 0.6645987629890442, 0.6672003269195557, 0.6738042831420898, 0.6756053566932678, 0.6764058470726013, 0.6772063374519348, 0.6808084845542908, 0.683810293674469, 0.6860116124153137, 0.6882129311561584, 0.6912147402763367, 0.6924154758453369, 0.6928156614303589, 0.6998198628425598, 0.7000200152397156, 0.7010205984115601, 0.7024214267730713, 0.7102261185646057, 0.704422652721405, 0.7066239714622498, 0.7126275897026062, 0.7110266089439392, 0.7120271921157837, 0.7140284180641174, 0.7152291536331177, 0.7174304723739624, 0.7222333550453186, 0.7236341834068298, 0.7228336930274963, 0.7246347665786743, 0.7214328646659851, 0.7222333550453186, 0.7260355949401855, 0.7276365756988525, 0.7304382920265198, 0.731839120388031, 0.7274364829063416, 0.7308384776115417, 0.7348409295082092, 0.7344406843185425, 0.7340404391288757, 0.735641360282898, 0.735441267490387, 0.7340404391288757, 0.7388433218002319, 0.7386431694030762, 0.7406443953514099, 0.7406443953514099, 0.7402441501617432, 0.7434460520744324, 0.7422453761100769, 0.7450470328330994, 0.7452471256256104, 0.7414448857307434, 0.7436462044715881, 0.7438462972640991, 0.7434460520744324, 0.7454472780227661, 0.7434460520744324, 0.7466480135917664, 0.7472483515739441, 0.7482489347457886, 0.7490494251251221, 0.752651572227478, 0.7464478611946106, 0.752451479434967, 0.754252552986145, 0.7520512342453003, 0.7566539645195007, 0.752651572227478, 0.7530518174171448, 0.7548528909683228, 0.7574544548988342, 0.7548528909683228, 0.7564538717269897], "val_loss": [1.4593565464019775, 1.3506633043289185, 1.286252498626709, 1.2351934909820557, 1.1955022811889648, 1.1710522174835205, 1.1467007398605347, 1.1289794445037842, 1.1158983707427979, 1.1041581630706787, 1.0915087461471558, 1.0772788524627686, 1.0617632865905762, 1.0354706048965454, 1.003503441810608, 0.9769265055656433, 0.9622264504432678, 0.9480412006378174, 0.9381090402603149, 0.9286921620368958, 0.9227193593978882, 0.9155938625335693, 0.9074614644050598, 0.9034208655357361, 0.8988808393478394, 0.8986338376998901, 0.88812655210495, 0.8838677406311035, 0.8787301778793335, 0.8746611475944519, 0.8720345497131348, 0.8699073791503906, 0.8630048036575317, 0.8594882488250732, 0.8573596477508545, 0.8541937470436096, 0.8534477353096008, 0.8472445607185364, 0.8454769253730774, 0.8427589535713196, 0.8421424031257629, 0.8383811712265015, 0.8357845544815063, 0.8307510614395142, 0.8282715678215027, 0.8302454948425293, 0.8256048560142517, 0.8212337493896484, 0.8224359154701233, 0.8184338212013245, 0.8199435472488403, 0.8157677054405212, 0.8158416152000427, 0.8104987740516663, 0.8114764094352722, 0.811735987663269, 0.8066956400871277, 0.80660080909729, 0.8058180809020996, 0.8060051202774048, 0.8046865463256836, 0.7996584177017212, 0.798827052116394, 0.7978392243385315, 0.7996886372566223, 0.7985174655914307, 0.7947514057159424, 0.795024573802948, 0.7943778038024902, 0.7929872274398804, 0.7891669273376465, 0.7881489992141724, 0.790399968624115, 0.7875988483428955, 0.787449836730957, 0.7844166159629822, 0.7819654941558838, 0.7818906903266907, 0.7812496423721313, 0.7819147109985352, 0.7818709015846252, 0.7826950550079346, 0.7800218462944031, 0.777864933013916, 0.778731107711792, 0.7762031555175781, 0.7750388383865356, 0.7779324054718018, 0.7765482068061829, 0.7740560173988342, 0.7723566293716431, 0.7726188898086548, 0.7704123854637146, 0.7728216052055359, 0.7708452343940735, 0.7681448459625244, 0.7689332365989685, 0.7687433958053589, 0.7692805528640747, 0.7698153257369995],