{"loss": [3.907832622528076, 2.802840232849121, 2.323435068130493, 1.9782705307006836, 1.7274149656295776, 1.5544919967651367, 1.4295892715454102, 1.3375000953674316, 1.264111876487732, 1.20779550075531, 1.1618455648422241, 1.1268235445022583, 1.1012903451919556, 1.0778053998947144, 1.0583176612854004, 1.044508457183838, 1.0315815210342407, 1.017578125, 1.0074234008789062, 0.9973774552345276, 0.9870371222496033, 0.9803003072738647, 0.9718924164772034, 0.9635559916496277, 0.9554819464683533, 0.9496943354606628, 0.9375148415565491, 0.9292144775390625, 0.9194562435150146, 0.9101300835609436, 0.8971142172813416, 0.8912807106971741, 0.8733005523681641, 0.8589882254600525, 0.8488928079605103, 0.8282833099365234, 0.8134267330169678, 0.7979050278663635, 0.7834455966949463, 0.7718295454978943, 0.7472578883171082, 0.8205172419548035, 0.7629991769790649, 0.7087035775184631, 0.6958173513412476, 0.6837261319160461, 0.674918532371521, 0.6876295804977417, 0.6672489047050476, 0.6519728899002075, 0.6536679863929749, 0.6350058317184448, 0.6337891817092896, 0.6219457387924194, 0.625847578048706, 0.6160114407539368, 0.6142618656158447, 0.6100402474403381, 0.6054467558860779, 0.6316531896591187, 0.591981053352356, 0.8018354773521423, 0.9618266224861145, 0.6054507493972778, 0.5863420367240906, 0.5805798172950745, 0.5786932706832886, 1.0735312700271606, 0.6184753179550171, 0.5932624340057373, 0.5911898016929626, 0.580956220626831, 0.5769751071929932, 0.571559727191925, 0.5666324496269226, 0.5713298320770264, 0.5740993618965149, 0.5725547671318054, 0.5822931528091431, 0.5618851780891418, 0.5788982510566711, 0.5618471503257751, 0.5585864186286926, 0.5596091151237488, 0.5644612312316895, 0.5867878794670105, 0.602684736251831, 0.5817503333091736, 0.5518059730529785, 0.5565127730369568, 0.5586718916893005, 0.5565978288650513, 0.5502135157585144, 0.5559948682785034, 0.5543935894966125, 0.6156169772148132, 0.5504814982414246, 0.6209402680397034, 0.5596120953559875, 0.6485655903816223], "accuracy": [0.292137086391449, 0.4137096703052521, 0.4439516067504883, 0.4770161211490631, 0.5080645084381104, 0.5266128778457642, 0.543749988079071, 0.5457661151885986, 0.5574596524238586, 0.5594757795333862, 0.5735887289047241, 0.5737903118133545, 0.5756048560142517, 0.5810483694076538, 0.5860887169837952, 0.585080623626709, 0.5893145203590393, 0.5925403237342834, 0.5995967984199524, 0.6018145084381104, 0.6106854677200317, 0.6092742085456848, 0.6175402998924255, 0.6147177219390869, 0.6211693286895752, 0.6284274458885193, 0.6354838609695435, 0.645362913608551, 0.6497983932495117, 0.6580645442008972, 0.66794353723526, 0.6683467626571655, 0.6832661032676697, 0.6957661509513855, 0.6995967626571655, 0.7133064270019531, 0.7245967984199524, 0.7302419543266296, 0.7397177219390869, 0.7479838728904724, 0.7560483813285828, 0.7455645203590393, 0.7566532492637634, 0.7790322303771973, 0.7814516425132751, 0.7864919304847717, 0.7893145084381104, 0.7792338728904724, 0.7885080575942993, 0.7983871102333069, 0.7931451797485352, 0.8070564270019531, 0.8034273982048035, 0.8110886812210083, 0.8100806474685669, 0.8139113187789917, 0.811693549156189, 0.8135080933570862, 0.8131048679351807, 0.8024193644523621, 0.8213709592819214, 0.7677419185638428, 0.7088709473609924, 0.811693549156189, 0.823387086391449, 0.8266128897666931, 0.8237903118133545, 0.6610887050628662, 0.8102822303771973, 0.8187500238418579, 0.8201612830162048, 0.8254032135009766, 0.8235887289047241, 0.8294354677200317, 0.8310483694076538, 0.8260080814361572, 0.8252016305923462, 0.8264113068580627, 0.821975827217102, 0.831250011920929, 0.8217741847038269, 0.8318548202514648, 0.8316532373428345, 0.8308467864990234, 0.8256048560142517, 0.8181451559066772, 0.8125, 0.8215726017951965, 0.832862913608551, 0.8300403356552124, 0.8266128897666931, 0.8302419185638428, 0.8308467864990234, 0.8288306593894958, 0.831250011920929, 0.803830623626709, 0.8314515948295593, 0.8014112710952759, 0.8264113068580627, 0.7957661151885986], "val_loss": [3.1041791439056396, 2.552155017852783, 2.157583713531494, 1.8698722124099731, 1.6595059633255005, 1.512830376625061, 1.4125077724456787, 1.3335778713226318, 1.2755810022354126, 1.2340022325515747, 1.1939163208007812, 1.175474762916565, 1.1491011381149292, 1.1304035186767578, 1.1194674968719482, 1.1078320741653442, 1.095170259475708, 1.0885268449783325, 1.0827713012695312, 1.0726953744888306, 1.0733094215393066, 1.0632338523864746, 1.0547940731048584, 1.0595282316207886, 1.0420331954956055, 1.0390501022338867, 1.0332379341125488, 1.0352197885513306, 1.0289413928985596, 1.009063482284546, 1.004848599433899, 0.995972752571106, 0.9981201887130737, 0.9752537608146667, 0.9673479795455933, 0.9623831510543823, 0.9457376003265381, 0.9556612968444824, 0.9319870471954346, 0.9280877709388733, 0.9192280173301697, 1.0433249473571777, 0.9111618399620056, 0.9388874769210815, 0.9261574745178223, 0.9099118113517761, 0.9337639808654785, 0.9269664287567139, 0.9243520498275757, 0.9371280074119568, 0.9763556718826294, 0.9388983845710754, 0.9684236645698547, 0.9794281721115112, 0.9672693014144897, 0.9892314076423645, 0.9739718437194824, 0.9916289448738098, 0.9839171171188354, 1.0323991775512695, 0.9980953931808472, 1.6090713739395142, 0.9687529802322388, 0.9458248019218445, 0.9456220269203186, 0.9481903910636902, 0.9633378386497498, 1.0872079133987427, 0.9375715851783752, 0.9329836964607239, 0.9973866939544678, 0.9477253556251526, 0.9450916051864624, 0.9687795042991638, 0.9512274861335754, 0.9863637685775757, 0.9686731100082397, 0.9699665904045105, 0.9921780228614807, 0.9994014501571655, 0.9770252704620361, 0.9778052568435669, 0.9436566829681396, 1.0186398029327393, 1.0450268983840942, 1.0055114030838013, 0.9883055686950684, 0.9230079650878906, 0.9347410202026367, 0.9809976816177368, 0.9769859313964844, 0.9679540991783142, 0.9206523299217224, 0.954855740070343, 1.0679811239242554, 1.0338159799575806, 1.0828273296356201, 1.0358754396438599, 0.9399096369743347, 1.0319300889968872], "val_accuracy": [0.40504032373428345, 0.4247983992099762, 0.47782257199287415, 0.4993951618671417, 0.5252016186714172, 0.5485886931419373, 0.5485886931419373, 0.5544354915618896, 0.5592741966247559, 0.5582661032676697, 0.5665322542190552, 0.5625, 0.5673387050628662, 0.571975827217102, 0.5756048560142517, 0.5772177577018738, 0.5856854915618896, 0.5778225660324097, 0.5830644965171814, 0.5836693644523621, 0.5909274220466614, 0.59375, 0.594556450843811, 0.5973790287971497, 0.5975806713104248, 0.6072580814361572, 0.6173387169837952, 0.6116935610771179, 0.6219757795333862, 0.6372984051704407, 0.6383064389228821, 0.6471773982048035, 0.6493951678276062, 0.6631048321723938, 0.6625000238418579, 0.6721774339675903, 0.6802419424057007, 0.6754032373428345, 0.6927419304847717, 0.6917338967323303, 0.6907258033752441, 0.66411292552948, 0.6967741847038269, 0.6818548440933228, 0.6895161271095276, 0.7030242085456848, 0.6903225779533386, 0.69536292552948, 0.7004032135009766, 0.6907258033752441, 0.6800402998924255, 0.6903225779533386, 0.6806451678276062, 0.6782258152961731, 0.6792338490486145, 0.6768144965171814, 0.6812499761581421, 0.6733871102333069, 0.6778225898742676, 0.6701613068580627, 0.6741935610771179, 0.5655242204666138, 0.6792338490486145, 0.6923387050628662, 0.6985887289047241, 0.6977822780609131, 0.6844757795333862, 0.6457661390304565, 0.7048386931419373, 0.7014113068580627, 0.6784273982048035, 0.696169376373291, 0.6957661509513855, 0.6881048679351807, 0.6941532492637634, 0.6814516186714172, 0.6868951320648193, 0.6834677457809448, 0.67580646276474, 0.6768144965171814, 0.6824596524238586, 0.6820564270019531, 0.699999988079071, 0.6663306355476379, 0.65625, 0.680443525314331, 0.6774193644523621, 0.7058467864990234, 0.6987903118133545, 0.6854838728904724, 0.6860886812210083, 0.6885080933570862, 0.7056451439857483, 0.6941532492637634, 0.6631048321723938, 0.6677419543266296, 0.6495967507362366, 0.6725806593894958, 0.6971774101257324, 0.6701613068580627], "training_time": 638.8594961166382,