{"loss": [2.2367076873779297, 1.7181425094604492, 1.4937561750411987, 1.3494817018508911, 1.254368782043457, 1.1893162727355957, 1.1403000354766846, 1.1027888059616089, 1.0778089761734009, 1.054565668106079, 1.0367422103881836, 1.0212899446487427, 1.005206823348999, 0.9954768419265747, 0.9841720461845398, 0.9752662181854248, 0.965556263923645, 0.9563735127449036, 0.9481707215309143, 0.9387726783752441, 0.9305885434150696, 0.9200924038887024, 0.9140350222587585, 0.9055230617523193, 0.8960821032524109, 0.8888311982154846, 0.8794044256210327, 0.8720381259918213, 0.8606914281845093, 0.849609375, 0.8394317626953125, 0.8278173208236694, 0.814617395401001, 0.8042652606964111, 0.7882753014564514, 0.7764371037483215, 0.766215443611145, 0.7503588795661926, 0.7431932687759399, 0.7273072004318237, 0.7191503047943115, 0.7096970677375793, 0.6966105699539185, 0.6894769668579102, 0.685156524181366, 0.6764194965362549, 0.6754303574562073, 0.6612089276313782, 0.6599959135055542, 0.6560465693473816, 0.7525835633277893, 0.6546664834022522, 0.6438585519790649, 0.6400733590126038, 0.6345622539520264, 0.628565788269043, 0.6287522315979004, 0.6231033205986023, 0.6220999956130981, 0.632992148399353, 0.615481436252594, 0.6155663728713989, 0.6734107732772827, 0.6251793503761292, 0.6121955513954163, 0.6117371916770935, 0.6049157381057739, 0.6113793849945068, 0.6288472414016724, 0.6084001064300537, 0.5974598526954651, 0.5935446619987488, 0.5965174436569214, 0.6069397330284119, 0.5899634957313538, 0.5923700332641602, 0.5848511457443237, 0.5851278901100159, 0.6064576506614685, 0.5847302675247192, 0.5810424089431763, 0.5815329551696777, 0.5827657580375671, 0.5796946287155151, 0.5738619565963745, 0.5857487320899963, 0.5721390843391418, 0.6353093385696411, 0.8593676686286926, 0.7248857617378235, 0.6392931342124939, 0.6050788760185242, 0.5750668048858643, 0.5676541924476624, 0.563746452331543, 0.5603827238082886, 0.5649168491363525, 0.5790566802024841, 0.5630269050598145, 0.5648132562637329], "accuracy": [0.38714858889579773, 0.4827309250831604, 0.5198795199394226, 0.5347389578819275, 0.5393574237823486, 0.5487951636314392, 0.5518072247505188, 0.5584337115287781, 0.5606426000595093, 0.5674698948860168, 0.5734939575195312, 0.5751004219055176, 0.5883533954620361, 0.5891566276550293, 0.5969879627227783, 0.6054216623306274, 0.6128513813018799, 0.6166666746139526, 0.6210843324661255, 0.6277108192443848, 0.62469881772995, 0.6347389817237854, 0.6383534073829651, 0.6433734893798828, 0.6455823183059692, 0.65321284532547, 0.6554216742515564, 0.6634538173675537, 0.6664658784866333, 0.677911639213562, 0.6861445903778076, 0.6931726932525635, 0.6967871189117432, 0.7078313231468201, 0.7194778919219971, 0.7283132672309875, 0.7351405620574951, 0.7491967678070068, 0.7506024241447449, 0.7562248706817627, 0.7648594379425049, 0.7660642862319946, 0.7730923891067505, 0.7763051986694336, 0.7755020260810852, 0.7789156436920166, 0.7855421900749207, 0.7875502109527588, 0.7885541915893555, 0.7909638285636902, 0.7542168498039246, 0.7907630801200867, 0.7925702929496765, 0.7995983958244324, 0.7963855266571045, 0.8024096488952637, 0.8018072247505188, 0.8044176697731018, 0.8034136295318604, 0.797389566898346, 0.8048192858695984, 0.8050200939178467, 0.7827309370040894, 0.7983935475349426, 0.8060240745544434, 0.8070281147956848, 0.8086345195770264, 0.8050200939178467, 0.7989959716796875, 0.8064256906509399, 0.8118473887443542, 0.8114457726478577, 0.8110441565513611, 0.8066264986991882, 0.8148594498634338, 0.8122490048408508, 0.8156626224517822, 0.8140562176704407, 0.8086345195770264, 0.8158634305000305, 0.8206827044487, 0.816867470741272, 0.8160642385482788, 0.8226907849311829, 0.8172690868377686, 0.8160642385482788, 0.822088360786438, 0.7967871427536011, 0.7497991919517517, 0.7755020260810852, 0.7915662527084351, 0.8068273067474365, 0.8196787238121033, 0.8228915929794312, 0.8242971897125244, 0.8255019783973694, 0.8240963816642761, 0.8154618740081787, 0.8236947655677795, 0.8214859366416931], "val_loss": [1.8284038305282593, 1.564578890800476, 1.4027806520462036, 1.302392601966858, 1.2334446907043457, 1.189804196357727, 1.15753972530365, 1.1350934505462646, 1.1175103187561035, 1.1012006998062134, 1.0868966579437256, 1.078757405281067, 1.0745277404785156, 1.0630680322647095, 1.0583783388137817, 1.0474302768707275, 1.0451983213424683, 1.0375103950500488, 1.029334306716919, 1.035001277923584, 1.022645354270935, 1.0210494995117188, 1.018059253692627, 1.0072896480560303, 1.0182127952575684, 1.001456379890442, 1.0096460580825806, 0.9948856830596924, 0.9944702386856079, 0.9805002212524414, 0.9713085889816284, 0.9691166281700134, 0.9728380441665649, 0.9473569989204407, 0.9496716260910034, 0.934424877166748, 0.9525835514068604, 0.9303297400474548, 0.9412596821784973, 0.9247478246688843, 0.913487434387207, 0.9096816778182983, 0.9184751510620117, 0.9103935360908508, 0.9135720729827881, 0.9250866770744324, 0.9466273188591003, 0.9261677861213684, 0.9155246019363403, 0.9139857292175293, 0.980192244052887, 0.9816581010818481, 0.9198534488677979, 0.9330170154571533, 0.9458953142166138, 0.9268140196800232, 0.9485138654708862, 0.9480360746383667, 0.949539840221405, 0.9173328280448914, 0.9397396445274353, 0.9566633701324463, 0.9084475636482239, 0.9247000813484192, 0.9608651399612427, 0.9515193700790405, 0.937533438205719, 0.9249510765075684, 0.9997518658638, 0.9181302189826965, 0.9241129755973816, 0.9306797385215759, 0.9461604356765747, 0.9668319821357727, 0.9310088753700256, 0.9493082761764526, 0.9386741518974304, 0.959089994430542, 0.9300174117088318, 0.9368487596511841, 0.9480836391448975, 0.9299819469451904, 0.9553300142288208, 0.9645807147026062, 0.982255756855011, 0.9387301206588745, 0.9340496063232422, 0.9369933009147644, 1.155211329460144, 1.0612503290176392, 0.9593487977981567, 0.9554917812347412, 0.9438356161117554, 0.9516361355781555, 0.9489312767982483, 0.942048192024231, 0.9459617733955383, 0.9435967206954956, 0.9562206864356995, 0.9827473759651184], "val_accuracy": [0.4688754975795746, 0.5154618620872498, 0.5373494029045105, 0.5451807379722595, 0.5550200939178467, 0.5548192858695984, 0.5602409839630127, 0.5674698948860168, 0.5624498128890991, 0.5618473887443542, 0.5761044025421143, 0.5744979977607727, 0.575903594493866, 0.5833333134651184, 0.5947791337966919, 0.5891566276550293, 0.5947791337966919, 0.5971887707710266, 0.605823278427124, 0.5969879627227783, 0.6064257025718689, 0.6106425523757935, 0.6160642504692078, 0.6212851405143738, 0.6148594617843628, 0.6259036064147949, 0.6198795437812805, 0.6309236884117126, 0.6323293447494507, 0.6353413462638855, 0.6419678926467896, 0.6445783376693726, 0.6518072485923767, 0.6650602221488953, 0.6582329273223877, 0.6692771315574646, 0.6626505851745605, 0.6801204681396484, 0.6728915572166443, 0.6829317212104797, 0.6929718852043152, 0.6949799060821533, 0.6881526112556458, 0.6951807141304016, 0.6983935832977295, 0.6877509951591492, 0.6781124472618103, 0.6905622482299805, 0.6989960074424744, 0.6965863704681396, 0.6730923652648926, 0.6751003861427307, 0.7002007961273193, 0.6907630562782288, 0.6863453984260559, 0.6961847543716431, 0.6877509951591492, 0.6899598240852356, 0.6889558434486389, 0.7016064524650574, 0.6905622482299805, 0.6891566514968872, 0.7032128572463989, 0.7002007961273193, 0.6817269325256348, 0.6871485710144043, 0.6965863704681396, 0.6975903511047363, 0.6793172955513, 0.7050200700759888, 0.7008032202720642, 0.6997991800308228, 0.6937751173973083, 0.6881526112556458, 0.6987951993942261, 0.6929718852043152, 0.6977911591529846, 0.6865462064743042, 0.7012048363685608, 0.6993975639343262, 0.6985943913459778, 0.7056224942207336, 0.6929718852043152, 0.6899598240852356, 0.6893573999404907, 0.6985943913459778, 0.7056224942207336, 0.7020080089569092, 0.6618474125862122, 0.6732931733131409, 0.6913654804229736, 0.6959839463233948, 0.7036144733428955, 0.6983935832977295, 0.7044176459312439, 0.7034136652946472, 0.7032128572463989, 0.7030120491981506, 0.7010040283203125, 0.6875501871109009],