{"loss": [3.4343721866607666, 2.5080838203430176, 2.083364963531494, 1.7867710590362549, 1.5776640176773071, 1.4344284534454346, 1.3315900564193726, 1.2554470300674438, 1.20279061794281, 1.1586116552352905, 1.1245107650756836, 1.0978857278823853, 1.0731841325759888, 1.0566555261611938, 1.0411407947540283, 1.0288784503936768, 1.0176308155059814, 1.0073901414871216, 0.9981428384780884, 0.9880107641220093, 0.9800850749015808, 0.9705734252929688, 0.96463942527771, 0.9571883082389832, 0.9485782980918884, 0.9424457550048828, 0.9352045059204102, 0.9288077354431152, 0.919881284236908, 0.9096848368644714, 0.9014467000961304, 0.8908663988113403, 0.8776764273643494, 0.865776777267456, 0.8509393334388733, 0.8356513977050781, 0.8187751770019531, 0.8042409420013428, 0.7859210968017578, 0.7703400254249573, 0.7550194263458252, 0.7414543628692627, 0.7259548902511597, 0.7202888131141663, 0.7063724398612976, 0.6973034739494324, 0.7041100859642029, 0.6855453848838806, 0.6852859854698181, 0.675378680229187, 0.6766538023948669, 0.6648922562599182, 0.6611617803573608, 0.6560676097869873, 0.6478915214538574, 0.6475761532783508, 0.6368743777275085, 0.6622762680053711, 0.6440465450286865, 0.635043740272522, 0.6245933175086975, 0.6297957301139832, 0.6270974278450012, 0.6774837970733643, 0.6222817897796631, 0.6236939430236816, 0.6127752661705017, 0.6144062280654907, 0.6064267158508301, 0.618955135345459, 0.6190151572227478, 0.600848376750946, 0.6273850798606873, 0.6050636172294617, 0.599245011806488, 0.6475991606712341, 0.5946467518806458, 0.5876729488372803, 0.596209704875946, 0.5941568613052368, 0.5899040699005127, 0.5828110575675964, 0.6463637948036194, 0.5829792022705078, 0.5834209322929382, 0.5895655751228333, 0.5825877785682678, 0.5854321122169495, 0.5918444991111755, 0.6301963925361633, 0.5722037553787231, 0.5737941265106201, 0.5671006441116333, 0.5765557289123535, 0.5721151828765869, 0.5689405798912048, 0.5686233043670654, 0.5657855272293091, 0.5703803300857544, 0.570560872554779], "accuracy": [0.28253012895584106, 0.3963855504989624, 0.4453815221786499, 0.4915662705898285, 0.5174698829650879, 0.5355421900749207, 0.5447791218757629, 0.5495983958244324, 0.5522088408470154, 0.5600401759147644, 0.5606426000595093, 0.5666666626930237, 0.5730923414230347, 0.5726907849311829, 0.5797188878059387, 0.585140585899353, 0.5873494148254395, 0.5909638404846191, 0.5937750935554504, 0.5951807498931885, 0.5955823063850403, 0.6054216623306274, 0.6048192977905273, 0.6120482087135315, 0.6204819083213806, 0.6230923533439636, 0.6287148594856262, 0.629919707775116, 0.6393574476242065, 0.6497991681098938, 0.6582329273223877, 0.6608433723449707, 0.6704819202423096, 0.6843373775482178, 0.6929718852043152, 0.7058233022689819, 0.7114458084106445, 0.7240963578224182, 0.7353413701057434, 0.7459839582443237, 0.7554216980934143, 0.7600401639938354, 0.7658634781837463, 0.7690762877464294, 0.7799196839332581, 0.7795180678367615, 0.7751004099845886, 0.7827309370040894, 0.7813252806663513, 0.7861445546150208, 0.7879518270492554, 0.7911646366119385, 0.7931727170944214, 0.7951807379722595, 0.7969879508018494, 0.7949799299240112, 0.7991967797279358, 0.7959839105606079, 0.7981927990913391, 0.8034136295318604, 0.8076305389404297, 0.8048192858695984, 0.8070281147956848, 0.7877510190010071, 0.8100401759147644, 0.8064256906509399, 0.8108433485031128, 0.8108433485031128, 0.8158634305000305, 0.8096385598182678, 0.807831346988678, 0.8148594498634338, 0.8040160536766052, 0.8124498128890991, 0.8170682787895203, 0.8022088408470154, 0.8182730674743652, 0.8204819560050964, 0.8136546015739441, 0.819477915763855, 0.8190762996673584, 0.8228915929794312, 0.7957831621170044, 0.824698805809021, 0.8236947655677795, 0.8182730674743652, 0.8190762996673584, 0.819477915763855, 0.8202811479568481, 0.8016064167022705, 0.8275100588798523, 0.8238955736160278, 0.827309250831604, 0.8224899768829346, 0.8228915929794312, 0.8267068266868591, 0.8248996138572693, 0.8277108669281006, 0.8263052105903625, 0.8244979977607727], "val_loss": [2.7668142318725586, 2.2625396251678467, 1.9321887493133545, 1.6874215602874756, 1.5168695449829102, 1.4065135717391968, 1.3262566328048706, 1.268989086151123, 1.2266210317611694, 1.1914467811584473, 1.1644874811172485, 1.1469377279281616, 1.1359716653823853, 1.1195420026779175, 1.1104203462600708, 1.0993167161941528, 1.0947601795196533, 1.0853989124298096, 1.0753062963485718, 1.081373929977417, 1.0662124156951904, 1.064376950263977, 1.0597695112228394, 1.0511432886123657, 1.053501844406128, 1.0384020805358887, 1.0483602285385132, 1.032211422920227, 1.0335423946380615, 1.0200523138046265, 1.0109877586364746, 1.0057429075241089, 1.0097302198410034, 0.994694709777832, 0.9842175245285034, 0.9682316184043884, 0.9799865484237671, 0.9497339725494385, 0.9584959745407104, 0.938113272190094, 0.9396849274635315, 0.9311640858650208, 0.9298757314682007, 0.934268057346344, 0.94870525598526, 0.9497836828231812, 0.9461243152618408, 0.9540196657180786, 0.9476770162582397, 0.9645129442214966, 0.9599098563194275, 0.9511461853981018, 0.9587554335594177, 0.9756482839584351, 0.9895896315574646, 1.002260684967041, 0.9740297198295593, 1.088514804840088, 0.9674753546714783, 0.9800054430961609, 0.9697874784469604, 0.9850952625274658, 0.9640534520149231, 0.962583065032959, 0.9633285999298096, 0.9528829455375671, 0.9712486863136292, 0.9646820425987244, 0.9605789184570312, 0.9338555335998535, 0.9956337809562683, 0.960066556930542, 0.9745078682899475, 0.9898532629013062, 0.9550238251686096, 0.9578463435173035, 0.9567647576332092, 1.0033766031265259, 0.9978594183921814, 1.0013788938522339, 0.971373975276947, 0.9734764099121094, 0.9614931344985962, 0.9803592562675476, 0.9994915127754211, 0.9700700044631958, 0.9629696607589722, 0.9708977341651917, 0.9665112495422363, 0.9855546355247498, 1.015549898147583, 0.9555261135101318, 1.0135655403137207, 0.9680137634277344, 0.9744424223899841, 0.9736487865447998, 0.9800770282745361, 1.0086188316345215, 0.9867970943450928, 0.9990781545639038],