{"loss": [4.384150981903076, 3.158071517944336, 2.622387170791626, 2.2407724857330322, 1.9499611854553223, 1.7350729703903198, 1.575629711151123, 1.4519516229629517, 1.3591361045837402, 1.2799485921859741, 1.2196706533432007, 1.1720139980316162, 1.1359004974365234, 1.1069444417953491, 1.0817735195159912, 1.0632652044296265, 1.0468097925186157, 1.033803939819336, 1.021527886390686, 1.0087414979934692, 0.9999358654022217, 0.9900315999984741, 0.9810230731964111, 0.9745054244995117, 0.9666962623596191, 0.9589516520500183, 0.9518495798110962, 0.9430900812149048, 0.9367823004722595, 0.9285586476325989, 0.9216309785842896, 0.9083076119422913, 0.9008840918540955, 0.8952813744544983, 0.8785257339477539, 0.8688806891441345, 0.8551005721092224, 0.8450507521629333, 0.8369136452674866, 0.8234844207763672, 0.8088808655738831, 0.7954232692718506, 0.7849848866462708, 0.7732861638069153, 0.7600504755973816, 0.7439862489700317, 0.7378341555595398, 0.730888307094574, 0.7054899334907532, 0.7128168344497681, 0.6914284229278564, 0.6814818978309631, 0.6776881217956543, 0.6821766495704651, 0.6728866696357727, 0.6676203012466431, 0.6616712212562561, 0.664042592048645, 0.6849393844604492, 0.6669121384620667, 0.6550642848014832, 0.7003998756408691, 0.7235932350158691, 0.6379780173301697, 0.6348454356193542, 0.6344301700592041, 0.6274398565292358, 0.6243752837181091, 0.6269328594207764, 0.6234102845191956, 0.8496550917625427, 0.9081478118896484, 0.8559978008270264, 0.8244285583496094, 0.7937397360801697, 0.7589494585990906, 0.7178105115890503, 0.6562751531600952, 0.6263096928596497, 0.6177155375480652, 0.6117915511131287, 0.6896260380744934, 0.6044214367866516, 0.6031475067138672, 0.614467203617096, 0.6118016839027405, 0.5976217985153198, 0.5963137745857239, 0.5942131876945496, 0.5985159873962402, 0.59714275598526, 0.6031162142753601, 0.5913715958595276, 0.5952455997467041, 0.5925150513648987, 0.5891320705413818, 0.5911745429039001, 0.5874919891357422, 0.5959133505821228, 0.5880483984947205], "accuracy": [0.33560681343078613, 0.3995988070964813, 0.43149447441101074, 0.4611835479736328, 0.49548646807670593, 0.5201604962348938, 0.5307923555374146, 0.5464392900466919, 0.547241747379303, 0.555867612361908, 0.5634904503822327, 0.5679036974906921, 0.5713139176368713, 0.5753259658813477, 0.5785356163978577, 0.579338014125824, 0.582547664642334, 0.5853560566902161, 0.590972900390625, 0.594182550907135, 0.5967903733253479, 0.6010029911994934, 0.6018053889274597, 0.6020060181617737, 0.6054162383079529, 0.6066198348999023, 0.6130391359329224, 0.6168505549430847, 0.6238716244697571, 0.6254764199256897, 0.6387161612510681, 0.6449348330497742, 0.6539618968963623, 0.6555666923522949, 0.6714142560958862, 0.6756268739700317, 0.6872617602348328, 0.6904714107513428, 0.6988967061042786, 0.6990972757339478, 0.717352032661438, 0.726780354976654, 0.7289869785308838, 0.7360080480575562, 0.7396188378334045, 0.7492477297782898, 0.7586760520935059, 0.7606820464134216, 0.7713139653205872, 0.7658976912498474, 0.7803410291671753, 0.7833500504493713, 0.7845536470413208, 0.7829488515853882, 0.7827482223510742, 0.7899699211120605, 0.7891675233840942, 0.788164496421814, 0.7817452549934387, 0.7895687222480774, 0.7871614694595337, 0.7783349752426147, 0.7697091102600098, 0.7995988130569458, 0.8016048073768616, 0.7993981838226318, 0.8044132590293884, 0.8044132590293884, 0.8040120601654053, 0.8024072051048279, 0.752858579158783, 0.7514543533325195, 0.7610832452774048, 0.76750248670578, 0.7741223573684692, 0.7759277820587158, 0.7839518785476685, 0.796790361404419, 0.8066198825836182, 0.8072216510772705, 0.81163489818573, 0.7797392010688782, 0.8140421509742737, 0.8154463171958923, 0.8076228499412537, 0.8102306723594666, 0.8152457475662231, 0.8176529407501221, 0.8154463171958923, 0.8144433498382568, 0.8110330700874329, 0.8088265061378479, 0.8168505430221558, 0.81484454870224, 0.81484454870224, 0.8188565969467163, 0.8184553384780884, 0.8192577958106995, 0.8162487745285034, 0.817853569984436], "val_loss": [3.49402117729187, 2.8572652339935303, 2.4356558322906494, 2.1145801544189453, 1.858908772468567, 1.6825460195541382, 1.5492461919784546, 1.4401644468307495, 1.3680322170257568, 1.2998194694519043, 1.2473275661468506, 1.2099710702896118, 1.1790144443511963, 1.1545077562332153, 1.1372188329696655, 1.120172381401062, 1.1135333776474, 1.0980223417282104, 1.0890593528747559, 1.0836951732635498, 1.0791361331939697, 1.069166660308838, 1.0677560567855835, 1.0622918605804443, 1.0505651235580444, 1.0428487062454224, 1.0416843891143799, 1.0350143909454346, 1.0316085815429688, 1.0321983098983765, 1.0186164379119873, 1.0147409439086914, 1.0134756565093994, 1.0499802827835083, 0.9963070154190063, 0.9978666305541992, 0.9818448424339294, 0.9917044043540955, 0.973685622215271, 0.9812459945678711, 0.9611244797706604, 0.9514005184173584, 0.9628555774688721, 0.954419732093811, 0.935300350189209, 0.9364381432533264, 1.0678417682647705, 0.9256346225738525, 0.9374136924743652, 0.9359465837478638, 0.9346720576286316, 0.955509603023529, 0.9499938488006592, 0.9391323328018188, 0.9541280269622803, 0.939913272857666, 0.9428821802139282, 0.9653906226158142, 0.9726572036743164, 0.9384348392486572, 0.9889808297157288, 1.3693509101867676, 0.9360175132751465, 0.9452975988388062, 0.939948558807373, 0.9422459006309509, 0.9567544460296631, 0.9338903427124023, 0.9359655976295471, 0.9504721164703369, 1.2512727975845337, 1.1700130701065063, 1.133119821548462, 1.1075773239135742, 1.0813368558883667, 1.0370525121688843, 1.0028502941131592, 0.9621317982673645, 0.9481183886528015, 0.9387238621711731, 0.946361243724823, 0.9516578912734985, 0.9455588459968567, 0.9507866501808167, 0.942145586013794, 0.9703523516654968, 0.9441550970077515, 0.9504442811012268, 0.9510520696640015, 0.9528918862342834, 0.9496657252311707, 0.9666196703910828, 0.9627881646156311, 0.9898259043693542, 0.9449396729469299, 0.9671184420585632, 0.953168511390686, 0.96365886926651, 0.9545682668685913, 0.9567800164222717], "val_accuracy": [0.4118354916572571, 0.41885656118392944, 0.45235708355903625, 0.48204612731933594, 0.5141424536705017, 0.5275827646255493, 0.532196581363678, 0.5496489405632019, 0.543831467628479, 0.5552657842636108, 0.5628886818885803, 0.5610832571983337, 0.5622868537902832, 0.5646941065788269, 0.5664994716644287, 0.5695085525512695, 0.5660982728004456, 0.5753259658813477, 0.5729187726974487, 0.5821464657783508, 0.5851554870605469, 0.5843530297279358, 0.58555668592453, 0.5859578847885132, 0.5969910025596619, 0.6014041900634766, 0.6000000238418579, 0.6038114428520203, 0.6038114428520203, 0.6054162383079529, 0.617652952671051, 0.6206619739532471, 0.6238716244697571, 0.6072216629981995, 0.6435306072235107, 0.6393179297447205, 0.6569709181785583, 0.6503510475158691, 0.6645937561988831, 0.6493480205535889, 0.6752256751060486, 0.6824473142623901, 0.6726178526878357, 0.6712136268615723, 0.6828485727310181, 0.6818455457687378, 0.6495486497879028, 0.6824473142623901, 0.682246744632721, 0.6840521693229675, 0.6832497715950012, 0.6742226481437683, 0.6754263043403625, 0.6844533681869507, 0.6774322986602783, 0.6860581636428833, 0.6806419491767883, 0.6812437176704407, 0.6832497715950012, 0.688465416431427, 0.6692076325416565, 0.6016048192977905, 0.6928786635398865, 0.6906720399856567, 0.6916750073432922, 0.693881630897522, 0.6896690130233765, 0.6936810612678528, 0.6960882544517517, 0.6924774050712585, 0.6353059411048889, 0.6483450531959534, 0.6577733159065247, 0.6643931865692139, 0.6659979820251465, 0.676629900932312, 0.6844533681869507, 0.6874623894691467, 0.6954864859580994, 0.6984955072402954, 0.6974924802780151, 0.697091281414032, 0.6974924802780151, 0.6948846578598022, 0.6980943083763123, 0.6864593625068665, 0.6946840286254883, 0.6956870555877686, 0.6926780343055725, 0.6928786635398865, 0.6958876848220825, 0.691474437713623, 0.6898695826530457, 0.6840521693229675, 0.6986960768699646, 0.6912738084793091, 0.6932798624038696, 0.6874623894691467, 0.6954864859580994, 0.696890652179718],