{"loss": [4.459096431732178, 3.4004321098327637, 2.964587688446045, 2.661007881164551, 2.4232046604156494, 2.2296106815338135, 2.0728113651275635, 1.943390965461731, 1.837262749671936, 1.7461295127868652, 1.665073037147522, 1.5945085287094116, 1.531959056854248, 1.4734737873077393, 1.4220659732818604, 1.3753352165222168, 1.3367093801498413, 1.300059199333191, 1.2676124572753906, 1.2378356456756592, 1.2116090059280396, 1.188551425933838, 1.1686806678771973, 1.1490167379379272, 1.1320222616195679, 1.1151436567306519, 1.1019169092178345, 1.0900567770004272, 1.0787098407745361, 1.0677862167358398, 1.0589176416397095, 1.048467993736267, 1.0409737825393677, 1.0330716371536255, 1.0253949165344238, 1.0202656984329224, 1.013709545135498, 1.007944941520691, 1.0026980638504028, 0.9984220266342163, 0.9927985668182373, 0.9891725182533264, 0.9837213754653931, 0.9785465598106384, 0.9768707752227783, 0.9712312817573547, 0.9674510955810547, 0.9636549353599548, 0.9625909328460693, 0.9596118330955505, 0.9552052021026611, 0.9530465602874756, 0.9498604536056519, 0.9480111002922058, 0.9472703337669373, 0.9430842995643616, 0.9414628148078918, 0.9390555024147034, 0.9384129643440247, 0.9383763670921326, 0.9366433620452881, 0.933448314666748, 0.9323634505271912, 0.9305548667907715, 0.9317960143089294, 0.9301774501800537, 0.9288695454597473, 0.9268520474433899, 0.9266197681427002, 0.9241313934326172, 0.9241427183151245, 0.9238030314445496, 0.9223452806472778, 0.9232277870178223, 0.920472264289856, 0.9200076460838318, 0.9203722476959229, 0.9196966290473938, 0.9212987422943115, 0.918520987033844, 0.9169660210609436, 0.9164580702781677, 0.9157050251960754, 0.9157689213752747, 0.915533721446991, 0.9139976501464844, 0.9149459600448608, 0.9125637412071228, 0.9142775535583496, 0.9128046035766602, 0.9127337336540222, 0.9119616150856018, 0.9112354516983032, 0.9111685752868652, 0.9102752208709717, 0.9091832041740417, 0.908903181552887, 0.9095067977905273, 0.9079573750495911, 0.9078088998794556], "accuracy": [0.3274655044078827, 0.4034807085990906, 0.4216843247413635, 0.44448888301849365, 0.468093603849411, 0.488097608089447, 0.508701741695404, 0.5285056829452515, 0.5343068838119507, 0.5373074412345886, 0.546509325504303, 0.5493098497390747, 0.5535107254981995, 0.5625125169754028, 0.5661132335662842, 0.5729146003723145, 0.572314441204071, 0.5763152837753296, 0.5783156752586365, 0.5893178582191467, 0.5869174003601074, 0.5837167501449585, 0.5921184420585632, 0.5953190922737122, 0.5929185748100281, 0.5955191254615784, 0.5963192582130432, 0.5991198420524597, 0.5987197160720825, 0.5975195169448853, 0.5995199084281921, 0.6023204922676086, 0.6029205918312073, 0.6049209833145142, 0.6055210828781128, 0.605721116065979, 0.6063212752342224, 0.6105220913887024, 0.6095219254493713, 0.6083216667175293, 0.6071214079856873, 0.6053210496902466, 0.6085216999053955, 0.6151230335235596, 0.611322283744812, 0.6127225160598755, 0.6125224828720093, 0.6095219254493713, 0.6049209833145142, 0.6087217330932617, 0.6125224828720093, 0.6119223833084106, 0.61012202501297, 0.6117223501205444, 0.6119223833084106, 0.6125224828720093, 0.611322283744812, 0.615523099899292, 0.6141228079795837, 0.6121224164962769, 0.6133226752281189, 0.6105220913887024, 0.6151230335235596, 0.6181236505508423, 0.6129226088523865, 0.6137227416038513, 0.6121224164962769, 0.6173234581947327, 0.6117223501205444, 0.6183236837387085, 0.6149230003356934, 0.616723358631134, 0.6149230003356934, 0.6171234250068665, 0.619723916053772, 0.6201240420341492, 0.6181236505508423, 0.6193238496780396, 0.6159231662750244, 0.6229245662689209, 0.6245248913764954, 0.6225244998931885, 0.6195238828659058, 0.6211242079734802, 0.6201240420341492, 0.619924008846283, 0.6225244998931885, 0.6183236837387085, 0.6181236505508423, 0.6201240420341492, 0.6201240420341492, 0.6217243671417236, 0.6179235577583313, 0.6277255415916443, 0.6235247254371643, 0.6203240752220154, 0.6247249245643616, 0.6227245330810547, 0.6269254088401794, 0.6235247254371643], "val_loss": [3.675361156463623, 3.1613194942474365, 2.8300700187683105, 2.5723259449005127, 2.363434314727783, 2.1970701217651367, 2.0578081607818604, 1.9506926536560059, 1.8488330841064453, 1.7650364637374878, 1.6944037675857544, 1.6295385360717773, 1.5740066766738892, 1.527410864830017, 1.4804378747940063, 1.4400434494018555, 1.4055169820785522, 1.3741925954818726, 1.3452374935150146, 1.319359302520752, 1.3064073324203491, 1.2859611511230469, 1.2593804597854614, 1.2428139448165894, 1.2277979850769043, 1.2183691263198853, 1.2009395360946655, 1.1908305883407593, 1.181370735168457, 1.1714305877685547, 1.1598715782165527, 1.1540476083755493, 1.148010492324829, 1.1400851011276245, 1.1319291591644287, 1.1239999532699585, 1.1273595094680786, 1.11622953414917, 1.1092709302902222, 1.1053165197372437, 1.1032949686050415, 1.098466157913208, 1.0945191383361816, 1.0966131687164307, 1.0844390392303467, 1.0846102237701416, 1.0822672843933105, 1.0861040353775024, 1.076390027999878, 1.0758368968963623, 1.0710846185684204, 1.06983482837677, 1.0659058094024658, 1.0679984092712402, 1.0631928443908691, 1.060154676437378, 1.0626335144042969, 1.0609886646270752, 1.0580737590789795, 1.0571322441101074, 1.0546562671661377, 1.0549514293670654, 1.0598912239074707, 1.0559563636779785, 1.0522269010543823, 1.0562126636505127, 1.0550380945205688, 1.049692988395691, 1.0565825700759888, 1.0518057346343994, 1.051561713218689, 1.0526164770126343, 1.049534797668457, 1.047793984413147, 1.0487781763076782, 1.0486475229263306, 1.0444303750991821, 1.0514945983886719, 1.0549683570861816, 1.0487000942230225, 1.0498623847961426, 1.0516066551208496, 1.0535846948623657, 1.048352837562561, 1.0506868362426758, 1.0478336811065674, 1.048872470855713, 1.0490038394927979, 1.0479544401168823, 1.0496976375579834, 1.0474307537078857, 1.0494741201400757, 1.0499104261398315, 1.0495563745498657, 1.0486136674880981, 1.050917387008667, 1.0494359731674194, 1.0465394258499146, 1.0518418550491333, 1.0474497079849243],