{"loss": [2.2491025924682617, 1.7201322317123413, 1.4961156845092773, 1.3512402772903442, 1.2571684122085571, 1.1882199048995972, 1.139527440071106, 1.1059190034866333, 1.0758057832717896, 1.055605173110962, 1.0390028953552246, 1.0236546993255615, 1.0107917785644531, 1.0012216567993164, 0.9903833866119385, 0.982416033744812, 0.972442626953125, 0.9653042554855347, 0.9584471583366394, 0.9507227540016174, 0.9459933638572693, 0.93988436460495, 0.9345641732215881, 0.9292458295822144, 0.9236852526664734, 0.9187659025192261, 0.916418194770813, 0.9110622406005859, 0.9072654247283936, 0.9039244651794434, 0.8993862867355347, 0.895564079284668, 0.8908505439758301, 0.8894537091255188, 0.8844777345657349, 0.8808687329292297, 0.87711101770401, 0.8730488419532776, 0.8719044923782349, 0.8673300743103027, 0.8660454154014587, 0.8622284531593323, 0.8584923148155212, 0.8539907336235046, 0.8497976660728455, 0.8476164937019348, 0.8441473841667175, 0.8417667746543884, 0.8399853110313416, 0.8343259692192078, 0.8285163640975952, 0.8290000557899475, 0.8223364949226379, 0.8207733035087585, 0.8185880780220032, 0.8133569359779358, 0.8106556534767151, 0.8057315349578857, 0.8040331602096558, 0.800560474395752, 0.79417484998703, 0.7907590270042419, 0.787592887878418, 0.7834069132804871, 0.7798188924789429, 0.7760935425758362, 0.7737455368041992, 0.7668008804321289, 0.7615311741828918, 0.7651358842849731, 0.7600566148757935, 0.7571889162063599, 0.7549863457679749, 0.7517017722129822, 0.7482975125312805, 0.7462387084960938, 0.7443848848342896, 0.7398830652236938, 0.7380024194717407, 0.735393762588501, 0.7367302179336548, 0.7328723669052124, 0.730461597442627, 0.7253560423851013, 0.726121723651886, 0.7240986824035645, 0.718755841255188, 0.7174121141433716, 0.7209790349006653, 0.7177116870880127, 0.7116954922676086, 0.7149410247802734, 0.7126209139823914, 0.7053248286247253, 0.7062135934829712, 0.7072500586509705, 0.7029666304588318, 0.7057532668113708, 0.7008529305458069, 0.6991714239120483], "accuracy": [0.3762257397174835, 0.48689213395118713, 0.5255153179168701, 0.534120500087738, 0.5405243039131165, 0.5523313879966736, 0.5561336874961853, 0.5607364177703857, 0.566940188407898, 0.5685411095619202, 0.5737442374229431, 0.5741444826126099, 0.5855513215065002, 0.585751473903656, 0.5913547873497009, 0.5977586507797241, 0.6007604598999023, 0.6017610430717468, 0.6125675439834595, 0.6095657348632812, 0.6169701814651489, 0.6217730641365051, 0.6189714074134827, 0.6239743828773499, 0.6309785842895508, 0.6299780011177063, 0.6297778487205505, 0.63418048620224, 0.6371822953224182, 0.6405843496322632, 0.6377826929092407, 0.6419851779937744, 0.6431859135627747, 0.6461877226829529, 0.6539924144744873, 0.6499900221824646, 0.6565939784049988, 0.6535921692848206, 0.659795880317688, 0.6611967086791992, 0.6627976894378662, 0.6605963706970215, 0.6641985177993774, 0.6619971990585327, 0.6718030571937561, 0.6704022288322449, 0.6758055090904236, 0.6758055090904236, 0.6740043759346008, 0.6756053566932678, 0.6808084845542908, 0.6792075037956238, 0.6810085773468018, 0.6836101412773132, 0.6846107840538025, 0.6866119503974915, 0.687412440776825, 0.6878126859664917, 0.6898139119148254, 0.6934160590171814, 0.6938163042068481, 0.6960176229476929, 0.7040224075317383, 0.7010205984115601, 0.7008205056190491, 0.7030218243598938, 0.7036221623420715, 0.709825873374939, 0.711226761341095, 0.7088252902030945, 0.7070242166519165, 0.7180308103561401, 0.7122273445129395, 0.7126275897026062, 0.7178307175636292, 0.7154292464256287, 0.7162297368049622, 0.7212327122688293, 0.7216329574584961, 0.7244346737861633, 0.7224334478378296, 0.7210326194763184, 0.7256354093551636, 0.7262357473373413, 0.7230338454246521, 0.7260355949401855, 0.731839120388031, 0.7326396107673645, 0.7294376492500305, 0.7280368208885193, 0.7330397963523865, 0.7280368208885193, 0.7308384776115417, 0.732039213180542, 0.7312387228012085, 0.735641360282898, 0.7330397963523865, 0.737042248249054, 0.7388433218002319, 0.7380428314208984], "val_loss": [1.8360971212387085, 1.5677422285079956, 1.4063444137573242, 1.3012120723724365, 1.2316087484359741, 1.196751356124878, 1.155993938446045, 1.134868860244751, 1.118995189666748, 1.1081844568252563, 1.0913746356964111, 1.080398678779602, 1.073135256767273, 1.065612554550171, 1.0675022602081299, 1.0569654703140259, 1.0517041683197021, 1.0452053546905518, 1.0425668954849243, 1.041198492050171, 1.0373709201812744, 1.0333994626998901, 1.032256007194519, 1.0307025909423828, 1.026005506515503, 1.048088788986206, 1.0265969038009644, 1.0233793258666992, 1.0231223106384277, 1.0234984159469604, 1.0275808572769165, 1.0249264240264893, 1.0171400308609009, 1.0196081399917603, 1.01334810256958, 1.019395112991333, 1.0157212018966675, 1.0151591300964355, 1.0083308219909668, 1.017409086227417, 1.0220736265182495, 1.0052988529205322, 1.0098650455474854, 1.005464792251587, 1.0035791397094727, 1.0208877325057983, 1.0103349685668945, 1.0038610696792603, 1.0058726072311401, 1.006718635559082, 1.0309717655181885, 1.0016542673110962, 1.001103162765503, 0.9928556680679321, 1.0064448118209839, 1.0074931383132935, 1.0039950609207153, 0.9938609600067139, 0.9998435378074646, 0.9967414140701294, 0.9952811598777771, 0.9888323545455933, 0.9926007390022278, 0.9877017140388489, 0.9884908199310303, 0.9948060512542725, 0.9828858971595764, 0.9898074865341187, 0.9854726195335388, 0.9766948819160461, 0.9794554710388184, 0.9773753881454468, 0.9825027585029602, 0.977153480052948, 0.9767060279846191, 0.9795939326286316, 0.9752613306045532, 0.9798974394798279, 0.9793286323547363, 0.9779223799705505, 0.972621738910675, 0.9742144346237183, 0.9707970023155212, 0.9810138940811157, 0.9794541597366333, 0.985181450843811, 0.9711304306983948, 0.9838818311691284, 0.9842084646224976, 0.9827309250831604, 0.9833666682243347, 0.9875133037567139, 0.9823147058486938, 0.9832507967948914, 0.9699021577835083, 0.9736998677253723, 0.9840757846832275, 0.9768189787864685, 0.9792834520339966, 0.9677795767784119], "val_accuracy": [0.4704822897911072, 0.5161096453666687, 0.5339203476905823, 0.5437262654304504, 0.5513308048248291, 0.5521312952041626, 0.5553331971168518, 0.556533932685852, 0.5689413547515869, 0.5741444826126099, 0.5755453109741211, 0.5747448205947876, 0.5801481008529663, 0.5813488364219666, 0.5773463845252991, 0.5783470273017883, 0.589353621006012, 0.5949569940567017, 0.5941565036773682, 0.5921552777290344, 0.5963578224182129, 0.6009605526924133, 0.6103662252426147, 0.6055633425712585, 0.60816490650177, 0.5947568416595459, 0.6023614406585693, 0.6131678819656372, 0.6073644161224365, 0.6121672987937927, 0.609765887260437, 0.6103662252426147, 0.6147688627243042, 0.6181709170341492, 0.6185711622238159, 0.6163698434829712, 0.6157694458961487, 0.6279767751693726, 0.6207724809646606, 0.6223734021186829, 0.6223734021186829, 0.6263758540153503, 0.6203722357749939, 0.6209725737571716, 0.6251751184463501, 0.6201720833778381, 0.6219731569290161, 0.6311787366867065, 0.6215729713439941, 0.6299780011177063, 0.6197718381881714, 0.6269761919975281, 0.6281769275665283, 0.6309785842895508, 0.6281769275665283, 0.6253752112388611, 0.6265759468078613, 0.6299780011177063, 0.6299780011177063, 0.6347808837890625, 0.6319791674613953, 0.639183521270752, 0.6313788294792175, 0.6363818049430847, 0.6353812217712402, 0.637582540512085, 0.6409845948219299, 0.637382447719574, 0.6429858207702637, 0.6419851779937744, 0.6407844424247742, 0.6429858207702637, 0.6387832760810852, 0.6413848400115967, 0.6441864967346191, 0.6447868943214417, 0.6465879678726196, 0.6469882130622864, 0.6449869871139526, 0.6419851779937744, 0.6459875702857971, 0.6503902077674866, 0.6517910957336426, 0.6525915265083313, 0.6463878154754639, 0.6457874774932861, 0.6471883058547974, 0.6455873250961304, 0.6429858207702637, 0.6503902077674866, 0.6487892866134644, 0.6407844424247742, 0.6437862515449524, 0.6405843496322632, 0.6527916789054871, 0.6493896245956421, 0.6515909433364868, 0.6469882130622864, 0.6495897769927979, 0.6509906053543091],