{"loss": [2.2928707599639893, 1.855847716331482, 1.6627461910247803, 1.5284714698791504, 1.4354536533355713, 1.3607438802719116, 1.3016828298568726, 1.2523744106292725, 1.2133979797363281, 1.1826939582824707, 1.1546176671981812, 1.1333271265029907, 1.1141926050186157, 1.0967470407485962, 1.081682562828064, 1.0668768882751465, 1.0578457117080688, 1.0478515625, 1.038020133972168, 1.028306245803833, 1.021390676498413, 1.014291524887085, 1.0087660551071167, 1.0027499198913574, 0.9968611001968384, 0.9902850389480591, 0.9866786003112793, 0.9830103516578674, 0.9791578650474548, 0.9751115441322327, 0.9730669856071472, 0.9680492877960205, 0.9655866622924805, 0.9625442624092102, 0.9592078328132629, 0.9581552147865295, 0.9553910493850708, 0.9527666568756104, 0.9511591792106628, 0.9496275186538696, 0.9465493559837341, 0.9461097121238708, 0.9436303377151489, 0.9407449960708618, 0.941542387008667, 0.9381754398345947, 0.9365728497505188, 0.9348178505897522, 0.9354023933410645, 0.9342982172966003, 0.9313676357269287, 0.9307355880737305, 0.9291520118713379, 0.9282403588294983, 0.9286300539970398, 0.9252819418907166, 0.9246236085891724, 0.9231537580490112, 0.9232878684997559, 0.9240130186080933, 0.9228844046592712, 0.9203701019287109, 0.9197874665260315, 0.9183090329170227, 0.9201451539993286, 0.9189057350158691, 0.9179175496101379, 0.916298508644104, 0.9163921475410461, 0.9115343689918518, 0.9112473726272583, 0.9110971689224243, 0.910037100315094, 0.9110732078552246, 0.908418595790863, 0.908105731010437, 0.9086775183677673, 0.9082072377204895, 0.9100334644317627, 0.9072924852371216, 0.905843198299408, 0.9053563475608826, 0.904718816280365, 0.9049748182296753, 0.9048272371292114, 0.9033323526382446, 0.9044339060783386, 0.9019877910614014, 0.9037842750549316, 0.9024107456207275, 0.9024878144264221, 0.901783287525177, 0.9010018706321716, 0.901021420955658, 0.900162935256958, 0.899109423160553, 0.8988571166992188, 0.8996332287788391, 0.8979911208152771, 0.897913932800293], "accuracy": [0.3798759877681732, 0.46729347109794617, 0.5083016753196716, 0.5217043161392212, 0.5319063663482666, 0.5377075672149658, 0.5481096506118774, 0.5545108914375305, 0.5575115084648132, 0.5631126165390015, 0.5639128088951111, 0.5689137578010559, 0.572314441204071, 0.5789157748222351, 0.5747149586677551, 0.5777155160903931, 0.576715350151062, 0.5851170420646667, 0.5841168165206909, 0.5861172080039978, 0.5869174003601074, 0.5859171748161316, 0.5883176922798157, 0.5933186411857605, 0.590718150138855, 0.5927185416221619, 0.591918408870697, 0.5963192582130432, 0.5955191254615784, 0.5933186411857605, 0.5947189331054688, 0.5969193577766418, 0.6029205918312073, 0.605721116065979, 0.5999199748039246, 0.5977195501327515, 0.6027205586433411, 0.6029205918312073, 0.6029205918312073, 0.6081216335296631, 0.6023204922676086, 0.6021203994750977, 0.6083216667175293, 0.6095219254493713, 0.6097219586372375, 0.6085216999053955, 0.6087217330932617, 0.6081216335296631, 0.6041208505630493, 0.6085216999053955, 0.6097219586372375, 0.6109221577644348, 0.606921374797821, 0.6109221577644348, 0.6097219586372375, 0.6099219918251038, 0.6133226752281189, 0.6165233254432678, 0.6161231994628906, 0.6119223833084106, 0.6145229339599609, 0.6129226088523865, 0.6157231330871582, 0.6175234913825989, 0.6129226088523865, 0.6107221245765686, 0.6163232922554016, 0.6183236837387085, 0.6135227084159851, 0.6187237501144409, 0.6149230003356934, 0.619723916053772, 0.6177235245704651, 0.6177235245704651, 0.6211242079734802, 0.622124433517456, 0.6185237169265747, 0.6179235577583313, 0.6171234250068665, 0.6257251501083374, 0.6251250505447388, 0.6249249577522278, 0.6211242079734802, 0.6241248250007629, 0.6243248581886292, 0.619924008846283, 0.6257251501083374, 0.6203240752220154, 0.6239247918128967, 0.6225244998931885, 0.6233246922492981, 0.6237247586250305, 0.6205241084098816, 0.6267253160476685, 0.6269254088401794, 0.625325083732605, 0.6265252828598022, 0.6211242079734802, 0.6279255747795105, 0.6277255415916443], "val_loss": [1.9366943836212158, 1.721300721168518, 1.579606056213379, 1.4779648780822754, 1.4087862968444824, 1.3528313636779785, 1.3118687868118286, 1.2817497253417969, 1.2485240697860718, 1.2222566604614258, 1.2023216485977173, 1.1865265369415283, 1.173487663269043, 1.1617236137390137, 1.1479099988937378, 1.1367130279541016, 1.1287940740585327, 1.119600534439087, 1.1116869449615479, 1.1051404476165771, 1.1077626943588257, 1.1045171022415161, 1.0937738418579102, 1.089596152305603, 1.0863558053970337, 1.086120367050171, 1.0799933671951294, 1.0793994665145874, 1.0779740810394287, 1.075379729270935, 1.0713204145431519, 1.0724965333938599, 1.072961688041687, 1.0718224048614502, 1.068343997001648, 1.0650800466537476, 1.0711489915847778, 1.0655415058135986, 1.062546968460083, 1.0616192817687988, 1.063582420349121, 1.0614051818847656, 1.0614858865737915, 1.06516432762146, 1.0565019845962524, 1.0586177110671997, 1.0586029291152954, 1.0640337467193604, 1.0570251941680908, 1.0590746402740479, 1.0553096532821655, 1.0561013221740723, 1.053796410560608, 1.0567983388900757, 1.0533066987991333, 1.0522902011871338, 1.0558828115463257, 1.0551031827926636, 1.0538890361785889, 1.0530283451080322, 1.051804780960083, 1.052582025527954, 1.0582159757614136, 1.0553017854690552, 1.051975131034851, 1.0563714504241943, 1.0551811456680298, 1.0504511594772339, 1.058180570602417, 1.053431749343872, 1.0534580945968628, 1.0550023317337036, 1.0518567562103271, 1.0510730743408203, 1.0519208908081055, 1.052175760269165, 1.0480616092681885, 1.055437684059143, 1.0583609342575073, 1.0527511835098267, 1.054746150970459, 1.0552412271499634, 1.0575237274169922, 1.0536463260650635, 1.0557160377502441, 1.0531573295593262, 1.0544731616973877, 1.0547618865966797, 1.052748680114746, 1.0548391342163086, 1.0528868436813354, 1.0548105239868164, 1.0554277896881104, 1.0543370246887207, 1.0538525581359863, 1.0560957193374634, 1.0555675029754639, 1.0522806644439697, 1.0571919679641724, 1.0531280040740967], "val_accuracy": [0.45449090003967285, 0.4996999502182007, 0.5193038582801819, 0.5371074080467224, 0.543308675289154, 0.5515102744102478, 0.5493098497390747, 0.5515102744102478, 0.5563112497329712, 0.5635126829147339, 0.5649129748344421, 0.5689137578010559, 0.5687137246131897, 0.5667133331298828, 0.57551509141922, 0.5743148922920227, 0.5785157084465027, 0.5765153169631958, 0.57551509141922, 0.5829165577888489, 0.5791158080101013, 0.576715350151062, 0.5775154829025269, 0.5795158743858337, 0.5813162922859192, 0.5843168497085571, 0.5929185748100281, 0.5835167169570923, 0.5833166837692261, 0.5867173671722412, 0.5867173671722412, 0.5849170088768005, 0.5855171084403992, 0.5877175331115723, 0.5885177254676819, 0.5867173671722412, 0.591918408870697, 0.5871174335479736, 0.5927185416221619, 0.5935186743736267, 0.5865172743797302, 0.5913182497024536, 0.5967193245887756, 0.5887177586555481, 0.5953190922737122, 0.5911182165145874, 0.5913182497024536, 0.5843168497085571, 0.5901180505752563, 0.6017203330993652, 0.5943188667297363, 0.5943188667297363, 0.5983196496963501, 0.5881175994873047, 0.5937187671661377, 0.5959191918373108, 0.5927185416221619, 0.590718150138855, 0.5869174003601074, 0.5969193577766418, 0.5945188999176025, 0.5911182165145874, 0.5943188667297363, 0.5911182165145874, 0.5913182497024536, 0.591718316078186, 0.5903180837631226, 0.5963192582130432, 0.5873174667358398, 0.5945188999176025, 0.6023204922676086, 0.5887177586555481, 0.5991198420524597, 0.594918966293335, 0.6033206582069397, 0.5991198420524597, 0.6029205918312073, 0.5945188999176025, 0.5921184420585632, 0.597319483757019, 0.6001200079917908, 0.60592120885849, 0.5957191586494446, 0.6021203994750977, 0.5971194505691528, 0.5975195169448853, 0.6021203994750977, 0.5987197160720825, 0.5971194505691528, 0.6025205254554749, 0.6009202003479004, 0.5979195833206177, 0.5975195169448853, 0.5955191254615784, 0.5989198088645935, 0.5957191586494446, 0.5945188999176025, 0.5983196496963501, 0.5957191586494446, 0.5971194505691528],