{"loss": [3.562608480453491, 1.651241421699524, 1.2406542301177979, 1.0792315006256104, 0.9860638380050659, 0.9229447245597839, 0.8754205107688904, 0.836508572101593, 0.8074371814727783, 0.781764805316925, 0.7579283118247986, 0.7380650639533997, 0.7200132012367249, 0.7033079266548157, 0.6853386759757996, 0.6687028408050537, 0.6482855677604675, 0.6316260695457458, 0.6154201626777649, 0.5987895131111145, 0.5816372036933899, 0.5668220520019531, 0.5546153783798218, 0.5410780906677246, 0.5274383425712585, 0.5174046754837036, 0.5044925808906555, 0.49346932768821716, 0.483430415391922, 0.474481999874115, 0.46427083015441895, 0.455863893032074, 0.4464680254459381, 0.4390263557434082, 0.4285804331302643, 0.42049139738082886, 0.4108324348926544, 0.4044252038002014, 0.39602410793304443, 0.38683390617370605, 0.37981855869293213, 0.3720223307609558, 0.36566075682640076, 0.35790401697158813, 0.35385045409202576, 0.3455256223678589, 0.3405090570449829, 0.3337552547454834, 0.3299536406993866, 0.3244149088859558, 0.3179070055484772, 0.31342756748199463, 0.31475263833999634, 0.304751455783844, 0.3026482164859772, 0.2976454794406891, 0.29411497712135315, 0.29260870814323425, 0.28751257061958313, 0.2834271490573883, 0.28042060136795044, 0.2758708596229553, 0.2719457149505615, 0.26688992977142334, 0.2652662992477417, 0.2626829147338867, 0.25974756479263306, 0.2568202018737793, 0.25445348024368286, 0.2529434263706207, 0.2495809942483902, 0.24753761291503906, 0.24599413573741913, 0.2447403520345688, 0.2406909018754959, 0.24077297747135162, 0.2379729300737381, 0.2343374341726303, 0.23349472880363464, 0.22899077832698822, 0.2288873940706253, 0.227378249168396, 0.22576001286506653, 0.22285746037960052, 0.22070765495300293, 0.21948322653770447, 0.2177998125553131, 0.2153562754392624, 0.2144860178232193, 0.21253496408462524, 0.21293406188488007, 0.20979486405849457, 0.20607969164848328, 0.2049521654844284, 0.2049528956413269, 0.20531831681728363, 0.20169609785079956, 0.2012985795736313, 0.19837474822998047, 0.19785960018634796], "accuracy": [0.4182547628879547, 0.5077231526374817, 0.558876633644104, 0.60280841588974, 0.6230692267417908, 0.6423270106315613, 0.6676028370857239, 0.6792377233505249, 0.688465416431427, 0.7009027004241943, 0.7093279957771301, 0.720561683177948, 0.7303911447525024, 0.7402206659317017, 0.7470411062240601, 0.7612838745117188, 0.7735205888748169, 0.7819458246231079, 0.7917753458023071, 0.7957873344421387, 0.8110330700874329, 0.8142427206039429, 0.8210631608963013, 0.823269784450531, 0.8302908539772034, 0.8365095257759094, 0.841323971748352, 0.846940815448761, 0.8503510355949402, 0.8519558906555176, 0.8597793579101562, 0.8609829545021057, 0.8627883791923523, 0.861785352230072, 0.8694082498550415, 0.8698094487190247, 0.8722166419029236, 0.8764292597770691, 0.8764292597770691, 0.8800401091575623, 0.8842527866363525, 0.8880642056465149, 0.8878635764122009, 0.8900701999664307, 0.8880642056465149, 0.8946840763092041, 0.8964894413948059, 0.8978936672210693, 0.8984954953193665, 0.897291898727417, 0.9025075435638428, 0.9045135378837585, 0.9023069143295288, 0.9049147367477417, 0.9045135378837585, 0.9077231884002686, 0.908726155757904, 0.9065195322036743, 0.9085255861282349, 0.9125376343727112, 0.9119358062744141, 0.9109327793121338, 0.9133400321006775, 0.9165496230125427, 0.9159478545188904, 0.9171514511108398, 0.9165496230125427, 0.9183550477027893, 0.9181544780731201, 0.9171514511108398, 0.917552649974823, 0.9203611016273499, 0.9231694936752319, 0.9191574454307556, 0.9231694936752319, 0.9209628701210022, 0.9213640689849854, 0.923771321773529, 0.9255767464637756, 0.9239718914031982, 0.9265797138214111, 0.9249749183654785, 0.9245737195014954, 0.9269809722900391, 0.9269809722900391, 0.9283851385116577, 0.9267803430557251, 0.9281845688819885, 0.9301905632019043, 0.9279839396476746, 0.9299899935722351, 0.929388165473938, 0.9327983856201172, 0.9315947890281677, 0.9297893643379211, 0.932597815990448, 0.9334002137184143, 0.9317953586578369, 0.932397186756134, 0.9313941597938538], "val_loss": [2.1749284267425537, 1.479158639907837, 1.2599823474884033, 1.1452962160110474, 1.0792096853256226, 1.0355823040008545, 0.9907529354095459, 0.9666256308555603, 0.9399388432502747, 0.9174752831459045, 0.904449999332428, 0.8919686079025269, 0.8756113052368164, 0.8575010895729065, 0.8495641350746155, 0.8370288610458374, 0.8276535868644714, 0.8126945495605469, 0.8017711639404297, 0.7944996356964111, 0.795905590057373, 0.7858574986457825, 0.7743340730667114, 0.7553346753120422, 0.7538353800773621, 0.7395195960998535, 0.7421742081642151, 0.7271618843078613, 0.7214873433113098, 0.7203627824783325, 0.712672233581543, 0.7073456645011902, 0.7112683057785034, 0.7033242583274841, 0.7073696851730347, 0.6982141733169556, 0.689690887928009, 0.682834267616272, 0.6764508485794067, 0.668787956237793, 0.673658549785614, 0.6632404327392578, 0.6558314561843872, 0.6489352583885193, 0.6394028663635254, 0.636597752571106, 0.6490026116371155, 0.6396930813789368, 0.6346484422683716, 0.6333044767379761, 0.6251235604286194, 0.6254934668540955, 0.6160007119178772, 0.6116635799407959, 0.6181653738021851, 0.6202739477157593, 0.6135522127151489, 0.61629319190979, 0.6240336298942566, 0.6123304963111877, 0.6120079755783081, 0.6162580251693726, 0.6102294921875, 0.6297279000282288, 0.6208763718605042, 0.6212383508682251, 0.6167119145393372, 0.612796425819397, 0.6202414631843567, 0.6133171319961548, 0.6201533675193787, 0.6276023983955383, 0.6324256658554077, 0.6239694952964783, 0.6276054382324219, 0.6245522499084473, 0.6221493482589722, 0.6228892207145691, 0.6349490880966187, 0.6248102784156799, 0.6333020329475403, 0.6431372165679932, 0.6231387257575989, 0.6311986446380615, 0.6326280832290649, 0.6268125176429749, 0.6478638052940369, 0.6405473947525024, 0.6552438735961914, 0.6993942260742188, 0.6392354965209961, 0.6544148325920105, 0.6386529207229614, 0.649383544921875, 0.6473571062088013, 0.6608396768569946, 0.6515403389930725, 0.6713521480560303, 0.6569697856903076, 0.653179943561554],