{"loss": [1.8320987224578857, 1.2898391485214233, 1.1146824359893799, 1.0374257564544678, 0.9834038019180298, 0.9414563179016113, 0.9064022302627563, 0.8712419271469116, 0.8420330286026001, 0.81878262758255, 0.7998256087303162, 0.783499538898468, 0.7688112854957581, 0.7571529150009155, 0.7426594495773315, 0.7297506928443909, 0.7183017730712891, 0.7096596360206604, 0.6991499066352844, 0.6916279792785645, 0.6828426122665405, 0.6729627847671509, 0.6650853753089905, 0.6586692929267883, 0.6506615877151489, 0.6444399952888489, 0.6374431848526001, 0.6339453458786011, 0.6239386796951294, 0.6187227368354797, 0.6114086508750916, 0.6050552725791931, 0.6030222177505493, 0.5942107439041138, 0.590173602104187, 0.5853493809700012, 0.5807512998580933, 0.5755709409713745, 0.569026529788971, 0.5631820559501648, 0.5600519776344299, 0.5548483729362488, 0.5483975410461426, 0.5442636609077454, 0.5421916842460632, 0.5370339155197144, 0.5326949954032898, 0.528712809085846, 0.5246967673301697, 0.5202268362045288, 0.5152249932289124, 0.5142316818237305, 0.5075274705886841, 0.5056401491165161, 0.5010659694671631, 0.49871233105659485, 0.4933539032936096, 0.4941868484020233, 0.48844724893569946, 0.48534637689590454, 0.4824602007865906, 0.48012855648994446, 0.47572508454322815, 0.4730268716812134, 0.4707658886909485, 0.46565648913383484, 0.4637235403060913, 0.4624708592891693, 0.4609515368938446, 0.45742759108543396, 0.45327460765838623, 0.4503079652786255, 0.44805943965911865, 0.4458954632282257, 0.4427650272846222, 0.44021496176719666, 0.43795499205589294, 0.4353804588317871, 0.4352397322654724, 0.4319089949131012, 0.42833882570266724, 0.42584365606307983, 0.4263894855976105, 0.4225621223449707, 0.41870054602622986, 0.41735392808914185, 0.4155886471271515, 0.4171835780143738, 0.4118466079235077, 0.4115200638771057, 0.4101797640323639, 0.40856117010116577, 0.4087211787700653, 0.4038773775100708, 0.4066859483718872, 0.3989553153514862, 0.3987923860549927, 0.3950576186180115, 0.3960033357143402, 0.39254501461982727], "accuracy": [0.42042040824890137, 0.5169169306755066, 0.5537537336349487, 0.5723723769187927, 0.5959960222244263, 0.6116116046905518, 0.6266266107559204, 0.6358358263969421, 0.6476476192474365, 0.6560560464859009, 0.666466474533081, 0.6716716885566711, 0.679879903793335, 0.6864864826202393, 0.6938939094543457, 0.6996996998786926, 0.7111111283302307, 0.711511492729187, 0.7199199199676514, 0.7243243455886841, 0.728728711605072, 0.7365365624427795, 0.7401401400566101, 0.739739716053009, 0.7445445656776428, 0.7475475668907166, 0.753553569316864, 0.7555555701255798, 0.759759783744812, 0.7575575709342957, 0.7657657861709595, 0.7697697877883911, 0.76936936378479, 0.7731731534004211, 0.7775775790214539, 0.7777777910232544, 0.7825825810432434, 0.7829830050468445, 0.7881881594657898, 0.7889890074729919, 0.7907907962799072, 0.7949950098991394, 0.7957957983016968, 0.8006005883216858, 0.798999011516571, 0.8020020127296448, 0.8074073791503906, 0.8072072267532349, 0.8086085915565491, 0.8116115927696228, 0.8102102279663086, 0.8106105923652649, 0.8168168067932129, 0.8166165947914124, 0.8168168067932129, 0.8198198080062866, 0.820620596408844, 0.8192192316055298, 0.8174174427986145, 0.8236235976219177, 0.8236235976219177, 0.8238238096237183, 0.8266265988349915, 0.8278278112411499, 0.8308308124542236, 0.8350350260734558, 0.8346346616744995, 0.8358358144760132, 0.8318318128585815, 0.8334334492683411, 0.8366366624832153, 0.8386386632919312, 0.8384384512901306, 0.8420420289039612, 0.8418418169021606, 0.8462462425231934, 0.8434434533119202, 0.8464464545249939, 0.8434434533119202, 0.8450450301170349, 0.8504504561424255, 0.8518518805503845, 0.8484484553337097, 0.8518518805503845, 0.8512512445449829, 0.8512512445449829, 0.8526526689529419, 0.8510510325431824, 0.8552552461624146, 0.8548548817634583, 0.8556556701660156, 0.8554554581642151, 0.8566566705703735, 0.856456458568573, 0.8538538813591003, 0.861261248588562, 0.8574574589729309, 0.8594594597816467, 0.8624624609947205, 0.8628628849983215], "val_loss": [1.4831770658493042, 1.2320307493209839, 1.1368602514266968, 1.0853897333145142, 1.0445539951324463, 1.0127224922180176, 0.9815682768821716, 0.9572880268096924, 0.9354433417320251, 0.9168512225151062, 0.9129260182380676, 0.8960170149803162, 0.8872836828231812, 0.8786595463752747, 0.8781244158744812, 0.8754374384880066, 0.8723751902580261, 0.8652687072753906, 0.859433650970459, 0.8509498834609985, 0.8498501181602478, 0.8507864475250244, 0.8393084406852722, 0.8394767642021179, 0.8361636996269226, 0.8325706720352173, 0.8302474617958069, 0.8296196460723877, 0.823331356048584, 0.8313254714012146, 0.8230396509170532, 0.8226022124290466, 0.8157937526702881, 0.816899299621582, 0.8170124292373657, 0.8133633732795715, 0.8069532513618469, 0.8117035031318665, 0.8036739826202393, 0.803695797920227, 0.7932128310203552, 0.8015881776809692, 0.8040657639503479, 0.7896493077278137, 0.7979861497879028, 0.7883795499801636, 0.7877878546714783, 0.7834756374359131, 0.783953845500946, 0.7819697856903076, 0.7923155426979065, 0.7803268432617188, 0.7901445627212524, 0.7710619568824768, 0.7762948870658875, 0.7759596705436707, 0.7988721132278442, 0.7794402241706848, 0.7753622531890869, 0.7753003239631653, 0.7771947979927063, 0.7821142077445984, 0.7691259384155273, 0.7756696343421936, 0.7767355442047119, 0.7741742730140686, 0.7743533849716187, 0.7769317030906677, 0.7696565985679626, 0.7704563736915588, 0.7636277079582214, 0.7627795338630676, 0.7693294882774353, 0.7728589773178101, 0.7787348031997681, 0.7653350830078125, 0.7579600214958191, 0.7696771621704102, 0.7702178955078125, 0.7672848701477051, 0.7638887166976929, 0.7690496444702148, 0.7812944054603577, 0.7771329283714294, 0.7725591659545898, 0.7594829797744751, 0.7566700577735901, 0.7636875510215759, 0.7700522541999817, 0.782142162322998, 0.7832426428794861, 0.7585397362709045, 0.7643905878067017, 0.7651534080505371, 0.765294075012207, 0.761608362197876, 0.7884214520454407, 0.7808264493942261, 0.7833919525146484, 0.8044242262840271],