{"loss": [2.5287370681762695, 1.650508999824524, 1.3129777908325195, 1.1791439056396484, 1.1128640174865723, 1.0686250925064087, 1.0384094715118408, 1.0126399993896484, 0.9929258227348328, 0.9760885834693909, 0.9604837894439697, 0.9482808709144592, 0.9351087808609009, 0.9249740839004517, 0.9152354598045349, 0.9038015604019165, 0.899226725101471, 0.8908305168151855, 0.8830166459083557, 0.8750557899475098, 0.8701827526092529, 0.8641076683998108, 0.8584415912628174, 0.8533313870429993, 0.848536491394043, 0.8402795791625977, 0.8377074003219604, 0.8331547379493713, 0.8289478421211243, 0.8249749541282654, 0.8226653933525085, 0.8172634243965149, 0.813086986541748, 0.8101640939712524, 0.8052589297294617, 0.8035497069358826, 0.8015338182449341, 0.7970080375671387, 0.793803334236145, 0.7917897701263428, 0.7886318564414978, 0.7863759398460388, 0.7825238704681396, 0.7787072658538818, 0.7782471179962158, 0.7747350335121155, 0.773402750492096, 0.7701699137687683, 0.769231379032135, 0.7677810788154602, 0.7645392417907715, 0.7626191973686218, 0.7597039341926575, 0.7576199173927307, 0.7576331496238708, 0.7534875869750977, 0.7512270212173462, 0.74896240234375, 0.7476426959037781, 0.7487397789955139, 0.745853066444397, 0.7422449588775635, 0.7422210574150085, 0.7390826940536499, 0.7397081851959229, 0.7387444972991943, 0.737156867980957, 0.7332552671432495, 0.7333810925483704, 0.7303142547607422, 0.7295784950256348, 0.7279792428016663, 0.7259331345558167, 0.7272799015045166, 0.7234684228897095, 0.7224723100662231, 0.721508800983429, 0.7219374775886536, 0.7227415442466736, 0.7187364101409912, 0.7161233425140381, 0.7157112956047058, 0.7133617997169495, 0.7128825783729553, 0.7121549248695374, 0.7107316851615906, 0.7097912430763245, 0.7083261609077454, 0.7084903120994568, 0.7069311738014221, 0.705055296421051, 0.7050867080688477, 0.7033193111419678, 0.7022767066955566, 0.7014764547348022, 0.6985903382301331, 0.6988803148269653, 0.698249101638794, 0.6967297196388245, 0.6942397356033325], "accuracy": [0.3178635835647583, 0.4678935706615448, 0.5131025910377502, 0.5373074412345886, 0.5469093918800354, 0.5601119995117188, 0.5671133995056152, 0.5715143084526062, 0.5781156420707703, 0.5867173671722412, 0.5889177918434143, 0.5929185748100281, 0.5989198088645935, 0.5987197160720825, 0.6055210828781128, 0.61012202501297, 0.6107221245765686, 0.6145229339599609, 0.6195238828659058, 0.6257251501083374, 0.625325083732605, 0.6329265832901001, 0.6319263577461243, 0.6363272666931152, 0.6331266164779663, 0.6445289254188538, 0.6439287662506104, 0.6441287994384766, 0.6485297083854675, 0.6489297747612, 0.6495299339294434, 0.654330849647522, 0.6547309756278992, 0.6549310088157654, 0.6617323756217957, 0.6581315994262695, 0.6617323756217957, 0.6647329330444336, 0.6697339415550232, 0.6631326079368591, 0.6701340079307556, 0.6703340411186218, 0.6751350164413452, 0.6777355670928955, 0.6751350164413452, 0.6823364496231079, 0.6821364164352417, 0.67933589220047, 0.6763352751731873, 0.6783356666564941, 0.6829366087913513, 0.6845369338989258, 0.6829366087913513, 0.68353670835495, 0.6795359253883362, 0.6833366751670837, 0.679135799407959, 0.6877375245094299, 0.6877375245094299, 0.6887377500534058, 0.6895378828048706, 0.6929385662078857, 0.6881376504898071, 0.6917383670806885, 0.7003400921821594, 0.6917383670806885, 0.6951390504837036, 0.6993398666381836, 0.6953390836715698, 0.7011402249336243, 0.694338858127594, 0.6999399662017822, 0.705141007900238, 0.7007401585578918, 0.7001399993896484, 0.7031406164169312, 0.7035406827926636, 0.7017403244972229, 0.7025405168533325, 0.7061412334442139, 0.7017403244972229, 0.7045409083366394, 0.7069413661956787, 0.7031406164169312, 0.708341658115387, 0.7045409083366394, 0.7135426998138428, 0.7131426334381104, 0.7093418836593628, 0.7125425338745117, 0.7105420827865601, 0.7099419832229614, 0.7111422419548035, 0.7165433168411255, 0.7135426998138428, 0.7197439670562744, 0.7177435755729675, 0.7179436087608337, 0.7155430912971497, 0.7225444912910461], "val_loss": [1.9258816242218018, 1.4309937953948975, 1.2501957416534424, 1.1684913635253906, 1.1298295259475708, 1.101631999015808, 1.0783934593200684, 1.0683367252349854, 1.0499696731567383, 1.0322861671447754, 1.0216983556747437, 1.0149714946746826, 1.0085309743881226, 1.0058258771896362, 0.9904512166976929, 0.9854578375816345, 0.9802228212356567, 0.9724785685539246, 0.9667637348175049, 0.9620887041091919, 0.9675219058990479, 0.9607219099998474, 0.954826831817627, 0.9486638307571411, 0.9444777369499207, 0.9473897814750671, 0.9374322891235352, 0.9394543170928955, 0.9359516501426697, 0.9281519651412964, 0.9244425892829895, 0.9253357648849487, 0.9225108623504639, 0.922931969165802, 0.9152804017066956, 0.9177913665771484, 0.9175239205360413, 0.914218008518219, 0.9079096913337708, 0.9089275598526001, 0.9159200191497803, 0.907531201839447, 0.9037798047065735, 0.9070445895195007, 0.9015363454818726, 0.9041808247566223, 0.9003865122795105, 0.9071217775344849, 0.9012147188186646, 0.9004746079444885, 0.8976037502288818, 0.895746648311615, 0.8946115374565125, 0.8994282484054565, 0.8921763896942139, 0.8948352932929993, 0.891638994216919, 0.8916402459144592, 0.8949670791625977, 0.888363778591156, 0.8890873193740845, 0.8886090517044067, 0.8882290124893188, 0.897754430770874, 0.8961398601531982, 0.8887807726860046, 0.8892329931259155, 0.8860172629356384, 0.8922537565231323, 0.8829284310340881, 0.8836260437965393, 0.887549877166748, 0.8853555917739868, 0.8853991627693176, 0.8813089728355408, 0.8830990791320801, 0.88225919008255, 0.8863052725791931, 0.8883302807807922, 0.8822695016860962, 0.8847928047180176, 0.8801795244216919, 0.8855795860290527, 0.885269820690155, 0.8848435878753662, 0.8800060749053955, 0.8805587291717529, 0.8828051686286926, 0.8821520209312439, 0.8856968879699707, 0.8804804086685181, 0.8856998682022095, 0.8827577233314514, 0.8839380145072937, 0.8836706876754761, 0.8850598335266113, 0.888451337814331, 0.8833926916122437, 0.8881049752235413, 0.8853441476821899],