{"loss": [3.4545040130615234, 2.5111074447631836, 2.0838029384613037, 1.7917033433914185, 1.5850712060928345, 1.4402626752853394, 1.3389718532562256, 1.266601800918579, 1.207908034324646, 1.166219711303711, 1.1331281661987305, 1.1048663854599, 1.0818592309951782, 1.064479112625122, 1.0480248928070068, 1.0362509489059448, 1.0236072540283203, 1.0139082670211792, 1.004651427268982, 0.9956091046333313, 0.988970160484314, 0.9816446304321289, 0.9755373597145081, 0.9693701267242432, 0.962759792804718, 0.957026481628418, 0.954187273979187, 0.9470292329788208, 0.9432781934738159, 0.9390949010848999, 0.9324528574943542, 0.9272765517234802, 0.9208059906959534, 0.9191998839378357, 0.9138455986976624, 0.9099714756011963, 0.9057443141937256, 0.9017714262008667, 0.9007045030593872, 0.8954335451126099, 0.8940454125404358, 0.8900322318077087, 0.8869971632957458, 0.8822921514511108, 0.877499520778656, 0.8743389844894409, 0.8695703744888306, 0.864983856678009, 0.8626559972763062, 0.8568876385688782, 0.8496319651603699, 0.8477071523666382, 0.8391274213790894, 0.835803747177124, 0.8316121697425842, 0.8258773684501648, 0.8217806816101074, 0.8158218264579773, 0.8128837943077087, 0.8067260384559631, 0.8010796904563904, 0.7971206307411194, 0.7913987040519714, 0.7866733074188232, 0.7832968831062317, 0.7759534120559692, 0.774879515171051, 0.768048107624054, 0.7607495784759521, 0.7612537145614624, 0.7583134770393372, 0.7529271245002747, 0.7503464221954346, 0.7458123564720154, 0.7419646382331848, 0.7382025718688965, 0.734626054763794, 0.7290003895759583, 0.7274205088615417, 0.722138524055481, 0.7234454154968262, 0.7161765694618225, 0.714145302772522, 0.7092836499214172, 0.7077786922454834, 0.7032185792922974, 0.6965709924697876, 0.6941481232643127, 0.6975081562995911, 0.6915057897567749, 0.6845043897628784, 0.6858188509941101, 0.6823654174804688, 0.6750471591949463, 0.6774726510047913, 0.6725804805755615, 0.6670560836791992, 0.6672293543815613, 0.6618891954421997, 0.6597619652748108], "accuracy": [0.28437063097953796, 0.3950370252132416, 0.4444666802883148, 0.4904943108558655, 0.5193116068840027, 0.5405243039131165, 0.5451270937919617, 0.5449269413948059, 0.5587352514266968, 0.5569341778755188, 0.5695417523384094, 0.5667400360107422, 0.5721432566642761, 0.5729437470436096, 0.5785471200942993, 0.5809485912322998, 0.5831499099731445, 0.5793476104736328, 0.5891534686088562, 0.589553713798523, 0.5935561060905457, 0.5961576700210571, 0.5995597243309021, 0.6021612882614136, 0.6045627593994141, 0.6093656420707703, 0.6077646613121033, 0.6187712550163269, 0.6177706718444824, 0.6255753636360168, 0.6187712550163269, 0.6315789222717285, 0.6293776035308838, 0.635781466960907, 0.6411846876144409, 0.6403842568397522, 0.6441864967346191, 0.6417850852012634, 0.6473884582519531, 0.6499900221824646, 0.6565939784049988, 0.6509906053543091, 0.6567940711975098, 0.656193733215332, 0.6623974442481995, 0.6617971062660217, 0.6722033023834229, 0.6708024740219116, 0.6726035475730896, 0.6750050187110901, 0.6808084845542908, 0.678807258605957, 0.6862117052078247, 0.682209312915802, 0.6864118576049805, 0.6914148330688477, 0.6912147402763367, 0.6932159066200256, 0.6984190344810486, 0.6988192796707153, 0.6950170397758484, 0.7030218243598938, 0.706223726272583, 0.7058234810829163, 0.7070242166519165, 0.7110266089439392, 0.7118270993232727, 0.7150290012359619, 0.7188313007354736, 0.7158294916152954, 0.7170302271842957, 0.7260355949401855, 0.7230338454246521, 0.7242345213890076, 0.7216329574584961, 0.7242345213890076, 0.7282369136810303, 0.7340404391288757, 0.7308384776115417, 0.7342405319213867, 0.7380428314208984, 0.7418451309204102, 0.7414448857307434, 0.7394436597824097, 0.7410446405410767, 0.7432459592819214, 0.7482489347457886, 0.7498499155044556, 0.7460476160049438, 0.7448468804359436, 0.7522513270378113, 0.7464478611946106, 0.7510506510734558, 0.7538523077964783, 0.7482489347457886, 0.7562537789344788, 0.756053626537323, 0.7598559260368347, 0.7666599750518799, 0.7566539645195007], "val_loss": [2.7746996879577637, 2.266047239303589, 1.9341857433319092, 1.6880985498428345, 1.520955204963684, 1.420263409614563, 1.32902991771698, 1.2743974924087524, 1.2323378324508667, 1.2035173177719116, 1.172071933746338, 1.1494576930999756, 1.135309100151062, 1.1220130920410156, 1.1182976961135864, 1.1034495830535889, 1.097944736480713, 1.0866461992263794, 1.0826610326766968, 1.0777244567871094, 1.0718146562576294, 1.0672649145126343, 1.0623843669891357, 1.0600430965423584, 1.0540331602096558, 1.0740758180618286, 1.0487996339797974, 1.0444095134735107, 1.0417648553848267, 1.0404361486434937, 1.0439629554748535, 1.0392106771469116, 1.0316253900527954, 1.0345133543014526, 1.0283119678497314, 1.0327060222625732, 1.0303478240966797, 1.0300968885421753, 1.0204219818115234, 1.029144287109375, 1.0333937406539917, 1.0167036056518555, 1.0194344520568848, 1.0157434940338135, 1.0154420137405396, 1.0320568084716797, 1.0221768617630005, 1.019898533821106, 1.0185761451721191, 1.0200543403625488, 1.0390111207962036, 1.0128132104873657, 1.01188063621521, 1.0085663795471191, 1.0167622566223145, 1.0177809000015259, 1.0124833583831787, 1.0049711465835571, 1.0089893341064453, 1.006829023361206, 1.0020335912704468, 0.9985568523406982, 0.9997987151145935, 1.0006636381149292, 0.9993703961372375, 1.00998055934906, 0.9919396042823792, 0.9947642683982849, 0.9965329766273499, 0.9850159883499146, 0.9900391697883606, 0.9876575469970703, 0.9898751974105835, 0.9935846328735352, 0.9847000241279602, 0.9810228943824768, 0.9815499782562256, 0.9818670749664307, 0.9862508177757263, 0.982049286365509, 0.979949414730072, 0.9790138006210327, 0.9708429574966431, 0.9799613952636719, 0.9766411781311035, 0.9814444184303284, 0.9632651805877686, 0.9678246378898621, 0.9729758501052856, 0.9706939458847046, 0.9677566289901733, 0.9708938598632812, 0.9676488637924194, 0.9740824699401855, 0.9614519476890564, 0.9569041132926941, 0.9625607132911682, 0.9567587971687317, 0.9654677510261536, 0.9539502263069153],