{"loss": [2.4618725776672363, 1.5370614528656006, 1.2149450778961182, 1.0557934045791626, 0.9657620787620544, 0.9035887718200684, 0.8494461178779602, 0.8047938346862793, 0.7692409157752991, 0.7401429414749146, 0.7143039703369141, 0.6903337240219116, 0.6690362691879272, 0.648733913898468, 0.6307929754257202, 0.613551139831543, 0.5974546074867249, 0.5831708908081055, 0.5683771967887878, 0.553629994392395, 0.5404545068740845, 0.5275382399559021, 0.5163168907165527, 0.5055568218231201, 0.4939790368080139, 0.4818412959575653, 0.47335559129714966, 0.4635551869869232, 0.4540371000766754, 0.4443300664424896, 0.4365096092224121, 0.4292509853839874, 0.4211656153202057, 0.4168647229671478, 0.4102727174758911, 0.4039667844772339, 0.3973161578178406, 0.3897823095321655, 0.38397887349128723, 0.3764446973800659, 0.3713460862636566, 0.36501824855804443, 0.35950639843940735, 0.3549700379371643, 0.3507149815559387, 0.34626737236976624, 0.3419749140739441, 0.33681803941726685, 0.332846462726593, 0.3284751772880554, 0.3256737291812897, 0.32185906171798706, 0.3154527544975281, 0.3140353560447693, 0.30860304832458496, 0.30552011728286743, 0.30177628993988037, 0.2981562614440918, 0.29492223262786865, 0.2924611568450928, 0.2888718843460083, 0.2855219841003418, 0.2841205596923828, 0.28023260831832886, 0.27836835384368896, 0.2749842703342438, 0.2736161947250366, 0.26985710859298706, 0.2681257724761963, 0.2645065188407898, 0.2628389298915863, 0.2602859139442444, 0.258381187915802, 0.2563509941101074, 0.2543555796146393, 0.25240764021873474, 0.2511666715145111, 0.24900013208389282, 0.24770976603031158, 0.24435527622699738, 0.24325689673423767, 0.2410750687122345, 0.23795996606349945, 0.237700954079628, 0.23656147718429565, 0.2357645183801651, 0.23118601739406586, 0.23125597834587097, 0.23097144067287445, 0.22762753069400787, 0.2264455109834671, 0.22511708736419678, 0.2241433560848236, 0.22167116403579712, 0.2208886593580246, 0.220299631357193, 0.21893596649169922, 0.21481874585151672, 0.21499139070510864, 0.21484264731407166], "accuracy": [0.33514055609703064, 0.4967871606349945, 0.5471887588500977, 0.6056224703788757, 0.6375501751899719, 0.6514056324958801, 0.6718875765800476, 0.6849397420883179, 0.7078313231468201, 0.711646556854248, 0.7301204800605774, 0.7449799180030823, 0.7570281028747559, 0.7652610540390015, 0.7738955616950989, 0.7855421900749207, 0.7967871427536011, 0.8016064167022705, 0.8110441565513611, 0.8166666626930237, 0.8261044025421143, 0.8305220603942871, 0.8307228684425354, 0.8383533954620361, 0.8425703048706055, 0.8461847305297852, 0.8473895788192749, 0.8542168736457825, 0.8570281267166138, 0.86104416847229, 0.8632529973983765, 0.8646586537361145, 0.8696787357330322, 0.870080292224884, 0.8682730793952942, 0.8744980096817017, 0.8789156675338745, 0.8803212642669678, 0.8801204562187195, 0.886345386505127, 0.8849397301673889, 0.8865461945533752, 0.8893574476242065, 0.8887550234794617, 0.8919678926467896, 0.8919678926467896, 0.8957831263542175, 0.8965863585472107, 0.896787166595459, 0.8975903391838074, 0.8971887826919556, 0.899397611618042, 0.9008032083511353, 0.9026104211807251, 0.9068273305892944, 0.9054216742515564, 0.9074296951293945, 0.9092369675636292, 0.9086345434188843, 0.9102409482002258, 0.9128513932228088, 0.9138554334640503, 0.9134538173675537, 0.9160642623901367, 0.9140562415122986, 0.9176706671714783, 0.9184738993644714, 0.9178714752197266, 0.9202811121940613, 0.9196786880493164, 0.9204819202423096, 0.9212851524353027, 0.9192771315574646, 0.9222891330718994, 0.9228915572166443, 0.9236947894096375, 0.9259036183357239, 0.922690749168396, 0.9230923652648926, 0.9263052344322205, 0.926706850528717, 0.9265060424804688, 0.9265060424804688, 0.9287148714065552, 0.9303212761878967, 0.926706850528717, 0.9307228922843933, 0.9299196600914001, 0.9275100231170654, 0.9319277405738831, 0.9297188520431519, 0.9317269325256348, 0.930522084236145, 0.9317269325256348, 0.9315261244773865, 0.9327309131622314, 0.9315261244773865, 0.9349397420883179, 0.9335341453552246, 0.9337349534034729], "val_loss": [1.8506592512130737, 1.3722847700119019, 1.1959723234176636, 1.0960643291473389, 1.0325897932052612, 0.9875981211662292, 0.9427847862243652, 0.9043263792991638, 0.8841200470924377, 0.862826406955719, 0.843342125415802, 0.8315519094467163, 0.8201941251754761, 0.8136930465698242, 0.8010936379432678, 0.7967793345451355, 0.7897899746894836, 0.7800009250640869, 0.7685860395431519, 0.7664923071861267, 0.7560713291168213, 0.7468180060386658, 0.7428337931632996, 0.7321417331695557, 0.7318881750106812, 0.7212701439857483, 0.7211452126502991, 0.7048501372337341, 0.7089786529541016, 0.6977831721305847, 0.6979964375495911, 0.6857235431671143, 0.6817742586135864, 0.6837965846061707, 0.6802342534065247, 0.6720777153968811, 0.6744409799575806, 0.6884428262710571, 0.6760324239730835, 0.6698343753814697, 0.6626756191253662, 0.6621231436729431, 0.6593076586723328, 0.6565003991127014, 0.6649919748306274, 0.6580941081047058, 0.6591320633888245, 0.6605383157730103, 0.6623307466506958, 0.662172257900238, 0.6528361439704895, 0.6526474356651306, 0.6498395204544067, 0.653380811214447, 0.6597073078155518, 0.6607850790023804, 0.6488484144210815, 0.657118558883667, 0.6519822478294373, 0.6495482921600342, 0.6470454931259155, 0.6437188982963562, 0.6495282053947449, 0.6417194604873657, 0.6457275152206421, 0.6515750288963318, 0.6391969323158264, 0.6402426362037659, 0.6580827832221985, 0.6505064964294434, 0.6552782654762268, 0.6497396230697632, 0.6534008383750916, 0.6477562189102173, 0.6721028685569763, 0.6666238903999329, 0.6553688645362854, 0.644217312335968, 0.6518445611000061, 0.6490041613578796, 0.6453716158866882, 0.6605309247970581, 0.6594634056091309, 0.6646724343299866, 0.6501824259757996, 0.6484869122505188, 0.6644835472106934, 0.672387421131134, 0.6643378138542175, 0.6640306115150452, 0.66631019115448, 0.6679287552833557, 0.6682394742965698, 0.6744405627250671, 0.6888459324836731, 0.6920504570007324, 0.6711419820785522, 0.6753900051116943, 0.6807467341423035, 0.6882659792900085],