{"loss": [2.2476966381073, 1.7255841493606567, 1.4979180097579956, 1.3491805791854858, 1.2539790868759155, 1.187895655632019, 1.1401673555374146, 1.1033542156219482, 1.0760560035705566, 1.053842306137085, 1.035584568977356, 1.0210338830947876, 1.0078853368759155, 0.9971039891242981, 0.9846444725990295, 0.9733139276504517, 0.9650498032569885, 0.9549651741981506, 0.9448937177658081, 0.935941219329834, 0.928083598613739, 0.9214640259742737, 0.9103915095329285, 0.9036681652069092, 0.8930931091308594, 0.8862895965576172, 0.8759524822235107, 0.8666908144950867, 0.8581567406654358, 0.8456107378005981, 0.8347779512405396, 0.8247910141944885, 0.8168604373931885, 0.8023385405540466, 0.7951088547706604, 0.7852922081947327, 0.7716758251190186, 0.7673710584640503, 0.7591469883918762, 0.7506661415100098, 0.745185375213623, 0.7443442940711975, 0.737008810043335, 0.7371172308921814, 0.7312921285629272, 0.7260369658470154, 0.7218161225318909, 0.7174752354621887, 0.7181380391120911, 0.71897953748703, 0.7076794505119324, 0.7094471454620361, 0.701813280582428, 0.7096499800682068, 0.6970239281654358, 0.6987904906272888, 0.6955163478851318, 0.6956717371940613, 0.6904615163803101, 0.6933897137641907, 0.6883790493011475, 0.6898869276046753, 0.6806679368019104, 0.6794322729110718, 0.6802430152893066, 0.676106333732605, 0.6778473854064941, 0.6705121397972107, 0.6715918183326721, 0.6755681037902832, 0.6701809763908386, 0.6639042496681213, 0.6639752388000488, 0.6615716814994812, 0.6604376435279846, 0.654226541519165, 0.6544578671455383, 0.6549909710884094, 0.655571460723877, 0.6531509757041931, 0.6579943299293518, 0.6614751219749451, 0.6426160335540771, 0.6424546241760254, 0.6415631771087646, 0.6354009509086609, 0.6389356851577759, 0.6371558308601379, 0.6344866752624512, 0.6380768418312073, 0.6388617753982544, 0.6330410838127136, 0.6342747211456299, 0.6372422575950623, 0.6336171627044678, 0.6288256645202637, 0.6289203763008118, 0.6288553476333618, 0.6308438777923584, 0.6205037236213684], "accuracy": [0.37795591354370117, 0.4867735505104065, 0.5186372995376587, 0.5356713533401489, 0.5408817529678345, 0.5446893572807312, 0.5569138526916504, 0.5625250339508057, 0.5637274384498596, 0.5713427066802979, 0.5741482973098755, 0.5821643471717834, 0.5863727331161499, 0.589579164981842, 0.5989980101585388, 0.6062124371528625, 0.6054108142852783, 0.6136272549629211, 0.6204409003257751, 0.6298597455024719, 0.6344689130783081, 0.6344689130783081, 0.6384769678115845, 0.6424849629402161, 0.648296594619751, 0.6527054309844971, 0.6601202487945557, 0.6637274622917175, 0.6717435121536255, 0.6809619069099426, 0.6853707432746887, 0.6887775659561157, 0.6947895884513855, 0.7060120105743408, 0.7144288420677185, 0.7178356647491455, 0.7268537282943726, 0.7294589281082153, 0.7342685461044312, 0.7376753687858582, 0.7444889545440674, 0.74128258228302, 0.7472946047782898, 0.744689404964447, 0.7505009770393372, 0.7496994137763977, 0.7547094225883484, 0.754108190536499, 0.7543086409568787, 0.7535070180892944, 0.7555110454559326, 0.7563126087188721, 0.7611222267150879, 0.7525050044059753, 0.7613226175308228, 0.7597194314002991, 0.7641282677650452, 0.7633266448974609, 0.7659318447113037, 0.7619238495826721, 0.7647294402122498, 0.7645290493965149, 0.7729458808898926, 0.767735481262207, 0.7671342492103577, 0.7699398994445801, 0.771142303943634, 0.7721443176269531, 0.776953935623169, 0.7695390582084656, 0.7747495174407959, 0.7733467221260071, 0.7741482853889465, 0.776953935623169, 0.7763527035713196, 0.776953935623169, 0.7771543264389038, 0.7795591354370117, 0.7751502990722656, 0.7809619307518005, 0.776953935623169, 0.7767534852027893, 0.7853707671165466, 0.7847695350646973, 0.7899799346923828, 0.7893787622451782, 0.7855711579322815, 0.7893787622451782, 0.7901803851127625, 0.7893787622451782, 0.7887775301933289, 0.7877755761146545, 0.7871743440628052, 0.7875751256942749, 0.7899799346923828, 0.7927855849266052, 0.789779543876648, 0.7925851941108704, 0.7901803851127625, 0.794188380241394], "val_loss": [1.8348764181137085, 1.568634271621704, 1.4055861234664917, 1.3017531633377075, 1.2372896671295166, 1.189558506011963, 1.1580877304077148, 1.1336450576782227, 1.118256688117981, 1.099819302558899, 1.0916006565093994, 1.081004023551941, 1.0722053050994873, 1.0632299184799194, 1.0561720132827759, 1.0460232496261597, 1.0415217876434326, 1.0393123626708984, 1.028578758239746, 1.0233193635940552, 1.0196402072906494, 1.0148334503173828, 1.0099890232086182, 1.020517349243164, 1.0101289749145508, 1.0052855014801025, 1.0035842657089233, 0.9887896776199341, 0.9824883937835693, 0.9754145741462708, 0.9681589007377625, 0.9637274742126465, 0.9623285531997681, 0.9569507241249084, 0.9957252144813538, 0.9457398056983948, 0.9467095136642456, 0.9417588114738464, 0.9402364492416382, 0.9421305656433105, 0.9649503231048584, 0.9386059045791626, 0.9384078979492188, 0.9445778131484985, 0.9770379662513733, 0.9475565552711487, 0.960861086845398, 0.944050669670105, 0.9402409195899963, 0.9395196437835693, 0.9468026161193848, 0.9416674971580505, 0.9414899349212646, 0.992652952671051, 0.9487324357032776, 0.9383276104927063, 0.9432778358459473, 0.9470402002334595, 0.9491708278656006, 0.9774366021156311, 0.9482311010360718, 0.9434269070625305, 0.9573293924331665, 0.9416850209236145, 0.9557641744613647, 0.9506282210350037, 0.9656124711036682, 0.9924517273902893, 0.9780123829841614, 0.9702911972999573, 0.9608440399169922, 0.9458971619606018, 0.9445158839225769, 0.9774264097213745, 0.9537245631217957, 0.9470940828323364, 0.9526181221008301, 0.9580307006835938, 0.943320631980896, 0.9547731280326843, 0.9665252566337585, 0.9493107199668884, 0.9580559730529785, 0.9648382663726807, 0.9531602263450623, 0.9751360416412354, 0.947515070438385, 0.9514291286468506, 0.9556024074554443, 0.9528596997261047, 0.9711229801177979, 0.9463398456573486, 0.945610761642456, 0.9496694803237915, 0.9617239236831665, 0.9848344922065735, 0.9519748687744141, 0.954420268535614, 0.9766005873680115, 0.9699086546897888], "val_accuracy": [0.47374749183654785, 0.5128256678581238, 0.5356713533401489, 0.5472946166992188, 0.5521042346954346, 0.550701379776001, 0.5551102161407471, 0.559719443321228, 0.5621242523193359, 0.5711422562599182, 0.5655310750007629, 0.5775551199913025, 0.5791583061218262, 0.5837675333023071, 0.5877755284309387, 0.5981963872909546, 0.6006011962890625, 0.5979959964752197, 0.6036072373390198, 0.610420823097229, 0.6106212139129639, 0.6158316731452942, 0.617234468460083, 0.610420823097229, 0.6166332960128784, 0.6144288778305054, 0.6208416819572449, 0.6294589042663574, 0.6350701451301575, 0.6426853537559509, 0.6490982174873352, 0.6484969854354858, 0.6492986083030701, 0.6501001715660095, 0.6392785310745239, 0.6561122536659241, 0.6663326621055603, 0.6643286347389221, 0.6673346757888794, 0.6633266806602478, 0.6523045897483826, 0.6709418892860413, 0.6721442937850952, 0.667935848236084, 0.6523045897483826, 0.6663326621055603, 0.6627254486083984, 0.6695390939712524, 0.6767535209655762, 0.6757515072822571, 0.6723446846008301, 0.6723446846008301, 0.6795591115951538, 0.658517062664032, 0.6765531301498413, 0.6773546934127808, 0.6797595024108887, 0.6743487119674683, 0.6737474799156189, 0.6589178442955017, 0.6779559254646301, 0.6797595024108887, 0.6739478707313538, 0.6845691204071045, 0.6787574887275696, 0.678156316280365, 0.6743487119674683, 0.6647294759750366, 0.6617234349250793, 0.6695390939712524, 0.6765531301498413, 0.6817635297775269, 0.684969961643219, 0.6669338941574097, 0.6743487119674683, 0.6797595024108887, 0.6757515072822571, 0.6799598932266235, 0.681563138961792, 0.6773546934127808, 0.671342670917511, 0.680360734462738, 0.6807615160942078, 0.6767535209655762, 0.6779559254646301, 0.6773546934127808, 0.6809619069099426, 0.6775550842285156, 0.682765543460846, 0.6835671067237854, 0.6799598932266235, 0.686172366142273, 0.6889779567718506, 0.6839679479598999, 0.6839679479598999, 0.6785570979118347, 0.684969961643219, 0.6857715249061584, 0.6809619069099426, 0.6817635297775269],