{"loss": [1.936997413635254, 1.3856877088546753, 1.1984410285949707, 1.1159019470214844, 1.0686029195785522, 1.0332987308502197, 1.0080214738845825, 0.986544668674469, 0.9693248271942139, 0.9553266167640686, 0.9396788477897644, 0.9280412793159485, 0.9162587523460388, 0.9066722393035889, 0.8969892859458923, 0.8859085440635681, 0.8816713690757751, 0.8733262419700623, 0.8665631413459778, 0.8585606813430786, 0.8539383411407471, 0.8490565419197083, 0.842311441898346, 0.8388440608978271, 0.8337612152099609, 0.8257002234458923, 0.8231762647628784, 0.8181610703468323, 0.8145204782485962, 0.8096131086349487, 0.8081507086753845, 0.8028162717819214, 0.798643946647644, 0.7947157621383667, 0.7903459072113037, 0.7882298827171326, 0.7869327068328857, 0.7821305990219116, 0.778688371181488, 0.7770451307296753, 0.7735077738761902, 0.7717998623847961, 0.767153263092041, 0.7639196515083313, 0.763621985912323, 0.759880781173706, 0.7580651640892029, 0.7562581300735474, 0.7541381120681763, 0.75323086977005, 0.7493833899497986, 0.74847012758255, 0.7447523474693298, 0.7435058355331421, 0.7431151866912842, 0.7398965358734131, 0.7369009852409363, 0.7350064516067505, 0.7340519428253174, 0.7360680103302002, 0.7315361499786377, 0.7280662059783936, 0.7284656763076782, 0.7259641289710999, 0.7258275151252747, 0.7257936596870422, 0.7240370512008667, 0.7197005152702332, 0.7204225063323975, 0.7168928980827332, 0.7167651057243347, 0.714789867401123, 0.7130132913589478, 0.7147271633148193, 0.7096330523490906, 0.7104942202568054, 0.7085492610931396, 0.7096192240715027, 0.7112868428230286, 0.7057275772094727, 0.7028916478157043, 0.7030091285705566, 0.7004234194755554, 0.700920820236206, 0.7000285387039185, 0.697837769985199, 0.6973955631256104, 0.6947694420814514, 0.6958679556846619, 0.6948716640472412, 0.6929470300674438, 0.6927379369735718, 0.6919032335281372, 0.6900690793991089, 0.6893278360366821, 0.6872563362121582, 0.686814546585083, 0.686917781829834, 0.6863061189651489, 0.6835774183273315], "accuracy": [0.40788158774375916, 0.5145028829574585, 0.5377075672149658, 0.5549109578132629, 0.5639128088951111, 0.5727145671844482, 0.5799160003662109, 0.5791158080101013, 0.5909181833267212, 0.5957191586494446, 0.5985196828842163, 0.6019203662872314, 0.6123224496841431, 0.60592120885849, 0.6141228079795837, 0.6159231662750244, 0.6215243339538574, 0.6229245662689209, 0.6325265169143677, 0.6347269415855408, 0.636127233505249, 0.6347269415855408, 0.6377275586128235, 0.6411282420158386, 0.6391278505325317, 0.6499300003051758, 0.6475294828414917, 0.6537307500839233, 0.6549310088157654, 0.6589317917823792, 0.654330849647522, 0.6575314998626709, 0.6607321500778198, 0.6615322828292847, 0.6611322164535522, 0.6679335832595825, 0.6663332581520081, 0.6689338088035583, 0.6683336496353149, 0.6661332249641418, 0.670734167098999, 0.6735346913337708, 0.6783356666564941, 0.6785356998443604, 0.6739347577095032, 0.6815363168716431, 0.6799359917640686, 0.6751350164413452, 0.6807361245155334, 0.6817363500595093, 0.6843368411064148, 0.6843368411064148, 0.6839367747306824, 0.6823364496231079, 0.6851370334625244, 0.6893378496170044, 0.685737133026123, 0.6879376173019409, 0.6893378496170044, 0.6891378164291382, 0.6903380751609802, 0.6957391500473022, 0.6917383670806885, 0.6917383670806885, 0.693138599395752, 0.690138041973114, 0.6929385662078857, 0.693138599395752, 0.6957391500473022, 0.6949390172958374, 0.6947389245033264, 0.6989398002624512, 0.6985397338867188, 0.6995398998260498, 0.6971394419670105, 0.6989398002624512, 0.7007401585578918, 0.6991398334503174, 0.6991398334503174, 0.7063412666320801, 0.7091418504714966, 0.7027405500411987, 0.704140841960907, 0.7029405832290649, 0.7085416913032532, 0.7023404836654663, 0.7057411670684814, 0.7099419832229614, 0.7063412666320801, 0.7089418172836304, 0.7125425338745117, 0.7087417244911194, 0.7089418172836304, 0.7131426334381104, 0.7109422087669373, 0.7151430249214172, 0.7129426002502441, 0.7153430581092834, 0.7099419832229614, 0.7147429585456848], "val_loss": [1.5458159446716309, 1.2578178644180298, 1.1559040546417236, 1.1074126958847046, 1.0832407474517822, 1.0643194913864136, 1.048553466796875, 1.040582299232483, 1.0246365070343018, 1.0089607238769531, 0.9995785355567932, 0.9979245662689209, 0.9878573417663574, 0.9818597435951233, 0.9723362922668457, 0.9682471752166748, 0.9707189202308655, 0.9575883746147156, 0.9519162774085999, 0.9502454400062561, 0.9546962380409241, 0.9465407729148865, 0.9466228485107422, 0.9370564818382263, 0.9340407252311707, 0.9378480315208435, 0.9255509376525879, 0.9318587183952332, 0.9341500401496887, 0.9217612147331238, 0.9183966517448425, 0.918910026550293, 0.9171199202537537, 0.9163759350776672, 0.9130651354789734, 0.9141813516616821, 0.9184308648109436, 0.9132528901100159, 0.9070351123809814, 0.9044204354286194, 0.9137860536575317, 0.9051094651222229, 0.9005529880523682, 0.9027859568595886, 0.8992701172828674, 0.8975769877433777, 0.8969180583953857, 0.8988811373710632, 0.899029016494751, 0.894638180732727, 0.8935710787773132, 0.8924814462661743, 0.8941102623939514, 0.8968169689178467, 0.8876751661300659, 0.8908168077468872, 0.8861098289489746, 0.88875412940979, 0.8908621668815613, 0.8864642977714539, 0.8873873353004456, 0.8837602734565735, 0.8839724063873291, 0.890606164932251, 0.8960500359535217, 0.8839303255081177, 0.8818350434303284, 0.8798688650131226, 0.887113630771637, 0.8761048913002014, 0.8759496808052063, 0.8821249604225159, 0.8803693652153015, 0.8778931498527527, 0.8731073141098022, 0.8751994371414185, 0.8749839067459106, 0.8782795667648315, 0.8835967183113098, 0.8742243647575378, 0.8739240169525146, 0.871846616268158, 0.8773840665817261, 0.8760043978691101, 0.8754400014877319, 0.8690456748008728, 0.8683986067771912, 0.8721651434898376, 0.8715646266937256, 0.8719161748886108, 0.8661822080612183, 0.8761132955551147, 0.8740654587745667, 0.8673406839370728, 0.8689979910850525, 0.8659117817878723, 0.873595118522644, 0.8674511313438416, 0.8706915974617004, 0.8731998205184937],