{"loss": [3.452016592025757, 2.5199718475341797, 2.0903375148773193, 1.7904410362243652, 1.5814545154571533, 1.4370107650756836, 1.3350415229797363, 1.2595229148864746, 1.2042242288589478, 1.1613249778747559, 1.1265825033187866, 1.0998467206954956, 1.07811439037323, 1.0612560510635376, 1.0448510646820068, 1.0310184955596924, 1.0205330848693848, 1.0093533992767334, 0.9992179870605469, 0.9893073439598083, 0.9815743565559387, 0.975817859172821, 0.9657102227210999, 0.9601414799690247, 0.9513939023017883, 0.9455664157867432, 0.9363782405853271, 0.9283643364906311, 0.9216825366020203, 0.9108713269233704, 0.9006117582321167, 0.8914557695388794, 0.8816497325897217, 0.8656933903694153, 0.855606734752655, 0.8426886200904846, 0.8270095586776733, 0.818966805934906, 0.8055907487869263, 0.7916256189346313, 0.7819650173187256, 0.7797136306762695, 0.7727190256118774, 0.7611974477767944, 0.7554610967636108, 0.7437528371810913, 0.7430550456047058, 0.7398195862770081, 0.7346640825271606, 0.734530508518219, 0.7234808206558228, 0.7212176322937012, 0.716368556022644, 0.7136155962944031, 0.7103607654571533, 0.71095210313797, 0.7053163051605225, 0.7156038284301758, 0.6974632143974304, 0.7028455138206482, 0.6958296298980713, 0.6942941546440125, 0.6940092444419861, 0.6926215887069702, 0.6935280561447144, 0.6874015927314758, 0.6870980858802795, 0.6817601919174194, 0.6762225031852722, 0.6806467175483704, 0.6711965799331665, 0.6737828254699707, 0.6761000752449036, 0.671981930732727, 0.681456983089447, 0.6689270734786987, 0.6740960478782654, 0.6881717443466187, 0.6672775745391846, 0.6627039313316345, 0.6648280620574951, 0.6635506749153137, 0.6536461114883423, 0.6624884605407715, 0.6532838344573975, 0.6617306470870972, 0.6619226336479187, 0.6601014137268066, 0.6473916172981262, 0.6454761028289795, 0.6553259491920471, 0.6427819728851318, 0.6454389691352844, 0.6393654346466064, 0.640913724899292, 0.6478103399276733, 0.6428336501121521, 0.6405572295188904, 0.6370319128036499, 0.6382250785827637], "accuracy": [0.2889779508113861, 0.3915831744670868, 0.44529059529304504, 0.49298596382141113, 0.5246493220329285, 0.5372745394706726, 0.5432865619659424, 0.5509018301963806, 0.5523046255111694, 0.5557114481925964, 0.5621242523193359, 0.5641282796859741, 0.5719438791275024, 0.5721442699432373, 0.5813627243041992, 0.5811623334884644, 0.5829659104347229, 0.5891783833503723, 0.5883767604827881, 0.5961923599243164, 0.6004008054733276, 0.5997995734214783, 0.6086172461509705, 0.6114228367805481, 0.6192384958267212, 0.6212424635887146, 0.6284568905830383, 0.6332665085792542, 0.6430861949920654, 0.6529058218002319, 0.6593186259269714, 0.658517062664032, 0.6687374711036682, 0.6797595024108887, 0.6871743202209473, 0.6993988156318665, 0.7064128518104553, 0.7138276696205139, 0.7220441102981567, 0.7274549007415771, 0.7324649095535278, 0.7312625050544739, 0.7376753687858582, 0.7432865500450134, 0.7470942139625549, 0.7525050044059753, 0.7505009770393372, 0.7513025999069214, 0.7523046135902405, 0.754108190536499, 0.7583166360855103, 0.7547094225883484, 0.7613226175308228, 0.7623246312141418, 0.7631262540817261, 0.7583166360855103, 0.7639278769493103, 0.7617234587669373, 0.765531063079834, 0.7627254724502563, 0.7679358720779419, 0.7699398994445801, 0.772344708442688, 0.7749499082565308, 0.7653306722640991, 0.7743486762046814, 0.7771543264389038, 0.7773547172546387, 0.7791582942008972, 0.775751531124115, 0.7841683626174927, 0.7799599170684814, 0.7805611491203308, 0.7819639444351196, 0.774549126625061, 0.7817635536193848, 0.7793587446212769, 0.7765530943870544, 0.7827655076980591, 0.7837675213813782, 0.785170316696167, 0.7825651168823242, 0.7917835712432861, 0.7845691442489624, 0.7903807759284973, 0.7865731716156006, 0.7847695350646973, 0.7857715487480164, 0.7893787622451782, 0.7961924076080322, 0.7909819483757019, 0.7923847436904907, 0.7905811667442322, 0.794188380241394, 0.7927855849266052, 0.7925851941108704, 0.789779543876648, 0.7923847436904907, 0.7923847436904907, 0.7947895526885986], "val_loss": [2.776503086090088, 2.269317626953125, 1.9309157133102417, 1.6861588954925537, 1.5214872360229492, 1.4054666757583618, 1.3260347843170166, 1.2673531770706177, 1.2265340089797974, 1.1923967599868774, 1.167553424835205, 1.150395154953003, 1.1352773904800415, 1.1228737831115723, 1.1112109422683716, 1.0981301069259644, 1.090463399887085, 1.0866718292236328, 1.074785590171814, 1.068410038948059, 1.064969778060913, 1.0575354099273682, 1.05225670337677, 1.0579224824905396, 1.046627402305603, 1.045052409172058, 1.0428237915039062, 1.0304182767868042, 1.022257924079895, 1.0170248746871948, 1.00949227809906, 1.0064153671264648, 0.9985453486442566, 0.9906002283096313, 1.012528896331787, 0.9770890474319458, 0.9715802669525146, 0.9587321877479553, 0.9604838490486145, 0.9625079035758972, 0.9850820899009705, 0.946802020072937, 0.9485288858413696, 0.9596907496452332, 0.9709843397140503, 0.9602610468864441, 0.9782466292381287, 0.9585983753204346, 0.9514495730400085, 0.9749130010604858, 0.9589043259620667, 0.9725464582443237, 0.9616784453392029, 0.9810639023780823, 0.9588689804077148, 0.9846694469451904, 0.9617821574211121, 0.9680613875389099, 0.9633534550666809, 0.9718990921974182, 0.9727326035499573, 0.969158411026001, 1.0013269186019897, 0.9665894508361816, 0.9710236191749573, 0.9875162243843079, 0.9747798442840576, 0.98409104347229, 0.9730221033096313, 0.9908923506736755, 0.9802916646003723, 0.9681133031845093, 0.996532142162323, 0.9837339520454407, 0.9848154187202454, 0.9738548398017883, 0.994247555732727, 0.9774765372276306, 0.9630081653594971, 0.9676889181137085, 0.9681507349014282, 0.9734516143798828, 0.9626600742340088, 0.9643670320510864, 0.995625913143158, 0.986929714679718, 0.969759464263916, 0.967505931854248, 0.9819329977035522, 0.9771125316619873, 0.9678699970245361, 0.9817710518836975, 0.9867369532585144, 0.9803394079208374, 0.9732360243797302, 1.015599012374878, 0.9729917645454407, 0.9712520837783813, 1.0101947784423828, 0.9853934645652771], "val_accuracy": [0.3739478886127472, 0.41442885994911194, 0.473547101020813, 0.5132264494895935, 0.5202404856681824, 0.5402805805206299, 0.5432865619659424, 0.5533066391944885, 0.5474950075149536, 0.5505009889602661, 0.5501002073287964, 0.5567134022712708, 0.5551102161407471, 0.5599198341369629, 0.5619238615036011, 0.5715430974960327, 0.5737475156784058, 0.5751503109931946, 0.5753507018089294, 0.580561101436615, 0.5867735743522644, 0.5845691561698914, 0.5917835831642151, 0.5883767604827881, 0.588577151298523, 0.5935871601104736, 0.5983967781066895, 0.6094188094139099, 0.6188376545906067, 0.6220440864562988, 0.6282564997673035, 0.6316633224487305, 0.6410821676254272, 0.6410821676254272, 0.6326653361320496, 0.6511021852493286, 0.6655310392379761, 0.6681362986564636, 0.6655310392379761, 0.6647294759750366, 0.6541082262992859, 0.670140266418457, 0.6721442937850952, 0.6649298667907715, 0.6587174534797668, 0.6653306484222412, 0.6583166122436523, 0.6697394847869873, 0.6729459166526794, 0.6609218716621399, 0.6737474799156189, 0.6621242761611938, 0.6705411076545715, 0.6625250577926636, 0.6729459166526794, 0.6623246669769287, 0.6757515072822571, 0.6727454662322998, 0.6737474799156189, 0.671342670917511, 0.6729459166526794, 0.6745491027832031, 0.6591182351112366, 0.6751502752304077, 0.6761522889137268, 0.6695390939712524, 0.6727454662322998, 0.6707414984703064, 0.6691382527351379, 0.6655310392379761, 0.671342670917511, 0.6725450754165649, 0.667935848236084, 0.6705411076545715, 0.6751502752304077, 0.6779559254646301, 0.6721442937850952, 0.6751502752304077, 0.6847695112228394, 0.678156316280365, 0.6833667159080505, 0.6823647022247314, 0.6853707432746887, 0.6821643114089966, 0.6723446846008301, 0.678156316280365, 0.681563138961792, 0.6817635297775269, 0.6823647022247314, 0.6833667159080505, 0.6789579391479492, 0.683767557144165, 0.6809619069099426, 0.6831663250923157, 0.6867735385894775, 0.6695390939712524, 0.6843687295913696, 0.6895791292190552, 0.6707414984703064, 0.6787574887275696],