{"loss": [1.5587965250015259, 1.0825492143630981, 0.9275177717208862, 0.8524004817008972, 0.8071557283401489, 0.7728589773178101, 0.7458893060684204, 0.7235913276672363, 0.7027231454849243, 0.6839027404785156, 0.6677994132041931, 0.6527276039123535, 0.639122724533081, 0.6240800023078918, 0.6097186207771301, 0.5965470671653748, 0.5805070996284485, 0.5657037496566772, 0.5540425777435303, 0.540882408618927, 0.5284607410430908, 0.5151045322418213, 0.5040194392204285, 0.49268001317977905, 0.4805269241333008, 0.4669972062110901, 0.4573933184146881, 0.4454513192176819, 0.4369663894176483, 0.43217945098876953, 0.4215865135192871, 0.41133934259414673, 0.40733587741851807, 0.3983505070209503, 0.3957280218601227, 0.3883002698421478, 0.38593679666519165, 0.3805619478225708, 0.37693893909454346, 0.37448081374168396, 0.37081098556518555, 0.3663746118545532, 0.3659885823726654, 0.3568190932273865, 0.35304203629493713, 0.349298894405365, 0.3462567627429962, 0.34205007553100586, 0.342097669839859, 0.33724576234817505, 0.33682742714881897, 0.33244046568870544, 0.3303268551826477, 0.3272841274738312, 0.3297644853591919, 0.32641804218292236, 0.3216579854488373, 0.31758007407188416, 0.31831833720207214, 0.3136321008205414, 0.3218036890029907, 0.3124176263809204, 0.3113226592540741, 0.30513498187065125, 0.30459120869636536, 0.3031974732875824, 0.3022606074810028, 0.30993521213531494, 0.301851749420166, 0.30914992094039917, 0.29797032475471497, 0.2943221926689148, 0.2930137515068054, 0.2964799404144287, 0.2987164556980133, 0.28933343291282654, 0.28799599409103394, 0.284869521856308, 0.31054049730300903, 0.2891559600830078, 0.2830387055873871, 0.28099682927131653, 0.28107014298439026, 0.28120797872543335, 0.2908664345741272, 0.2866598069667816, 0.2837122976779938, 0.2766076922416687, 0.27297502756118774, 0.2743481397628784, 0.27606263756752014, 0.2762039601802826, 0.2756679654121399, 0.2777767479419708, 0.26856347918510437, 0.26921847462654114, 0.26665711402893066, 0.2677434980869293, 0.26724353432655334, 0.29076552391052246], "accuracy": [0.4497983753681183, 0.6191532015800476, 0.6463709473609924, 0.6643145084381104, 0.6834677457809448, 0.6967741847038269, 0.7032257914543152, 0.7129032015800476, 0.7213709950447083, 0.7385080456733704, 0.7397177219390869, 0.7473790049552917, 0.7544354796409607, 0.758669376373291, 0.7659274339675903, 0.7709677219390869, 0.780443549156189, 0.7836693525314331, 0.7903226017951965, 0.7985886931419373, 0.8036290407180786, 0.8056451678276062, 0.8145161271095276, 0.8193548321723938, 0.8264113068580627, 0.8280242085456848, 0.8356854915618896, 0.8379032015800476, 0.842943549156189, 0.8447580933570862, 0.8471774458885193, 0.8493951559066772, 0.8520161509513855, 0.8538306355476379, 0.8552419543266296, 0.8592742085456848, 0.8574596643447876, 0.8606854677200317, 0.862500011920929, 0.8622983694076538, 0.86330646276474, 0.8647177219390869, 0.8657258152961731, 0.8713709712028503, 0.8719757795333862, 0.8723790049552917, 0.8735886812210083, 0.8764113187789917, 0.8743951320648193, 0.8752016425132751, 0.8794354796409607, 0.8782258033752441, 0.8788306713104248, 0.8778225779533386, 0.8778225779533386, 0.8780242204666138, 0.8822580575942993, 0.883669376373291, 0.8814516067504883, 0.8881048560142517, 0.8822580575942993, 0.8848790526390076, 0.8842741847038269, 0.8891128897666931, 0.8897177577018738, 0.8921371102333069, 0.8889113068580627, 0.8856855034828186, 0.8897177577018738, 0.88669353723526, 0.8911290168762207, 0.8905242085456848, 0.8913306593894958, 0.8911290168762207, 0.8905242085456848, 0.8917338848114014, 0.8943548202514648, 0.897580623626709, 0.8854838609695435, 0.8929435610771179, 0.8965725898742676, 0.8979838490486145, 0.8979838490486145, 0.8969758152961731, 0.8921371102333069, 0.8955644965171814, 0.8951612710952759, 0.8985887169837952, 0.8997983932495117, 0.8977822661399841, 0.9004032015800476, 0.9004032015800476, 0.9018145203590393, 0.8949596881866455, 0.9034274220466614, 0.9006048440933228, 0.9020161032676697, 0.9040322303771973, 0.9020161032676697, 0.8951612710952759], "val_loss": [1.2132854461669922, 0.9995940327644348, 0.9281011819839478, 0.901170015335083, 0.864081084728241, 0.8423954248428345, 0.8289385437965393, 0.8152045607566833, 0.8049571514129639, 0.8022956252098083, 0.790058970451355, 0.7859529852867126, 0.779247522354126, 0.7801917791366577, 0.778112530708313, 0.7739930748939514, 0.7766402959823608, 0.7869405150413513, 0.7688571810722351, 0.7774122953414917, 0.78017657995224, 0.7821251153945923, 0.7787794470787048, 0.7690010070800781, 0.777317225933075, 0.7706075310707092, 0.7986140847206116, 0.7856004238128662, 0.7974681854248047, 0.8199377059936523, 0.8438164591789246, 0.8328946232795715, 0.81551593542099, 0.8372015357017517, 0.827089786529541, 0.8531161546707153, 0.8592371940612793, 0.8753003478050232, 0.9128984212875366, 0.8455369472503662, 0.8492590188980103, 0.8599717617034912, 0.8558889031410217, 0.8667162656784058, 0.8624987006187439, 0.8731006383895874, 0.8562427163124084, 0.856680691242218, 0.868035078048706, 0.881973147392273, 0.884025514125824, 0.9123836159706116, 0.8745715022087097, 0.8739817142486572, 0.8871963024139404, 0.8741211891174316, 0.9718425273895264, 0.8736144304275513, 0.9045431613922119, 0.898303210735321, 0.9297012686729431, 0.8925254344940186, 0.9053840637207031, 0.8971580266952515, 0.9194318056106567, 0.9035679697990417, 0.899529218673706, 0.8943799138069153, 0.9892582893371582, 0.9239684343338013, 0.9375017881393433, 0.9097135663032532, 0.9514938592910767, 0.9220031499862671, 0.9354698657989502, 0.8915631771087646, 0.9129712581634521, 0.9196716547012329, 0.9379773736000061, 0.9384640455245972, 0.9347005486488342, 0.9415032863616943, 0.9465571045875549, 0.9527136087417603, 0.901626467704773, 1.163231372833252, 0.9304710030555725, 0.9328514933586121, 0.9361382126808167, 0.9846238493919373, 0.9343832731246948, 0.9554911851882935, 0.9409413933753967, 0.9395325779914856, 0.9219844937324524, 0.9460619688034058, 0.955100953578949, 0.9476029872894287, 0.9736034870147705, 0.927357017993927],