{"loss": [3.355879783630371, 1.6625990867614746, 1.2094696760177612, 1.0213229656219482, 0.9220014810562134, 0.8623325228691101, 0.8197228312492371, 0.787183403968811, 0.7614273428916931, 0.7391220927238464, 0.7201171517372131, 0.7008290886878967, 0.6842867136001587, 0.6703236103057861, 0.6547347903251648, 0.639681875705719, 0.6228392124176025, 0.605354905128479, 0.590747594833374, 0.5750918388366699, 0.562086820602417, 0.5466484427452087, 0.5297700762748718, 0.5129629373550415, 0.49670958518981934, 0.4830735921859741, 0.468959778547287, 0.4563881456851959, 0.4445672929286957, 0.4327802360057831, 0.4231525659561157, 0.4116543233394623, 0.4023880660533905, 0.3948372006416321, 0.3852490484714508, 0.37830328941345215, 0.37077733874320984, 0.3641906976699829, 0.35743942856788635, 0.3506101965904236, 0.34433817863464355, 0.3381821811199188, 0.333762526512146, 0.32761165499687195, 0.3234104514122009, 0.3183777630329132, 0.31562113761901855, 0.31001847982406616, 0.30619287490844727, 0.30136293172836304, 0.2986691892147064, 0.295171320438385, 0.28919127583503723, 0.28632768988609314, 0.2838957607746124, 0.2803560197353363, 0.2778477668762207, 0.2735576629638672, 0.272699236869812, 0.26998549699783325, 0.2683124244213104, 0.26482871174812317, 0.2645747661590576, 0.26126226782798767, 0.25998738408088684, 0.25712937116622925, 0.25550341606140137, 0.2536727786064148, 0.2502557933330536, 0.24853545427322388, 0.24715358018875122, 0.24535928666591644, 0.24375994503498077, 0.24185656011104584, 0.23926325142383575, 0.2388806939125061, 0.23804573714733124, 0.23509357869625092, 0.23432953655719757, 0.23223458230495453, 0.23039308190345764, 0.2294207662343979, 0.226724773645401, 0.22685258090496063, 0.2248278260231018, 0.22421994805335999, 0.22171549499034882, 0.22074732184410095, 0.22096331417560577, 0.21943503618240356, 0.2170713096857071, 0.21677741408348083, 0.21504783630371094, 0.2133728563785553, 0.2118101567029953, 0.21136684715747833, 0.21193040907382965, 0.2086479216814041, 0.20987482368946075, 0.20713838934898376], "accuracy": [0.3425702750682831, 0.48152610659599304, 0.5702811479568481, 0.6080321073532104, 0.6377509832382202, 0.6578313112258911, 0.6744980216026306, 0.6937751173973083, 0.7020080089569092, 0.7108433842658997, 0.7212851643562317, 0.7359437942504883, 0.7417670488357544, 0.7520080208778381, 0.759036123752594, 0.7702811360359192, 0.7835341095924377, 0.7917670607566833, 0.8008031845092773, 0.8038152456283569, 0.8106426000595093, 0.8174698948860168, 0.828514039516449, 0.8353413939476013, 0.8433734774589539, 0.8469879627227783, 0.8536144495010376, 0.8588353395462036, 0.8592369556427002, 0.8658634424209595, 0.8694779276847839, 0.8730923533439636, 0.8787148594856262, 0.8775100111961365, 0.8819277286529541, 0.8861445784568787, 0.8887550234794617, 0.8895582556724548, 0.8899598121643066, 0.894176721572876, 0.894176721572876, 0.8989959955215454, 0.9008032083511353, 0.902008056640625, 0.9028112292289734, 0.9044176936149597, 0.9062249064445496, 0.9080321192741394, 0.9090361595153809, 0.9120482206344604, 0.912248969078064, 0.9102409482002258, 0.914859414100647, 0.9156626462936401, 0.9154618382453918, 0.9172690510749817, 0.9164658784866333, 0.9190763235092163, 0.9164658784866333, 0.9194779396057129, 0.920080304145813, 0.9204819202423096, 0.9172690510749817, 0.9210843443870544, 0.9184738993644714, 0.920080304145813, 0.9210843443870544, 0.9216867685317993, 0.9228915572166443, 0.9238955974578857, 0.9228915572166443, 0.9238955974578857, 0.9238955974578857, 0.9242972135543823, 0.9257028102874756, 0.9269076585769653, 0.925301194190979, 0.9248995780944824, 0.924096405506134, 0.9269076585769653, 0.9265060424804688, 0.9269076585769653, 0.9275100231170654, 0.9295180439949036, 0.9283132553100586, 0.9291164875030518, 0.9281124472618103, 0.9293172955513, 0.9293172955513, 0.9293172955513, 0.9321284890174866, 0.9311245083808899, 0.930522084236145, 0.933132529258728, 0.930522084236145, 0.9321284890174866, 0.9293172955513, 0.9351405501365662, 0.9345381259918213, 0.933132529258728], "val_loss": [2.1500067710876465, 1.3985475301742554, 1.154964804649353, 1.0414913892745972, 0.9745103716850281, 0.9316713213920593, 0.9072470664978027, 0.8841457366943359, 0.8671271204948425, 0.8574047088623047, 0.8408902287483215, 0.8303431272506714, 0.8270876407623291, 0.8077169060707092, 0.8062536120414734, 0.7936516404151917, 0.7803854942321777, 0.7721031904220581, 0.7760602831840515, 0.7624093294143677, 0.7471135854721069, 0.7336702346801758, 0.7151777148246765, 0.7032259702682495, 0.7089884877204895, 0.683626115322113, 0.6816926598548889, 0.6654626131057739, 0.6641702055931091, 0.6525774002075195, 0.6431546807289124, 0.6366642713546753, 0.6288487911224365, 0.6219735145568848, 0.6286609768867493, 0.620215892791748, 0.6212595701217651, 0.6222348809242249, 0.622231662273407, 0.6220074892044067, 0.6202371716499329, 0.6233721375465393, 0.6277663111686707, 0.622229278087616, 0.6185625791549683, 0.6185795068740845, 0.6166932582855225, 0.6172911524772644, 0.6170074343681335, 0.6114622354507446, 0.6161338090896606, 0.6126155853271484, 0.605743408203125, 0.6063206195831299, 0.5989574790000916, 0.6012311577796936, 0.5937838554382324, 0.5997132062911987, 0.6005098819732666, 0.5901948809623718, 0.5932389497756958, 0.5879611372947693, 0.5966842174530029, 0.5938604474067688, 0.5872794985771179, 0.5948354601860046, 0.5986897945404053, 0.5954287648200989, 0.5933532118797302, 0.5900933146476746, 0.5932344794273376, 0.5947365164756775, 0.602678656578064, 0.6010342240333557, 0.6101572513580322, 0.6069661974906921, 0.602555513381958, 0.5994867086410522, 0.6143132448196411, 0.6073740124702454, 0.6028757691383362, 0.6088664531707764, 0.6096804738044739, 0.6162688136100769, 0.6097415685653687, 0.6105687618255615, 0.6184456944465637, 0.6173419952392578, 0.624610960483551, 0.6291289329528809, 0.6260852217674255, 0.6308250427246094, 0.6262192726135254, 0.6314448118209839, 0.6356359720230103, 0.6353873610496521, 0.6303735375404358, 0.6303267478942871, 0.639326810836792, 0.631857693195343],