{"loss": [1.8336437940597534, 1.318137288093567, 1.1521559953689575, 1.0677032470703125, 1.0175966024398804, 0.9735741019248962, 0.9425046443939209, 0.9176589250564575, 0.8931333422660828, 0.8754019737243652, 0.8580180406570435, 0.8420465588569641, 0.8287041783332825, 0.8178958892822266, 0.8057715892791748, 0.795430064201355, 0.7847877740859985, 0.7749590277671814, 0.765785276889801, 0.7578369379043579, 0.7510556578636169, 0.7416285276412964, 0.7339483499526978, 0.7267457842826843, 0.7193993330001831, 0.7126097679138184, 0.7071660757064819, 0.6996930837631226, 0.6934400796890259, 0.6902033686637878, 0.6803900599479675, 0.675092339515686, 0.6665270328521729, 0.6614319086074829, 0.6546290516853333, 0.6502200365066528, 0.6453418731689453, 0.6396396160125732, 0.6363092064857483, 0.6307032704353333, 0.6270501017570496, 0.6217347979545593, 0.6173059344291687, 0.6139069199562073, 0.6084590554237366, 0.6054853796958923, 0.6014333963394165, 0.5974416732788086, 0.5941428542137146, 0.5913423299789429, 0.5857310891151428, 0.5845437049865723, 0.5793360471725464, 0.5761122107505798, 0.5751670002937317, 0.5720524787902832, 0.5695205926895142, 0.5665134191513062, 0.5634034872055054, 0.5605480670928955, 0.5582000613212585, 0.5557574033737183, 0.5535610914230347, 0.5512452125549316, 0.5472188591957092, 0.5447245240211487, 0.5438688397407532, 0.5411370396614075, 0.5382798314094543, 0.5371628999710083, 0.5363011956214905, 0.5338332653045654, 0.530234158039093, 0.5294625163078308, 0.5266919136047363, 0.5238829851150513, 0.5224049687385559, 0.5226225852966309, 0.5196617841720581, 0.5165348052978516, 0.5153113603591919, 0.5131171345710754, 0.512215256690979, 0.5108080506324768, 0.5070433020591736, 0.5065489411354065, 0.5044476985931396, 0.5033286809921265, 0.5034981966018677, 0.500707745552063, 0.49952372908592224, 0.49721166491508484, 0.49509358406066895, 0.49347615242004395, 0.4937807321548462, 0.4921840727329254, 0.49023881554603577, 0.4906161427497864, 0.48972088098526, 0.4879804849624634], "accuracy": [0.40584349632263184, 0.5165098905563354, 0.5525315403938293, 0.5715429186820984, 0.5837502479553223, 0.6005603075027466, 0.6149689555168152, 0.6171702742576599, 0.6281769275665283, 0.6271762847900391, 0.6417850852012634, 0.6469882130622864, 0.6489893794059753, 0.6583950519561768, 0.6619971990585327, 0.6665999889373779, 0.6750050187110901, 0.6808084845542908, 0.6912147402763367, 0.6926155686378479, 0.6956173777580261, 0.7030218243598938, 0.7054232358932495, 0.7074244618415833, 0.7118270993232727, 0.7170302271842957, 0.7152291536331177, 0.7216329574584961, 0.7264358401298523, 0.7234340310096741, 0.7326396107673645, 0.7352411150932312, 0.7384430766105652, 0.7398439049720764, 0.7448468804359436, 0.7450470328330994, 0.7482489347457886, 0.7492495775222778, 0.7502501606941223, 0.7512507438659668, 0.7568541169166565, 0.755853533744812, 0.7552531361579895, 0.7568541169166565, 0.7650590538978577, 0.7652591466903687, 0.7672603726387024, 0.7646588087081909, 0.7678607106208801, 0.7716630101203918, 0.7720632553100586, 0.7728637456893921, 0.7722633481025696, 0.7772663831710815, 0.7778667211532593, 0.7774664759635925, 0.7812687754631042, 0.7790674567222595, 0.7826696038246155, 0.778467059135437, 0.780068039894104, 0.7890734672546387, 0.7860716581344604, 0.7864719033241272, 0.786872148513794, 0.7892735600471497, 0.7844706773757935, 0.7888733148574829, 0.7898738980293274, 0.7948769330978394, 0.7930758595466614, 0.7908745408058167, 0.7952771782875061, 0.7944766879081726, 0.7956774234771729, 0.7958775162696838, 0.7984790802001953, 0.7970782518386841, 0.7952771782875061, 0.7998799085617065, 0.8020812273025513, 0.804082453250885, 0.8030818700790405, 0.8030818700790405, 0.8062837719917297, 0.8044826984405518, 0.807684600353241, 0.8048829436302185, 0.8062837719917297, 0.8096858263015747, 0.8090854287147522, 0.8088853359222412, 0.8072843551635742, 0.8134880661964417, 0.8114868998527527, 0.809485673904419, 0.8170902729034424, 0.8136882185935974, 0.8126876354217529, 0.8126876354217529], "val_loss": [1.4837846755981445, 1.2370563745498657, 1.1402959823608398, 1.084705114364624, 1.0403022766113281, 1.021497130393982, 0.9890945553779602, 0.9712189435958862, 0.9569153785705566, 0.9451104998588562, 0.9298171401023865, 0.9189124703407288, 0.9098084568977356, 0.8989386558532715, 0.8955402374267578, 0.8895322680473328, 0.8788706660270691, 0.8738698363304138, 0.8705389499664307, 0.8653286695480347, 0.8577275276184082, 0.8569640517234802, 0.8528313040733337, 0.8465286493301392, 0.8456335663795471, 0.856292188167572, 0.836912989616394, 0.8360464572906494, 0.8286445736885071, 0.830338716506958, 0.8285682201385498, 0.8208296298980713, 0.821681559085846, 0.8157543540000916, 0.8082326054573059, 0.8123257160186768, 0.8071742653846741, 0.809826135635376, 0.8046631217002869, 0.8084088563919067, 0.7986881732940674, 0.7988548278808594, 0.7981723546981812, 0.7968286871910095, 0.7926214933395386, 0.8005710244178772, 0.7929986119270325, 0.7969918847084045, 0.8009591102600098, 0.7998517751693726, 0.8098369836807251, 0.7947283387184143, 0.7892701029777527, 0.7905365228652954, 0.7915892004966736, 0.7999069690704346, 0.7921521067619324, 0.7881905436515808, 0.7854448556900024, 0.7860051989555359, 0.7901077270507812, 0.7896484732627869, 0.7948068380355835, 0.7898378372192383, 0.7885743975639343, 0.8023234009742737, 0.784790575504303, 0.7900567650794983, 0.784557580947876, 0.785993218421936, 0.7826254367828369, 0.7807294130325317, 0.7807313203811646, 0.7868534326553345, 0.7819556593894958, 0.7825821042060852, 0.7792991995811462, 0.7898324131965637, 0.7872800230979919, 0.7823036313056946, 0.7948890328407288, 0.7949081063270569, 0.7863770723342896, 0.806243360042572, 0.7905554175376892, 0.7952602505683899, 0.7933875322341919, 0.7811581492424011, 0.7866163849830627, 0.7979214787483215, 0.803271472454071, 0.7845492959022522, 0.7917304039001465, 0.7879942059516907, 0.7776159644126892, 0.789827287197113, 0.8101389408111572, 0.7979215979576111, 0.7956701517105103, 0.7897639870643616],