{"loss": [3.9250097274780273, 2.7970030307769775, 2.3148441314697266, 1.9712141752243042, 1.7248752117156982, 1.5534294843673706, 1.4287471771240234, 1.3340340852737427, 1.2634484767913818, 1.2040889263153076, 1.1603209972381592, 1.1257482767105103, 1.0991119146347046, 1.0776344537734985, 1.0577998161315918, 1.0435742139816284, 1.0299288034439087, 1.0185762643814087, 1.0081100463867188, 0.9966082572937012, 0.9882679581642151, 0.9787513613700867, 0.9696236252784729, 0.9632462859153748, 0.9549001455307007, 0.9474530816078186, 0.9389716982841492, 0.9298192262649536, 0.921313464641571, 0.9112179279327393, 0.9018455743789673, 0.8838244080543518, 0.8714290261268616, 0.8676594495773315, 0.8410678505897522, 0.8284692764282227, 0.8109049201011658, 0.7940537929534912, 0.7856391072273254, 0.7715644240379333, 0.751272439956665, 0.7395797371864319, 0.7295292615890503, 0.7184644937515259, 0.7083536982536316, 0.701633095741272, 0.6989887952804565, 0.7135081887245178, 0.7096778750419617, 0.6757574081420898, 0.6732562184333801, 0.664915919303894, 0.6636950373649597, 0.6626793146133423, 0.6592122912406921, 0.6688241362571716, 0.6544713377952576, 0.6724411249160767, 0.6547726392745972, 0.645749568939209, 0.6453441381454468, 0.647107720375061, 0.6463609337806702, 0.6289894580841064, 0.637126088142395, 0.6392408013343811, 0.6287350654602051, 0.6344930529594421, 0.6219329237937927, 0.628222644329071, 0.6142508387565613, 0.6221653819084167, 0.614549994468689, 0.6577121019363403, 0.6149259805679321, 0.6075382232666016, 0.6255740523338318, 0.709208071231842, 0.6105524897575378, 0.6260819435119629, 0.6165186762809753, 0.6041088104248047, 0.644403338432312, 0.5994139313697815, 0.6505938172340393, 0.6008044481277466, 0.5952755212783813, 0.6050879955291748, 0.591704249382019, 0.6019285917282104, 0.6050462126731873, 0.6048980951309204, 0.5943770408630371, 0.6629713177680969, 0.8105847835540771, 0.5893930196762085, 0.5873678922653198, 0.5917377471923828, 0.5948753952980042, 0.585729718208313], "accuracy": [0.30752256512641907, 0.40942829847335815, 0.44814443588256836, 0.4788365066051483, 0.5079237818717957, 0.5325977802276611, 0.5392176508903503, 0.5540621876716614, 0.5514543652534485, 0.5600802302360535, 0.5660982728004456, 0.5715145468711853, 0.5729187726974487, 0.5765295624732971, 0.5777332186698914, 0.5849548578262329, 0.587963879108429, 0.5907723307609558, 0.5933801531791687, 0.6024072170257568, 0.6046138405799866, 0.612236738204956, 0.6156469583511353, 0.6164493560791016, 0.6188565492630005, 0.6254764199256897, 0.6355065107345581, 0.6423270106315613, 0.6493480205535889, 0.652958869934082, 0.6619859337806702, 0.6758275032043457, 0.6830491423606873, 0.6878635883331299, 0.7069207429885864, 0.7129388451576233, 0.7199598550796509, 0.7319959998130798, 0.7370110154151917, 0.7494483590126038, 0.7534604072570801, 0.7669007182121277, 0.7624874711036682, 0.7703109383583069, 0.7735205888748169, 0.7773320078849792, 0.7749247550964355, 0.7713139653205872, 0.7725175619125366, 0.7887663245201111, 0.7847542762756348, 0.7907723188400269, 0.7923771142959595, 0.7937813401222229, 0.7923771142959595, 0.7861585021018982, 0.7939819693565369, 0.7887663245201111, 0.7907723188400269, 0.7969909906387329, 0.799799382686615, 0.7945837378501892, 0.7909729480743408, 0.8066198825836182, 0.7993981838226318, 0.8020060062408447, 0.802808403968811, 0.802808403968811, 0.8086258769035339, 0.8022066354751587, 0.8108325004577637, 0.8056168556213379, 0.8070210814476013, 0.7909729480743408, 0.806018054485321, 0.806218683719635, 0.8024072051048279, 0.7865597009658813, 0.8072216510772705, 0.8032096028327942, 0.8078234791755676, 0.8136409521102905, 0.7953861355781555, 0.8156469464302063, 0.8024072051048279, 0.8164493441581726, 0.8176529407501221, 0.8104313015937805, 0.8138415217399597, 0.81163489818573, 0.8134403228759766, 0.8130391240119934, 0.8144433498382568, 0.7891675233840942, 0.7687061429023743, 0.8166499733924866, 0.8190571665763855, 0.814643919467926, 0.8126379251480103, 0.8164493441581726], "val_loss": [3.10852313041687, 2.5384573936462402, 2.149479389190674, 1.8701003789901733, 1.6537740230560303, 1.5109902620315552, 1.4091875553131104, 1.327040433883667, 1.2762941122055054, 1.2277727127075195, 1.1917451620101929, 1.1665345430374146, 1.1452182531356812, 1.1274161338806152, 1.1158474683761597, 1.1014761924743652, 1.097479224205017, 1.0853418111801147, 1.0778144598007202, 1.0735483169555664, 1.071008324623108, 1.062485694885254, 1.0600945949554443, 1.0544620752334595, 1.0426751375198364, 1.034118890762329, 1.033842921257019, 1.0246576070785522, 1.0221260786056519, 1.0172748565673828, 1.0017902851104736, 0.994168221950531, 0.9884001612663269, 1.0251758098602295, 0.9679707288742065, 0.9646100401878357, 0.9489067792892456, 0.9600362777709961, 0.9556381106376648, 0.9208407402038574, 0.9326375722885132, 0.9208052158355713, 0.9234797954559326, 0.979138195514679, 0.916841447353363, 0.9241026043891907, 0.9361447691917419, 0.9166048765182495, 0.940157949924469, 0.929455578327179, 0.9182447791099548, 0.9189493060112, 0.9496794939041138, 0.9218043684959412, 0.938266932964325, 0.9248512983322144, 0.9188790917396545, 0.9258299469947815, 0.9175735116004944, 0.935991644859314, 0.9280924797058105, 0.9210212826728821, 0.9219756126403809, 0.9689134955406189, 0.9431133270263672, 0.9265375137329102, 0.9761314392089844, 0.9214469790458679, 1.0648422241210938, 0.9792237281799316, 0.9308992624282837, 0.9676640033721924, 0.9500882625579834, 0.948850154876709, 0.9398431777954102, 0.922011137008667, 0.9477910995483398, 0.9212393164634705, 0.928575873374939, 0.9289129376411438, 0.9251695275306702, 0.9312016367912292, 0.9551565051078796, 0.93299400806427, 0.9226565361022949, 0.955640971660614, 0.9452254176139832, 0.9272343516349792, 0.9546286463737488, 0.935253918170929, 0.9272745847702026, 0.9778746366500854, 0.9386709928512573, 1.440904974937439, 0.9239092469215393, 0.9444030523300171, 0.981616735458374, 0.9170392751693726, 0.9103420376777649, 0.9294187426567078], "val_accuracy": [0.4064192473888397, 0.43229690194129944, 0.47602808475494385, 0.4950852692127228, 0.5295887589454651, 0.540822446346283, 0.5428285002708435, 0.5564693808555603, 0.5490471124649048, 0.5660982728004456, 0.5685055255889893, 0.567703127861023, 0.5691072940826416, 0.5721163749694824, 0.5711133480072021, 0.576930820941925, 0.5713139176368713, 0.5811434388160706, 0.5787361860275269, 0.5891674757003784, 0.5931795239448547, 0.5929789543151855, 0.5929789543151855, 0.5953861474990845, 0.6106318831443787, 0.6116349101066589, 0.6094282865524292, 0.6226680278778076, 0.6268806457519531, 0.6302908658981323, 0.641123354434967, 0.6475426554679871, 0.6505516767501831, 0.6337010860443115, 0.6665998101234436, 0.670411229133606, 0.6802407503128052, 0.6804413199424744, 0.6774322986602783, 0.6950852274894714, 0.6840521693229675, 0.6908726096153259, 0.6874623894691467, 0.6643931865692139, 0.6916750073432922, 0.6958876848220825, 0.6842527389526367, 0.6894683837890625, 0.682046115398407, 0.6826479434967041, 0.6954864859580994, 0.696890652179718, 0.6772316694259644, 0.6920762062072754, 0.6844533681869507, 0.6920762062072754, 0.697091281414032, 0.6994984745979309, 0.6962888836860657, 0.6998996734619141, 0.6898695826530457, 0.6966900825500488, 0.7047141194343567, 0.6858575940132141, 0.6932798624038696, 0.7027081251144409, 0.6878635883331299, 0.6994984745979309, 0.6653962135314941, 0.6844533681869507, 0.6940822601318359, 0.6838515400886536, 0.6978936791419983, 0.6950852274894714, 0.6896690130233765, 0.7055165767669678, 0.6988967061042786, 0.7017050981521606, 0.7015045285224915, 0.702507495880127, 0.6986960768699646, 0.696890652179718, 0.6986960768699646, 0.6978936791419983, 0.7063189744949341, 0.6920762062072754, 0.6958876848220825, 0.7023069262504578, 0.6918756365776062, 0.7043129205703735, 0.7059177756309509, 0.6932798624038696, 0.7027081251144409, 0.6128385066986084, 0.703309953212738, 0.688465416431427, 0.6902708411216736, 0.708926796913147, 0.7163490653038025, 0.7069207429885864],